1,1,1338.57,417.69,162.41,358.58,0.8053,-1,-1,-1
1,2,584.12,443.44,91.86,264.59,0.7617,-1,-1,-1
1,3,440.66,445.38,111.65,273.96,0.6727,-1,-1,-1
1,4,1454.14,432.67,142.57,332.78,0.6467,-1,-1,-1
1,5,730.76,455.43,36.16,112.74,0.5614,-1,-1,-1
1,6,916.86,431.36,59.51,154.85,0.3860,-1,-1,-1
2,1,1342.81,417.47,160.21,359.34,0.8316,-1,-1,-1
2,2,584.50,442.97,92.37,264.05,0.7647,-1,-1,-1
2,3,437.96,444.50,116.65,275.02,0.6902,-1,-1,-1
2,4,1455.92,436.05,142.58,332.09,0.6633,-1,-1,-1
2,5,731.24,456.02,36.54,111.70,0.5363,-1,-1,-1
2,6,916.42,432.00,59.99,154.67,0.3980,-1,-1,-1
3,1,1343.73,422.43,175.59,366.64,0.8333,-1,-1,-1
3,2,584.42,443.06,93.63,263.80,0.7561,-1,-1,-1
3,3,437.27,443.33,118.09,276.71,0.7024,-1,-1,-1
3,4,1467.77,441.42,136.59,327.11,0.7267,-1,-1,-1
3,5,731.15,459.28,36.96,107.75,0.5314,-1,-1,-1
3,6,916.04,432.49,60.66,153.97,0.3984,-1,-1,-1
4,1,1348.68,421.47,179.14,376.03,0.8231,-1,-1,-1
4,2,584.35,443.79,93.40,264.50,0.7683,-1,-1,-1
4,3,438.65,442.67,119.05,276.69,0.7462,-1,-1,-1
4,4,1478.92,434.88,124.55,333.01,0.7250,-1,-1,-1
4,5,731.86,458.50,37.04,109.91,0.5148,-1,-1,-1
4,6,916.39,431.77,60.79,154.26,0.4110,-1,-1,-1
5,1,1351.83,419.58,178.41,384.94,0.8475,-1,-1,-1
5,2,584.59,444.00,93.31,264.21,0.7684,-1,-1,-1
5,3,442.60,443.57,118.82,274.01,0.6835,-1,-1,-1
5,4,1485.96,429.62,115.61,338.40,0.7393,-1,-1,-1
5,5,732.47,458.26,36.00,110.06,0.5177,-1,-1,-1
5,6,916.07,430.97,61.19,154.60,0.4006,-1,-1,-1
6,1,1358.37,422.02,170.31,381.21,0.8458,-1,-1,-1
6,2,583.94,443.51,92.71,267.03,0.7623,-1,-1,-1
6,3,448.66,443.86,117.81,274.12,0.6894,-1,-1,-1
6,4,1495.09,426.46,107.61,342.02,0.7256,-1,-1,-1
6,5,733.15,456.75,34.71,111.59,0.5395,-1,-1,-1
6,6,915.83,430.22,61.83,156.06,0.4120,-1,-1,-1
7,1,1368.35,420.91,158.66,381.92,0.8557,-1,-1,-1
7,2,584.32,443.10,91.88,268.10,0.7673,-1,-1,-1
7,3,447.29,444.78,120.49,274.10,0.7295,-1,-1,-1
7,4,1500.68,430.42,102.31,339.27,0.7680,-1,-1,-1
7,5,733.33,457.05,34.06,111.30,0.5606,-1,-1,-1
7,6,914.88,430.27,61.88,156.13,0.3670,-1,-1,-1
8,1,1385.51,416.39,141.70,385.13,0.8045,-1,-1,-1
8,2,584.62,443.06,91.85,267.39,0.7821,-1,-1,-1
8,3,448.76,444.36,119.64,274.33,0.7473,-1,-1,-1
8,4,1506.16,422.60,97.89,348.02,0.7789,-1,-1,-1
8,5,733.25,455.92,34.54,111.26,0.5521,-1,-1,-1
8,6,914.51,428.14,61.47,158.23,0.3810,-1,-1,-1
9,1,1402.22,413.13,129.85,389.40,0.7441,-1,-1,-1
9,2,585.11,442.81,90.82,268.08,0.7808,-1,-1,-1
9,3,455.12,444.44,114.54,273.93,0.7448,-1,-1,-1
9,4,1512.49,421.78,93.47,348.12,0.7592,-1,-1,-1
9,5,732.98,456.19,35.20,112.04,0.5351,-1,-1,-1
10,1,1416.75,415.23,120.34,381.23,0.7928,-1,-1,-1
10,2,585.27,442.87,91.37,268.25,0.7837,-1,-1,-1
10,3,456.89,444.27,114.75,273.90,0.7194,-1,-1,-1
10,4,1507.06,418.10,108.94,355.39,0.6679,-1,-1,-1
10,5,732.70,456.68,35.97,110.64,0.5221,-1,-1,-1
11,1,1427.00,413.95,119.20,384.44,0.7673,-1,-1,-1
11,2,585.82,442.87,91.08,267.19,0.7726,-1,-1,-1
11,3,454.92,443.20,116.40,275.26,0.6984,-1,-1,-1
11,4,1525.43,418.90,98.14,350.66,0.7939,-1,-1,-1
11,5,732.47,457.70,37.25,111.49,0.5713,-1,-1,-1
12,1,1437.84,409.48,117.70,391.03,0.7241,-1,-1,-1
12,2,585.63,442.24,91.62,267.16,0.7679,-1,-1,-1
12,3,451.00,442.47,120.21,276.01,0.6799,-1,-1,-1
12,4,1537.06,419.02,94.21,352.90,0.7710,-1,-1,-1
12,5,731.54,455.89,38.27,114.03,0.6079,-1,-1,-1
13,1,1446.07,412.36,121.92,387.49,0.6982,-1,-1,-1
13,2,585.28,442.11,92.32,267.30,0.7544,-1,-1,-1
13,3,446.69,443.02,123.68,276.17,0.7084,-1,-1,-1
13,4,1540.01,420.57,104.41,357.23,0.7497,-1,-1,-1
13,5,730.62,455.50,39.00,118.03,0.5892,-1,-1,-1
14,1,1453.75,410.46,128.08,387.58,0.5717,-1,-1,-1
14,2,584.22,442.29,93.85,267.95,0.7516,-1,-1,-1
14,3,446.81,441.81,122.34,280.49,0.6465,-1,-1,-1
14,4,1536.88,417.33,132.46,369.56,0.6140,-1,-1,-1
14,5,730.06,455.37,39.70,119.71,0.5599,-1,-1,-1
15,1,1462.01,415.81,107.57,381.89,0.4950,-1,-1,-1
15,2,584.00,442.65,93.09,269.19,0.7729,-1,-1,-1
15,3,446.10,442.39,121.45,282.46,0.6699,-1,-1,-1
15,4,1537.53,422.09,161.03,373.57,0.5965,-1,-1,-1
15,5,730.24,452.40,40.03,124.63,0.6148,-1,-1,-1
16,1,1464.49,423.18,105.47,376.10,0.3993,-1,-1,-1
16,2,583.61,443.98,92.83,267.32,0.7699,-1,-1,-1
16,3,445.56,442.38,118.36,283.65,0.6578,-1,-1,-1
16,4,1547.06,421.04,176.99,381.66,0.6686,-1,-1,-1
16,5,730.68,452.71,38.48,124.60,0.5038,-1,-1,-1
16,9,1382.89,422.53,55.45,134.99,0.3917,-1,-1,-1
17,1,1459.32,422.05,130.50,380.18,0.3515,-1,-1,-1
17,2,583.39,445.66,92.81,267.21,0.7649,-1,-1,-1
17,3,445.88,442.21,116.74,284.83,0.6660,-1,-1,-1
17,4,1556.24,420.88,186.53,385.39,0.7694,-1,-1,-1
17,5,729.60,453.83,37.72,122.73,0.4510,-1,-1,-1
18,1,1459.53,421.47,181.76,387.74,0.6903,-1,-1,-1
18,2,583.57,445.23,92.84,268.31,0.7887,-1,-1,-1
18,3,447.64,442.78,114.61,284.61,0.7172,-1,-1,-1
18,4,1570.55,425.97,181.45,383.46,0.7073,-1,-1,-1
18,5,728.51,456.11,37.62,119.78,0.4429,-1,-1,-1
19,1,1460.59,414.82,173.65,390.25,0.4692,-1,-1,-1
19,2,584.17,445.17,94.05,269.35,0.7657,-1,-1,-1
19,3,450.09,444.56,112.75,284.35,0.6992,-1,-1,-1
19,4,1566.19,452.17,191.26,361.59,0.6912,-1,-1,-1
19,5,726.89,457.99,38.46,117.95,0.4065,-1,-1,-1
19,10,1254.72,435.70,35.25,108.30,0.3945,-1,-1,-1
20,1,1460.92,414.21,221.34,396.97,0.3802,-1,-1,-1
20,2,584.49,445.79,97.89,267.74,0.7776,-1,-1,-1
20,3,451.65,448.72,113.68,279.62,0.7010,-1,-1,-1
20,4,1587.19,458.89,186.07,347.94,0.6306,-1,-1,-1
20,5,725.63,456.56,39.08,118.38,0.4088,-1,-1,-1
20,10,1254.57,436.57,35.36,106.96,0.3234,-1,-1,-1
21,1,1462.11,413.58,243.48,404.36,0.7278,-1,-1,-1
21,2,584.73,444.51,101.27,269.18,0.7899,-1,-1,-1
21,3,453.12,448.20,112.40,278.81,0.6833,-1,-1,-1
21,4,1612.15,456.08,157.65,348.30,0.6527,-1,-1,-1
21,5,726.41,453.64,39.15,121.64,0.3816,-1,-1,-1
21,10,1252.85,439.29,35.81,102.14,0.3400,-1,-1,-1
22,1,1462.95,412.47,236.84,405.62,0.5141,-1,-1,-1
22,2,584.73,444.14,103.22,269.20,0.7789,-1,-1,-1
22,3,455.29,447.51,112.55,279.83,0.5929,-1,-1,-1
22,4,1627.36,436.73,151.68,364.49,0.6892,-1,-1,-1
22,5,723.33,458.18,42.62,115.20,0.3678,-1,-1,-1
22,10,1253.58,438.17,40.32,107.15,0.3615,-1,-1,-1
23,1,1469.55,411.97,202.09,394.74,0.5002,-1,-1,-1
23,2,583.81,443.81,105.37,269.24,0.7768,-1,-1,-1
23,3,462.50,446.34,109.75,281.14,0.6847,-1,-1,-1
23,4,1633.78,427.13,132.14,374.69,0.6205,-1,-1,-1
23,5,720.97,462.62,46.37,108.30,0.3643,-1,-1,-1
23,10,1251.87,440.08,38.99,103.50,0.3498,-1,-1,-1
24,1,1476.92,408.38,216.55,407.97,0.7025,-1,-1,-1
24,2,584.30,443.79,105.60,268.78,0.7576,-1,-1,-1
24,3,467.48,445.40,109.33,284.75,0.6842,-1,-1,-1
24,4,1643.71,421.18,124.05,378.58,0.6173,-1,-1,-1
24,5,721.33,460.78,48.34,109.02,0.4360,-1,-1,-1
24,10,1252.99,438.25,41.58,107.35,0.3147,-1,-1,-1
25,1,1485.11,406.89,216.92,411.51,0.6335,-1,-1,-1
25,2,585.03,443.65,105.32,268.95,0.7461,-1,-1,-1
25,3,468.11,445.37,110.48,287.41,0.6304,-1,-1,-1
25,4,1655.52,416.97,122.42,385.07,0.6641,-1,-1,-1
25,5,720.24,461.98,49.21,105.68,0.4058,-1,-1,-1
25,10,1251.27,441.02,38.50,102.52,0.3153,-1,-1,-1
26,1,1493.87,408.66,232.40,411.14,0.6060,-1,-1,-1
26,2,586.28,444.00,103.20,268.95,0.7241,-1,-1,-1
26,3,468.62,442.74,111.75,292.54,0.6579,-1,-1,-1
26,4,1662.64,419.96,115.00,381.74,0.6540,-1,-1,-1
26,5,719.93,462.65,50.09,105.26,0.4510,-1,-1,-1
26,10,1250.92,441.62,37.02,100.53,0.3173,-1,-1,-1
27,1,1508.85,410.99,223.62,411.01,0.5625,-1,-1,-1
27,2,587.95,443.54,100.71,270.18,0.7322,-1,-1,-1
27,3,469.69,444.22,111.79,290.01,0.6262,-1,-1,-1
27,4,1674.20,413.67,112.55,385.18,0.6691,-1,-1,-1
27,5,720.39,458.00,46.71,109.82,0.3678,-1,-1,-1
28,1,1528.92,405.73,190.83,422.05,0.5786,-1,-1,-1
28,2,591.45,443.36,98.43,270.89,0.7396,-1,-1,-1
28,3,471.79,442.46,111.19,292.11,0.5977,-1,-1,-1
28,4,1682.88,410.97,114.57,385.71,0.6392,-1,-1,-1
28,5,720.71,460.15,48.40,108.36,0.3676,-1,-1,-1
29,1,1548.04,396.57,168.67,433.32,0.7015,-1,-1,-1
29,2,593.55,443.43,97.35,270.91,0.7324,-1,-1,-1
29,3,474.31,442.51,110.02,291.56,0.5810,-1,-1,-1
29,4,1684.71,418.56,128.25,382.04,0.7186,-1,-1,-1
29,5,720.81,460.14,49.92,111.27,0.3573,-1,-1,-1
29,11,1426.96,435.56,54.49,122.54,0.5506,-1,-1,-1
30,1,1574.33,391.99,152.44,437.53,0.7498,-1,-1,-1
30,2,596.88,443.47,94.90,272.59,0.7504,-1,-1,-1
30,3,476.38,442.66,109.48,291.63,0.6412,-1,-1,-1
30,4,1680.02,426.99,153.97,375.40,0.6454,-1,-1,-1
30,5,721.82,458.52,46.59,114.37,0.3653,-1,-1,-1
30,11,1432.31,433.02,49.39,124.69,0.5927,-1,-1,-1
31,1,1593.70,390.72,157.90,437.55,0.7358,-1,-1,-1
31,2,598.60,443.16,94.81,272.73,0.7511,-1,-1,-1
31,3,477.07,443.58,110.92,288.15,0.6444,-1,-1,-1
31,4,1694.59,419.32,183.00,387.30,0.6583,-1,-1,-1
31,5,721.75,457.13,45.05,118.30,0.4511,-1,-1,-1
31,11,1440.92,430.36,43.38,127.26,0.5770,-1,-1,-1
32,1,1606.07,393.84,163.48,441.13,0.7905,-1,-1,-1
32,2,600.18,442.98,94.57,273.11,0.7622,-1,-1,-1
32,3,478.53,444.27,110.53,288.60,0.6300,-1,-1,-1
32,4,1715.43,418.09,186.16,389.79,0.7309,-1,-1,-1
32,5,721.37,458.15,43.01,119.92,0.4287,-1,-1,-1
32,11,1447.03,430.84,39.80,126.44,0.5316,-1,-1,-1
33,1,1612.26,394.24,171.42,450.05,0.8078,-1,-1,-1
33,2,601.64,443.70,94.35,272.01,0.7646,-1,-1,-1
33,3,479.58,444.11,109.92,292.35,0.6905,-1,-1,-1
33,4,1730.76,414.36,185.96,397.01,0.6554,-1,-1,-1
33,5,719.97,458.35,42.61,119.55,0.3718,-1,-1,-1
33,11,1450.76,431.19,39.01,126.18,0.5783,-1,-1,-1
33,12,1080.12,452.77,53.46,143.28,0.3756,-1,-1,-1
34,1,1615.88,394.36,181.58,448.20,0.8046,-1,-1,-1
34,2,604.67,443.31,91.65,272.15,0.7604,-1,-1,-1
34,3,479.67,443.95,110.23,298.01,0.7233,-1,-1,-1
34,4,1743.18,446.28,180.54,369.80,0.3099,-1,-1,-1
34,5,717.92,456.97,42.55,121.09,0.3615,-1,-1,-1
34,11,1454.55,430.86,39.44,126.57,0.6008,-1,-1,-1
35,1,1621.39,393.26,194.69,454.15,0.8479,-1,-1,-1
35,2,605.87,443.76,90.94,271.45,0.7704,-1,-1,-1
35,3,478.79,443.81,111.03,299.82,0.7358,-1,-1,-1
35,4,1758.48,440.20,166.03,385.55,0.3574,-1,-1,-1
35,5,718.49,458.66,41.32,119.34,0.3424,-1,-1,-1
35,11,1456.46,431.73,39.02,124.97,0.5730,-1,-1,-1
36,1,1628.39,394.83,211.73,465.90,0.8186,-1,-1,-1
36,2,607.21,444.03,90.00,270.91,0.7713,-1,-1,-1
36,3,477.44,443.77,112.56,301.88,0.7043,-1,-1,-1
36,4,1765.47,423.72,158.38,399.45,0.5553,-1,-1,-1
36,5,716.45,457.22,42.86,120.07,0.3131,-1,-1,-1
36,11,1457.56,432.68,41.02,124.82,0.5721,-1,-1,-1
37,1,1633.44,396.79,243.20,471.38,0.7879,-1,-1,-1
37,2,608.60,444.66,89.63,270.23,0.7681,-1,-1,-1
37,3,477.34,444.29,112.68,297.38,0.6684,-1,-1,-1
37,4,1774.79,421.62,148.66,400.13,0.6087,-1,-1,-1
37,11,1461.06,433.08,42.14,125.41,0.5413,-1,-1,-1
38,1,1634.57,400.48,252.60,473.77,0.8528,-1,-1,-1
38,2,609.00,444.10,89.97,271.10,0.7685,-1,-1,-1
38,3,477.38,444.58,114.07,291.72,0.6869,-1,-1,-1
38,11,1463.07,432.32,43.40,126.05,0.5972,-1,-1,-1
39,1,1635.23,403.03,261.58,473.27,0.8713,-1,-1,-1
39,2,609.22,443.24,91.31,272.22,0.7793,-1,-1,-1
39,3,477.89,444.52,114.39,293.28,0.7058,-1,-1,-1
39,11,1464.44,431.82,44.85,125.90,0.5804,-1,-1,-1
39,10,1256.03,430.84,40.91,114.75,0.4281,-1,-1,-1
39,4,1810.90,429.88,113.49,387.72,0.5153,-1,-1,-1
40,1,1635.42,404.09,270.19,474.22,0.8617,-1,-1,-1
40,2,609.95,443.45,91.46,272.46,0.7750,-1,-1,-1
40,3,477.27,445.44,116.30,294.77,0.6811,-1,-1,-1
40,11,1466.15,432.67,46.34,124.39,0.5673,-1,-1,-1
40,10,1256.16,431.55,39.82,114.24,0.4514,-1,-1,-1
40,4,1819.67,424.68,102.78,389.50,0.5899,-1,-1,-1
41,1,1639.47,401.74,280.08,482.20,0.8651,-1,-1,-1
41,2,611.87,443.47,91.54,272.81,0.7942,-1,-1,-1
41,3,478.74,446.74,114.48,294.76,0.6827,-1,-1,-1
41,11,1466.13,433.82,50.09,122.04,0.5062,-1,-1,-1
41,10,1256.35,430.88,40.03,114.97,0.4811,-1,-1,-1
41,4,1831.41,405.27,90.49,410.78,0.6817,-1,-1,-1
42,1,1644.61,400.96,276.64,480.93,0.8425,-1,-1,-1
42,2,613.51,442.97,90.58,272.36,0.8013,-1,-1,-1
42,3,476.06,447.28,117.52,300.74,0.6575,-1,-1,-1
42,11,1467.83,434.39,50.59,121.25,0.5493,-1,-1,-1
42,10,1256.47,430.27,40.54,115.51,0.4930,-1,-1,-1
42,4,1842.10,395.42,79.17,422.17,0.6488,-1,-1,-1
43,1,1653.79,402.88,269.04,480.93,0.8497,-1,-1,-1
43,2,615.12,443.34,90.03,271.84,0.7881,-1,-1,-1
43,3,469.04,446.09,122.97,306.27,0.6259,-1,-1,-1
43,11,1469.68,433.59,51.55,121.75,0.5754,-1,-1,-1
43,10,1256.75,427.39,42.04,118.18,0.4693,-1,-1,-1
43,4,1852.01,393.56,68.76,425.47,0.5920,-1,-1,-1
44,1,1665.23,396.40,255.18,484.86,0.8433,-1,-1,-1
44,2,615.41,443.57,90.65,271.40,0.8002,-1,-1,-1
44,3,468.39,446.08,124.40,312.22,0.6464,-1,-1,-1
44,11,1472.91,435.04,49.94,120.59,0.5397,-1,-1,-1
44,10,1256.78,426.95,42.08,118.73,0.4567,-1,-1,-1
44,4,1863.54,411.55,56.78,403.81,0.4964,-1,-1,-1
44,12,1083.19,451.12,49.26,147.34,0.3438,-1,-1,-1
45,1,1684.85,394.18,232.24,485.07,0.7935,-1,-1,-1
45,2,616.46,443.09,90.99,271.57,0.7780,-1,-1,-1
45,3,466.77,444.10,124.97,314.94,0.6399,-1,-1,-1
45,11,1477.88,434.22,44.44,121.08,0.4877,-1,-1,-1
45,10,1257.47,425.91,42.36,119.67,0.4546,-1,-1,-1
45,4,1870.32,422.87,49.70,392.31,0.3160,-1,-1,-1
45,12,1082.13,450.38,50.23,147.91,0.3778,-1,-1,-1
45,5,699.28,454.20,55.78,203.30,0.3691,-1,-1,-1
46,1,1708.05,392.55,212.25,487.14,0.6404,-1,-1,-1
46,2,617.18,442.41,93.14,272.39,0.7594,-1,-1,-1
46,3,465.46,444.69,126.88,318.15,0.6285,-1,-1,-1
46,11,1483.61,435.07,37.79,119.76,0.5215,-1,-1,-1
46,10,1258.12,424.28,42.33,121.28,0.4560,-1,-1,-1
46,4,1877.75,405.09,42.09,424.65,0.3724,-1,-1,-1
47,1,1757.26,387.30,162.63,493.51,0.6989,-1,-1,-1
47,2,617.17,441.78,93.27,272.70,0.7733,-1,-1,-1
47,3,459.32,442.90,132.12,321.99,0.6334,-1,-1,-1
47,11,1488.28,432.78,34.34,120.52,0.5097,-1,-1,-1
47,10,1258.57,423.91,43.10,121.34,0.4877,-1,-1,-1
47,5,696.72,453.74,57.36,208.47,0.5463,-1,-1,-1
48,1,1775.45,386.20,145.11,491.82,0.7906,-1,-1,-1
48,2,618.51,441.61,94.10,272.02,0.7440,-1,-1,-1
48,3,465.84,443.40,125.49,320.14,0.6442,-1,-1,-1
48,10,1259.03,426.28,41.31,118.84,0.4385,-1,-1,-1
48,5,697.67,454.48,60.64,207.92,0.3682,-1,-1,-1
49,1,1795.80,385.26,125.34,492.63,0.8008,-1,-1,-1
49,2,619.44,441.86,94.52,271.87,0.7581,-1,-1,-1
49,3,469.67,443.98,121.32,318.84,0.6407,-1,-1,-1
49,10,1259.21,432.30,40.56,114.17,0.4564,-1,-1,-1
49,5,698.11,456.14,62.70,206.84,0.4284,-1,-1,-1
50,1,1810.37,385.23,111.04,496.39,0.8423,-1,-1,-1
50,2,618.59,441.77,97.74,272.12,0.7554,-1,-1,-1
50,3,464.59,443.68,125.23,317.32,0.6268,-1,-1,-1
50,10,1259.52,436.86,39.28,110.08,0.4391,-1,-1,-1
50,5,701.28,454.05,63.76,209.22,0.3494,-1,-1,-1
50,11,1498.60,436.21,38.62,119.66,0.3582,-1,-1,-1
51,1,1818.95,383.95,101.56,498.66,0.8280,-1,-1,-1
51,2,618.60,441.53,99.52,272.32,0.7610,-1,-1,-1
51,3,455.48,443.40,134.06,315.80,0.6122,-1,-1,-1
51,10,1259.59,435.74,39.23,111.31,0.4843,-1,-1,-1
51,5,701.74,457.26,65.72,206.41,0.3221,-1,-1,-1
51,13,582.37,439.16,50.57,145.48,0.3411,-1,-1,-1
51,11,1500.67,437.75,41.59,117.27,0.4274,-1,-1,-1
52,1,1827.00,385.28,92.91,495.45,0.8115,-1,-1,-1
52,2,619.74,442.19,99.09,271.75,0.7480,-1,-1,-1
52,3,463.11,444.52,127.48,315.29,0.6561,-1,-1,-1
52,10,1259.52,433.76,38.45,112.37,0.4677,-1,-1,-1
52,5,701.65,457.77,68.39,205.98,0.3023,-1,-1,-1
52,13,587.50,443.71,46.64,140.58,0.3542,-1,-1,-1
52,11,1501.72,437.23,45.08,118.12,0.4096,-1,-1,-1
52,12,1081.21,452.89,51.34,142.30,0.3493,-1,-1,-1
53,1,1829.33,384.00,90.63,499.71,0.7767,-1,-1,-1
53,2,620.79,442.99,96.97,270.65,0.7461,-1,-1,-1
53,3,462.63,446.03,128.54,312.78,0.6427,-1,-1,-1
53,10,1259.36,431.66,40.00,114.30,0.5288,-1,-1,-1
53,5,696.29,455.98,69.82,206.95,0.4813,-1,-1,-1
53,13,590.74,448.92,44.28,135.43,0.3056,-1,-1,-1
53,11,1501.36,434.53,50.51,120.55,0.3789,-1,-1,-1
53,14,1523.70,434.18,37.20,117.99,0.3569,-1,-1,-1
54,1,1825.65,389.23,94.68,497.13,0.7320,-1,-1,-1
54,2,622.84,442.56,96.01,272.04,0.7369,-1,-1,-1
54,3,465.73,446.23,126.12,313.66,0.6836,-1,-1,-1
54,10,1259.35,431.07,39.98,114.50,0.5033,-1,-1,-1
54,5,694.22,453.93,76.77,208.66,0.3531,-1,-1,-1
54,14,1526.64,442.20,35.48,111.02,0.4854,-1,-1,-1
55,1,1825.72,412.08,94.75,475.56,0.7259,-1,-1,-1
55,2,623.61,441.96,93.26,272.98,0.7444,-1,-1,-1
55,3,468.72,445.56,122.73,314.72,0.6982,-1,-1,-1
55,10,1259.53,430.39,39.98,115.42,0.4970,-1,-1,-1
55,5,693.19,455.70,76.16,207.24,0.3738,-1,-1,-1
55,14,1529.43,439.29,36.62,113.50,0.4720,-1,-1,-1
55,13,587.30,449.18,47.76,135.08,0.3520,-1,-1,-1
56,1,1827.31,430.67,92.71,456.92,0.6026,-1,-1,-1
56,2,623.89,441.39,92.55,273.63,0.7317,-1,-1,-1
56,3,471.13,445.72,120.19,314.12,0.7052,-1,-1,-1
56,10,1259.76,427.62,40.33,117.92,0.5113,-1,-1,-1
56,5,694.39,456.08,70.78,206.66,0.4590,-1,-1,-1
56,14,1531.55,441.83,35.07,110.72,0.4956,-1,-1,-1
56,13,585.12,445.94,50.19,138.28,0.3773,-1,-1,-1
57,1,1829.77,408.00,90.05,479.54,0.3840,-1,-1,-1
57,2,623.96,442.02,91.07,273.29,0.7322,-1,-1,-1
57,3,470.31,447.02,121.51,312.82,0.6581,-1,-1,-1
57,10,1260.08,431.19,40.02,114.00,0.5211,-1,-1,-1
57,5,694.58,456.00,69.71,208.85,0.5794,-1,-1,-1
57,14,1533.46,439.50,35.16,112.54,0.4770,-1,-1,-1
57,13,583.39,442.40,49.61,142.76,0.4271,-1,-1,-1
58,1,1831.47,425.30,88.32,461.80,0.3526,-1,-1,-1
58,2,625.64,442.99,92.32,272.25,0.7347,-1,-1,-1
58,3,472.99,446.22,119.49,312.27,0.6623,-1,-1,-1
58,10,1260.40,432.70,40.51,112.63,0.5272,-1,-1,-1
58,14,1534.18,437.15,34.09,114.93,0.4226,-1,-1,-1
58,13,582.60,445.42,48.97,139.96,0.3965,-1,-1,-1
59,2,626.43,442.67,92.34,272.42,0.7149,-1,-1,-1
59,3,474.65,444.33,119.48,315.43,0.7114,-1,-1,-1
59,10,1260.16,432.61,42.37,112.64,0.5442,-1,-1,-1
59,14,1536.69,434.92,33.29,118.01,0.3663,-1,-1,-1
59,13,583.56,447.75,49.55,136.67,0.3689,-1,-1,-1
59,5,696.49,459.10,69.58,211.39,0.4790,-1,-1,-1
60,2,625.92,442.82,92.69,274.42,0.7136,-1,-1,-1
60,3,474.06,442.29,124.51,318.21,0.7221,-1,-1,-1
60,10,1259.94,434.14,42.48,111.65,0.5483,-1,-1,-1
60,13,583.69,449.06,50.31,135.11,0.3325,-1,-1,-1
60,5,697.63,456.94,68.65,214.89,0.5746,-1,-1,-1
61,2,625.05,443.23,93.38,276.90,0.7088,-1,-1,-1
61,3,474.09,443.17,131.69,316.95,0.6878,-1,-1,-1
61,10,1259.54,429.63,42.74,116.21,0.5363,-1,-1,-1
61,5,698.96,456.55,67.88,216.21,0.5445,-1,-1,-1
62,2,624.28,444.16,91.54,276.15,0.7231,-1,-1,-1
62,3,478.16,443.03,135.29,318.20,0.7294,-1,-1,-1
62,10,1259.38,430.06,41.54,115.43,0.5495,-1,-1,-1
62,5,698.85,455.01,67.45,218.26,0.6160,-1,-1,-1
63,2,622.31,444.66,91.06,276.25,0.7409,-1,-1,-1
63,3,479.12,441.32,138.56,319.63,0.7242,-1,-1,-1
63,10,1259.48,429.88,40.91,115.15,0.5333,-1,-1,-1
63,5,697.34,457.84,69.17,215.09,0.6556,-1,-1,-1
64,2,619.99,444.06,92.74,278.32,0.7449,-1,-1,-1
64,3,482.96,441.75,139.41,319.14,0.7183,-1,-1,-1
64,10,1259.31,431.64,40.46,112.79,0.5227,-1,-1,-1
64,5,697.04,454.52,69.43,219.24,0.6297,-1,-1,-1
65,2,619.40,446.20,92.50,277.10,0.7422,-1,-1,-1
65,3,492.41,444.01,134.34,317.44,0.7850,-1,-1,-1
65,10,1258.94,435.33,40.64,109.25,0.5334,-1,-1,-1
65,5,696.47,451.27,69.09,224.55,0.6788,-1,-1,-1
66,2,620.03,447.38,91.52,276.52,0.7598,-1,-1,-1
66,3,495.66,446.15,137.56,317.45,0.7329,-1,-1,-1
66,10,1258.76,436.83,40.78,107.89,0.5309,-1,-1,-1
66,5,697.59,452.68,68.89,223.63,0.6725,-1,-1,-1
67,2,619.91,447.98,91.80,276.09,0.7484,-1,-1,-1
67,3,490.35,447.20,146.22,320.88,0.6449,-1,-1,-1
67,10,1259.60,438.70,39.56,105.74,0.5136,-1,-1,-1
67,5,698.15,453.42,70.36,223.89,0.6717,-1,-1,-1
67,11,1542.78,422.02,40.96,129.09,0.4026,-1,-1,-1
68,2,617.04,446.99,95.13,275.51,0.7319,-1,-1,-1
68,3,488.49,448.56,150.72,318.54,0.6468,-1,-1,-1
68,10,1259.84,436.32,39.49,108.23,0.4878,-1,-1,-1
68,5,699.61,454.99,70.77,221.39,0.6776,-1,-1,-1
68,11,1544.49,427.75,39.76,123.66,0.3747,-1,-1,-1
69,2,614.96,446.93,96.87,275.36,0.7562,-1,-1,-1
69,3,488.87,446.98,153.26,320.52,0.6169,-1,-1,-1
69,10,1259.82,436.18,39.27,108.26,0.5101,-1,-1,-1
69,5,698.49,456.51,71.99,220.73,0.6668,-1,-1,-1
69,11,1543.55,422.66,42.50,129.00,0.4695,-1,-1,-1
70,2,612.09,446.23,99.44,275.23,0.7584,-1,-1,-1
70,3,491.82,444.38,150.03,322.07,0.7264,-1,-1,-1
70,10,1259.66,436.96,39.24,107.49,0.5106,-1,-1,-1
70,5,698.65,457.89,71.91,219.93,0.6361,-1,-1,-1
70,11,1543.56,420.50,45.21,131.83,0.5852,-1,-1,-1
71,2,611.10,445.67,100.01,276.26,0.7662,-1,-1,-1
71,3,496.35,443.38,146.52,323.43,0.7321,-1,-1,-1
71,10,1259.54,435.05,39.59,109.44,0.5169,-1,-1,-1
71,5,698.71,458.83,69.94,219.83,0.5871,-1,-1,-1
71,11,1543.41,420.40,46.63,132.29,0.5704,-1,-1,-1
72,2,611.76,444.70,98.44,277.18,0.7683,-1,-1,-1
72,3,498.68,443.67,144.77,323.46,0.7429,-1,-1,-1
72,10,1259.57,429.73,40.36,114.76,0.5211,-1,-1,-1
72,5,699.06,459.04,70.39,220.55,0.5895,-1,-1,-1
72,11,1543.42,420.61,46.32,131.93,0.5617,-1,-1,-1
73,2,614.09,443.76,96.44,278.02,0.7694,-1,-1,-1
73,3,502.60,444.62,141.11,323.29,0.7750,-1,-1,-1
73,10,1259.66,428.78,40.72,115.48,0.5138,-1,-1,-1
73,5,700.24,458.92,70.84,220.15,0.6152,-1,-1,-1
73,11,1545.53,419.48,44.68,132.68,0.5234,-1,-1,-1
74,2,617.36,442.68,93.07,280.13,0.7759,-1,-1,-1
74,3,506.67,444.29,139.26,326.31,0.7359,-1,-1,-1
74,10,1260.07,426.56,41.07,118.04,0.5241,-1,-1,-1
74,5,702.62,458.90,75.08,220.04,0.5854,-1,-1,-1
75,2,619.47,440.73,89.57,282.57,0.7721,-1,-1,-1
75,3,508.23,442.64,137.76,326.45,0.7347,-1,-1,-1
75,10,1259.57,426.24,41.46,118.87,0.5300,-1,-1,-1
75,5,702.70,456.31,76.10,220.85,0.6355,-1,-1,-1
76,2,621.59,441.34,87.31,282.01,0.7715,-1,-1,-1
76,3,513.08,445.18,131.52,321.88,0.7658,-1,-1,-1
76,10,1259.60,426.07,41.72,118.86,0.5266,-1,-1,-1
76,5,702.42,452.46,79.68,224.29,0.6668,-1,-1,-1
77,2,622.25,441.00,85.52,283.85,0.7693,-1,-1,-1
77,3,517.79,446.42,126.61,320.32,0.7633,-1,-1,-1
77,10,1259.65,426.03,41.73,118.80,0.5323,-1,-1,-1
77,5,701.61,448.27,83.08,228.36,0.6382,-1,-1,-1
78,2,626.46,441.34,81.82,281.83,0.7794,-1,-1,-1
78,3,517.40,445.56,126.43,321.64,0.7274,-1,-1,-1
78,10,1260.60,437.15,40.57,107.23,0.4768,-1,-1,-1
78,5,702.26,451.25,86.28,225.96,0.6650,-1,-1,-1
79,2,629.02,440.70,79.18,282.18,0.7730,-1,-1,-1
79,3,515.38,445.92,128.01,322.56,0.5472,-1,-1,-1
79,10,1260.77,436.72,41.04,107.65,0.4658,-1,-1,-1
79,5,703.71,455.53,90.94,221.48,0.6638,-1,-1,-1
80,2,630.10,439.77,79.53,283.68,0.7480,-1,-1,-1
80,3,511.23,445.63,133.77,324.91,0.5189,-1,-1,-1
80,10,1260.81,434.60,41.56,109.82,0.4931,-1,-1,-1
80,5,706.16,457.35,95.20,220.17,0.7261,-1,-1,-1
81,2,631.39,437.35,80.70,287.69,0.7173,-1,-1,-1
81,3,508.49,445.41,137.94,327.84,0.5042,-1,-1,-1
81,10,1260.84,432.65,41.79,111.68,0.5018,-1,-1,-1
81,5,707.44,457.64,98.96,220.84,0.7071,-1,-1,-1
82,2,632.57,438.58,80.12,288.23,0.6835,-1,-1,-1
82,3,540.91,446.82,105.72,331.10,0.5242,-1,-1,-1
82,10,1260.96,437.24,41.22,107.40,0.5049,-1,-1,-1
82,5,708.21,457.99,103.78,221.10,0.7286,-1,-1,-1
82,16,488.08,448.08,51.46,131.99,0.3820,-1,-1,-1
83,2,633.43,440.02,80.62,288.64,0.6559,-1,-1,-1
83,3,558.75,445.18,88.15,335.18,0.4417,-1,-1,-1
83,10,1261.44,434.04,41.70,110.83,0.4614,-1,-1,-1
83,5,710.35,457.88,105.10,222.52,0.7143,-1,-1,-1
83,16,489.61,448.50,49.82,127.58,0.3035,-1,-1,-1
83,17,501.90,450.97,100.42,302.83,0.5274,-1,-1,-1
84,2,633.03,441.78,85.46,288.36,0.5868,-1,-1,-1
84,3,565.71,443.04,83.13,338.73,0.5389,-1,-1,-1
84,10,1262.00,435.17,40.89,109.87,0.4332,-1,-1,-1
84,5,711.78,459.81,107.87,221.30,0.6972,-1,-1,-1
84,16,488.25,448.86,50.53,130.92,0.3332,-1,-1,-1
84,17,506.29,451.42,95.32,292.80,0.4709,-1,-1,-1
85,2,632.49,443.45,87.29,288.14,0.5672,-1,-1,-1
85,3,559.63,439.79,89.44,344.88,0.4748,-1,-1,-1
85,10,1262.80,438.32,40.19,106.53,0.3953,-1,-1,-1
85,5,716.66,458.64,104.63,223.73,0.7204,-1,-1,-1
85,16,487.29,448.34,52.80,133.25,0.4028,-1,-1,-1
85,17,510.73,452.04,92.32,298.48,0.4032,-1,-1,-1
86,2,636.26,443.77,86.62,287.63,0.5300,-1,-1,-1
86,3,555.56,441.17,90.57,343.13,0.3946,-1,-1,-1
86,10,1263.23,439.18,39.82,105.42,0.4217,-1,-1,-1
86,5,719.37,457.00,102.23,225.51,0.7325,-1,-1,-1
86,16,488.29,449.23,52.19,134.62,0.3945,-1,-1,-1
86,17,515.33,452.70,91.12,303.27,0.4635,-1,-1,-1
87,2,635.77,443.60,88.68,288.29,0.5258,-1,-1,-1
87,3,552.56,441.59,94.23,342.62,0.3975,-1,-1,-1
87,10,1262.75,434.21,39.82,109.96,0.4056,-1,-1,-1
87,5,720.46,456.09,101.75,225.68,0.7179,-1,-1,-1
87,16,488.25,450.82,50.82,134.07,0.3419,-1,-1,-1
87,17,515.86,452.94,92.60,306.65,0.4503,-1,-1,-1
88,2,636.73,446.09,92.47,286.41,0.5793,-1,-1,-1
88,3,555.57,441.54,93.39,342.22,0.4477,-1,-1,-1
88,10,1262.59,430.56,40.54,113.58,0.4287,-1,-1,-1
88,5,723.47,454.43,99.19,227.53,0.6789,-1,-1,-1
88,17,515.38,451.71,93.52,307.50,0.4867,-1,-1,-1
88,18,589.71,450.07,73.41,279.87,0.3949,-1,-1,-1
89,2,638.91,449.00,93.34,284.21,0.5897,-1,-1,-1
89,10,1262.44,430.42,41.05,114.05,0.4313,-1,-1,-1
89,5,724.89,452.16,98.78,230.04,0.7341,-1,-1,-1
89,17,511.93,450.89,95.00,306.57,0.5509,-1,-1,-1
89,18,588.27,450.81,74.53,279.38,0.4604,-1,-1,-1
90,2,642.67,446.84,89.98,285.89,0.6030,-1,-1,-1
90,10,1262.12,434.13,41.13,110.13,0.4210,-1,-1,-1
90,5,728.18,451.82,96.18,230.55,0.7252,-1,-1,-1
90,17,514.52,449.32,95.17,305.87,0.5758,-1,-1,-1
90,18,590.83,449.72,73.08,280.41,0.4496,-1,-1,-1
90,3,563.25,439.61,86.22,344.47,0.3873,-1,-1,-1
91,2,644.38,443.48,91.10,290.42,0.6765,-1,-1,-1
91,10,1261.56,436.23,39.49,109.18,0.3897,-1,-1,-1
91,5,731.19,453.85,93.64,228.23,0.6864,-1,-1,-1
91,17,513.62,449.08,96.92,300.95,0.6348,-1,-1,-1
91,18,584.93,447.24,79.91,284.02,0.5663,-1,-1,-1
91,3,577.49,444.29,83.19,304.51,0.5663,-1,-1,-1
91,12,1074.10,463.35,57.13,131.87,0.3891,-1,-1,-1
92,2,644.07,441.26,89.10,292.51,0.6698,-1,-1,-1
92,10,1260.46,435.78,40.00,109.78,0.4575,-1,-1,-1
92,5,732.67,454.03,93.45,228.00,0.6908,-1,-1,-1
92,17,512.53,448.25,98.25,301.82,0.6149,-1,-1,-1
92,18,583.44,445.76,81.61,286.22,0.5081,-1,-1,-1
92,3,582.58,445.35,81.73,290.78,0.5081,-1,-1,-1
92,12,1075.94,459.16,55.28,135.16,0.3470,-1,-1,-1
93,2,642.28,439.34,94.60,295.08,0.6682,-1,-1,-1
93,10,1260.12,435.27,40.21,110.35,0.4625,-1,-1,-1
93,5,735.28,456.63,92.04,225.13,0.7077,-1,-1,-1
93,17,512.32,448.02,98.90,302.36,0.6206,-1,-1,-1
93,18,583.82,445.49,81.21,286.59,0.4984,-1,-1,-1
93,3,585.12,445.89,80.34,285.92,0.4984,-1,-1,-1
93,12,1076.68,458.81,54.92,135.88,0.4090,-1,-1,-1
94,2,643.77,439.73,94.37,296.81,0.7203,-1,-1,-1
94,10,1260.01,436.50,40.36,109.25,0.4628,-1,-1,-1
94,5,737.92,455.16,91.26,226.58,0.7018,-1,-1,-1
94,17,515.56,448.89,95.38,302.06,0.5653,-1,-1,-1
94,18,588.41,445.97,76.02,287.48,0.4818,-1,-1,-1
94,3,572.92,438.24,82.57,337.10,0.4366,-1,-1,-1
94,12,1076.27,462.67,54.45,132.12,0.3360,-1,-1,-1
95,2,643.52,440.18,96.99,297.58,0.7384,-1,-1,-1
95,10,1258.44,435.04,42.10,111.00,0.5308,-1,-1,-1
95,5,740.30,453.04,90.02,229.67,0.6687,-1,-1,-1
95,17,513.53,448.60,96.86,301.81,0.5658,-1,-1,-1
95,18,587.41,446.21,77.31,283.61,0.4565,-1,-1,-1
95,3,564.21,435.25,86.85,355.96,0.3968,-1,-1,-1
96,2,642.67,441.12,98.27,297.12,0.7551,-1,-1,-1
96,10,1257.91,434.48,42.12,111.84,0.4778,-1,-1,-1
96,5,744.28,454.45,87.44,228.72,0.6864,-1,-1,-1
96,17,510.77,447.47,97.96,303.01,0.5099,-1,-1,-1
96,18,587.14,446.29,78.03,280.60,0.4182,-1,-1,-1
96,3,554.32,439.02,100.30,359.12,0.3675,-1,-1,-1
97,2,644.41,441.36,97.80,296.73,0.7521,-1,-1,-1
97,10,1257.72,432.75,41.83,113.29,0.4527,-1,-1,-1
97,5,747.31,455.77,87.36,229.26,0.6954,-1,-1,-1
97,17,509.46,446.87,99.06,302.95,0.5070,-1,-1,-1
97,18,586.14,446.11,78.60,280.94,0.3982,-1,-1,-1
97,3,537.41,443.98,118.94,349.73,0.3607,-1,-1,-1
98,2,646.14,442.22,98.22,296.06,0.7773,-1,-1,-1
98,10,1257.29,436.04,42.47,110.36,0.5508,-1,-1,-1
98,5,751.64,455.90,86.12,230.85,0.7154,-1,-1,-1
98,17,506.72,446.95,100.89,304.02,0.5074,-1,-1,-1
98,18,564.84,442.09,101.31,333.35,0.4950,-1,-1,-1
98,3,546.69,441.65,116.22,356.76,0.4950,-1,-1,-1
99,2,647.35,442.57,99.05,295.67,0.7579,-1,-1,-1
99,10,1257.53,439.20,41.47,107.26,0.5383,-1,-1,-1
99,5,751.79,455.83,88.56,230.78,0.7743,-1,-1,-1
99,17,502.59,445.21,105.21,304.40,0.5344,-1,-1,-1
99,18,563.55,442.63,102.83,350.12,0.5503,-1,-1,-1
99,3,557.64,442.84,107.81,357.39,0.5503,-1,-1,-1
100,2,648.29,442.11,100.62,296.71,0.6860,-1,-1,-1
100,10,1257.67,440.94,40.73,105.78,0.5568,-1,-1,-1
100,5,753.68,454.21,86.91,232.08,0.7649,-1,-1,-1
100,17,498.47,442.16,106.34,303.31,0.5626,-1,-1,-1
100,18,568.67,443.45,98.60,355.06,0.5897,-1,-1,-1
100,3,567.76,443.85,99.48,355.71,0.5897,-1,-1,-1
101,2,648.35,442.42,104.22,296.72,0.7045,-1,-1,-1
101,10,1257.53,441.41,40.07,105.29,0.5579,-1,-1,-1
101,5,755.10,455.48,85.29,232.16,0.7586,-1,-1,-1
101,17,496.68,442.89,108.93,304.35,0.5394,-1,-1,-1
101,18,563.52,442.25,105.51,360.67,0.5965,-1,-1,-1
101,3,563.94,442.63,105.39,359.03,0.5965,-1,-1,-1
102,2,650.13,441.78,103.33,294.38,0.7155,-1,-1,-1
102,10,1256.57,440.72,38.12,106.18,0.5618,-1,-1,-1
102,5,754.83,456.50,87.41,231.15,0.7448,-1,-1,-1
102,17,497.24,441.68,104.68,304.80,0.5721,-1,-1,-1
102,18,564.91,443.26,104.51,361.56,0.6153,-1,-1,-1
102,3,565.97,443.65,103.84,359.16,0.6153,-1,-1,-1
103,2,651.03,440.85,105.71,294.44,0.7068,-1,-1,-1
103,10,1257.31,441.23,35.95,105.48,0.4951,-1,-1,-1
103,5,754.50,457.11,87.48,228.63,0.7250,-1,-1,-1
103,17,498.22,444.00,101.43,301.75,0.5373,-1,-1,-1
103,18,566.19,443.86,105.24,361.44,0.5656,-1,-1,-1
103,3,567.38,444.22,104.46,358.93,0.5656,-1,-1,-1
104,2,653.48,440.89,106.77,294.18,0.7202,-1,-1,-1
104,10,1256.25,442.01,36.50,105.30,0.4961,-1,-1,-1
104,5,755.38,457.86,87.20,229.52,0.7313,-1,-1,-1
104,17,498.86,445.02,106.13,305.14,0.3810,-1,-1,-1
104,18,552.68,440.44,119.99,364.73,0.6544,-1,-1,-1
104,3,553.64,440.73,119.42,362.39,0.6544,-1,-1,-1
105,2,655.40,440.01,106.26,296.67,0.7541,-1,-1,-1
105,10,1256.43,442.65,36.64,104.76,0.4595,-1,-1,-1
105,5,758.61,459.20,85.55,232.01,0.7571,-1,-1,-1
105,18,540.70,437.51,133.03,366.36,0.7313,-1,-1,-1
105,3,541.61,437.75,132.50,364.21,0.7313,-1,-1,-1
106,2,656.97,441.10,105.82,295.22,0.7527,-1,-1,-1
106,10,1255.34,442.24,38.28,105.90,0.4413,-1,-1,-1
106,5,760.06,458.93,85.43,233.95,0.7390,-1,-1,-1
106,18,534.58,437.78,140.57,366.16,0.6711,-1,-1,-1
106,3,535.46,438.01,140.05,364.21,0.6711,-1,-1,-1
107,2,658.16,441.16,108.76,295.25,0.7628,-1,-1,-1
107,10,1256.26,442.98,36.36,105.03,0.3537,-1,-1,-1
107,5,761.91,459.70,85.12,235.23,0.7374,-1,-1,-1
107,18,532.65,438.15,144.83,365.07,0.6668,-1,-1,-1
107,3,533.48,438.35,144.34,363.32,0.6668,-1,-1,-1
108,2,659.93,439.19,107.09,296.28,0.7558,-1,-1,-1
108,5,761.09,456.08,87.39,241.80,0.7167,-1,-1,-1
108,18,535.72,436.98,144.09,368.00,0.6880,-1,-1,-1
108,3,536.50,437.15,143.61,366.47,0.6880,-1,-1,-1
109,2,660.80,438.46,108.41,298.13,0.7348,-1,-1,-1
109,5,761.78,455.55,87.79,243.18,0.6707,-1,-1,-1
109,18,538.17,436.84,145.18,369.17,0.6935,-1,-1,-1
109,3,538.88,437.00,144.74,367.80,0.6935,-1,-1,-1
110,2,662.12,437.84,105.56,301.13,0.7531,-1,-1,-1
110,5,761.10,457.08,89.11,242.17,0.7063,-1,-1,-1
110,18,539.62,437.65,145.79,369.00,0.6775,-1,-1,-1
110,3,540.27,437.80,145.39,367.79,0.6775,-1,-1,-1
111,2,662.89,437.73,106.72,305.33,0.7674,-1,-1,-1
111,5,761.02,456.30,88.97,242.69,0.7116,-1,-1,-1
111,18,541.17,439.95,147.51,368.45,0.6563,-1,-1,-1
111,3,541.76,440.09,147.15,367.37,0.6563,-1,-1,-1
111,17,503.15,447.03,92.57,300.23,0.3664,-1,-1,-1
111,10,1248.01,439.56,34.56,106.41,0.4240,-1,-1,-1
112,2,665.44,437.78,105.49,306.89,0.7798,-1,-1,-1
112,5,761.48,453.09,88.34,246.55,0.7237,-1,-1,-1
112,18,541.63,437.48,146.63,369.85,0.6731,-1,-1,-1
112,3,542.16,437.59,146.31,368.90,0.6731,-1,-1,-1
112,10,1245.20,439.38,36.44,106.82,0.4619,-1,-1,-1
113,2,666.91,437.75,105.80,312.07,0.7874,-1,-1,-1
113,5,763.28,452.31,87.16,247.10,0.7171,-1,-1,-1
113,18,546.00,435.77,141.91,371.72,0.6951,-1,-1,-1
113,3,546.47,435.87,141.61,370.88,0.6951,-1,-1,-1
113,10,1244.66,440.10,36.05,106.11,0.4546,-1,-1,-1
113,12,1076.57,441.32,56.42,155.82,0.3578,-1,-1,-1
114,2,668.73,438.73,103.56,315.09,0.7891,-1,-1,-1
114,5,764.64,453.78,87.56,245.10,0.7013,-1,-1,-1
114,18,541.46,434.32,147.46,372.76,0.6687,-1,-1,-1
114,3,541.86,434.41,147.22,372.02,0.6687,-1,-1,-1
114,10,1243.38,440.46,36.50,105.12,0.5664,-1,-1,-1
114,12,1077.89,440.65,55.80,155.86,0.3869,-1,-1,-1
115,2,670.04,438.70,101.56,314.81,0.7871,-1,-1,-1
115,5,766.58,455.24,88.61,243.64,0.6927,-1,-1,-1
115,18,557.77,435.33,131.63,371.90,0.6575,-1,-1,-1
115,3,558.16,435.41,131.38,371.24,0.6575,-1,-1,-1
115,10,1242.12,440.52,37.01,103.68,0.5457,-1,-1,-1
115,12,1080.76,439.76,54.69,155.75,0.3518,-1,-1,-1
116,2,672.41,438.71,98.16,312.56,0.7843,-1,-1,-1
116,5,767.57,452.14,88.70,247.17,0.6738,-1,-1,-1
116,18,558.70,435.14,130.74,373.08,0.6337,-1,-1,-1
116,3,559.01,435.21,130.54,372.50,0.6337,-1,-1,-1
116,10,1240.65,441.11,37.76,102.61,0.5934,-1,-1,-1
116,12,1082.75,441.48,53.03,153.85,0.4066,-1,-1,-1
117,2,672.80,439.67,98.43,312.24,0.7967,-1,-1,-1
117,5,770.30,452.14,86.84,246.77,0.6469,-1,-1,-1
117,18,549.65,434.55,139.44,373.53,0.6822,-1,-1,-1
117,3,549.91,434.61,139.28,373.02,0.6822,-1,-1,-1
117,10,1241.00,441.23,36.36,101.31,0.5633,-1,-1,-1
117,12,1084.19,441.69,52.40,153.50,0.4272,-1,-1,-1
118,2,674.65,439.98,95.00,314.05,0.7995,-1,-1,-1
118,5,770.04,454.02,83.33,245.06,0.6581,-1,-1,-1
118,18,543.00,435.12,145.69,377.61,0.6873,-1,-1,-1
118,3,543.24,435.17,145.54,377.16,0.6873,-1,-1,-1
118,10,1240.74,441.98,36.07,100.07,0.5311,-1,-1,-1
118,12,1083.35,440.64,53.09,154.76,0.4500,-1,-1,-1
119,2,675.24,440.56,94.69,318.00,0.8144,-1,-1,-1
119,5,769.17,452.16,88.87,245.82,0.7096,-1,-1,-1
119,18,528.59,439.55,161.76,379.27,0.7229,-1,-1,-1
119,3,528.81,439.60,161.63,378.87,0.7229,-1,-1,-1
119,10,1239.28,442.53,37.00,98.26,0.5249,-1,-1,-1
119,12,1083.68,443.29,52.64,151.34,0.4208,-1,-1,-1
120,2,677.18,441.27,94.39,319.71,0.8130,-1,-1,-1
120,5,770.26,451.56,92.03,247.26,0.7122,-1,-1,-1
120,18,523.88,442.59,167.77,379.11,0.7600,-1,-1,-1
120,3,524.09,442.63,167.64,378.75,0.7600,-1,-1,-1
120,10,1237.77,442.55,37.49,100.51,0.5306,-1,-1,-1
120,12,1083.37,444.75,52.16,149.88,0.3482,-1,-1,-1
121,2,678.58,441.20,93.84,321.00,0.8160,-1,-1,-1
121,5,769.03,453.17,98.23,246.13,0.6844,-1,-1,-1
121,18,520.88,444.58,173.38,379.22,0.7692,-1,-1,-1
121,3,521.07,444.62,173.27,378.91,0.7692,-1,-1,-1
121,10,1238.27,442.72,35.33,101.49,0.4895,-1,-1,-1
121,12,1083.58,446.20,51.89,148.70,0.3485,-1,-1,-1
122,2,680.56,440.38,95.02,321.13,0.8012,-1,-1,-1
122,5,773.84,452.85,102.61,248.04,0.5884,-1,-1,-1
122,18,521.90,445.97,175.10,380.74,0.8084,-1,-1,-1
122,3,522.07,446.00,174.99,380.46,0.8084,-1,-1,-1
122,10,1236.75,445.26,34.41,100.10,0.4417,-1,-1,-1
122,12,1084.40,450.22,50.96,144.53,0.3784,-1,-1,-1
123,2,683.07,439.54,93.72,323.05,0.8141,-1,-1,-1
123,5,772.77,455.98,109.40,245.67,0.7185,-1,-1,-1
123,18,524.66,443.76,174.85,386.37,0.8004,-1,-1,-1
123,3,524.81,443.78,174.75,386.13,0.8004,-1,-1,-1
123,10,1236.02,450.82,34.89,95.90,0.5296,-1,-1,-1
123,12,1085.09,449.72,50.08,145.02,0.3621,-1,-1,-1
124,2,684.67,438.64,92.75,325.27,0.8061,-1,-1,-1
124,5,774.27,456.71,110.54,245.71,0.7254,-1,-1,-1
124,18,540.08,442.28,158.29,390.42,0.6618,-1,-1,-1
124,3,540.22,442.31,158.20,390.20,0.6618,-1,-1,-1
124,10,1235.07,453.08,35.84,94.02,0.5545,-1,-1,-1
124,12,1086.30,449.96,48.87,144.04,0.3561,-1,-1,-1
125,2,685.15,437.87,92.31,327.00,0.8179,-1,-1,-1
125,5,778.39,459.17,109.01,244.46,0.7404,-1,-1,-1
125,18,531.33,442.14,171.13,391.48,0.7580,-1,-1,-1
125,3,531.44,442.17,171.06,391.29,0.7580,-1,-1,-1
125,10,1233.38,454.70,36.30,93.87,0.5484,-1,-1,-1
125,12,1083.95,454.51,49.45,139.36,0.3712,-1,-1,-1
126,2,685.43,437.75,94.24,327.44,0.8124,-1,-1,-1
126,5,780.16,457.75,105.71,246.38,0.7268,-1,-1,-1
126,18,546.72,442.03,153.88,391.50,0.6393,-1,-1,-1
126,3,546.83,442.05,153.81,391.33,0.6393,-1,-1,-1
126,10,1230.37,453.68,38.29,95.72,0.5527,-1,-1,-1
126,12,1083.03,457.43,48.12,136.60,0.3030,-1,-1,-1
127,2,684.71,438.01,96.73,328.17,0.8117,-1,-1,-1
127,5,782.10,457.05,102.69,248.07,0.7163,-1,-1,-1
127,18,550.41,440.81,150.67,392.55,0.6644,-1,-1,-1
127,3,550.50,440.82,150.62,392.39,0.6644,-1,-1,-1
127,10,1227.40,453.82,40.46,98.26,0.5284,-1,-1,-1
128,2,684.60,437.68,101.15,329.06,0.8130,-1,-1,-1
128,5,783.23,461.07,100.91,243.74,0.6833,-1,-1,-1
128,18,558.17,440.58,146.16,392.49,0.6654,-1,-1,-1
128,3,558.24,440.60,146.11,392.36,0.6654,-1,-1,-1
128,10,1225.24,454.89,42.31,98.21,0.5074,-1,-1,-1
129,2,683.39,437.68,103.55,328.85,0.8339,-1,-1,-1
129,5,785.38,459.68,101.74,244.50,0.6746,-1,-1,-1
129,18,559.45,441.31,147.99,391.52,0.6756,-1,-1,-1
129,3,559.51,441.32,147.95,391.40,0.6756,-1,-1,-1
129,10,1223.09,462.06,44.11,92.37,0.4234,-1,-1,-1
130,2,682.17,437.46,105.30,329.02,0.8328,-1,-1,-1
130,5,786.98,459.41,101.10,244.95,0.7441,-1,-1,-1
130,18,553.79,441.86,155.84,390.53,0.6469,-1,-1,-1
130,3,553.85,441.88,155.80,390.43,0.6469,-1,-1,-1
130,10,1222.74,456.43,43.36,98.08,0.4325,-1,-1,-1
130,12,1080.88,461.49,51.77,133.49,0.3650,-1,-1,-1
131,2,681.86,437.02,105.16,330.50,0.8231,-1,-1,-1
131,5,790.06,459.36,100.41,246.34,0.7618,-1,-1,-1
131,18,569.86,440.60,141.50,391.36,0.5423,-1,-1,-1
131,3,569.91,440.62,141.47,391.27,0.5423,-1,-1,-1
131,10,1222.54,462.27,44.49,92.81,0.3954,-1,-1,-1
131,12,1084.17,459.03,51.04,136.38,0.3072,-1,-1,-1
132,2,683.50,436.21,103.11,331.55,0.8129,-1,-1,-1
132,5,792.36,457.51,100.35,248.55,0.7884,-1,-1,-1
132,18,572.63,440.24,142.90,390.50,0.5684,-1,-1,-1
132,3,572.67,440.25,142.87,390.42,0.5684,-1,-1,-1
133,2,684.07,435.76,102.58,331.91,0.8012,-1,-1,-1
133,5,793.59,458.16,99.55,248.32,0.7888,-1,-1,-1
133,18,585.07,438.67,131.97,391.56,0.6282,-1,-1,-1
133,3,585.11,438.68,131.94,391.49,0.6282,-1,-1,-1
133,16,490.87,460.90,41.35,109.77,0.3449,-1,-1,-1
134,2,684.93,434.47,103.32,333.16,0.7920,-1,-1,-1
134,5,795.19,455.22,100.70,250.74,0.7704,-1,-1,-1
134,18,584.94,439.39,134.44,390.81,0.6278,-1,-1,-1
134,3,584.97,439.40,134.42,390.75,0.6278,-1,-1,-1
134,16,491.02,457.56,41.65,112.93,0.3004,-1,-1,-1
135,2,685.07,433.08,104.62,333.38,0.7855,-1,-1,-1
135,5,793.62,452.16,103.22,254.38,0.7163,-1,-1,-1
135,18,581.07,439.91,139.99,391.48,0.6383,-1,-1,-1
135,3,581.10,439.91,139.98,391.43,0.6383,-1,-1,-1
135,16,489.31,460.67,41.93,109.59,0.3570,-1,-1,-1
136,2,685.48,432.98,105.22,332.60,0.7744,-1,-1,-1
136,5,794.82,451.31,100.98,255.93,0.7048,-1,-1,-1
136,18,576.08,439.46,145.99,395.79,0.6528,-1,-1,-1
136,3,576.10,439.46,145.98,395.74,0.6528,-1,-1,-1
136,16,489.84,457.83,40.97,112.57,0.3646,-1,-1,-1
137,2,691.68,433.63,103.26,330.00,0.7813,-1,-1,-1
137,5,797.01,452.49,98.18,255.67,0.7603,-1,-1,-1
137,18,585.98,437.35,135.87,408.73,0.6670,-1,-1,-1
137,3,586.01,437.36,135.85,408.69,0.6670,-1,-1,-1
137,16,490.40,460.15,39.95,109.86,0.3615,-1,-1,-1
138,2,691.13,433.92,106.42,330.56,0.7630,-1,-1,-1
138,5,801.34,451.11,94.97,258.92,0.7555,-1,-1,-1
138,18,588.12,436.89,134.68,418.07,0.6490,-1,-1,-1
138,3,588.14,436.90,134.67,418.03,0.6490,-1,-1,-1
138,16,490.32,460.03,40.03,109.97,0.3343,-1,-1,-1
139,2,693.21,433.54,107.21,331.86,0.7556,-1,-1,-1
139,5,806.20,449.86,92.18,261.52,0.7266,-1,-1,-1
139,18,587.12,436.90,136.10,424.05,0.6157,-1,-1,-1
139,3,587.13,436.91,136.09,424.01,0.6157,-1,-1,-1
139,16,491.97,459.70,39.18,110.97,0.4488,-1,-1,-1
140,2,692.92,434.00,111.38,331.64,0.7563,-1,-1,-1
140,5,811.62,451.51,82.59,263.01,0.6970,-1,-1,-1
140,18,573.76,437.83,150.59,419.90,0.5622,-1,-1,-1
140,3,573.77,437.84,150.58,419.87,0.5622,-1,-1,-1
140,16,492.25,460.45,38.45,111.14,0.4107,-1,-1,-1
140,10,1216.48,450.52,34.95,102.82,0.3504,-1,-1,-1
141,2,692.61,433.24,114.75,333.79,0.7567,-1,-1,-1
141,5,815.45,451.61,82.36,262.48,0.6446,-1,-1,-1
141,18,565.31,438.22,158.72,419.92,0.5608,-1,-1,-1
141,3,565.32,438.23,158.71,419.89,0.5608,-1,-1,-1
141,16,491.85,459.77,39.18,111.70,0.3420,-1,-1,-1
141,10,1213.75,448.93,36.72,104.63,0.4267,-1,-1,-1
142,2,693.04,433.49,122.48,332.25,0.7619,-1,-1,-1
142,5,816.58,448.37,85.92,267.95,0.6435,-1,-1,-1
142,18,558.65,438.66,165.22,415.60,0.5104,-1,-1,-1
142,3,558.66,438.66,165.22,415.58,0.5104,-1,-1,-1
142,10,1211.36,448.07,36.94,104.88,0.3989,-1,-1,-1
143,2,694.28,435.54,127.74,330.47,0.7688,-1,-1,-1
143,5,818.19,447.68,85.26,268.12,0.6217,-1,-1,-1
143,18,572.55,435.61,150.02,427.45,0.5376,-1,-1,-1
143,3,572.56,435.62,150.01,427.43,0.5376,-1,-1,-1
143,10,1210.14,445.66,36.37,106.99,0.3819,-1,-1,-1
144,2,694.04,436.65,135.30,331.10,0.7529,-1,-1,-1
144,5,820.75,448.32,84.41,265.72,0.5332,-1,-1,-1
144,18,562.78,437.45,159.15,428.22,0.5061,-1,-1,-1
144,3,562.79,437.45,159.15,428.20,0.5061,-1,-1,-1
144,10,1207.94,443.95,35.32,109.42,0.3338,-1,-1,-1
145,2,694.00,438.15,141.23,330.33,0.7491,-1,-1,-1
145,5,823.69,453.18,82.35,258.98,0.5620,-1,-1,-1
145,18,548.41,437.33,174.29,437.39,0.6248,-1,-1,-1
145,3,548.41,437.33,174.29,437.37,0.6248,-1,-1,-1
145,10,1206.87,443.29,34.30,110.10,0.3738,-1,-1,-1
145,16,477.99,469.97,47.80,104.16,0.3481,-1,-1,-1
146,2,696.49,438.55,141.77,330.74,0.7439,-1,-1,-1
146,5,826.15,454.50,81.65,256.42,0.6558,-1,-1,-1
146,18,542.90,438.51,179.71,443.28,0.7210,-1,-1,-1
146,3,542.91,438.51,179.71,443.27,0.7210,-1,-1,-1
146,10,1206.68,443.60,33.42,107.83,0.4434,-1,-1,-1
146,20,877.69,434.21,79.55,247.23,0.3386,-1,-1,-1
146,16,476.39,472.25,47.84,101.73,0.3729,-1,-1,-1
147,2,699.96,438.10,139.19,333.28,0.7938,-1,-1,-1
147,5,827.82,457.12,81.22,253.30,0.6106,-1,-1,-1
147,18,540.85,439.88,180.91,447.70,0.7191,-1,-1,-1
147,3,540.85,439.89,180.91,447.69,0.7191,-1,-1,-1
147,10,1204.15,446.23,34.90,103.41,0.4815,-1,-1,-1
147,20,878.99,432.26,80.62,248.85,0.4269,-1,-1,-1
147,16,475.07,470.16,47.75,103.26,0.3497,-1,-1,-1
147,12,1081.70,460.22,49.48,134.57,0.3438,-1,-1,-1
148,2,702.01,437.80,137.53,333.24,0.7696,-1,-1,-1
148,5,828.41,456.70,83.38,254.46,0.6513,-1,-1,-1
148,18,539.25,440.43,182.41,451.66,0.7233,-1,-1,-1
148,3,539.26,440.43,182.41,451.65,0.7233,-1,-1,-1
148,10,1201.85,448.26,36.73,101.81,0.4614,-1,-1,-1
148,20,881.60,431.54,81.16,248.07,0.3556,-1,-1,-1
148,16,474.62,470.67,47.47,103.04,0.3841,-1,-1,-1
148,12,1082.23,458.70,49.46,135.85,0.3595,-1,-1,-1
149,2,705.74,437.55,134.20,335.75,0.8048,-1,-1,-1
149,5,830.25,456.21,83.66,253.94,0.6526,-1,-1,-1
149,18,542.00,439.18,176.16,455.45,0.7305,-1,-1,-1
149,3,542.01,439.18,176.15,455.44,0.7305,-1,-1,-1
149,10,1200.00,448.11,38.23,101.23,0.4694,-1,-1,-1
149,20,884.60,437.33,84.59,242.14,0.5562,-1,-1,-1
149,16,474.12,470.17,47.01,102.83,0.3079,-1,-1,-1
150,2,709.38,436.43,130.24,338.03,0.8068,-1,-1,-1
150,5,831.15,451.59,85.96,259.65,0.6385,-1,-1,-1
150,18,544.26,437.52,174.26,458.58,0.7709,-1,-1,-1
150,3,544.26,437.52,174.26,458.57,0.7709,-1,-1,-1
150,10,1197.39,449.48,40.52,99.36,0.4494,-1,-1,-1
150,20,888.50,439.69,80.22,239.42,0.6091,-1,-1,-1
150,16,472.17,470.91,44.70,101.97,0.3466,-1,-1,-1
151,2,713.21,436.44,127.93,339.65,0.7969,-1,-1,-1
151,5,830.73,449.48,88.68,262.87,0.6631,-1,-1,-1
151,18,543.79,438.14,172.24,458.21,0.7629,-1,-1,-1
151,3,543.80,438.14,172.24,458.20,0.7629,-1,-1,-1
151,10,1196.84,451.44,40.29,97.74,0.4610,-1,-1,-1
151,20,890.49,438.91,82.98,239.12,0.6638,-1,-1,-1
151,16,470.84,472.17,44.25,100.91,0.3804,-1,-1,-1
152,2,714.87,436.13,121.45,339.77,0.8053,-1,-1,-1
152,5,830.66,445.93,89.32,270.90,0.7099,-1,-1,-1
152,18,544.13,438.13,174.18,459.20,0.7551,-1,-1,-1
152,3,544.13,438.13,174.18,459.20,0.7551,-1,-1,-1
152,10,1195.59,451.59,40.73,97.70,0.4773,-1,-1,-1
152,20,891.28,438.54,81.98,240.11,0.4794,-1,-1,-1
153,2,715.58,435.42,123.00,341.29,0.8422,-1,-1,-1
153,5,831.24,445.29,89.39,271.88,0.7248,-1,-1,-1
153,18,540.33,437.48,167.51,458.62,0.7381,-1,-1,-1
153,3,540.33,437.48,167.51,458.61,0.7381,-1,-1,-1
153,10,1194.32,452.01,39.95,96.20,0.4784,-1,-1,-1
154,2,717.38,435.55,122.47,340.98,0.8572,-1,-1,-1
154,5,832.45,448.43,87.47,274.70,0.6938,-1,-1,-1
154,18,538.00,433.45,164.77,462.18,0.7472,-1,-1,-1
154,3,538.00,433.45,164.77,462.18,0.7472,-1,-1,-1
154,10,1194.08,452.57,37.97,96.62,0.5251,-1,-1,-1
154,20,894.59,436.89,76.03,240.54,0.5588,-1,-1,-1
155,2,719.39,436.44,123.14,340.44,0.8591,-1,-1,-1
155,5,833.50,447.87,87.02,278.54,0.6804,-1,-1,-1
155,18,533.26,433.07,167.90,463.32,0.7428,-1,-1,-1
155,3,533.26,433.07,167.89,463.32,0.7428,-1,-1,-1
155,10,1192.60,452.72,37.99,96.08,0.5397,-1,-1,-1
155,20,897.04,436.46,74.58,243.61,0.6249,-1,-1,-1
156,2,722.07,434.53,121.65,341.77,0.8372,-1,-1,-1
156,5,834.29,445.59,88.55,282.62,0.6896,-1,-1,-1
156,18,531.59,433.83,165.46,462.63,0.7557,-1,-1,-1
156,3,531.59,433.83,165.46,462.62,0.7557,-1,-1,-1
156,10,1191.48,450.93,37.06,96.65,0.5232,-1,-1,-1
156,20,899.51,436.81,71.19,247.30,0.5864,-1,-1,-1
157,2,723.32,433.74,125.35,342.13,0.8117,-1,-1,-1
157,5,837.40,444.85,87.95,282.79,0.6962,-1,-1,-1
157,18,529.67,434.28,165.50,462.97,0.7196,-1,-1,-1
157,3,529.67,434.28,165.50,462.97,0.7196,-1,-1,-1
157,10,1190.82,453.33,34.71,94.30,0.4771,-1,-1,-1
157,20,902.66,437.23,70.89,250.13,0.4392,-1,-1,-1
157,22,660.39,439.60,85.58,340.49,0.4375,-1,-1,-1
158,2,726.05,433.40,128.41,341.46,0.7636,-1,-1,-1
158,5,841.18,444.53,90.07,284.39,0.7177,-1,-1,-1
158,18,530.03,432.49,167.40,464.81,0.7455,-1,-1,-1
158,3,530.03,432.49,167.40,464.80,0.7455,-1,-1,-1
158,10,1191.04,457.47,31.55,90.01,0.3752,-1,-1,-1
158,20,905.93,438.66,69.79,178.82,0.4322,-1,-1,-1
158,22,664.06,438.76,82.12,342.84,0.5313,-1,-1,-1
159,2,730.98,434.79,128.69,339.49,0.7629,-1,-1,-1
159,5,843.84,444.64,87.62,285.77,0.7429,-1,-1,-1
159,18,524.66,431.62,173.98,465.10,0.7777,-1,-1,-1
159,3,524.67,431.62,173.98,465.09,0.7777,-1,-1,-1
159,20,902.46,441.14,83.53,226.63,0.4065,-1,-1,-1
159,22,666.80,437.80,81.94,344.72,0.5178,-1,-1,-1
160,2,736.85,431.91,121.99,342.90,0.7599,-1,-1,-1
160,5,845.63,446.64,86.11,282.97,0.7429,-1,-1,-1
160,18,526.08,432.41,171.22,462.85,0.7836,-1,-1,-1
160,3,526.08,432.41,171.22,462.85,0.7836,-1,-1,-1
160,20,910.26,439.93,74.34,174.05,0.3855,-1,-1,-1
160,22,668.73,437.66,81.58,345.65,0.5366,-1,-1,-1
161,2,740.78,430.40,118.77,344.76,0.7800,-1,-1,-1
161,5,847.44,447.57,86.62,281.87,0.7518,-1,-1,-1
161,18,527.16,434.24,170.07,459.30,0.7815,-1,-1,-1
161,3,527.16,434.24,170.07,459.29,0.7815,-1,-1,-1
161,20,916.21,440.02,70.36,150.10,0.3998,-1,-1,-1
161,22,669.10,439.37,82.51,347.27,0.6188,-1,-1,-1
162,2,743.99,429.79,116.70,347.52,0.7776,-1,-1,-1
162,5,848.87,448.85,88.33,282.00,0.7439,-1,-1,-1
162,18,525.84,433.28,176.21,460.09,0.7726,-1,-1,-1
162,3,525.84,433.28,176.21,460.09,0.7726,-1,-1,-1
162,20,917.87,441.24,76.55,141.59,0.3139,-1,-1,-1
162,22,670.13,440.35,82.14,349.89,0.6201,-1,-1,-1
163,2,746.30,431.06,115.84,347.77,0.7884,-1,-1,-1
163,5,851.31,449.68,91.29,282.02,0.7389,-1,-1,-1
163,18,527.15,432.87,178.59,461.75,0.7993,-1,-1,-1
163,3,527.15,432.87,178.59,461.75,0.7993,-1,-1,-1
163,20,921.21,440.10,79.28,223.18,0.5678,-1,-1,-1
163,22,671.08,440.59,81.12,358.05,0.5982,-1,-1,-1
163,10,1188.79,445.92,30.50,100.14,0.4216,-1,-1,-1
164,2,749.04,431.47,115.73,350.47,0.7860,-1,-1,-1
164,5,852.68,450.08,98.53,283.01,0.7071,-1,-1,-1
164,18,527.19,431.77,183.18,465.60,0.7891,-1,-1,-1
164,3,527.19,431.77,183.18,465.60,0.7891,-1,-1,-1
164,20,922.79,440.06,82.13,245.25,0.5552,-1,-1,-1
164,22,671.77,439.35,83.20,362.31,0.5941,-1,-1,-1
164,24,1137.86,438.30,45.72,107.89,0.3923,-1,-1,-1
164,10,1187.33,444.38,31.38,100.97,0.4984,-1,-1,-1
165,2,750.00,430.74,115.94,352.54,0.7910,-1,-1,-1
165,5,855.04,450.84,107.82,282.43,0.6600,-1,-1,-1
165,18,528.17,431.24,187.19,468.36,0.8057,-1,-1,-1
165,3,528.18,431.24,187.18,468.36,0.8057,-1,-1,-1
165,20,922.41,439.16,85.66,258.08,0.5194,-1,-1,-1
165,22,672.53,440.74,88.02,352.53,0.6891,-1,-1,-1
165,10,1186.70,452.22,30.93,93.16,0.3215,-1,-1,-1
166,2,751.39,430.63,115.75,355.87,0.7908,-1,-1,-1
166,5,858.28,453.70,112.50,279.67,0.6320,-1,-1,-1
166,18,528.48,431.44,190.32,470.63,0.7938,-1,-1,-1
166,3,528.48,431.44,190.32,470.63,0.7938,-1,-1,-1
166,20,924.37,438.61,87.33,250.11,0.5014,-1,-1,-1
166,22,673.33,441.51,90.94,351.62,0.7206,-1,-1,-1
167,2,751.57,430.97,115.97,356.40,0.7972,-1,-1,-1
167,5,860.07,451.53,121.91,281.88,0.7057,-1,-1,-1
167,18,529.80,432.17,194.71,471.54,0.8015,-1,-1,-1
167,3,529.80,432.17,194.70,471.54,0.8015,-1,-1,-1
167,20,930.25,437.07,80.34,251.93,0.5920,-1,-1,-1
167,22,674.34,441.70,91.24,351.88,0.7078,-1,-1,-1
168,2,752.70,432.08,116.04,356.95,0.7920,-1,-1,-1
168,5,862.10,448.38,126.87,285.25,0.7495,-1,-1,-1
168,18,530.95,433.31,205.92,469.68,0.8089,-1,-1,-1
168,3,530.95,433.31,205.92,469.68,0.8089,-1,-1,-1
168,20,936.27,435.60,75.22,249.22,0.5988,-1,-1,-1
168,22,674.67,442.18,91.14,353.89,0.7257,-1,-1,-1
168,24,1145.32,440.53,45.97,104.47,0.3562,-1,-1,-1
169,2,753.50,433.79,115.29,356.22,0.7990,-1,-1,-1
169,5,864.33,447.11,123.38,287.97,0.7805,-1,-1,-1
169,18,531.69,430.21,218.43,471.47,0.8100,-1,-1,-1
169,3,531.69,430.21,218.43,471.47,0.8100,-1,-1,-1
169,20,941.54,434.47,70.56,245.31,0.6012,-1,-1,-1
169,22,675.86,442.49,90.63,354.98,0.7365,-1,-1,-1
169,24,1147.07,440.55,44.61,104.35,0.3587,-1,-1,-1
170,2,755.76,434.77,114.51,356.06,0.7804,-1,-1,-1
170,5,868.19,446.52,120.24,289.76,0.7994,-1,-1,-1
170,18,531.89,429.43,229.91,471.70,0.8313,-1,-1,-1
170,3,531.89,429.43,229.91,471.70,0.8313,-1,-1,-1
170,20,944.11,434.08,69.93,241.66,0.6223,-1,-1,-1
170,22,677.58,442.39,88.90,356.19,0.7275,-1,-1,-1
170,24,1147.72,441.77,44.23,103.30,0.4401,-1,-1,-1
171,2,757.47,435.36,113.15,350.71,0.7870,-1,-1,-1
171,5,870.67,446.59,118.19,291.14,0.7914,-1,-1,-1
171,18,533.84,429.79,237.65,471.44,0.8572,-1,-1,-1
171,3,533.85,429.79,237.65,471.44,0.8572,-1,-1,-1
171,20,946.59,435.25,70.90,247.61,0.6722,-1,-1,-1
171,22,678.04,442.27,90.13,359.66,0.7289,-1,-1,-1
171,24,1147.09,443.74,45.67,101.51,0.4409,-1,-1,-1
172,2,759.73,436.21,116.18,347.59,0.8104,-1,-1,-1
172,5,871.25,447.02,117.92,291.39,0.7955,-1,-1,-1
172,18,535.77,432.30,240.32,470.55,0.8474,-1,-1,-1
172,3,535.77,432.30,240.32,470.54,0.8474,-1,-1,-1
172,20,950.40,435.46,72.95,251.99,0.6853,-1,-1,-1
172,22,679.62,444.27,86.94,358.23,0.6911,-1,-1,-1
172,24,1147.42,445.14,44.05,100.72,0.4060,-1,-1,-1
173,2,761.53,437.18,117.37,345.58,0.8171,-1,-1,-1
173,5,872.86,445.64,117.51,293.19,0.7868,-1,-1,-1
173,18,537.66,432.49,236.49,470.18,0.8554,-1,-1,-1
173,3,537.66,432.49,236.49,470.18,0.8554,-1,-1,-1
173,20,952.39,433.99,74.96,256.85,0.6622,-1,-1,-1
173,22,680.98,446.05,88.39,352.62,0.6146,-1,-1,-1
173,24,1147.75,446.18,42.47,100.19,0.3481,-1,-1,-1
174,2,762.58,438.82,119.79,347.79,0.8208,-1,-1,-1
174,5,874.74,445.04,118.31,293.85,0.7855,-1,-1,-1
174,18,541.65,432.51,233.07,471.86,0.8512,-1,-1,-1
174,3,541.65,432.51,233.07,471.86,0.8512,-1,-1,-1
174,20,954.44,434.98,74.55,260.04,0.6317,-1,-1,-1
174,22,685.79,450.38,85.19,348.96,0.4148,-1,-1,-1
174,12,1084.78,455.28,46.72,140.41,0.4110,-1,-1,-1
175,2,766.46,439.68,117.76,349.78,0.8415,-1,-1,-1
175,5,876.48,444.31,117.41,294.51,0.7909,-1,-1,-1
175,18,548.45,433.49,227.90,471.61,0.8348,-1,-1,-1
175,3,548.45,433.49,227.90,471.61,0.8348,-1,-1,-1
175,20,957.24,435.19,75.32,261.92,0.5951,-1,-1,-1
175,12,1084.90,455.86,45.87,139.92,0.3180,-1,-1,-1
175,10,1150.99,452.40,54.91,95.16,0.4208,-1,-1,-1
176,2,768.13,441.06,115.95,354.41,0.8294,-1,-1,-1
176,5,877.95,443.88,115.79,294.67,0.7981,-1,-1,-1
176,18,556.72,433.03,219.50,474.23,0.7950,-1,-1,-1
176,3,556.72,433.03,219.50,474.23,0.7950,-1,-1,-1
176,20,960.26,434.73,79.48,261.27,0.5844,-1,-1,-1
176,12,1082.73,455.56,47.66,139.84,0.3329,-1,-1,-1
176,10,1151.34,454.95,54.35,91.61,0.4366,-1,-1,-1
177,2,768.39,441.12,117.55,355.55,0.8213,-1,-1,-1
177,5,880.33,445.44,115.09,293.08,0.7884,-1,-1,-1
177,18,559.12,435.45,216.05,473.28,0.7957,-1,-1,-1
177,3,559.12,435.45,216.05,473.28,0.7957,-1,-1,-1
177,20,962.44,434.37,83.46,262.70,0.5132,-1,-1,-1
177,10,1153.14,451.51,52.22,96.34,0.3948,-1,-1,-1
178,2,772.32,440.76,113.52,356.12,0.8099,-1,-1,-1
178,5,885.75,446.74,110.85,290.99,0.7647,-1,-1,-1
178,18,561.53,434.10,214.61,474.69,0.8363,-1,-1,-1
178,3,561.53,434.10,214.61,474.69,0.8363,-1,-1,-1
178,20,963.61,433.22,89.92,266.06,0.4512,-1,-1,-1
178,10,1153.17,448.10,48.35,98.90,0.4765,-1,-1,-1
178,25,464.74,463.89,40.49,112.45,0.3491,-1,-1,-1
179,2,774.29,439.70,113.63,355.17,0.7907,-1,-1,-1
179,5,890.29,445.89,107.06,292.02,0.7719,-1,-1,-1
179,18,569.03,433.03,207.98,477.09,0.8623,-1,-1,-1
179,3,569.03,433.03,207.98,477.09,0.8623,-1,-1,-1
179,20,964.93,434.37,93.19,265.60,0.5160,-1,-1,-1
179,10,1155.18,450.58,45.91,96.88,0.4667,-1,-1,-1
179,25,464.13,461.08,40.62,115.51,0.3661,-1,-1,-1
180,2,776.89,438.48,116.88,357.14,0.7640,-1,-1,-1
180,5,895.49,445.21,101.61,292.94,0.7772,-1,-1,-1
180,18,576.08,431.01,201.09,479.04,0.8404,-1,-1,-1
180,3,576.08,431.01,201.09,479.04,0.8404,-1,-1,-1
180,20,968.91,434.38,101.23,263.72,0.4875,-1,-1,-1
180,10,1156.16,450.88,42.36,96.98,0.4510,-1,-1,-1
180,25,465.14,463.87,38.77,111.98,0.4731,-1,-1,-1
181,2,778.77,436.95,116.04,358.01,0.7566,-1,-1,-1
181,5,901.47,443.97,97.33,295.11,0.7262,-1,-1,-1
181,18,581.83,426.17,196.75,484.65,0.8642,-1,-1,-1
181,3,581.83,426.17,196.75,484.65,0.8642,-1,-1,-1
181,20,971.61,436.26,94.49,264.25,0.6205,-1,-1,-1
181,10,1155.62,447.40,41.27,99.47,0.4775,-1,-1,-1
181,25,466.31,467.29,37.26,107.38,0.3699,-1,-1,-1
181,26,571.36,450.25,58.82,109.66,0.4347,-1,-1,-1
181,12,1078.57,447.04,51.73,149.72,0.3406,-1,-1,-1
182,2,780.87,435.78,116.34,362.35,0.7523,-1,-1,-1
182,5,910.21,445.04,91.31,296.54,0.7147,-1,-1,-1
182,18,583.85,424.47,197.66,486.24,0.8649,-1,-1,-1
182,3,583.85,424.47,197.66,486.24,0.8649,-1,-1,-1
182,20,976.57,435.28,90.55,268.29,0.6145,-1,-1,-1
182,10,1156.85,450.63,38.27,96.43,0.5382,-1,-1,-1
182,25,466.91,471.50,37.05,102.82,0.4259,-1,-1,-1
182,26,571.12,448.28,58.85,116.37,0.4549,-1,-1,-1
182,12,1080.34,445.68,50.61,151.59,0.3650,-1,-1,-1
183,2,783.10,434.77,117.59,366.08,0.7693,-1,-1,-1
183,5,916.16,443.41,89.89,298.05,0.7475,-1,-1,-1
183,18,587.30,424.39,195.29,486.44,0.8583,-1,-1,-1
183,3,587.30,424.39,195.29,486.44,0.8583,-1,-1,-1
183,20,980.33,436.46,87.86,263.92,0.6239,-1,-1,-1
183,10,1157.40,449.67,36.67,97.17,0.5372,-1,-1,-1
183,25,466.42,472.30,38.01,102.49,0.3868,-1,-1,-1
183,26,570.55,448.78,60.24,127.88,0.4880,-1,-1,-1
183,12,1081.72,444.88,49.46,152.29,0.3149,-1,-1,-1
184,2,784.39,434.07,118.37,367.71,0.7838,-1,-1,-1
184,5,922.92,441.79,86.75,299.45,0.7671,-1,-1,-1
184,18,591.38,425.23,192.25,485.25,0.8522,-1,-1,-1
184,3,591.38,425.23,192.25,485.25,0.8522,-1,-1,-1
184,20,983.04,439.22,86.43,252.27,0.6287,-1,-1,-1
184,10,1155.36,450.13,39.38,98.14,0.6102,-1,-1,-1
184,25,466.21,473.24,38.39,101.59,0.4132,-1,-1,-1
184,26,571.13,444.61,60.11,145.49,0.4531,-1,-1,-1
184,12,1082.02,442.70,50.35,154.20,0.3282,-1,-1,-1
185,2,786.14,434.28,118.35,369.07,0.7819,-1,-1,-1
185,5,926.30,441.32,85.88,302.17,0.7602,-1,-1,-1
185,18,598.17,426.57,186.99,483.76,0.8433,-1,-1,-1
185,3,598.17,426.57,186.99,483.76,0.8433,-1,-1,-1
185,20,986.11,440.58,85.40,253.07,0.6341,-1,-1,-1
185,10,1155.20,451.02,39.82,96.29,0.5542,-1,-1,-1
185,25,466.33,475.11,39.82,100.42,0.4691,-1,-1,-1
185,26,571.03,444.72,61.37,156.33,0.4508,-1,-1,-1
185,12,1081.67,439.52,51.03,157.56,0.3144,-1,-1,-1
186,2,787.09,434.73,116.46,368.45,0.8038,-1,-1,-1
186,5,929.16,443.80,85.00,304.84,0.7452,-1,-1,-1
186,18,603.21,426.04,184.16,484.16,0.8447,-1,-1,-1
186,3,603.21,426.04,184.16,484.16,0.8447,-1,-1,-1
186,20,988.89,442.01,84.65,246.81,0.5807,-1,-1,-1
186,10,1153.76,448.84,43.74,97.95,0.5906,-1,-1,-1
186,25,467.00,477.57,40.76,98.11,0.4681,-1,-1,-1
186,26,571.27,438.78,58.46,173.75,0.4932,-1,-1,-1
187,2,789.86,435.06,115.07,368.35,0.8060,-1,-1,-1
187,5,930.25,444.95,88.15,306.90,0.7290,-1,-1,-1
187,18,608.69,427.15,179.14,484.35,0.8427,-1,-1,-1
187,3,608.69,427.15,179.14,484.35,0.8427,-1,-1,-1
187,20,994.25,442.74,82.95,250.29,0.6313,-1,-1,-1
187,10,1154.28,449.97,44.61,96.34,0.5433,-1,-1,-1
187,25,467.07,478.01,41.10,97.61,0.4645,-1,-1,-1
187,26,571.91,434.69,57.39,179.03,0.4825,-1,-1,-1
188,2,792.39,434.76,114.52,366.07,0.8132,-1,-1,-1
188,5,932.64,442.91,91.12,309.70,0.6849,-1,-1,-1
188,18,610.56,426.66,179.29,492.16,0.8348,-1,-1,-1
188,3,610.56,426.66,179.29,492.16,0.8348,-1,-1,-1
188,20,997.68,443.99,80.40,250.67,0.5099,-1,-1,-1
188,10,1155.30,451.54,43.64,95.86,0.5062,-1,-1,-1
188,25,467.30,478.38,38.66,96.89,0.3683,-1,-1,-1
188,26,571.06,433.55,59.89,184.08,0.4476,-1,-1,-1
189,2,794.80,433.61,112.73,367.63,0.8108,-1,-1,-1
189,5,933.98,442.02,101.56,311.69,0.7787,-1,-1,-1
189,18,612.61,426.15,178.27,501.32,0.7959,-1,-1,-1
189,3,612.61,426.15,178.27,501.32,0.7959,-1,-1,-1
189,20,1003.95,440.17,81.70,261.74,0.5320,-1,-1,-1
189,10,1155.91,447.99,43.26,99.61,0.4890,-1,-1,-1
189,25,466.69,477.54,39.49,98.38,0.4297,-1,-1,-1
189,26,570.08,432.93,59.55,183.88,0.5388,-1,-1,-1
190,2,797.06,432.82,116.42,371.16,0.8033,-1,-1,-1
190,5,936.87,442.54,107.25,310.86,0.7591,-1,-1,-1
190,18,616.33,425.42,178.66,511.12,0.6939,-1,-1,-1
190,3,616.33,425.42,178.66,511.12,0.6939,-1,-1,-1
190,20,1009.15,440.86,80.03,265.93,0.4563,-1,-1,-1
190,10,1155.58,448.62,43.05,98.78,0.4117,-1,-1,-1
190,25,467.53,477.37,37.88,98.40,0.4021,-1,-1,-1
190,26,569.69,436.57,61.68,178.44,0.5413,-1,-1,-1
191,2,799.14,432.60,116.15,371.87,0.7806,-1,-1,-1
191,5,941.10,443.03,113.44,312.34,0.7615,-1,-1,-1
191,18,620.36,425.72,178.40,516.12,0.7419,-1,-1,-1
191,3,620.36,425.72,178.40,516.12,0.7419,-1,-1,-1
191,20,1012.13,437.77,78.25,271.66,0.3205,-1,-1,-1
191,10,1153.27,446.51,47.20,101.35,0.5015,-1,-1,-1
191,25,466.15,477.28,36.50,98.16,0.3596,-1,-1,-1
191,26,568.81,442.34,61.27,174.72,0.5974,-1,-1,-1
192,2,800.81,430.21,115.52,377.89,0.7873,-1,-1,-1
192,5,943.55,446.83,114.18,308.78,0.7577,-1,-1,-1
192,18,624.96,426.30,176.52,523.84,0.7257,-1,-1,-1
192,3,624.96,426.30,176.52,523.84,0.7257,-1,-1,-1
192,10,1151.07,446.73,49.30,101.88,0.4831,-1,-1,-1
192,25,465.10,477.10,36.17,97.48,0.3458,-1,-1,-1
192,26,568.26,442.55,63.57,174.66,0.5911,-1,-1,-1
193,2,803.00,427.30,113.42,380.32,0.7879,-1,-1,-1
193,5,945.41,444.02,115.33,310.90,0.7554,-1,-1,-1
193,18,630.51,426.83,170.40,527.49,0.7664,-1,-1,-1
193,3,630.51,426.83,170.40,527.49,0.7664,-1,-1,-1
193,10,1149.45,443.26,50.13,105.50,0.4553,-1,-1,-1
193,25,463.95,477.59,37.90,97.66,0.3106,-1,-1,-1
193,26,569.42,442.28,63.09,175.09,0.6321,-1,-1,-1
193,20,1015.93,438.43,89.86,264.97,0.5347,-1,-1,-1
194,2,804.70,425.48,117.08,383.05,0.7915,-1,-1,-1
194,5,947.27,443.52,111.29,311.18,0.7459,-1,-1,-1
194,18,633.16,425.97,177.08,536.40,0.7673,-1,-1,-1
194,3,633.16,425.97,177.08,536.40,0.7673,-1,-1,-1
194,10,1147.78,445.34,49.23,103.77,0.3763,-1,-1,-1
194,25,461.85,476.43,37.01,99.34,0.3361,-1,-1,-1
194,26,570.09,442.46,63.01,175.83,0.6770,-1,-1,-1
194,20,1017.00,435.53,94.51,273.32,0.6488,-1,-1,-1
195,2,805.67,424.20,123.48,383.46,0.7928,-1,-1,-1
195,5,947.03,446.66,115.36,309.93,0.7621,-1,-1,-1
195,18,636.72,423.74,178.08,540.24,0.7903,-1,-1,-1
195,3,636.72,423.74,178.08,540.24,0.7903,-1,-1,-1
195,10,1147.04,444.50,44.44,104.02,0.4111,-1,-1,-1
195,25,458.58,474.59,43.60,101.02,0.3122,-1,-1,-1
195,26,569.78,441.57,63.96,176.72,0.6823,-1,-1,-1
195,20,1020.60,434.19,95.78,276.65,0.6899,-1,-1,-1
196,2,807.40,425.45,131.78,381.48,0.8254,-1,-1,-1
196,5,947.83,448.31,115.89,309.04,0.7295,-1,-1,-1
196,18,642.67,424.17,174.10,538.82,0.8030,-1,-1,-1
196,3,642.67,424.17,174.10,538.82,0.8030,-1,-1,-1
196,10,1146.17,441.76,43.54,106.27,0.4173,-1,-1,-1
196,25,456.74,473.23,45.33,102.21,0.3623,-1,-1,-1
196,26,569.71,442.09,65.18,176.20,0.6741,-1,-1,-1
196,20,1025.03,433.03,96.69,279.12,0.6816,-1,-1,-1
196,27,512.25,439.90,38.84,121.48,0.4289,-1,-1,-1
197,2,809.77,426.82,143.37,380.17,0.8146,-1,-1,-1
197,5,951.08,447.63,112.95,309.86,0.7525,-1,-1,-1
197,18,646.22,422.68,167.56,547.50,0.8202,-1,-1,-1
197,3,646.22,422.68,167.56,547.50,0.8202,-1,-1,-1
197,10,1145.71,443.44,43.15,104.35,0.3591,-1,-1,-1
197,25,455.77,471.11,44.75,104.16,0.3383,-1,-1,-1
197,26,569.47,441.05,66.58,176.45,0.6720,-1,-1,-1
197,20,1029.59,431.64,96.44,281.25,0.4870,-1,-1,-1
197,27,512.54,439.68,38.74,121.34,0.4363,-1,-1,-1
198,2,813.35,430.92,149.47,376.52,0.8302,-1,-1,-1
198,5,957.09,447.45,107.60,311.16,0.7681,-1,-1,-1
198,18,649.59,422.84,165.16,544.19,0.8339,-1,-1,-1
198,3,649.59,422.84,165.16,544.19,0.8339,-1,-1,-1
198,10,1145.95,441.78,43.14,105.98,0.3796,-1,-1,-1
198,25,457.65,470.84,39.91,104.12,0.3273,-1,-1,-1
198,26,570.14,441.45,66.82,175.96,0.6831,-1,-1,-1
198,20,1035.58,432.90,93.61,280.72,0.6491,-1,-1,-1
198,27,514.88,443.48,37.06,118.71,0.3374,-1,-1,-1
199,2,816.23,432.70,156.14,375.73,0.8461,-1,-1,-1
199,5,963.99,447.54,104.87,312.94,0.7595,-1,-1,-1
199,18,649.74,423.17,169.83,541.57,0.8438,-1,-1,-1
199,3,649.74,423.17,169.83,541.57,0.8438,-1,-1,-1
199,10,1144.77,443.26,41.24,105.15,0.3722,-1,-1,-1
199,26,571.28,442.60,65.35,174.18,0.6913,-1,-1,-1
199,20,1040.19,435.93,92.96,279.90,0.6413,-1,-1,-1
200,2,817.62,434.88,159.09,374.85,0.8425,-1,-1,-1
200,5,969.43,448.37,103.52,312.25,0.7227,-1,-1,-1
200,18,652.07,422.50,171.38,541.39,0.8592,-1,-1,-1
200,3,652.07,422.50,171.38,541.39,0.8592,-1,-1,-1
200,10,1145.05,442.67,37.55,106.18,0.3199,-1,-1,-1
200,26,571.61,445.14,65.09,172.10,0.6799,-1,-1,-1
200,20,1042.64,434.76,93.60,283.46,0.6056,-1,-1,-1
200,27,512.45,444.08,38.16,117.93,0.3394,-1,-1,-1
201,2,820.20,436.94,159.19,373.82,0.8386,-1,-1,-1
201,5,977.44,450.72,94.92,310.32,0.7080,-1,-1,-1
201,18,656.93,422.77,172.96,539.51,0.8434,-1,-1,-1
201,3,656.93,422.77,172.96,539.51,0.8434,-1,-1,-1
201,10,1143.18,440.63,37.01,108.50,0.3140,-1,-1,-1
201,26,573.09,444.46,64.07,171.13,0.6663,-1,-1,-1
201,20,1047.06,435.96,92.96,286.66,0.6142,-1,-1,-1
202,2,822.23,437.83,156.75,374.53,0.8443,-1,-1,-1
202,5,985.10,449.98,90.45,312.28,0.7728,-1,-1,-1
202,18,658.19,421.71,177.60,541.84,0.8549,-1,-1,-1
202,3,658.19,421.71,177.60,541.84,0.8549,-1,-1,-1
202,10,1142.17,438.62,35.57,109.79,0.3388,-1,-1,-1
202,26,573.11,446.38,65.74,168.95,0.6811,-1,-1,-1
202,20,1050.16,436.63,94.83,283.35,0.6847,-1,-1,-1
203,2,824.00,438.08,153.41,375.51,0.8443,-1,-1,-1
203,5,988.66,449.83,91.67,313.69,0.7695,-1,-1,-1
203,18,665.68,424.73,175.47,547.14,0.8217,-1,-1,-1
203,3,665.68,424.73,175.47,547.14,0.8217,-1,-1,-1
203,26,573.60,444.73,67.39,170.63,0.7104,-1,-1,-1
203,20,1053.69,435.63,95.13,282.95,0.6914,-1,-1,-1
204,2,824.89,437.72,152.05,376.01,0.8428,-1,-1,-1
204,5,991.90,449.57,92.07,315.75,0.7700,-1,-1,-1
204,18,664.93,424.09,179.37,555.43,0.8415,-1,-1,-1
204,3,664.93,424.09,179.37,555.43,0.8415,-1,-1,-1
204,26,575.80,448.28,65.93,167.35,0.7255,-1,-1,-1
204,20,1059.32,435.40,90.83,282.84,0.6991,-1,-1,-1
205,2,825.83,435.01,151.54,378.49,0.8308,-1,-1,-1
205,5,995.04,448.22,92.89,316.99,0.7837,-1,-1,-1
205,18,669.14,424.01,176.58,564.86,0.8482,-1,-1,-1
205,3,669.14,424.01,176.58,564.86,0.8482,-1,-1,-1
205,26,575.67,446.70,66.07,169.81,0.7502,-1,-1,-1
205,20,1063.38,438.59,88.54,278.33,0.7152,-1,-1,-1
206,2,829.43,435.36,149.85,377.76,0.8327,-1,-1,-1
206,5,999.85,447.92,92.56,317.43,0.7738,-1,-1,-1
206,18,674.00,423.18,173.60,569.70,0.8382,-1,-1,-1
206,3,674.00,423.18,173.60,569.70,0.8382,-1,-1,-1
206,26,576.00,447.29,66.68,170.15,0.7259,-1,-1,-1
206,20,1066.11,437.28,87.15,280.81,0.6785,-1,-1,-1
207,2,831.13,435.53,149.34,377.14,0.8289,-1,-1,-1
207,5,1005.57,448.96,94.71,314.71,0.7204,-1,-1,-1
207,18,676.68,420.65,173.20,573.73,0.8437,-1,-1,-1
207,3,676.68,420.65,173.20,573.73,0.8437,-1,-1,-1
207,26,579.15,453.27,64.60,164.14,0.7405,-1,-1,-1
207,20,1073.06,436.05,81.22,283.58,0.6528,-1,-1,-1
207,28,1187.21,451.00,40.88,99.48,0.3597,-1,-1,-1
208,2,833.16,434.89,148.55,379.01,0.8236,-1,-1,-1
208,5,1009.22,450.29,93.17,311.66,0.6927,-1,-1,-1
208,18,679.35,420.27,172.59,574.01,0.8361,-1,-1,-1
208,3,679.35,420.27,172.59,574.01,0.8361,-1,-1,-1
208,26,581.01,454.55,63.49,163.12,0.7316,-1,-1,-1
208,20,1076.95,434.38,77.12,297.43,0.5908,-1,-1,-1
208,28,1187.41,448.00,40.37,102.62,0.4158,-1,-1,-1
208,27,510.56,445.09,40.05,116.48,0.3898,-1,-1,-1
209,2,835.76,434.59,146.74,380.17,0.8065,-1,-1,-1
209,5,1011.96,446.78,123.30,315.88,0.6030,-1,-1,-1
209,18,683.16,417.00,171.54,577.63,0.8189,-1,-1,-1
209,3,683.16,417.00,171.54,577.63,0.8189,-1,-1,-1
209,26,582.28,457.02,65.32,160.74,0.7443,-1,-1,-1
209,20,1082.77,433.82,77.16,287.92,0.6149,-1,-1,-1
209,28,1188.68,448.20,40.36,103.39,0.4865,-1,-1,-1
209,27,510.88,444.60,40.41,117.10,0.4013,-1,-1,-1
210,2,839.61,430.01,147.52,384.31,0.8143,-1,-1,-1
210,5,1016.34,444.75,141.13,318.36,0.8133,-1,-1,-1
210,18,685.71,416.01,171.79,578.53,0.7947,-1,-1,-1
210,3,685.71,416.01,171.79,578.53,0.7947,-1,-1,-1
210,26,584.11,457.43,66.39,159.99,0.7265,-1,-1,-1
210,28,1189.84,445.82,40.13,106.42,0.4802,-1,-1,-1
210,27,510.94,443.62,40.20,117.47,0.4037,-1,-1,-1
211,2,845.59,430.27,148.65,385.69,0.7885,-1,-1,-1
211,5,1019.49,443.84,152.85,319.58,0.7994,-1,-1,-1
211,18,686.11,418.71,174.06,576.28,0.8111,-1,-1,-1
211,3,686.11,418.71,174.06,576.28,0.8111,-1,-1,-1
211,26,585.91,455.14,68.89,162.01,0.7406,-1,-1,-1
211,28,1191.75,444.94,38.98,107.74,0.4671,-1,-1,-1
211,27,510.81,442.03,40.12,119.07,0.4308,-1,-1,-1
212,2,851.57,430.50,147.40,385.93,0.7862,-1,-1,-1
212,5,1021.29,444.72,160.71,319.60,0.7887,-1,-1,-1
212,18,688.05,416.54,173.55,578.28,0.8268,-1,-1,-1
212,3,688.05,416.54,173.55,578.28,0.8268,-1,-1,-1
212,26,587.58,452.60,68.20,163.86,0.7117,-1,-1,-1
212,28,1193.21,446.47,38.79,106.06,0.5083,-1,-1,-1
212,27,510.96,440.91,40.64,119.80,0.4629,-1,-1,-1
212,20,1096.22,430.49,80.10,257.95,0.3525,-1,-1,-1
213,2,860.53,430.60,141.49,386.53,0.8086,-1,-1,-1
213,5,1021.68,446.94,164.66,319.08,0.8041,-1,-1,-1
213,18,687.88,414.60,176.65,579.65,0.8246,-1,-1,-1
213,3,687.88,414.60,176.65,579.65,0.8246,-1,-1,-1
213,26,588.29,452.93,68.21,163.89,0.7397,-1,-1,-1
213,28,1194.51,447.05,38.27,104.26,0.3733,-1,-1,-1
213,27,510.95,439.67,41.16,120.90,0.4539,-1,-1,-1
213,20,1099.64,432.92,79.79,266.43,0.4986,-1,-1,-1
214,2,869.23,429.78,137.15,385.77,0.8172,-1,-1,-1
214,5,1021.54,447.93,166.42,319.40,0.7713,-1,-1,-1
214,18,689.71,413.81,175.93,579.90,0.8234,-1,-1,-1
214,3,689.71,413.81,175.93,579.90,0.8234,-1,-1,-1
214,26,589.26,451.95,67.71,165.84,0.7285,-1,-1,-1
214,28,1195.37,445.92,40.26,104.22,0.3855,-1,-1,-1
214,27,510.71,439.32,42.08,120.86,0.4710,-1,-1,-1
214,20,1104.68,432.54,79.12,273.56,0.5301,-1,-1,-1
215,2,877.31,429.20,130.05,387.05,0.8096,-1,-1,-1
215,5,1021.67,447.10,163.86,321.07,0.8137,-1,-1,-1
215,18,692.76,412.30,175.90,581.90,0.8164,-1,-1,-1
215,3,692.76,412.30,175.90,581.90,0.8164,-1,-1,-1
215,26,590.94,454.00,67.09,163.55,0.6845,-1,-1,-1
215,28,1197.37,442.63,40.92,108.27,0.3372,-1,-1,-1
215,27,510.64,438.72,42.52,121.20,0.4802,-1,-1,-1
215,20,1111.52,428.23,77.84,285.83,0.5506,-1,-1,-1
216,2,882.21,427.78,125.88,388.59,0.8177,-1,-1,-1
216,5,1022.13,446.37,166.92,323.33,0.8252,-1,-1,-1
216,18,695.38,414.48,175.93,579.59,0.7907,-1,-1,-1
216,3,695.38,414.48,175.93,579.59,0.7907,-1,-1,-1
216,26,593.79,455.48,65.80,165.53,0.6902,-1,-1,-1
216,28,1199.05,440.86,41.10,110.95,0.4026,-1,-1,-1
216,27,510.40,438.34,42.86,121.04,0.4902,-1,-1,-1
216,20,1119.91,429.90,71.66,287.95,0.4673,-1,-1,-1
217,2,884.63,428.36,124.39,390.82,0.8121,-1,-1,-1
217,5,1024.01,446.56,166.43,323.09,0.7883,-1,-1,-1
217,18,695.42,413.40,180.36,580.63,0.7472,-1,-1,-1
217,3,695.42,413.40,180.36,580.63,0.7472,-1,-1,-1
217,26,595.09,457.27,66.02,165.28,0.7159,-1,-1,-1
217,28,1199.82,438.25,42.03,113.46,0.4802,-1,-1,-1
217,27,510.06,438.22,43.03,120.85,0.4844,-1,-1,-1
217,20,1126.20,430.97,64.70,226.15,0.3362,-1,-1,-1
218,2,887.82,427.29,124.23,395.43,0.8189,-1,-1,-1
218,5,1027.65,442.60,163.64,327.47,0.7879,-1,-1,-1
218,18,698.78,411.51,183.37,582.70,0.7689,-1,-1,-1
218,3,698.78,411.51,183.37,582.70,0.7689,-1,-1,-1
218,26,597.63,458.01,65.06,164.89,0.7000,-1,-1,-1
218,28,1201.46,440.19,42.81,111.67,0.4476,-1,-1,-1
218,27,509.58,439.38,42.44,119.90,0.4974,-1,-1,-1
219,2,890.55,425.79,126.07,400.35,0.8411,-1,-1,-1
219,5,1035.70,438.56,155.35,331.25,0.7949,-1,-1,-1
219,18,702.21,411.26,185.40,582.80,0.7637,-1,-1,-1
219,3,702.21,411.26,185.40,582.80,0.7637,-1,-1,-1
219,26,596.53,460.62,65.83,164.61,0.6806,-1,-1,-1
219,28,1202.06,439.33,43.53,112.35,0.4444,-1,-1,-1
219,27,509.34,439.43,42.36,119.62,0.5057,-1,-1,-1
220,2,893.22,425.69,126.30,405.37,0.8422,-1,-1,-1
220,5,1044.46,438.40,147.35,331.14,0.8061,-1,-1,-1
220,18,709.45,410.23,190.77,583.23,0.8161,-1,-1,-1
220,3,709.45,410.23,190.77,583.23,0.8161,-1,-1,-1
220,26,597.13,461.76,65.27,164.19,0.7032,-1,-1,-1
220,27,509.00,439.14,42.59,119.78,0.5348,-1,-1,-1
221,2,896.13,424.83,127.86,408.13,0.8376,-1,-1,-1
221,5,1052.84,438.41,139.91,331.06,0.8090,-1,-1,-1
221,18,714.84,410.60,205.49,583.61,0.8611,-1,-1,-1
221,3,714.84,410.60,205.49,583.61,0.8611,-1,-1,-1
221,26,598.23,461.21,63.07,163.29,0.7228,-1,-1,-1
221,27,508.88,439.61,42.43,119.95,0.4991,-1,-1,-1
221,20,1149.17,435.99,68.17,287.71,0.5550,-1,-1,-1
222,2,897.46,424.73,129.86,409.51,0.8382,-1,-1,-1
222,5,1064.58,439.37,128.65,330.21,0.8150,-1,-1,-1
222,18,717.12,411.02,219.20,583.56,0.8606,-1,-1,-1
222,3,717.12,411.02,219.20,583.56,0.8606,-1,-1,-1
222,26,600.31,461.35,60.23,162.94,0.7411,-1,-1,-1
222,27,508.83,439.46,42.24,120.52,0.4936,-1,-1,-1
222,20,1154.83,433.64,75.82,295.40,0.5969,-1,-1,-1
223,2,900.20,426.39,129.71,411.07,0.8248,-1,-1,-1
223,5,1077.82,439.28,115.51,330.98,0.7964,-1,-1,-1
223,18,717.76,407.92,239.39,587.13,0.8501,-1,-1,-1
223,3,717.76,407.92,239.39,587.13,0.8501,-1,-1,-1
223,26,601.53,459.66,58.86,166.05,0.6932,-1,-1,-1
223,27,507.60,439.75,44.50,120.68,0.4864,-1,-1,-1
224,2,901.87,427.31,128.02,412.84,0.8203,-1,-1,-1
224,5,1093.31,440.65,108.39,333.00,0.7621,-1,-1,-1
224,18,720.93,407.07,256.45,587.01,0.8489,-1,-1,-1
224,3,720.93,407.07,256.45,587.01,0.8489,-1,-1,-1
224,26,603.44,460.15,57.18,164.63,0.6934,-1,-1,-1
224,27,507.04,439.99,45.99,120.72,0.5198,-1,-1,-1
225,2,903.48,427.94,128.22,414.41,0.8164,-1,-1,-1
225,5,1102.78,440.04,98.82,335.74,0.7202,-1,-1,-1
225,18,725.16,410.12,267.58,585.49,0.8314,-1,-1,-1
225,3,725.16,410.12,267.58,585.49,0.8314,-1,-1,-1
225,26,603.84,461.59,58.33,165.33,0.6789,-1,-1,-1
225,27,507.71,440.15,45.52,120.64,0.4957,-1,-1,-1
226,2,904.93,428.49,132.12,415.50,0.8170,-1,-1,-1
226,5,1109.19,438.15,94.88,340.04,0.6951,-1,-1,-1
226,18,727.82,405.95,279.88,590.33,0.8546,-1,-1,-1
226,3,727.82,405.95,279.88,590.33,0.8546,-1,-1,-1
226,26,604.46,462.72,57.88,166.22,0.6724,-1,-1,-1
226,27,507.30,439.89,45.83,120.94,0.5072,-1,-1,-1
226,20,1174.70,433.49,65.55,302.79,0.5236,-1,-1,-1
227,2,906.44,428.41,135.54,416.73,0.8116,-1,-1,-1
227,5,1114.78,438.14,96.90,342.24,0.7434,-1,-1,-1
227,18,730.13,405.15,289.87,590.36,0.8737,-1,-1,-1
227,3,730.13,405.15,289.87,590.36,0.8737,-1,-1,-1
227,26,606.28,460.63,56.41,167.28,0.6622,-1,-1,-1
227,27,506.75,439.01,45.90,121.79,0.4573,-1,-1,-1
227,20,1178.96,430.65,67.81,307.55,0.5536,-1,-1,-1
228,2,907.13,426.22,138.55,418.66,0.7909,-1,-1,-1
228,5,1118.05,438.55,99.49,348.28,0.7525,-1,-1,-1
228,18,734.11,406.89,293.43,588.46,0.8725,-1,-1,-1
228,3,734.11,406.89,293.43,588.46,0.8725,-1,-1,-1
228,26,607.46,461.08,54.93,166.40,0.6640,-1,-1,-1
228,27,506.23,439.05,45.93,122.17,0.4929,-1,-1,-1
228,20,1184.95,430.39,68.64,306.42,0.4251,-1,-1,-1
229,2,907.36,426.47,139.44,418.46,0.7787,-1,-1,-1
229,5,1119.30,440.44,101.22,348.54,0.7593,-1,-1,-1
229,18,738.44,408.11,297.95,587.43,0.8610,-1,-1,-1
229,3,738.44,408.11,297.95,587.43,0.8610,-1,-1,-1
229,26,608.28,457.87,55.65,172.51,0.6686,-1,-1,-1
229,27,506.47,438.81,46.10,122.69,0.4471,-1,-1,-1
229,20,1190.01,423.73,73.01,229.63,0.5793,-1,-1,-1
229,25,425.50,477.44,44.86,100.68,0.3744,-1,-1,-1
230,2,908.41,425.94,142.84,417.97,0.7783,-1,-1,-1
230,5,1120.78,441.93,107.84,349.39,0.7135,-1,-1,-1
230,18,744.62,410.96,294.93,584.15,0.8322,-1,-1,-1
230,3,744.62,410.96,294.93,584.15,0.8322,-1,-1,-1
230,26,610.66,457.92,56.32,173.96,0.6662,-1,-1,-1
230,27,506.44,440.43,45.49,120.79,0.4414,-1,-1,-1
230,20,1194.62,419.63,73.52,199.09,0.5606,-1,-1,-1
230,25,425.37,478.20,46.22,99.38,0.4641,-1,-1,-1
231,2,911.05,425.56,138.63,417.74,0.7786,-1,-1,-1
231,5,1126.12,440.55,120.45,350.79,0.7981,-1,-1,-1
231,18,750.77,411.15,289.69,585.10,0.8481,-1,-1,-1
231,3,750.77,411.15,289.69,585.10,0.8481,-1,-1,-1
231,26,610.87,461.83,58.97,169.79,0.6821,-1,-1,-1
231,27,507.40,440.47,44.47,120.71,0.4863,-1,-1,-1
231,20,1199.46,419.10,72.91,188.16,0.5485,-1,-1,-1
231,25,425.27,477.72,45.94,99.97,0.4725,-1,-1,-1
232,2,913.70,425.11,134.44,419.41,0.7981,-1,-1,-1
232,5,1132.32,440.31,127.70,351.63,0.7957,-1,-1,-1
232,18,759.18,409.73,283.02,586.66,0.8211,-1,-1,-1
232,3,759.18,409.73,283.02,586.66,0.8211,-1,-1,-1
232,26,611.49,457.44,60.06,173.89,0.6743,-1,-1,-1
232,27,507.80,441.18,43.55,120.22,0.5409,-1,-1,-1
232,20,1204.37,419.07,70.62,182.29,0.4725,-1,-1,-1
232,25,425.27,477.95,46.46,99.65,0.4878,-1,-1,-1
233,2,919.14,424.80,128.97,422.02,0.7577,-1,-1,-1
233,5,1134.32,441.95,132.16,351.64,0.8327,-1,-1,-1
233,18,766.48,411.35,276.90,585.36,0.8212,-1,-1,-1
233,3,766.48,411.35,276.90,585.36,0.8212,-1,-1,-1
233,26,611.59,454.85,62.74,176.37,0.6682,-1,-1,-1
233,27,508.43,441.22,41.75,119.89,0.5206,-1,-1,-1
233,20,1209.00,425.55,68.91,175.85,0.3813,-1,-1,-1
233,25,425.41,478.08,44.13,98.93,0.4435,-1,-1,-1
234,2,923.20,424.52,125.70,425.13,0.7374,-1,-1,-1
234,5,1135.32,444.08,133.75,353.11,0.8441,-1,-1,-1
234,18,775.07,415.56,270.25,582.02,0.7871,-1,-1,-1
234,3,775.07,415.56,270.25,582.02,0.7871,-1,-1,-1
234,26,612.65,455.92,64.01,173.65,0.6648,-1,-1,-1
234,27,508.49,440.99,41.58,120.04,0.5229,-1,-1,-1
234,20,1212.85,424.69,68.72,178.21,0.3114,-1,-1,-1
234,25,424.92,477.25,42.36,99.40,0.4560,-1,-1,-1
234,22,726.24,426.54,156.83,434.86,0.3988,-1,-1,-1
235,2,924.76,423.83,125.46,430.99,0.6969,-1,-1,-1
235,5,1135.25,444.87,136.84,355.60,0.8154,-1,-1,-1
235,18,786.28,417.73,259.21,579.62,0.8149,-1,-1,-1
235,3,786.28,417.73,259.21,579.62,0.8149,-1,-1,-1
235,26,615.61,454.42,61.29,175.74,0.6747,-1,-1,-1
235,27,508.88,441.45,40.17,119.50,0.5072,-1,-1,-1
235,20,1216.45,428.49,68.24,175.01,0.4448,-1,-1,-1
235,25,424.60,476.71,40.95,98.98,0.4797,-1,-1,-1
235,22,732.75,426.89,157.18,435.96,0.5474,-1,-1,-1
236,2,932.41,423.29,117.76,429.95,0.6953,-1,-1,-1
236,5,1135.71,444.49,138.39,357.94,0.8212,-1,-1,-1
236,18,790.72,412.88,254.56,584.61,0.8131,-1,-1,-1
236,3,790.72,412.88,254.56,584.61,0.8131,-1,-1,-1
236,26,619.42,456.21,57.73,174.26,0.6886,-1,-1,-1
236,27,508.85,440.82,39.55,119.81,0.4820,-1,-1,-1
236,20,1221.29,429.92,66.89,175.79,0.4858,-1,-1,-1
236,25,424.81,476.15,38.76,98.99,0.4719,-1,-1,-1
236,22,741.41,429.72,146.09,435.14,0.5363,-1,-1,-1
237,2,938.71,423.02,115.94,422.66,0.5432,-1,-1,-1
237,5,1137.50,442.62,139.26,360.82,0.8079,-1,-1,-1
237,18,792.90,415.04,251.12,582.61,0.8141,-1,-1,-1
237,3,792.90,415.04,251.12,582.61,0.8141,-1,-1,-1
237,26,621.44,455.15,55.99,175.24,0.6558,-1,-1,-1
237,27,509.45,440.82,39.16,118.77,0.4442,-1,-1,-1
237,20,1229.65,429.84,64.85,178.76,0.4642,-1,-1,-1
237,22,751.53,432.04,135.02,432.48,0.5826,-1,-1,-1
238,2,943.31,421.86,115.86,412.33,0.5807,-1,-1,-1
238,5,1140.81,438.90,137.91,365.03,0.7687,-1,-1,-1
238,18,792.34,411.39,251.25,586.18,0.8126,-1,-1,-1
238,3,792.34,411.39,251.25,586.18,0.8126,-1,-1,-1
238,26,623.99,457.86,52.19,175.38,0.6749,-1,-1,-1
238,27,510.00,442.21,38.67,116.12,0.3252,-1,-1,-1
238,20,1233.65,429.77,70.97,180.33,0.4750,-1,-1,-1
238,22,756.85,435.51,129.33,430.10,0.4339,-1,-1,-1
239,2,948.93,422.87,113.78,374.58,0.4311,-1,-1,-1
239,5,1147.17,437.67,132.15,366.98,0.7477,-1,-1,-1
239,18,793.64,408.71,248.72,589.35,0.8359,-1,-1,-1
239,3,793.64,408.71,248.72,589.35,0.8359,-1,-1,-1
239,26,625.90,459.91,52.45,174.41,0.6676,-1,-1,-1
239,27,510.00,442.49,38.66,115.65,0.3900,-1,-1,-1
239,20,1238.45,432.52,75.22,272.49,0.4527,-1,-1,-1
239,22,729.28,437.77,150.12,428.63,0.5322,-1,-1,-1
240,2,954.43,424.22,114.48,402.60,0.6226,-1,-1,-1
240,5,1158.63,437.31,121.81,370.62,0.7134,-1,-1,-1
240,18,796.62,410.74,245.53,587.80,0.8470,-1,-1,-1
240,3,796.62,410.74,245.53,587.80,0.8470,-1,-1,-1
240,26,627.60,460.49,51.48,172.99,0.5940,-1,-1,-1
240,27,510.05,442.26,38.56,116.20,0.3917,-1,-1,-1
240,20,1244.02,432.51,72.53,305.40,0.5373,-1,-1,-1
240,22,721.50,438.09,158.95,430.14,0.6279,-1,-1,-1
241,2,959.79,424.95,110.59,411.93,0.6724,-1,-1,-1
241,5,1169.93,437.65,112.97,371.34,0.7336,-1,-1,-1
241,18,807.22,414.65,236.08,584.96,0.8193,-1,-1,-1
241,3,807.22,414.65,236.08,584.96,0.8193,-1,-1,-1
241,26,628.91,458.30,54.86,174.13,0.5853,-1,-1,-1
241,27,509.78,443.19,38.61,115.29,0.3803,-1,-1,-1
241,20,1250.90,431.23,67.26,321.89,0.5337,-1,-1,-1
241,22,721.77,437.57,161.05,429.87,0.6202,-1,-1,-1
242,2,958.98,423.73,116.12,415.06,0.5512,-1,-1,-1
242,5,1179.39,437.34,110.92,368.82,0.6775,-1,-1,-1
242,18,819.83,420.57,222.54,581.58,0.8246,-1,-1,-1
242,3,819.83,420.57,222.54,581.58,0.8246,-1,-1,-1
242,26,629.31,459.40,56.61,171.36,0.5848,-1,-1,-1
242,27,509.20,445.15,38.79,113.61,0.3709,-1,-1,-1
242,22,743.37,437.56,141.46,433.38,0.6392,-1,-1,-1
243,2,972.13,426.24,102.76,410.62,0.4593,-1,-1,-1
243,5,1187.89,435.99,108.24,368.86,0.6361,-1,-1,-1
243,18,828.59,408.88,214.57,595.41,0.7981,-1,-1,-1
243,3,828.59,408.88,214.57,595.41,0.7981,-1,-1,-1
243,26,630.47,461.36,59.33,168.44,0.5655,-1,-1,-1
243,27,508.62,450.08,39.25,108.57,0.3161,-1,-1,-1
243,22,737.36,437.33,150.23,433.14,0.6813,-1,-1,-1
244,2,979.85,423.30,97.29,415.86,0.4802,-1,-1,-1
244,5,1197.63,434.37,111.59,369.72,0.7669,-1,-1,-1
244,18,838.99,399.73,205.74,607.72,0.7939,-1,-1,-1
244,3,838.99,399.73,205.74,607.72,0.7939,-1,-1,-1
244,26,631.40,462.39,63.55,168.38,0.5894,-1,-1,-1
244,27,507.85,449.29,40.11,109.63,0.3659,-1,-1,-1
244,22,735.40,436.62,153.12,433.07,0.6903,-1,-1,-1
245,5,1204.61,432.50,115.01,371.83,0.7974,-1,-1,-1
245,18,847.20,399.96,201.41,613.33,0.7330,-1,-1,-1
245,3,847.20,399.96,201.41,613.33,0.7330,-1,-1,-1
245,26,631.71,463.01,65.22,168.45,0.5884,-1,-1,-1
245,27,507.15,448.31,40.92,110.30,0.3754,-1,-1,-1
245,22,735.35,437.48,156.66,434.23,0.6465,-1,-1,-1
246,5,1209.31,431.47,113.15,371.55,0.7638,-1,-1,-1
246,18,855.63,406.79,197.57,616.61,0.7813,-1,-1,-1
246,3,855.63,406.79,197.57,616.61,0.7813,-1,-1,-1
246,26,632.04,461.22,63.57,170.49,0.5928,-1,-1,-1
246,27,507.37,444.07,41.07,114.56,0.3636,-1,-1,-1
246,22,735.29,438.86,162.53,433.96,0.5708,-1,-1,-1
246,20,1279.01,423.72,59.72,232.99,0.4245,-1,-1,-1
247,5,1212.60,430.74,117.87,370.51,0.7335,-1,-1,-1
247,18,865.44,416.39,189.55,615.45,0.7770,-1,-1,-1
247,3,865.44,416.39,189.55,615.45,0.7770,-1,-1,-1
247,26,632.27,459.08,67.08,172.62,0.5019,-1,-1,-1
247,27,505.51,442.40,43.01,116.52,0.4424,-1,-1,-1
247,22,758.89,437.18,145.69,438.47,0.5641,-1,-1,-1
248,5,1216.36,431.16,130.01,371.10,0.8008,-1,-1,-1
248,18,876.00,418.88,185.72,619.08,0.7406,-1,-1,-1
248,3,876.00,418.88,185.72,619.08,0.7406,-1,-1,-1
248,26,636.38,460.44,61.99,171.54,0.5827,-1,-1,-1
248,27,504.47,441.31,44.17,117.73,0.3927,-1,-1,-1
248,22,767.98,435.12,139.82,442.05,0.5689,-1,-1,-1
249,5,1219.22,431.18,145.60,371.57,0.6900,-1,-1,-1
249,18,884.46,422.26,181.97,620.63,0.7136,-1,-1,-1
249,3,884.46,422.26,181.97,620.63,0.7136,-1,-1,-1
249,26,637.25,455.05,61.96,177.71,0.5745,-1,-1,-1
249,27,504.98,442.99,44.15,116.36,0.4010,-1,-1,-1
249,22,776.94,432.37,141.26,445.37,0.7480,-1,-1,-1
250,5,1221.10,432.09,165.00,372.15,0.7376,-1,-1,-1
250,18,891.44,423.55,207.93,617.31,0.7115,-1,-1,-1
250,3,891.44,423.55,207.93,617.31,0.7115,-1,-1,-1
250,26,641.82,451.66,65.00,181.81,0.6566,-1,-1,-1
250,27,506.97,444.41,42.46,115.00,0.3195,-1,-1,-1
250,22,779.91,429.04,145.49,449.14,0.7545,-1,-1,-1
251,5,1220.49,430.60,183.18,374.19,0.8496,-1,-1,-1
251,18,901.23,415.10,213.34,628.83,0.7856,-1,-1,-1
251,3,901.23,415.10,213.34,628.83,0.7856,-1,-1,-1
251,26,646.57,450.04,67.20,182.32,0.6740,-1,-1,-1
251,27,507.46,447.97,42.42,111.81,0.3104,-1,-1,-1
251,22,784.06,428.62,142.66,449.91,0.7595,-1,-1,-1
252,5,1220.26,428.31,196.71,377.44,0.8427,-1,-1,-1
252,18,909.44,407.57,215.87,634.49,0.8442,-1,-1,-1
252,3,909.44,407.57,215.87,634.49,0.8442,-1,-1,-1
252,26,649.48,448.19,67.83,183.79,0.7219,-1,-1,-1
252,27,507.74,445.70,42.96,114.41,0.3356,-1,-1,-1
252,22,785.09,428.95,143.55,450.67,0.7439,-1,-1,-1
252,32,1848.10,520.05,71.43,260.96,0.5058,-1,-1,-1
252,25,411.11,472.36,43.49,99.89,0.3810,-1,-1,-1
253,5,1220.50,427.63,203.29,379.47,0.8538,-1,-1,-1
253,18,917.30,405.67,212.95,636.31,0.8430,-1,-1,-1
253,3,917.30,405.67,212.95,636.31,0.8430,-1,-1,-1
253,26,651.92,447.08,66.56,185.13,0.6956,-1,-1,-1
253,27,508.50,445.11,42.88,115.52,0.3000,-1,-1,-1
253,22,788.61,431.09,138.80,447.07,0.7393,-1,-1,-1
253,32,1848.14,488.25,71.44,290.79,0.5931,-1,-1,-1
253,25,410.69,471.37,44.19,100.56,0.3820,-1,-1,-1
254,5,1220.01,425.51,204.48,383.36,0.8588,-1,-1,-1
254,18,922.59,408.37,206.86,633.42,0.8344,-1,-1,-1
254,3,922.59,408.37,206.86,633.42,0.8344,-1,-1,-1
254,26,654.98,447.59,63.92,184.45,0.7221,-1,-1,-1
254,27,508.98,446.29,42.39,114.65,0.3675,-1,-1,-1
254,22,788.70,432.35,138.64,445.53,0.7467,-1,-1,-1
254,32,1842.33,411.85,77.14,367.94,0.5116,-1,-1,-1
254,25,410.97,468.64,42.08,103.32,0.3549,-1,-1,-1
254,33,731.23,484.53,45.60,112.54,0.3784,-1,-1,-1
255,5,1220.02,426.72,209.37,384.32,0.8613,-1,-1,-1
255,18,926.66,406.13,196.29,636.94,0.8337,-1,-1,-1
255,3,926.66,406.13,196.29,636.94,0.8337,-1,-1,-1
255,26,656.92,448.53,64.02,183.87,0.6827,-1,-1,-1
255,27,511.06,446.25,40.61,114.61,0.3596,-1,-1,-1
255,22,797.19,431.16,135.20,446.17,0.7086,-1,-1,-1
255,32,1820.93,383.00,98.45,396.56,0.7481,-1,-1,-1
255,25,410.42,470.00,40.87,103.06,0.3837,-1,-1,-1
255,33,731.02,483.58,46.11,113.64,0.3604,-1,-1,-1
256,5,1223.25,427.55,209.96,385.57,0.8675,-1,-1,-1
256,18,930.04,407.65,195.20,633.43,0.8417,-1,-1,-1
256,3,930.04,407.65,195.20,633.43,0.8417,-1,-1,-1
256,26,658.18,449.59,67.35,183.73,0.7103,-1,-1,-1
256,27,511.01,442.90,41.42,118.30,0.4334,-1,-1,-1
256,22,804.80,431.85,130.57,448.57,0.7481,-1,-1,-1
256,32,1809.16,377.67,110.08,402.01,0.7644,-1,-1,-1
256,25,408.84,473.39,41.16,100.46,0.3724,-1,-1,-1
256,33,730.45,483.45,45.29,114.75,0.3457,-1,-1,-1
257,5,1227.89,428.29,209.09,385.88,0.8653,-1,-1,-1
257,18,932.23,407.81,190.61,633.84,0.8272,-1,-1,-1
257,3,932.23,407.81,190.61,633.84,0.8272,-1,-1,-1
257,26,658.55,451.54,70.21,182.79,0.7107,-1,-1,-1
257,27,510.69,441.43,41.76,119.56,0.4105,-1,-1,-1
257,22,809.66,433.07,128.22,456.87,0.7072,-1,-1,-1
257,32,1807.76,378.61,111.50,401.73,0.7836,-1,-1,-1
257,25,407.90,474.29,41.60,100.47,0.3725,-1,-1,-1
257,33,730.60,484.02,44.64,113.90,0.3112,-1,-1,-1
258,5,1237.43,427.79,201.59,385.89,0.8656,-1,-1,-1
258,18,936.31,401.01,185.84,640.39,0.8074,-1,-1,-1
258,3,936.31,401.01,185.84,640.39,0.8074,-1,-1,-1
258,26,659.59,449.17,71.61,188.88,0.7454,-1,-1,-1
258,22,799.99,433.09,139.20,468.33,0.6277,-1,-1,-1
258,32,1804.20,382.24,114.55,397.42,0.7382,-1,-1,-1
258,34,1101.03,434.24,52.02,122.29,0.3938,-1,-1,-1
259,5,1247.73,427.32,191.68,385.98,0.7991,-1,-1,-1
259,18,937.01,396.56,183.02,645.77,0.7648,-1,-1,-1
259,3,937.01,396.56,183.02,645.77,0.7648,-1,-1,-1
259,26,660.14,449.90,72.84,188.34,0.7294,-1,-1,-1
259,22,807.66,432.38,131.22,472.87,0.6616,-1,-1,-1
259,32,1787.09,387.33,131.38,389.94,0.7960,-1,-1,-1
259,34,1101.44,432.70,52.73,123.48,0.3995,-1,-1,-1
260,5,1258.73,426.58,181.70,386.63,0.7792,-1,-1,-1
260,18,938.80,395.76,178.45,645.38,0.7696,-1,-1,-1
260,3,938.80,395.76,178.45,645.38,0.7696,-1,-1,-1
260,26,662.28,451.31,71.39,186.33,0.7024,-1,-1,-1
260,22,812.11,432.38,128.66,477.03,0.5749,-1,-1,-1
260,32,1759.85,391.15,158.79,385.64,0.7795,-1,-1,-1
261,5,1273.64,426.32,166.38,387.11,0.7360,-1,-1,-1
261,18,940.72,398.26,176.39,643.11,0.7843,-1,-1,-1
261,3,940.72,398.26,176.39,643.11,0.7843,-1,-1,-1
261,26,663.58,451.09,70.78,188.06,0.7238,-1,-1,-1
261,22,790.40,439.00,146.98,475.36,0.5681,-1,-1,-1
261,32,1726.77,386.95,191.36,389.97,0.7908,-1,-1,-1
262,5,1299.02,424.94,143.83,390.33,0.7751,-1,-1,-1
262,18,941.29,396.52,174.94,645.22,0.8013,-1,-1,-1
262,3,941.29,396.52,174.94,645.22,0.8013,-1,-1,-1
262,26,664.31,450.33,70.52,189.55,0.6880,-1,-1,-1
262,22,809.15,435.59,134.57,479.93,0.6363,-1,-1,-1
262,32,1695.07,400.87,222.40,377.51,0.8110,-1,-1,-1
262,27,505.76,439.06,45.77,121.32,0.4041,-1,-1,-1
263,5,1313.17,424.60,137.51,391.40,0.7878,-1,-1,-1
263,18,943.65,396.02,173.87,645.70,0.8165,-1,-1,-1
263,3,943.65,396.02,173.87,645.70,0.8165,-1,-1,-1
263,26,664.72,451.67,71.89,187.69,0.6514,-1,-1,-1
263,22,817.89,434.38,128.45,482.14,0.6622,-1,-1,-1
263,32,1674.14,413.69,243.46,364.56,0.8309,-1,-1,-1
263,27,503.81,439.05,47.26,121.45,0.3952,-1,-1,-1
263,34,1106.43,437.78,53.61,117.75,0.3481,-1,-1,-1
264,5,1328.64,421.78,128.97,395.62,0.8122,-1,-1,-1
264,18,945.71,398.08,177.71,643.17,0.8191,-1,-1,-1
264,3,945.71,398.08,177.71,643.17,0.8191,-1,-1,-1
264,26,665.95,452.07,73.26,187.31,0.6357,-1,-1,-1
264,22,822.83,433.64,122.03,482.68,0.6280,-1,-1,-1
264,32,1662.04,419.65,254.26,358.72,0.8486,-1,-1,-1
264,27,504.25,439.77,47.29,120.61,0.3996,-1,-1,-1
264,35,1297.03,432.43,43.00,118.05,0.3638,-1,-1,-1
264,25,402.37,468.77,44.57,100.10,0.3411,-1,-1,-1
265,5,1340.11,421.59,121.58,397.97,0.8061,-1,-1,-1
265,18,947.18,400.30,182.23,641.55,0.8284,-1,-1,-1
265,3,947.18,400.30,182.23,641.55,0.8284,-1,-1,-1
265,26,668.69,452.02,73.08,187.23,0.6297,-1,-1,-1
265,22,825.19,433.10,120.41,484.02,0.5957,-1,-1,-1
265,32,1655.79,421.88,253.89,355.76,0.8392,-1,-1,-1
265,27,504.62,439.57,47.32,120.74,0.3955,-1,-1,-1
265,35,1298.52,434.41,45.48,114.30,0.3258,-1,-1,-1
265,25,401.16,467.57,47.58,102.41,0.3618,-1,-1,-1
266,5,1347.56,421.99,121.25,402.87,0.8185,-1,-1,-1
266,18,949.21,401.99,177.80,639.93,0.8186,-1,-1,-1
266,3,949.21,401.99,177.80,639.93,0.8186,-1,-1,-1
266,26,673.23,453.28,71.32,185.60,0.6022,-1,-1,-1
266,22,826.12,432.02,119.63,485.77,0.6323,-1,-1,-1
266,32,1652.44,414.94,245.74,360.57,0.8511,-1,-1,-1
266,27,505.24,439.47,47.06,120.86,0.3933,-1,-1,-1
266,34,1110.70,437.98,52.00,120.29,0.4134,-1,-1,-1
267,5,1353.41,419.65,120.63,411.23,0.8181,-1,-1,-1
267,18,950.74,402.60,175.75,639.22,0.8119,-1,-1,-1
267,3,950.74,402.60,175.75,639.22,0.8119,-1,-1,-1
267,26,674.99,453.59,71.37,184.30,0.6294,-1,-1,-1
267,22,826.13,429.27,118.54,490.14,0.7115,-1,-1,-1
267,32,1650.75,415.82,232.00,353.35,0.8294,-1,-1,-1
267,27,505.24,439.81,47.09,120.39,0.4123,-1,-1,-1
267,34,1114.18,438.40,48.77,119.43,0.3545,-1,-1,-1
267,25,400.06,464.55,49.70,108.28,0.3599,-1,-1,-1
268,5,1356.47,422.30,133.47,410.05,0.8306,-1,-1,-1
268,18,951.49,403.57,172.48,638.60,0.8182,-1,-1,-1
268,3,951.49,403.57,172.48,638.60,0.8182,-1,-1,-1
268,26,677.01,453.97,69.40,183.35,0.6778,-1,-1,-1
268,22,825.57,429.44,123.15,489.70,0.5958,-1,-1,-1
268,32,1651.50,414.30,206.58,345.82,0.8203,-1,-1,-1
268,27,506.04,438.72,46.40,122.16,0.3992,-1,-1,-1
269,5,1360.73,423.49,152.27,412.75,0.8576,-1,-1,-1
269,18,951.95,403.61,175.62,639.01,0.8197,-1,-1,-1
269,3,951.95,403.61,175.62,639.01,0.8197,-1,-1,-1
269,26,678.75,453.50,68.02,183.21,0.6709,-1,-1,-1
269,22,824.07,428.72,125.07,491.87,0.5685,-1,-1,-1
269,32,1651.77,415.05,182.48,341.62,0.8101,-1,-1,-1
269,27,505.67,436.97,46.73,124.04,0.4316,-1,-1,-1
269,34,1120.80,442.93,41.73,113.25,0.3665,-1,-1,-1
270,5,1363.92,423.88,169.07,414.67,0.8505,-1,-1,-1
270,18,953.09,404.28,173.82,638.80,0.8098,-1,-1,-1
270,3,953.09,404.28,173.82,638.80,0.8098,-1,-1,-1
270,26,681.16,452.53,66.60,185.53,0.7001,-1,-1,-1
270,22,825.67,427.12,131.44,494.12,0.5943,-1,-1,-1
270,32,1652.79,410.76,151.93,343.40,0.8028,-1,-1,-1
270,27,506.02,436.35,46.49,124.71,0.3966,-1,-1,-1
271,5,1364.39,423.55,187.31,415.22,0.8320,-1,-1,-1
271,18,955.51,404.83,168.39,638.67,0.7716,-1,-1,-1
271,3,955.51,404.83,168.39,638.67,0.7716,-1,-1,-1
271,26,684.60,449.30,65.48,190.79,0.6111,-1,-1,-1
271,22,826.56,426.17,134.86,495.66,0.5999,-1,-1,-1
271,32,1653.51,413.21,121.13,340.10,0.7679,-1,-1,-1
271,27,507.19,437.89,46.38,123.04,0.3555,-1,-1,-1
272,5,1364.52,424.86,196.74,416.03,0.8652,-1,-1,-1
272,18,959.37,404.25,161.70,639.05,0.8090,-1,-1,-1
272,3,959.37,404.25,161.70,639.05,0.8090,-1,-1,-1
272,26,687.33,446.64,66.53,195.91,0.6449,-1,-1,-1
272,22,828.93,426.30,133.68,495.14,0.6589,-1,-1,-1
272,32,1643.86,415.00,100.88,336.67,0.7112,-1,-1,-1
272,27,507.70,441.32,46.90,119.59,0.3546,-1,-1,-1
273,5,1365.09,426.70,200.76,419.01,0.8782,-1,-1,-1
273,18,963.08,403.42,158.93,639.89,0.8141,-1,-1,-1
273,3,963.08,403.42,158.93,639.89,0.8141,-1,-1,-1
273,26,688.59,444.20,67.25,200.17,0.6497,-1,-1,-1
273,22,830.64,424.61,132.72,496.15,0.6554,-1,-1,-1
273,32,1637.26,425.54,87.01,326.61,0.7176,-1,-1,-1
273,25,393.42,463.95,53.46,109.24,0.3588,-1,-1,-1
274,5,1366.73,426.32,204.32,425.29,0.8731,-1,-1,-1
274,18,964.97,403.09,155.83,640.44,0.8181,-1,-1,-1
274,3,964.97,403.09,155.83,640.44,0.8181,-1,-1,-1
274,26,689.12,447.95,67.55,194.26,0.5812,-1,-1,-1
274,22,832.03,424.48,133.04,495.69,0.6744,-1,-1,-1
274,32,1624.32,434.51,92.69,316.02,0.7975,-1,-1,-1
274,25,393.49,466.61,52.78,106.37,0.3160,-1,-1,-1
275,5,1370.46,424.86,204.40,429.44,0.8756,-1,-1,-1
275,18,966.51,404.15,153.77,639.68,0.7994,-1,-1,-1
275,3,966.51,404.15,153.77,639.68,0.7994,-1,-1,-1
275,26,691.69,448.89,71.84,193.94,0.5658,-1,-1,-1
275,22,832.67,422.83,133.14,496.52,0.6989,-1,-1,-1
275,32,1596.42,439.07,118.49,311.91,0.7840,-1,-1,-1
275,25,392.61,465.63,55.21,107.54,0.3063,-1,-1,-1
275,2,1067.77,425.96,104.31,225.05,0.4148,-1,-1,-1
276,5,1375.69,425.36,199.36,429.94,0.8315,-1,-1,-1
276,18,967.90,402.33,154.45,641.38,0.8135,-1,-1,-1
276,3,967.90,402.33,154.45,641.38,0.8135,-1,-1,-1
276,26,696.98,449.04,68.39,193.02,0.5486,-1,-1,-1
276,22,831.35,423.18,131.51,496.04,0.6955,-1,-1,-1
276,32,1573.52,439.76,138.53,313.07,0.8027,-1,-1,-1
276,2,1071.29,423.27,102.59,228.29,0.3950,-1,-1,-1
276,35,1304.69,427.85,56.86,123.11,0.4081,-1,-1,-1
277,5,1379.70,425.49,196.05,430.35,0.8139,-1,-1,-1
277,18,970.75,403.42,155.70,640.84,0.8263,-1,-1,-1
277,3,970.75,403.42,155.70,640.84,0.8263,-1,-1,-1
277,26,697.25,451.99,65.32,191.95,0.4405,-1,-1,-1
277,22,828.83,423.32,131.08,496.13,0.6806,-1,-1,-1
277,32,1554.50,425.36,156.54,327.90,0.8505,-1,-1,-1
277,2,1077.69,426.79,97.84,224.19,0.3571,-1,-1,-1
278,5,1387.20,425.71,204.90,428.11,0.8038,-1,-1,-1
278,18,970.53,400.84,157.98,643.07,0.8233,-1,-1,-1
278,3,970.53,400.84,157.98,643.07,0.8233,-1,-1,-1
278,26,702.73,452.34,69.42,192.24,0.4922,-1,-1,-1
278,22,830.21,423.13,130.29,496.02,0.7077,-1,-1,-1
278,32,1537.94,447.47,172.84,303.66,0.8499,-1,-1,-1
279,5,1427.21,429.56,163.86,422.10,0.5591,-1,-1,-1
279,18,973.40,400.88,159.38,644.48,0.8208,-1,-1,-1
279,3,973.40,400.88,159.38,644.48,0.8208,-1,-1,-1
279,26,707.42,452.46,74.18,192.53,0.4332,-1,-1,-1
279,22,829.50,421.27,131.63,498.14,0.7345,-1,-1,-1
279,32,1530.66,429.64,178.59,319.90,0.8380,-1,-1,-1
280,5,1447.74,429.20,144.57,422.20,0.7836,-1,-1,-1
280,18,975.33,401.08,162.98,643.81,0.8118,-1,-1,-1
280,3,975.33,401.08,162.98,643.81,0.8118,-1,-1,-1
280,26,711.77,452.09,75.73,193.39,0.5559,-1,-1,-1
280,22,827.04,419.70,135.01,499.62,0.7238,-1,-1,-1
280,32,1542.25,444.44,162.04,301.42,0.7800,-1,-1,-1
280,25,387.79,462.12,55.83,112.98,0.3475,-1,-1,-1
281,5,1458.24,428.81,128.21,421.74,0.7908,-1,-1,-1
281,18,977.71,398.97,165.36,645.36,0.8130,-1,-1,-1
281,3,977.71,398.97,165.36,645.36,0.8130,-1,-1,-1
281,26,714.52,454.92,76.61,191.64,0.6099,-1,-1,-1
281,22,826.78,419.64,141.75,499.60,0.7260,-1,-1,-1
281,32,1546.07,424.52,148.66,323.53,0.6399,-1,-1,-1
281,25,387.32,461.39,58.71,112.67,0.3615,-1,-1,-1
282,5,1467.06,433.11,122.23,418.30,0.7415,-1,-1,-1
282,18,979.40,399.78,168.00,644.34,0.7955,-1,-1,-1
282,3,979.40,399.78,168.00,644.34,0.7955,-1,-1,-1
282,26,714.59,458.21,79.81,187.10,0.5008,-1,-1,-1
282,22,826.13,419.24,150.22,498.43,0.7455,-1,-1,-1
282,32,1542.91,420.71,135.73,322.76,0.5554,-1,-1,-1
282,25,386.16,463.00,53.91,111.55,0.3743,-1,-1,-1
283,5,1472.30,431.97,136.06,421.25,0.7715,-1,-1,-1
283,18,983.08,399.25,168.09,644.82,0.7833,-1,-1,-1
283,3,983.08,399.25,168.09,644.82,0.7833,-1,-1,-1
283,26,716.51,458.82,80.11,185.64,0.5972,-1,-1,-1
283,22,824.85,420.03,163.77,497.91,0.7556,-1,-1,-1
283,25,385.78,463.85,51.85,111.26,0.4457,-1,-1,-1
284,5,1479.38,429.48,143.00,422.85,0.7932,-1,-1,-1
284,18,989.88,400.30,159.74,642.97,0.7677,-1,-1,-1
284,3,989.88,400.30,159.74,642.97,0.7677,-1,-1,-1
284,26,717.80,458.12,80.44,186.76,0.6885,-1,-1,-1
284,22,824.83,420.43,175.27,498.76,0.7656,-1,-1,-1
284,25,384.38,465.86,55.34,109.36,0.4309,-1,-1,-1
284,27,505.50,456.45,41.69,103.72,0.3413,-1,-1,-1
285,5,1487.52,433.43,142.14,419.12,0.7739,-1,-1,-1
285,18,992.89,402.91,155.87,640.28,0.7929,-1,-1,-1
285,3,992.89,402.91,155.87,640.28,0.7929,-1,-1,-1
285,26,717.06,456.37,82.91,188.49,0.7325,-1,-1,-1
285,22,825.48,425.47,183.39,497.12,0.7789,-1,-1,-1
285,25,382.41,467.05,55.74,108.00,0.4316,-1,-1,-1
285,36,1346.11,444.47,36.15,101.95,0.4746,-1,-1,-1
285,27,504.78,456.92,42.11,103.35,0.3943,-1,-1,-1
286,5,1495.48,434.41,152.30,417.87,0.8140,-1,-1,-1
286,18,995.35,405.42,154.25,638.02,0.7897,-1,-1,-1
286,3,995.35,405.42,154.25,638.02,0.7897,-1,-1,-1
286,26,716.96,454.74,86.03,190.16,0.7687,-1,-1,-1
286,22,825.56,425.37,189.67,498.45,0.7842,-1,-1,-1
286,25,380.99,468.61,54.53,106.22,0.3680,-1,-1,-1
286,36,1348.84,443.08,35.89,102.96,0.4400,-1,-1,-1
286,27,504.65,457.55,41.99,102.69,0.3677,-1,-1,-1
286,20,1472.92,442.32,57.21,194.57,0.4032,-1,-1,-1
287,5,1499.30,431.49,175.06,421.15,0.8357,-1,-1,-1
287,18,995.82,406.30,155.26,637.30,0.7841,-1,-1,-1
287,3,995.82,406.30,155.26,637.30,0.7841,-1,-1,-1
287,26,718.60,455.18,85.76,189.08,0.7577,-1,-1,-1
287,22,828.48,422.30,192.22,500.21,0.8033,-1,-1,-1
287,25,380.51,469.78,51.08,104.47,0.3262,-1,-1,-1
287,36,1350.78,443.74,35.12,104.23,0.4777,-1,-1,-1
287,27,504.64,457.67,41.68,102.90,0.3381,-1,-1,-1
287,20,1477.91,442.21,58.90,193.49,0.5714,-1,-1,-1
288,5,1503.23,430.12,199.73,425.94,0.8574,-1,-1,-1
288,18,997.51,406.76,153.97,637.47,0.7841,-1,-1,-1
288,3,997.51,406.76,153.97,637.47,0.7841,-1,-1,-1
288,26,721.43,449.10,83.37,194.10,0.7293,-1,-1,-1
288,22,830.38,421.40,193.22,500.71,0.8116,-1,-1,-1
288,25,380.93,470.85,48.49,103.67,0.3608,-1,-1,-1
288,27,504.73,456.94,41.40,103.96,0.3774,-1,-1,-1
289,5,1505.73,435.50,219.39,423.17,0.8833,-1,-1,-1
289,18,999.57,408.21,152.53,635.69,0.7841,-1,-1,-1
289,3,999.57,408.21,152.53,635.69,0.7841,-1,-1,-1
289,26,725.51,446.60,81.53,197.14,0.6549,-1,-1,-1
289,22,834.48,422.89,190.31,498.02,0.8092,-1,-1,-1
289,27,506.04,456.64,40.23,104.25,0.3664,-1,-1,-1
290,5,1505.58,436.18,235.83,427.81,0.8735,-1,-1,-1
290,18,1002.44,406.09,151.64,637.81,0.8109,-1,-1,-1
290,3,1002.44,406.09,151.64,637.81,0.8109,-1,-1,-1
290,26,729.92,447.97,80.41,195.92,0.6272,-1,-1,-1
290,22,839.37,419.02,185.01,502.00,0.8084,-1,-1,-1
290,27,506.44,456.95,38.94,102.37,0.3509,-1,-1,-1
290,32,1434.34,415.53,140.63,310.01,0.4294,-1,-1,-1
291,5,1503.95,434.64,250.03,433.44,0.8348,-1,-1,-1
291,18,1003.85,404.24,153.71,638.98,0.7845,-1,-1,-1
291,3,1003.85,404.24,153.71,638.98,0.7845,-1,-1,-1
291,26,733.59,450.04,80.75,195.99,0.6185,-1,-1,-1
291,22,835.26,420.41,189.61,501.24,0.8196,-1,-1,-1
291,32,1416.91,421.99,150.11,297.46,0.6327,-1,-1,-1
292,5,1502.45,435.31,255.92,437.03,0.8560,-1,-1,-1
292,18,1004.72,403.79,155.47,638.44,0.7604,-1,-1,-1
292,3,1004.72,403.79,155.47,638.44,0.7604,-1,-1,-1
292,26,741.79,450.99,73.83,196.68,0.6090,-1,-1,-1
292,22,835.12,421.88,190.28,498.62,0.8122,-1,-1,-1
292,32,1402.56,426.79,155.77,309.32,0.3372,-1,-1,-1
293,5,1502.07,436.32,261.70,441.34,0.8690,-1,-1,-1
293,18,1005.49,403.63,156.76,638.19,0.8026,-1,-1,-1
293,3,1005.49,403.63,156.76,638.19,0.8026,-1,-1,-1
293,26,744.92,449.50,70.23,197.89,0.6681,-1,-1,-1
293,22,839.15,418.28,185.75,502.74,0.8226,-1,-1,-1
293,32,1397.51,429.05,139.96,288.77,0.6976,-1,-1,-1
293,27,505.05,455.25,40.14,104.33,0.3547,-1,-1,-1
294,5,1502.49,435.81,266.59,444.82,0.8653,-1,-1,-1
294,18,1007.69,402.79,155.50,640.45,0.8157,-1,-1,-1
294,3,1007.69,402.79,155.50,640.45,0.8157,-1,-1,-1
294,26,747.61,451.09,65.32,195.79,0.6549,-1,-1,-1
294,22,842.16,415.43,183.11,505.83,0.8320,-1,-1,-1
294,32,1395.04,429.62,138.49,282.35,0.7553,-1,-1,-1
294,27,504.90,457.34,40.30,101.58,0.3402,-1,-1,-1
294,34,1156.56,435.97,42.85,115.11,0.3403,-1,-1,-1
294,20,1529.59,437.61,69.49,218.20,0.4512,-1,-1,-1
295,5,1502.03,432.23,268.95,447.68,0.8531,-1,-1,-1
295,18,1009.35,402.87,152.67,640.65,0.8123,-1,-1,-1
295,3,1009.35,402.87,152.67,640.65,0.8123,-1,-1,-1
295,26,748.06,451.26,69.94,196.75,0.6438,-1,-1,-1
295,22,845.11,413.25,180.57,507.55,0.8262,-1,-1,-1
295,32,1390.87,429.43,147.47,280.66,0.7592,-1,-1,-1
295,34,1157.26,436.70,44.64,114.40,0.3224,-1,-1,-1
295,20,1537.61,432.77,69.73,221.18,0.4284,-1,-1,-1
296,5,1511.16,430.44,258.63,449.63,0.8314,-1,-1,-1
296,18,1009.48,403.56,154.57,639.45,0.8198,-1,-1,-1
296,3,1009.48,403.56,154.57,639.45,0.8198,-1,-1,-1
296,26,750.77,450.12,74.26,196.59,0.6600,-1,-1,-1
296,22,848.49,412.56,177.62,508.62,0.8365,-1,-1,-1
296,32,1391.99,428.18,144.25,281.25,0.7693,-1,-1,-1
296,34,1157.27,436.44,46.05,114.67,0.3736,-1,-1,-1
296,20,1544.34,430.76,76.01,222.54,0.3531,-1,-1,-1
297,5,1526.97,430.52,240.51,449.26,0.7857,-1,-1,-1
297,18,1011.28,404.58,154.45,637.83,0.8145,-1,-1,-1
297,3,1011.28,404.58,154.45,637.83,0.8145,-1,-1,-1
297,26,756.91,448.49,71.71,199.12,0.7306,-1,-1,-1
297,22,852.67,409.75,173.42,511.63,0.8344,-1,-1,-1
297,32,1395.65,432.37,137.29,277.33,0.7829,-1,-1,-1
297,34,1158.00,436.59,46.67,115.64,0.3738,-1,-1,-1
297,20,1553.16,437.12,78.04,217.51,0.3913,-1,-1,-1
298,5,1540.83,431.04,227.08,446.99,0.7473,-1,-1,-1
298,18,1011.01,405.65,156.87,636.33,0.8086,-1,-1,-1
298,3,1011.01,405.65,156.87,636.33,0.8086,-1,-1,-1
298,26,757.50,447.69,71.69,199.81,0.7134,-1,-1,-1
298,22,855.10,410.02,171.01,512.59,0.8056,-1,-1,-1
298,32,1395.58,438.46,126.48,269.46,0.7818,-1,-1,-1
298,34,1158.14,436.44,47.84,116.63,0.4105,-1,-1,-1
298,20,1563.09,432.09,77.66,217.18,0.3664,-1,-1,-1
299,5,1555.15,425.93,219.57,453.94,0.7717,-1,-1,-1
299,18,1011.04,405.12,159.95,635.62,0.8123,-1,-1,-1
299,3,1011.04,405.12,159.95,635.62,0.8123,-1,-1,-1
299,26,761.91,450.73,70.83,198.79,0.7015,-1,-1,-1
299,22,865.45,413.56,160.81,512.57,0.7730,-1,-1,-1
299,32,1394.46,448.11,112.30,258.97,0.7401,-1,-1,-1
299,20,1571.76,424.79,85.90,223.97,0.3295,-1,-1,-1
300,5,1570.72,422.19,208.75,456.66,0.6968,-1,-1,-1
300,18,1012.17,405.23,161.67,632.48,0.8198,-1,-1,-1
300,3,1012.17,405.23,161.67,632.48,0.8198,-1,-1,-1
300,26,765.00,450.66,70.26,199.21,0.7096,-1,-1,-1
300,22,875.46,417.50,149.16,513.42,0.7734,-1,-1,-1
300,32,1386.00,430.83,102.34,275.72,0.7858,-1,-1,-1
300,20,1579.82,425.14,83.68,224.02,0.4306,-1,-1,-1
301,5,1603.21,421.47,186.25,457.43,0.7481,-1,-1,-1
301,18,1011.22,404.76,161.00,629.83,0.8176,-1,-1,-1
301,3,1011.22,404.76,161.00,629.83,0.8176,-1,-1,-1
301,26,769.26,449.74,68.09,200.05,0.7452,-1,-1,-1
301,22,884.36,418.81,138.88,520.20,0.7673,-1,-1,-1
301,32,1381.23,443.20,88.44,262.90,0.8135,-1,-1,-1
301,20,1584.43,425.59,87.22,222.96,0.3666,-1,-1,-1
301,25,378.85,467.81,44.91,106.17,0.3903,-1,-1,-1
302,5,1627.93,417.15,164.98,463.02,0.7624,-1,-1,-1
302,18,1008.64,405.74,164.19,625.41,0.8144,-1,-1,-1
302,3,1008.64,405.74,164.19,625.41,0.8144,-1,-1,-1
302,26,770.86,454.02,71.05,196.81,0.7863,-1,-1,-1
302,22,889.39,419.22,134.05,526.97,0.7541,-1,-1,-1
302,32,1372.14,450.95,85.44,255.91,0.8337,-1,-1,-1
302,20,1589.50,422.56,93.50,227.28,0.3651,-1,-1,-1
302,25,379.41,468.35,44.18,105.03,0.4037,-1,-1,-1
302,27,507.07,460.75,35.75,98.17,0.3923,-1,-1,-1
303,5,1646.57,411.28,152.15,475.54,0.7716,-1,-1,-1
303,18,1011.26,404.95,162.91,622.37,0.8093,-1,-1,-1
303,3,1011.26,404.95,162.91,622.37,0.8093,-1,-1,-1
303,26,771.95,453.68,72.10,198.17,0.7742,-1,-1,-1
303,22,879.85,420.48,144.07,528.57,0.7538,-1,-1,-1
303,32,1360.14,430.80,87.78,275.15,0.7920,-1,-1,-1
303,20,1595.05,419.76,94.10,229.35,0.3842,-1,-1,-1
303,25,378.93,466.40,44.56,107.15,0.4232,-1,-1,-1
303,39,0.13,655.54,116.68,202.99,0.6847,-1,-1,-1
303,27,506.69,460.18,35.95,99.44,0.4141,-1,-1,-1
304,5,1660.75,410.21,152.82,486.08,0.7742,-1,-1,-1
304,18,1012.61,404.08,168.38,622.70,0.8093,-1,-1,-1
304,3,1012.61,404.08,168.38,622.70,0.8093,-1,-1,-1
304,26,774.06,453.50,75.02,199.21,0.7692,-1,-1,-1
304,22,871.96,420.18,153.08,531.00,0.7907,-1,-1,-1
304,32,1345.99,424.96,95.29,280.76,0.7763,-1,-1,-1
304,20,1603.05,419.09,93.24,230.47,0.3333,-1,-1,-1
304,25,378.59,466.26,44.74,107.25,0.3914,-1,-1,-1
304,39,0.06,579.31,118.53,279.02,0.7109,-1,-1,-1
304,27,505.92,459.77,37.24,100.77,0.4979,-1,-1,-1
305,5,1670.14,412.64,149.81,491.65,0.7477,-1,-1,-1
305,18,1012.95,404.04,179.21,620.72,0.7964,-1,-1,-1
305,3,1012.95,404.04,179.21,620.72,0.7964,-1,-1,-1
305,26,775.08,451.17,76.05,203.32,0.7717,-1,-1,-1
305,22,873.49,420.68,151.61,531.22,0.7804,-1,-1,-1
305,32,1336.83,424.92,100.10,280.57,0.7676,-1,-1,-1
305,20,1611.55,411.82,93.36,238.97,0.3268,-1,-1,-1
305,25,377.86,466.10,45.51,107.52,0.3899,-1,-1,-1
305,39,0.32,512.06,117.83,346.44,0.6225,-1,-1,-1
305,27,505.86,458.65,37.06,102.00,0.4631,-1,-1,-1
305,34,1183.19,439.32,37.88,109.96,0.3763,-1,-1,-1
306,5,1674.35,415.55,166.55,495.21,0.8640,-1,-1,-1
306,18,1014.38,404.71,191.68,616.96,0.8197,-1,-1,-1
306,3,1014.38,404.71,191.68,616.96,0.8197,-1,-1,-1
306,26,776.73,448.14,76.23,207.07,0.7655,-1,-1,-1
306,22,875.28,420.27,150.61,532.20,0.7972,-1,-1,-1
306,32,1322.11,436.89,113.57,266.47,0.8034,-1,-1,-1
306,20,1615.54,411.66,103.22,324.05,0.3377,-1,-1,-1
306,25,377.56,465.70,46.29,108.23,0.3921,-1,-1,-1
306,39,0.18,472.00,121.96,387.91,0.7415,-1,-1,-1
306,27,504.80,458.56,38.82,102.42,0.4794,-1,-1,-1
306,34,1183.99,441.22,40.18,107.97,0.5505,-1,-1,-1
307,5,1679.06,414.21,199.08,501.11,0.8528,-1,-1,-1
307,18,1016.34,402.58,200.64,617.32,0.8297,-1,-1,-1
307,3,1016.34,402.58,200.64,617.32,0.8297,-1,-1,-1
307,26,779.48,450.57,74.19,203.98,0.7200,-1,-1,-1
307,22,873.90,419.88,152.60,532.58,0.8131,-1,-1,-1
307,32,1311.57,451.06,123.83,250.05,0.8096,-1,-1,-1
307,20,1615.89,409.49,114.68,372.91,0.5763,-1,-1,-1
307,25,378.58,466.38,45.30,107.49,0.3670,-1,-1,-1
307,39,0.39,417.14,122.98,443.94,0.7594,-1,-1,-1
307,27,504.40,460.95,38.45,100.11,0.4172,-1,-1,-1
307,34,1185.38,442.48,40.49,106.13,0.5650,-1,-1,-1
307,33,732.36,481.52,45.05,113.36,0.3482,-1,-1,-1
308,5,1680.48,417.03,224.12,500.03,0.8333,-1,-1,-1
308,18,1016.73,401.60,210.87,616.17,0.8431,-1,-1,-1
308,3,1016.73,401.60,210.87,616.17,0.8431,-1,-1,-1
308,26,782.18,449.66,72.52,204.13,0.7480,-1,-1,-1
308,22,874.61,420.25,152.45,532.27,0.8185,-1,-1,-1
308,32,1301.71,438.66,132.20,261.54,0.8098,-1,-1,-1
308,20,1611.72,405.08,126.87,396.29,0.6339,-1,-1,-1
308,25,378.34,466.76,46.36,107.22,0.3559,-1,-1,-1
308,39,0.50,394.06,123.78,467.06,0.7848,-1,-1,-1
308,27,503.17,462.08,39.90,99.13,0.4074,-1,-1,-1
308,34,1186.86,442.79,42.60,105.59,0.4950,-1,-1,-1
308,33,731.74,479.26,46.55,116.35,0.3511,-1,-1,-1
309,5,1680.13,417.58,235.62,502.96,0.8544,-1,-1,-1
309,18,1017.00,399.76,220.44,616.32,0.8478,-1,-1,-1
309,3,1017.00,399.76,220.44,616.32,0.8478,-1,-1,-1
309,26,788.76,447.58,68.79,207.03,0.7220,-1,-1,-1
309,22,873.55,421.05,153.29,530.79,0.8290,-1,-1,-1
309,32,1294.23,434.00,137.45,266.59,0.8006,-1,-1,-1
309,20,1612.60,404.92,134.49,405.25,0.5886,-1,-1,-1
309,25,378.39,465.86,46.16,107.75,0.3405,-1,-1,-1
309,39,0.49,381.60,124.07,479.66,0.8112,-1,-1,-1
309,27,501.60,462.22,41.35,98.91,0.4362,-1,-1,-1
309,34,1189.35,443.96,40.65,103.80,0.4231,-1,-1,-1
309,33,732.07,477.51,48.80,118.92,0.3708,-1,-1,-1
310,5,1677.46,417.86,245.49,509.27,0.8814,-1,-1,-1
310,18,1017.52,399.57,227.96,615.33,0.8569,-1,-1,-1
310,3,1017.52,399.57,227.96,615.33,0.8569,-1,-1,-1
310,26,793.99,445.63,65.51,209.47,0.7236,-1,-1,-1
310,22,874.42,421.60,151.81,530.09,0.8072,-1,-1,-1
310,32,1288.53,430.48,138.81,269.27,0.7605,-1,-1,-1
310,20,1617.29,407.01,138.88,407.03,0.5065,-1,-1,-1
310,39,0.40,377.19,124.26,483.98,0.8059,-1,-1,-1
310,27,499.94,461.68,42.49,99.53,0.4683,-1,-1,-1
310,34,1190.63,445.19,41.23,102.82,0.4967,-1,-1,-1
310,33,732.50,479.15,49.51,118.45,0.3776,-1,-1,-1
311,5,1674.87,418.90,251.02,514.27,0.8745,-1,-1,-1
311,18,1016.83,401.23,232.14,613.41,0.8586,-1,-1,-1
311,3,1016.83,401.23,232.14,613.41,0.8586,-1,-1,-1
311,26,798.20,444.93,64.33,210.88,0.7323,-1,-1,-1
311,22,873.93,421.16,152.47,530.47,0.8169,-1,-1,-1
311,32,1286.19,431.47,131.21,264.95,0.7577,-1,-1,-1
311,20,1638.26,407.62,125.65,411.78,0.4773,-1,-1,-1
311,39,0.17,374.89,121.75,483.96,0.8185,-1,-1,-1
311,27,499.30,458.24,44.14,102.67,0.4828,-1,-1,-1
311,34,1190.88,446.48,41.46,101.13,0.5104,-1,-1,-1
311,33,732.61,479.08,50.88,119.27,0.4456,-1,-1,-1
312,5,1675.14,420.00,251.56,515.71,0.8616,-1,-1,-1
312,18,1019.08,402.87,230.79,611.73,0.8613,-1,-1,-1
312,3,1019.08,402.87,230.79,611.73,0.8613,-1,-1,-1
312,26,800.12,446.93,66.51,209.44,0.7310,-1,-1,-1
312,22,872.19,420.57,154.63,531.51,0.8333,-1,-1,-1
312,32,1279.86,430.53,121.66,261.30,0.7620,-1,-1,-1
312,20,1628.04,409.78,143.96,411.57,0.5055,-1,-1,-1
312,39,0.16,374.23,125.63,485.44,0.8289,-1,-1,-1
312,27,498.61,456.67,45.06,104.55,0.4275,-1,-1,-1
312,34,1191.74,444.29,40.94,104.60,0.4685,-1,-1,-1
312,33,732.45,479.67,52.16,118.92,0.4603,-1,-1,-1
313,5,1679.33,421.60,246.91,516.00,0.8691,-1,-1,-1
313,18,1019.91,402.50,230.88,612.04,0.8615,-1,-1,-1
313,3,1019.91,402.50,230.88,612.04,0.8615,-1,-1,-1
313,26,801.07,445.70,73.28,211.26,0.7276,-1,-1,-1
313,22,870.83,419.78,156.35,532.61,0.8144,-1,-1,-1
313,32,1273.74,432.54,112.71,256.84,0.7820,-1,-1,-1
313,20,1624.14,411.44,159.56,407.47,0.4703,-1,-1,-1
313,39,1.06,375.38,136.30,484.99,0.8566,-1,-1,-1
313,27,498.47,457.82,45.00,103.82,0.3948,-1,-1,-1
313,34,1191.95,441.87,43.01,108.35,0.4911,-1,-1,-1
313,33,732.87,478.82,52.02,119.18,0.4909,-1,-1,-1
314,5,1687.68,419.89,237.61,518.45,0.8701,-1,-1,-1
314,18,1021.95,402.19,228.22,611.59,0.8654,-1,-1,-1
314,3,1021.95,402.19,228.22,611.59,0.8654,-1,-1,-1
314,26,802.60,445.41,75.40,211.75,0.7216,-1,-1,-1
314,22,869.90,419.14,158.25,533.41,0.8203,-1,-1,-1
314,32,1273.80,428.66,97.27,259.58,0.8053,-1,-1,-1
314,20,1625.92,413.59,166.26,402.71,0.3638,-1,-1,-1
314,39,5.80,378.18,148.82,480.44,0.8539,-1,-1,-1
314,27,497.57,456.75,45.91,105.13,0.4180,-1,-1,-1
314,34,1192.50,439.82,44.43,111.24,0.5539,-1,-1,-1
314,33,735.72,483.37,48.52,114.01,0.4154,-1,-1,-1
315,5,1748.69,421.26,176.05,517.78,0.7162,-1,-1,-1
315,18,1027.31,400.05,222.71,614.42,0.8611,-1,-1,-1
315,3,1027.31,400.05,222.71,614.42,0.8611,-1,-1,-1
315,26,805.20,443.87,77.01,213.75,0.7210,-1,-1,-1
315,22,868.52,417.58,161.12,534.85,0.8155,-1,-1,-1
315,32,1272.31,427.18,85.92,259.81,0.7826,-1,-1,-1
315,20,1629.23,416.89,201.88,448.62,0.4282,-1,-1,-1
315,39,13.39,382.90,173.18,477.68,0.8668,-1,-1,-1
315,27,497.46,454.95,45.46,106.33,0.4434,-1,-1,-1
315,34,1193.70,436.35,43.75,114.59,0.5382,-1,-1,-1
315,33,737.47,484.33,46.89,113.30,0.3588,-1,-1,-1
316,5,1781.43,417.98,141.60,519.46,0.7942,-1,-1,-1
316,18,1032.83,400.92,215.57,612.57,0.8609,-1,-1,-1
316,3,1032.83,400.92,215.57,612.57,0.8609,-1,-1,-1
316,26,806.55,443.73,75.79,215.83,0.6936,-1,-1,-1
316,22,867.46,416.25,161.31,536.08,0.8050,-1,-1,-1
316,32,1271.07,427.46,75.74,261.11,0.7521,-1,-1,-1
316,20,1637.42,415.10,212.63,469.74,0.6311,-1,-1,-1
316,39,17.25,390.70,205.09,471.42,0.8791,-1,-1,-1
316,27,497.80,453.79,44.70,107.55,0.4642,-1,-1,-1
316,34,1195.14,436.30,45.06,114.66,0.6049,-1,-1,-1
316,33,736.43,483.41,46.62,115.07,0.3154,-1,-1,-1
317,5,1799.23,416.43,123.21,518.87,0.7140,-1,-1,-1
317,18,1036.29,399.92,211.72,613.84,0.8582,-1,-1,-1
317,3,1036.29,399.92,211.72,613.84,0.8582,-1,-1,-1
317,26,807.69,443.57,71.02,216.97,0.6838,-1,-1,-1
317,22,865.99,417.12,164.45,534.64,0.8202,-1,-1,-1
317,32,1265.35,423.05,74.71,263.69,0.7724,-1,-1,-1
317,20,1645.97,411.04,207.37,476.29,0.6009,-1,-1,-1
317,39,18.51,392.61,235.48,469.75,0.8810,-1,-1,-1
317,27,497.93,452.15,43.66,109.32,0.4711,-1,-1,-1
317,34,1196.45,437.25,44.42,113.73,0.5794,-1,-1,-1
317,33,733.64,482.47,49.20,115.42,0.3329,-1,-1,-1
317,25,378.28,464.57,45.13,110.47,0.3802,-1,-1,-1
318,5,1790.63,419.86,130.28,524.18,0.6340,-1,-1,-1
318,18,1039.30,399.75,209.00,613.30,0.8532,-1,-1,-1
318,3,1039.30,399.75,209.00,613.30,0.8532,-1,-1,-1
318,26,808.45,443.43,70.22,217.06,0.6692,-1,-1,-1
318,22,867.52,416.98,164.38,534.94,0.8165,-1,-1,-1
318,32,1258.10,426.67,77.88,259.54,0.7969,-1,-1,-1
318,20,1674.63,409.42,174.74,448.94,0.3645,-1,-1,-1
318,39,18.43,393.76,262.39,469.48,0.9003,-1,-1,-1
318,27,497.48,453.01,42.73,108.27,0.4947,-1,-1,-1
318,34,1198.80,437.38,44.82,112.42,0.5648,-1,-1,-1
318,33,731.79,481.87,50.70,115.53,0.3251,-1,-1,-1
318,25,377.57,463.66,45.84,110.52,0.3308,-1,-1,-1
319,5,1809.85,417.05,110.98,525.31,0.6758,-1,-1,-1
319,18,1041.50,400.06,206.79,612.15,0.8539,-1,-1,-1
319,3,1041.50,400.06,206.79,612.15,0.8539,-1,-1,-1
319,26,813.35,444.29,70.20,215.21,0.6699,-1,-1,-1
319,22,866.67,416.33,166.03,535.60,0.8194,-1,-1,-1
319,32,1246.61,427.14,87.76,259.44,0.7743,-1,-1,-1
319,20,1706.37,403.93,146.71,448.15,0.4381,-1,-1,-1
319,39,18.66,393.57,278.48,470.16,0.8973,-1,-1,-1
319,27,496.83,453.72,41.88,107.68,0.4820,-1,-1,-1
319,34,1200.94,438.80,44.74,110.12,0.5909,-1,-1,-1
319,25,377.32,463.10,46.35,111.04,0.3330,-1,-1,-1
320,5,1828.37,417.77,92.13,523.74,0.7293,-1,-1,-1
320,18,1044.91,401.00,202.77,610.96,0.8578,-1,-1,-1
320,3,1044.91,401.00,202.77,610.96,0.8578,-1,-1,-1
320,26,816.21,444.92,71.65,214.61,0.6226,-1,-1,-1
320,22,866.00,416.41,168.34,535.00,0.8241,-1,-1,-1
320,32,1233.99,433.40,100.40,254.46,0.7427,-1,-1,-1
320,20,1707.90,399.43,150.24,457.36,0.4860,-1,-1,-1
320,39,20.50,395.99,288.06,466.54,0.8926,-1,-1,-1
320,27,496.50,451.27,41.30,109.88,0.4464,-1,-1,-1
320,34,1202.82,440.33,44.43,108.37,0.4366,-1,-1,-1
321,5,1844.15,425.60,76.03,516.09,0.7334,-1,-1,-1
321,18,1047.50,400.72,200.13,611.25,0.8625,-1,-1,-1
321,3,1047.50,400.72,200.13,611.25,0.8625,-1,-1,-1
321,26,818.77,447.09,69.39,212.03,0.6376,-1,-1,-1
321,22,867.40,416.95,165.78,534.56,0.8192,-1,-1,-1
321,32,1231.76,434.89,103.01,252.22,0.7718,-1,-1,-1
321,20,1718.79,397.23,144.77,449.96,0.5515,-1,-1,-1
321,39,22.14,397.20,292.83,464.43,0.8865,-1,-1,-1
321,27,495.43,448.55,40.80,112.47,0.4081,-1,-1,-1
321,34,1205.84,442.38,42.44,99.15,0.3202,-1,-1,-1
321,40,1437.89,435.05,43.28,114.54,0.5295,-1,-1,-1
322,5,1856.30,427.56,63.55,513.43,0.6957,-1,-1,-1
322,18,1048.95,402.81,198.26,609.75,0.8598,-1,-1,-1
322,3,1048.95,402.81,198.26,609.75,0.8598,-1,-1,-1
322,26,820.26,448.37,70.92,211.03,0.6639,-1,-1,-1
322,22,868.28,416.70,163.34,534.78,0.8255,-1,-1,-1
322,32,1229.56,441.45,105.29,244.46,0.7582,-1,-1,-1
322,20,1729.89,394.39,143.32,452.55,0.5538,-1,-1,-1
322,39,24.65,399.20,298.20,456.68,0.8861,-1,-1,-1
322,27,493.54,446.47,42.08,114.73,0.4433,-1,-1,-1
322,40,1437.18,434.56,45.42,114.80,0.5414,-1,-1,-1
322,25,376.65,462.76,46.96,111.30,0.3716,-1,-1,-1
323,5,1861.29,456.23,58.44,483.87,0.6186,-1,-1,-1
323,18,1051.06,402.16,195.58,609.84,0.8657,-1,-1,-1
323,3,1051.06,402.16,195.58,609.84,0.8657,-1,-1,-1
323,26,821.06,451.61,73.02,207.65,0.6478,-1,-1,-1
323,22,869.96,415.86,164.19,535.57,0.8169,-1,-1,-1
323,32,1228.66,443.68,103.00,241.15,0.7631,-1,-1,-1
323,20,1738.04,392.64,143.03,452.73,0.6809,-1,-1,-1
323,39,25.97,402.08,302.31,450.78,0.8896,-1,-1,-1
323,27,492.53,445.78,42.93,115.22,0.4652,-1,-1,-1
323,40,1436.96,437.35,50.23,111.49,0.4923,-1,-1,-1
323,25,376.60,463.21,46.72,111.02,0.4044,-1,-1,-1
324,5,1861.20,444.22,58.43,497.89,0.5798,-1,-1,-1
324,18,1054.40,399.82,192.18,612.35,0.8571,-1,-1,-1
324,3,1054.40,399.82,192.18,612.35,0.8571,-1,-1,-1
324,26,821.71,455.64,74.15,203.26,0.6179,-1,-1,-1
324,22,872.04,415.96,164.00,535.58,0.8069,-1,-1,-1
324,32,1222.65,440.04,103.92,244.96,0.7470,-1,-1,-1
324,20,1748.70,392.20,141.83,455.13,0.5977,-1,-1,-1
324,39,31.05,403.80,299.95,444.87,0.8971,-1,-1,-1
324,27,491.67,445.92,43.36,115.12,0.4720,-1,-1,-1
324,40,1439.25,440.23,52.06,108.61,0.5480,-1,-1,-1
324,25,376.67,464.15,46.42,110.22,0.4103,-1,-1,-1
325,5,1864.49,414.09,55.10,527.42,0.5323,-1,-1,-1
325,18,1056.53,398.38,190.83,613.78,0.8537,-1,-1,-1
325,3,1056.53,398.38,190.83,613.78,0.8537,-1,-1,-1
325,26,825.55,447.12,76.16,214.12,0.4368,-1,-1,-1
325,22,874.11,415.52,162.78,535.90,0.8041,-1,-1,-1
325,32,1217.52,443.86,103.18,240.51,0.6776,-1,-1,-1
325,20,1758.28,391.26,152.66,468.41,0.5550,-1,-1,-1
325,39,39.60,403.36,292.71,443.99,0.9012,-1,-1,-1
325,27,491.39,445.94,42.91,116.01,0.4712,-1,-1,-1
325,40,1443.55,440.13,51.78,108.09,0.5683,-1,-1,-1
325,25,376.32,464.63,47.29,109.82,0.4248,-1,-1,-1
326,5,1862.98,409.28,56.44,533.65,0.3028,-1,-1,-1
326,18,1057.61,398.26,190.68,614.22,0.8587,-1,-1,-1
326,3,1057.61,398.26,190.68,614.22,0.8587,-1,-1,-1
326,26,828.39,442.49,80.09,220.54,0.3707,-1,-1,-1
326,22,875.89,415.69,161.61,535.94,0.7900,-1,-1,-1
326,32,1212.17,454.04,99.08,227.41,0.5542,-1,-1,-1
326,20,1764.82,392.69,154.94,494.72,0.6277,-1,-1,-1
326,39,53.96,403.53,278.29,440.70,0.8897,-1,-1,-1
326,27,490.33,445.20,43.84,116.59,0.4524,-1,-1,-1
326,40,1446.30,441.54,50.97,106.97,0.5891,-1,-1,-1
326,25,376.63,465.91,47.09,108.89,0.4009,-1,-1,-1
327,18,1058.19,396.42,190.24,616.68,0.8643,-1,-1,-1
327,3,1058.19,396.42,190.24,616.68,0.8643,-1,-1,-1
327,26,841.41,443.07,67.82,166.36,0.3478,-1,-1,-1
327,22,879.35,416.78,157.98,534.83,0.7837,-1,-1,-1
327,32,1206.81,439.59,74.89,202.50,0.3859,-1,-1,-1
327,20,1770.17,391.75,152.72,525.90,0.7218,-1,-1,-1
327,39,76.85,401.81,254.63,438.58,0.8735,-1,-1,-1
327,27,489.65,444.92,43.53,116.54,0.4939,-1,-1,-1
327,40,1448.02,441.87,52.87,106.48,0.5886,-1,-1,-1
327,25,376.31,466.93,47.87,107.74,0.3955,-1,-1,-1
328,18,1058.16,395.78,191.48,617.73,0.8603,-1,-1,-1
328,3,1058.16,395.78,191.48,617.73,0.8603,-1,-1,-1
328,26,852.59,444.82,58.92,137.66,0.3159,-1,-1,-1
328,22,880.34,416.01,157.14,535.78,0.7555,-1,-1,-1
328,32,1202.16,444.91,78.97,216.08,0.3326,-1,-1,-1
328,20,1771.69,388.61,151.94,545.88,0.7895,-1,-1,-1
328,39,98.14,393.99,233.08,439.30,0.8813,-1,-1,-1
328,27,489.65,448.41,41.90,113.06,0.3908,-1,-1,-1
328,40,1452.07,442.48,48.48,105.41,0.6188,-1,-1,-1
328,25,377.09,467.57,47.61,107.50,0.4437,-1,-1,-1
328,33,733.75,484.88,48.98,112.43,0.3387,-1,-1,-1
329,18,1058.16,398.14,191.89,615.97,0.8597,-1,-1,-1
329,3,1058.16,398.14,191.89,615.97,0.8597,-1,-1,-1
329,22,876.72,417.45,161.47,535.88,0.7729,-1,-1,-1
329,20,1770.13,393.18,153.54,546.93,0.8177,-1,-1,-1
329,39,120.66,391.73,209.13,435.36,0.8311,-1,-1,-1
329,27,489.63,452.35,41.76,109.32,0.3599,-1,-1,-1
329,40,1456.78,441.92,42.78,104.18,0.5333,-1,-1,-1
329,25,377.34,467.82,47.51,106.88,0.3982,-1,-1,-1
329,33,733.86,484.56,48.86,113.37,0.3529,-1,-1,-1
330,18,1058.22,396.78,191.85,617.51,0.8641,-1,-1,-1
330,3,1058.22,396.78,191.85,617.51,0.8641,-1,-1,-1
330,22,871.15,418.88,168.47,534.36,0.8027,-1,-1,-1
330,20,1769.78,395.52,153.72,541.12,0.7395,-1,-1,-1
330,39,145.16,396.95,182.61,427.13,0.8053,-1,-1,-1
330,27,489.03,452.55,42.16,109.17,0.4342,-1,-1,-1
330,40,1460.36,441.36,39.46,103.47,0.4525,-1,-1,-1
330,25,377.67,467.42,47.06,106.54,0.4226,-1,-1,-1
330,33,735.04,484.79,47.47,112.68,0.3694,-1,-1,-1
331,18,1058.45,395.71,193.20,618.57,0.8651,-1,-1,-1
331,3,1058.45,395.71,193.20,618.57,0.8651,-1,-1,-1
331,22,869.54,419.81,171.15,533.19,0.8011,-1,-1,-1
331,20,1769.94,392.61,153.18,490.72,0.7592,-1,-1,-1
331,39,172.21,394.28,156.27,428.87,0.8001,-1,-1,-1
331,27,488.14,453.02,42.51,108.84,0.3787,-1,-1,-1
331,40,1464.15,440.73,37.63,104.48,0.5774,-1,-1,-1
331,25,377.38,466.59,47.33,107.20,0.4162,-1,-1,-1
331,33,735.10,483.91,47.03,113.91,0.3561,-1,-1,-1
332,18,1059.10,396.50,193.77,618.62,0.8641,-1,-1,-1
332,3,1059.10,396.50,193.77,618.62,0.8641,-1,-1,-1
332,22,870.96,420.10,173.68,532.72,0.8223,-1,-1,-1
332,20,1770.55,393.61,152.33,469.88,0.7821,-1,-1,-1
332,39,199.83,392.59,137.31,430.59,0.7759,-1,-1,-1
332,27,488.93,451.36,41.40,110.68,0.3950,-1,-1,-1
332,40,1467.13,439.99,39.39,106.16,0.5757,-1,-1,-1
332,25,377.87,464.50,47.15,110.63,0.4425,-1,-1,-1
332,33,736.29,484.07,46.50,113.80,0.3106,-1,-1,-1
333,18,1059.89,397.05,195.32,618.00,0.8707,-1,-1,-1
333,3,1059.89,397.05,195.32,618.00,0.8707,-1,-1,-1
333,22,871.73,419.66,174.86,533.18,0.8277,-1,-1,-1
333,20,1770.54,394.36,151.98,463.56,0.7883,-1,-1,-1
333,39,217.62,390.48,132.65,432.61,0.7452,-1,-1,-1
333,27,490.52,452.53,40.07,109.24,0.3811,-1,-1,-1
333,40,1471.06,440.11,38.67,104.79,0.5673,-1,-1,-1
333,25,374.14,467.62,52.44,106.15,0.3099,-1,-1,-1
333,33,738.19,481.95,45.52,116.29,0.3160,-1,-1,-1
333,42,0.40,594.91,109.49,194.62,0.3777,-1,-1,-1
334,18,1060.98,397.04,193.86,618.07,0.8759,-1,-1,-1
334,3,1060.98,397.04,193.86,618.07,0.8759,-1,-1,-1
334,22,872.47,420.16,175.88,532.61,0.8296,-1,-1,-1
334,20,1775.50,395.21,146.62,460.17,0.6654,-1,-1,-1
334,39,225.94,402.23,141.29,420.16,0.7159,-1,-1,-1
334,27,491.13,453.32,39.23,108.42,0.3395,-1,-1,-1
334,40,1472.89,439.96,37.65,106.10,0.4923,-1,-1,-1
334,33,739.10,482.00,45.62,116.56,0.3530,-1,-1,-1
334,42,0.51,484.65,126.61,306.20,0.6596,-1,-1,-1
335,18,1061.40,397.19,192.31,617.08,0.8790,-1,-1,-1
335,3,1061.40,397.19,192.31,617.08,0.8790,-1,-1,-1
335,22,872.65,419.56,176.85,533.04,0.8349,-1,-1,-1
335,20,1780.88,406.44,140.85,450.29,0.6215,-1,-1,-1
335,39,207.10,414.83,177.62,407.04,0.7268,-1,-1,-1
335,27,490.44,450.22,39.89,112.14,0.4443,-1,-1,-1
335,40,1474.22,438.74,38.42,106.84,0.5402,-1,-1,-1
335,33,738.68,481.16,45.77,118.15,0.3835,-1,-1,-1
335,42,0.43,451.85,139.71,334.82,0.6906,-1,-1,-1
336,18,1060.69,397.19,192.64,616.90,0.8795,-1,-1,-1
336,3,1060.69,397.19,192.64,616.90,0.8795,-1,-1,-1
336,22,873.14,420.45,175.06,532.17,0.8411,-1,-1,-1
336,20,1789.20,431.13,132.20,427.37,0.5282,-1,-1,-1
336,39,211.16,415.83,187.39,403.57,0.6233,-1,-1,-1
336,27,489.10,447.88,40.16,113.49,0.4477,-1,-1,-1
336,40,1475.54,437.89,37.51,106.91,0.5222,-1,-1,-1
336,33,737.20,482.42,46.76,116.48,0.3281,-1,-1,-1
336,42,0.31,429.82,146.95,357.57,0.8006,-1,-1,-1
337,18,1060.77,397.72,194.31,616.84,0.8804,-1,-1,-1
337,3,1060.77,397.72,194.31,616.84,0.8804,-1,-1,-1
337,22,873.96,419.69,174.34,532.97,0.8322,-1,-1,-1
337,20,1803.16,438.29,117.68,420.05,0.3948,-1,-1,-1
337,39,223.55,422.13,193.67,400.39,0.7169,-1,-1,-1
337,40,1476.14,436.66,39.17,109.00,0.5365,-1,-1,-1
337,33,735.71,482.60,47.29,117.23,0.3836,-1,-1,-1
337,42,0.32,423.20,151.65,363.21,0.8240,-1,-1,-1
338,18,1061.21,398.13,195.74,616.21,0.8735,-1,-1,-1
338,3,1061.21,398.13,195.74,616.21,0.8735,-1,-1,-1
338,22,874.83,418.80,175.57,534.31,0.8194,-1,-1,-1
338,39,230.40,432.61,208.84,390.37,0.7926,-1,-1,-1
338,40,1478.94,436.25,40.48,109.37,0.5960,-1,-1,-1
338,33,735.12,483.15,47.62,116.96,0.3635,-1,-1,-1
338,42,0.53,427.56,152.26,358.03,0.8314,-1,-1,-1
339,18,1062.26,397.36,193.76,616.72,0.8826,-1,-1,-1
339,3,1062.26,397.36,193.76,616.72,0.8826,-1,-1,-1
339,22,875.40,418.49,173.71,534.84,0.8213,-1,-1,-1
339,39,237.25,414.34,214.70,408.19,0.8162,-1,-1,-1
339,40,1481.54,436.80,41.58,108.95,0.5168,-1,-1,-1
339,33,736.31,484.48,46.32,115.13,0.4416,-1,-1,-1
339,42,0.61,429.18,153.10,355.84,0.8357,-1,-1,-1
340,18,1062.62,398.86,194.59,614.87,0.8838,-1,-1,-1
340,3,1062.62,398.86,194.59,614.87,0.8838,-1,-1,-1
340,22,876.83,418.42,170.58,534.83,0.8203,-1,-1,-1
340,39,237.20,408.37,224.37,414.55,0.8459,-1,-1,-1
340,40,1484.09,436.08,41.55,110.10,0.4250,-1,-1,-1
340,33,736.80,484.96,45.36,114.22,0.4465,-1,-1,-1
340,42,0.60,428.59,152.07,357.24,0.8375,-1,-1,-1
341,18,1063.74,402.06,194.14,611.73,0.8847,-1,-1,-1
341,3,1063.74,402.06,194.14,611.73,0.8847,-1,-1,-1
341,22,878.01,418.19,168.93,534.69,0.8208,-1,-1,-1
341,39,241.48,424.46,223.17,397.75,0.8151,-1,-1,-1
341,33,737.07,484.61,45.90,114.47,0.4392,-1,-1,-1
341,42,0.40,425.57,152.74,359.46,0.8444,-1,-1,-1
341,45,679.60,491.69,49.21,111.85,0.3455,-1,-1,-1
342,18,1065.21,401.32,195.78,612.08,0.8787,-1,-1,-1
342,3,1065.21,401.32,195.78,612.08,0.8787,-1,-1,-1
342,22,881.32,421.65,171.11,530.98,0.8174,-1,-1,-1
342,39,243.34,431.48,224.28,389.67,0.8137,-1,-1,-1
342,33,738.24,483.93,43.99,114.66,0.4710,-1,-1,-1
342,42,0.86,428.84,153.22,355.89,0.8330,-1,-1,-1
342,45,679.52,489.82,49.98,114.04,0.3743,-1,-1,-1
343,18,1065.63,401.02,194.36,612.38,0.8816,-1,-1,-1
343,3,1065.63,401.02,194.36,612.38,0.8816,-1,-1,-1
343,22,884.09,422.83,169.13,529.85,0.8151,-1,-1,-1
343,39,245.45,432.65,221.64,387.40,0.8172,-1,-1,-1
343,33,738.44,484.80,44.64,113.75,0.4039,-1,-1,-1
343,42,0.68,425.91,153.13,362.14,0.7821,-1,-1,-1
344,18,1066.12,400.08,195.07,613.46,0.8780,-1,-1,-1
344,3,1066.12,400.08,195.07,613.46,0.8780,-1,-1,-1
344,22,886.35,424.00,167.76,528.51,0.8171,-1,-1,-1
344,39,247.80,419.71,218.25,398.56,0.8123,-1,-1,-1
344,33,737.34,485.05,45.97,114.23,0.4620,-1,-1,-1
344,42,8.05,427.16,145.28,359.58,0.7751,-1,-1,-1
344,45,677.39,488.15,53.96,115.58,0.3608,-1,-1,-1
345,18,1066.34,400.71,197.91,612.27,0.8804,-1,-1,-1
345,3,1066.34,400.71,197.91,612.27,0.8804,-1,-1,-1
345,22,888.83,424.33,165.22,527.75,0.8039,-1,-1,-1
345,39,250.95,411.27,213.62,405.98,0.8499,-1,-1,-1
345,33,735.60,484.29,48.20,114.50,0.3753,-1,-1,-1
345,42,11.77,426.61,142.54,360.88,0.8131,-1,-1,-1
345,45,678.22,489.15,53.72,114.75,0.3183,-1,-1,-1
346,18,1066.81,400.42,197.48,612.99,0.8771,-1,-1,-1
346,3,1066.81,400.42,197.48,612.99,0.8771,-1,-1,-1
346,22,890.19,424.41,166.74,527.29,0.8110,-1,-1,-1
346,39,260.19,405.02,203.47,410.78,0.8373,-1,-1,-1
346,33,734.42,483.52,49.80,115.35,0.4051,-1,-1,-1
346,42,30.25,429.45,128.72,356.68,0.8028,-1,-1,-1
346,45,676.53,491.39,54.95,113.37,0.3126,-1,-1,-1
347,18,1067.52,402.10,198.88,611.68,0.8742,-1,-1,-1
347,3,1067.52,402.10,198.88,611.68,0.8742,-1,-1,-1
347,22,891.64,424.44,167.78,526.96,0.8077,-1,-1,-1
347,39,271.21,402.79,192.85,413.85,0.8158,-1,-1,-1
347,33,734.00,484.13,50.02,114.92,0.3298,-1,-1,-1
347,42,47.61,432.57,122.75,350.74,0.8026,-1,-1,-1
347,45,673.04,488.71,58.09,118.38,0.3364,-1,-1,-1
348,18,1067.55,400.00,200.37,613.60,0.8735,-1,-1,-1
348,3,1067.55,400.00,200.37,613.60,0.8735,-1,-1,-1
348,22,895.20,423.67,160.71,527.39,0.7989,-1,-1,-1
348,39,287.63,405.93,178.45,409.09,0.7890,-1,-1,-1
348,33,731.99,482.23,52.84,116.06,0.3886,-1,-1,-1
348,42,53.32,431.19,129.08,351.69,0.6853,-1,-1,-1
349,18,1067.55,401.25,201.28,612.64,0.8729,-1,-1,-1
349,3,1067.55,401.25,201.28,612.64,0.8729,-1,-1,-1
349,22,898.25,422.59,158.76,528.65,0.8063,-1,-1,-1
349,39,298.30,402.00,163.43,405.41,0.8049,-1,-1,-1
349,42,45.71,430.34,145.56,352.79,0.5293,-1,-1,-1
350,18,1067.05,399.87,201.32,613.73,0.8745,-1,-1,-1
350,3,1067.05,399.87,201.32,613.73,0.8745,-1,-1,-1
350,22,899.08,421.85,161.79,529.44,0.8101,-1,-1,-1
350,39,313.92,398.70,147.29,406.00,0.8019,-1,-1,-1
350,42,65.80,432.30,142.50,350.94,0.7828,-1,-1,-1
350,27,474.45,443.71,53.92,118.09,0.5074,-1,-1,-1
351,18,1066.86,399.53,199.78,614.20,0.8758,-1,-1,-1
351,3,1066.86,399.53,199.78,614.20,0.8758,-1,-1,-1
351,22,899.43,421.79,163.14,529.14,0.8010,-1,-1,-1
351,39,337.76,392.50,124.63,407.60,0.7824,-1,-1,-1
351,42,69.09,434.00,167.03,349.18,0.8090,-1,-1,-1
351,46,0.57,504.36,52.21,350.11,0.5226,-1,-1,-1
351,27,475.43,445.47,52.37,116.20,0.4420,-1,-1,-1
352,18,1066.39,400.29,201.37,613.58,0.8793,-1,-1,-1
352,3,1066.39,400.29,201.37,613.58,0.8793,-1,-1,-1
352,22,900.20,422.37,163.51,527.95,0.8009,-1,-1,-1
352,39,356.98,394.69,111.93,403.54,0.7240,-1,-1,-1
352,42,72.65,433.60,184.84,348.62,0.8400,-1,-1,-1
352,46,0.55,505.64,59.54,349.81,0.5679,-1,-1,-1
352,27,476.40,445.17,51.15,116.25,0.4053,-1,-1,-1
353,18,1065.81,399.92,201.04,614.23,0.8777,-1,-1,-1
353,3,1065.81,399.92,201.04,614.23,0.8777,-1,-1,-1
353,22,900.55,421.60,162.36,527.83,0.8035,-1,-1,-1
353,39,369.87,408.32,108.93,390.45,0.5817,-1,-1,-1
353,42,78.59,432.84,198.46,349.55,0.8495,-1,-1,-1
353,46,0.45,507.04,69.68,349.30,0.6858,-1,-1,-1
354,18,1065.67,399.22,201.38,615.04,0.8738,-1,-1,-1
354,3,1065.67,399.22,201.38,615.04,0.8738,-1,-1,-1
354,22,901.33,421.86,163.98,527.65,0.7957,-1,-1,-1
354,39,365.01,401.93,124.24,397.90,0.5866,-1,-1,-1
354,42,83.82,433.51,206.62,348.80,0.8230,-1,-1,-1
354,46,0.66,501.55,79.56,352.71,0.6872,-1,-1,-1
355,18,1066.15,399.92,199.63,614.10,0.8761,-1,-1,-1
355,3,1066.15,399.92,199.63,614.10,0.8761,-1,-1,-1
355,22,901.74,421.94,164.96,526.55,0.7724,-1,-1,-1
355,39,354.39,395.37,147.52,401.81,0.5715,-1,-1,-1
355,42,87.38,436.29,210.04,342.06,0.8573,-1,-1,-1
355,46,0.69,476.91,102.13,376.31,0.7157,-1,-1,-1
355,33,735.65,484.30,45.86,113.63,0.3835,-1,-1,-1
356,18,1066.20,400.93,198.61,613.72,0.8685,-1,-1,-1
356,3,1066.20,400.93,198.61,613.72,0.8685,-1,-1,-1
356,22,903.39,422.09,161.55,524.58,0.7561,-1,-1,-1
356,39,351.94,398.06,158.23,399.73,0.6094,-1,-1,-1
356,42,96.43,435.77,205.68,337.82,0.8303,-1,-1,-1
356,46,0.69,456.92,136.08,395.94,0.8002,-1,-1,-1
356,33,738.21,485.88,42.81,112.72,0.3976,-1,-1,-1
357,18,1066.33,399.79,202.21,614.95,0.8492,-1,-1,-1
357,3,1066.33,399.79,202.21,614.95,0.8492,-1,-1,-1
357,22,904.42,421.88,158.73,522.84,0.7642,-1,-1,-1
357,39,358.79,402.61,177.91,396.57,0.6778,-1,-1,-1
357,42,109.98,436.38,192.99,332.67,0.8041,-1,-1,-1
357,46,0.73,450.11,167.05,406.20,0.8448,-1,-1,-1
358,18,1066.83,400.01,203.23,614.72,0.8520,-1,-1,-1
358,3,1066.83,400.01,203.23,614.72,0.8520,-1,-1,-1
358,22,904.60,419.97,158.28,523.82,0.7848,-1,-1,-1
358,39,382.25,401.28,176.46,395.96,0.6576,-1,-1,-1
358,42,124.25,436.19,177.99,331.26,0.8115,-1,-1,-1
358,46,0.67,448.55,194.95,407.55,0.8550,-1,-1,-1
358,33,736.38,484.39,45.08,115.13,0.3756,-1,-1,-1
359,18,1067.22,399.39,204.10,615.26,0.8526,-1,-1,-1
359,3,1067.22,399.39,204.10,615.26,0.8526,-1,-1,-1
359,22,907.15,419.67,155.42,523.62,0.7896,-1,-1,-1
359,39,392.72,405.40,183.40,393.18,0.8091,-1,-1,-1
359,42,133.58,434.74,168.14,332.33,0.8215,-1,-1,-1
359,46,0.44,444.19,208.30,410.87,0.8458,-1,-1,-1
359,48,1045.81,428.01,65.29,215.06,0.4370,-1,-1,-1
359,33,735.74,483.48,46.27,116.36,0.3851,-1,-1,-1
360,18,1067.07,400.58,206.18,614.23,0.8514,-1,-1,-1
360,3,1067.07,400.58,206.18,614.23,0.8514,-1,-1,-1
360,22,909.13,419.97,156.91,522.81,0.7894,-1,-1,-1
360,39,398.82,409.29,189.41,388.95,0.8061,-1,-1,-1
360,42,143.93,435.24,158.10,328.78,0.7774,-1,-1,-1
360,46,0.31,443.47,218.33,410.90,0.8751,-1,-1,-1
360,33,736.91,486.10,45.12,113.93,0.3613,-1,-1,-1
361,18,1066.93,401.90,208.10,612.72,0.8540,-1,-1,-1
361,3,1066.93,401.90,208.10,612.72,0.8540,-1,-1,-1
361,22,909.69,419.39,157.62,520.49,0.7990,-1,-1,-1
361,39,399.12,406.75,199.42,391.38,0.8423,-1,-1,-1
361,42,164.73,434.87,137.63,328.54,0.7562,-1,-1,-1
361,46,0.13,441.63,225.66,411.82,0.8758,-1,-1,-1
362,18,1067.82,402.28,208.30,612.46,0.8595,-1,-1,-1
362,3,1067.82,402.28,208.30,612.46,0.8595,-1,-1,-1
362,22,909.93,417.48,159.63,519.80,0.8051,-1,-1,-1
362,39,398.86,406.79,203.75,391.85,0.8477,-1,-1,-1
362,42,174.94,437.88,125.13,326.12,0.6701,-1,-1,-1
362,46,0.13,442.13,235.20,412.36,0.8533,-1,-1,-1
363,18,1068.02,401.87,208.69,612.75,0.8520,-1,-1,-1
363,3,1068.02,401.87,208.69,612.75,0.8520,-1,-1,-1
363,22,912.65,418.87,161.00,517.47,0.8018,-1,-1,-1
363,39,395.78,409.98,208.48,388.32,0.8389,-1,-1,-1
363,42,183.01,437.79,115.91,327.21,0.7526,-1,-1,-1
363,46,0.03,443.40,237.58,410.15,0.8425,-1,-1,-1
363,40,1541.18,425.32,40.82,119.33,0.3579,-1,-1,-1
363,33,733.15,482.43,47.69,116.32,0.3878,-1,-1,-1
364,18,1068.19,401.72,210.46,612.95,0.8537,-1,-1,-1
364,3,1068.19,401.72,210.46,612.95,0.8537,-1,-1,-1
364,22,914.52,414.64,160.64,520.10,0.8288,-1,-1,-1
364,39,396.62,414.10,207.11,384.35,0.8498,-1,-1,-1
364,42,195.66,440.34,103.40,323.92,0.7352,-1,-1,-1
364,46,0.19,439.59,237.28,411.34,0.8519,-1,-1,-1
364,40,1543.27,425.34,40.75,119.44,0.3603,-1,-1,-1
364,33,732.85,482.46,48.15,116.46,0.4330,-1,-1,-1
365,18,1068.22,402.53,210.13,611.73,0.8523,-1,-1,-1
365,3,1068.22,402.53,210.13,611.73,0.8523,-1,-1,-1
365,22,916.31,413.09,160.33,521.21,0.8234,-1,-1,-1
365,39,396.06,413.25,207.28,384.75,0.8580,-1,-1,-1
365,42,203.54,437.65,100.95,326.90,0.7406,-1,-1,-1
365,46,1.59,439.71,238.96,412.03,0.8602,-1,-1,-1
365,33,733.16,481.34,48.28,118.01,0.4208,-1,-1,-1
366,18,1068.27,400.72,209.09,613.95,0.8477,-1,-1,-1
366,3,1068.27,400.72,209.09,613.95,0.8477,-1,-1,-1
366,22,918.99,412.00,159.96,522.73,0.8305,-1,-1,-1
366,39,397.95,412.05,205.49,382.34,0.8278,-1,-1,-1
366,42,209.24,435.75,101.58,328.51,0.7707,-1,-1,-1
366,46,3.00,440.38,238.61,409.47,0.8582,-1,-1,-1
366,33,733.02,481.57,47.15,117.32,0.4095,-1,-1,-1
367,18,1068.49,401.23,211.13,613.66,0.8198,-1,-1,-1
367,3,1068.49,401.23,211.13,613.66,0.8198,-1,-1,-1
367,22,921.98,410.73,157.95,524.45,0.8264,-1,-1,-1
367,39,400.18,407.06,199.39,384.96,0.8413,-1,-1,-1
367,42,218.31,436.04,105.16,327.96,0.7601,-1,-1,-1
367,46,21.07,439.89,220.19,400.30,0.7840,-1,-1,-1
367,33,732.18,481.28,46.62,117.40,0.4519,-1,-1,-1
368,18,1068.27,399.59,217.42,615.36,0.7858,-1,-1,-1
368,3,1068.27,399.59,217.42,615.36,0.7858,-1,-1,-1
368,22,924.54,409.85,156.32,525.12,0.8211,-1,-1,-1
368,39,402.73,398.98,194.03,390.06,0.8482,-1,-1,-1
368,42,227.39,437.25,116.26,327.28,0.7346,-1,-1,-1
368,46,44.55,436.33,193.20,394.46,0.7820,-1,-1,-1
368,33,731.46,481.40,47.01,117.08,0.4653,-1,-1,-1
369,18,1068.92,400.25,220.99,614.77,0.7520,-1,-1,-1
369,3,1068.92,400.25,220.99,614.77,0.7520,-1,-1,-1
369,22,926.09,413.44,155.56,519.98,0.8212,-1,-1,-1
369,39,407.63,396.87,187.06,391.72,0.8524,-1,-1,-1
369,42,234.66,435.96,130.95,329.67,0.8108,-1,-1,-1
369,46,75.61,433.09,161.22,393.03,0.7716,-1,-1,-1
369,33,731.37,481.97,47.33,116.47,0.4185,-1,-1,-1
370,18,1068.95,398.36,221.33,616.49,0.7967,-1,-1,-1
370,3,1068.95,398.36,221.33,616.49,0.7967,-1,-1,-1
370,22,928.90,415.42,156.70,519.96,0.8033,-1,-1,-1
370,39,414.34,405.82,179.36,383.85,0.8324,-1,-1,-1
370,42,241.14,434.96,146.26,331.77,0.8310,-1,-1,-1
370,46,105.68,434.24,133.65,388.34,0.8098,-1,-1,-1
370,33,730.93,480.89,47.47,117.55,0.4059,-1,-1,-1
371,18,1069.56,398.18,214.73,616.38,0.7134,-1,-1,-1
371,3,1069.56,398.18,214.73,616.38,0.7134,-1,-1,-1
371,22,932.53,415.97,155.71,520.21,0.7960,-1,-1,-1
371,39,426.60,402.82,168.56,386.15,0.8329,-1,-1,-1
371,42,244.35,432.95,159.14,331.23,0.8373,-1,-1,-1
371,46,128.07,439.14,121.87,380.38,0.7998,-1,-1,-1
371,33,730.29,480.98,48.20,118.10,0.3884,-1,-1,-1
372,18,1070.36,397.71,216.00,616.37,0.8156,-1,-1,-1
372,3,1070.36,397.71,216.00,616.37,0.8156,-1,-1,-1
372,22,935.42,416.02,154.80,520.25,0.7952,-1,-1,-1
372,39,439.00,418.01,155.70,363.96,0.7972,-1,-1,-1
372,42,245.10,434.47,167.59,327.82,0.8207,-1,-1,-1
372,46,137.56,437.87,120.39,381.68,0.7636,-1,-1,-1
372,33,730.76,481.50,46.92,117.15,0.3767,-1,-1,-1
373,18,1070.80,397.36,218.44,616.97,0.8371,-1,-1,-1
373,3,1070.80,397.36,218.44,616.97,0.8371,-1,-1,-1
373,22,937.90,416.49,154.73,520.69,0.7955,-1,-1,-1
373,39,456.95,406.34,145.64,370.41,0.8009,-1,-1,-1
373,42,252.35,435.33,165.06,321.80,0.8064,-1,-1,-1
373,46,147.20,435.28,138.50,383.14,0.8096,-1,-1,-1
373,33,731.56,482.09,46.90,115.58,0.3949,-1,-1,-1
373,49,0.34,491.64,46.26,316.51,0.6270,-1,-1,-1
374,18,1070.99,398.35,218.55,616.41,0.8101,-1,-1,-1
374,3,1070.99,398.35,218.55,616.41,0.8101,-1,-1,-1
374,22,942.52,416.76,152.19,519.81,0.7898,-1,-1,-1
374,39,470.86,402.28,139.79,370.36,0.7748,-1,-1,-1
374,42,264.27,440.45,158.25,307.35,0.7822,-1,-1,-1
374,46,156.59,431.83,143.83,385.30,0.7295,-1,-1,-1
374,33,732.42,480.12,47.55,117.83,0.4043,-1,-1,-1
374,49,0.80,491.37,49.90,317.21,0.7019,-1,-1,-1
375,18,1071.20,399.55,219.87,614.40,0.7917,-1,-1,-1
375,3,1071.20,399.55,219.87,614.40,0.7917,-1,-1,-1
375,22,942.58,414.34,153.00,520.93,0.7748,-1,-1,-1
375,39,481.97,406.41,140.14,364.74,0.7057,-1,-1,-1
375,42,276.90,447.75,147.41,299.33,0.7449,-1,-1,-1
375,46,160.97,432.57,166.76,383.80,0.8141,-1,-1,-1
375,33,733.00,479.55,47.68,119.02,0.3929,-1,-1,-1
375,49,0.63,487.26,57.86,324.60,0.6523,-1,-1,-1
376,18,1071.25,399.75,221.75,613.53,0.8083,-1,-1,-1
376,3,1071.25,399.75,221.75,613.53,0.8083,-1,-1,-1
376,22,943.69,412.49,150.04,522.60,0.7741,-1,-1,-1
376,39,489.15,404.37,140.02,364.42,0.6897,-1,-1,-1
376,42,278.17,439.24,147.65,308.13,0.7383,-1,-1,-1
376,46,160.11,435.85,186.29,380.10,0.7617,-1,-1,-1
376,33,731.34,478.63,48.68,120.36,0.3292,-1,-1,-1
376,49,0.34,482.75,69.55,329.73,0.7800,-1,-1,-1
377,18,1070.98,400.66,224.42,613.64,0.8165,-1,-1,-1
377,3,1070.98,400.66,224.42,613.64,0.8165,-1,-1,-1
377,22,945.78,415.76,151.83,521.58,0.7986,-1,-1,-1
377,39,490.94,400.90,142.95,367.38,0.7334,-1,-1,-1
377,42,281.58,439.25,146.27,309.34,0.7027,-1,-1,-1
377,46,158.52,438.88,203.74,377.47,0.7951,-1,-1,-1
377,33,731.16,480.31,47.89,119.25,0.3295,-1,-1,-1
377,49,0.05,451.94,95.15,358.48,0.7772,-1,-1,-1
378,18,1071.44,399.03,223.21,615.77,0.7760,-1,-1,-1
378,3,1071.44,399.03,223.21,615.77,0.7760,-1,-1,-1
378,22,946.38,412.63,155.34,523.01,0.7798,-1,-1,-1
378,39,495.17,396.53,146.42,373.21,0.7893,-1,-1,-1
378,42,291.42,439.92,137.38,310.29,0.6756,-1,-1,-1
378,46,159.27,439.78,211.56,376.59,0.8191,-1,-1,-1
378,33,731.49,481.55,46.71,116.50,0.3479,-1,-1,-1
378,49,0.05,436.70,125.82,373.33,0.8281,-1,-1,-1
379,18,1071.16,397.22,221.86,617.07,0.8311,-1,-1,-1
379,3,1071.16,397.22,221.86,617.07,0.8311,-1,-1,-1
379,22,946.27,410.90,156.33,523.96,0.8137,-1,-1,-1
379,39,500.52,396.81,158.22,373.78,0.7926,-1,-1,-1
379,42,309.27,439.30,119.35,309.73,0.6815,-1,-1,-1
379,46,159.13,441.33,216.19,374.80,0.8247,-1,-1,-1
379,33,731.74,481.54,45.31,116.62,0.3912,-1,-1,-1
379,49,0.16,429.23,138.64,379.40,0.8196,-1,-1,-1
380,18,1071.53,395.58,220.79,618.45,0.8259,-1,-1,-1
380,3,1071.53,395.58,220.79,618.45,0.8259,-1,-1,-1
380,22,946.66,407.63,158.90,526.27,0.8141,-1,-1,-1
380,39,505.78,398.59,162.90,372.01,0.6391,-1,-1,-1
380,42,321.84,444.70,103.50,306.32,0.6349,-1,-1,-1
380,46,160.69,442.88,221.37,371.71,0.8367,-1,-1,-1
380,33,731.24,480.09,43.91,117.30,0.3567,-1,-1,-1
380,49,0.38,428.04,157.57,379.29,0.7762,-1,-1,-1
381,18,1072.13,393.77,216.33,620.43,0.7988,-1,-1,-1
381,3,1072.13,393.77,216.33,620.43,0.7988,-1,-1,-1
381,22,950.83,411.28,157.09,525.38,0.7698,-1,-1,-1
381,39,516.11,405.86,149.73,365.00,0.5842,-1,-1,-1
381,42,324.79,442.36,99.03,309.65,0.7055,-1,-1,-1
381,46,158.75,444.13,226.43,367.25,0.8588,-1,-1,-1
381,33,730.63,479.08,46.54,119.25,0.3115,-1,-1,-1
381,49,0.56,433.84,172.30,372.81,0.7554,-1,-1,-1
382,18,1073.28,396.66,219.63,617.89,0.8114,-1,-1,-1
382,3,1073.28,396.66,219.63,617.89,0.8114,-1,-1,-1
382,22,952.07,414.56,158.77,520.72,0.7516,-1,-1,-1
382,39,532.50,405.74,140.65,364.03,0.6088,-1,-1,-1
382,42,334.27,442.29,96.10,307.36,0.6864,-1,-1,-1
382,46,165.51,442.68,219.68,367.56,0.8285,-1,-1,-1
382,33,730.68,478.46,48.79,121.25,0.3579,-1,-1,-1
382,49,0.67,435.83,180.70,369.90,0.8028,-1,-1,-1
383,18,1073.42,397.24,220.19,617.52,0.8262,-1,-1,-1
383,3,1073.42,397.24,220.19,617.52,0.8262,-1,-1,-1
383,22,953.95,416.32,157.11,521.67,0.6960,-1,-1,-1
383,39,529.33,411.79,151.29,358.03,0.6970,-1,-1,-1
383,42,344.25,442.26,99.67,304.39,0.5496,-1,-1,-1
383,46,182.32,442.16,203.02,367.25,0.7936,-1,-1,-1
383,33,730.44,477.32,51.04,122.50,0.3728,-1,-1,-1
383,49,0.43,436.31,191.21,368.83,0.8556,-1,-1,-1
383,50,690.99,465.47,44.53,123.99,0.3476,-1,-1,-1
384,18,1073.69,397.14,219.81,617.75,0.8308,-1,-1,-1
384,3,1073.69,397.14,219.81,617.75,0.8308,-1,-1,-1
384,22,955.78,416.45,153.51,522.75,0.7068,-1,-1,-1
384,39,531.19,408.91,154.90,360.86,0.7476,-1,-1,-1
384,42,361.02,452.76,93.32,291.75,0.6002,-1,-1,-1
384,46,195.04,436.82,189.54,372.24,0.7914,-1,-1,-1
384,33,730.09,475.50,50.81,125.24,0.4594,-1,-1,-1
384,49,0.45,433.24,200.26,372.86,0.8745,-1,-1,-1
384,50,688.48,467.08,46.64,123.63,0.3551,-1,-1,-1
385,18,1073.95,397.13,218.26,617.92,0.7867,-1,-1,-1
385,3,1073.95,397.13,218.26,617.92,0.7867,-1,-1,-1
385,22,958.24,416.46,150.09,523.76,0.7164,-1,-1,-1
385,39,535.55,408.41,154.34,361.56,0.7859,-1,-1,-1
385,42,365.33,443.97,96.42,299.61,0.7024,-1,-1,-1
385,46,210.75,434.07,174.11,369.95,0.8049,-1,-1,-1
385,33,730.19,472.70,50.20,128.26,0.5482,-1,-1,-1
385,49,0.34,434.62,210.67,371.71,0.8622,-1,-1,-1
385,50,687.25,469.00,47.17,125.00,0.3865,-1,-1,-1
386,18,1073.98,397.22,218.59,617.41,0.7393,-1,-1,-1
386,3,1073.98,397.22,218.59,617.41,0.7393,-1,-1,-1
386,22,960.92,414.92,148.57,526.49,0.7427,-1,-1,-1
386,39,540.25,406.63,154.04,362.79,0.8324,-1,-1,-1
386,42,369.19,440.35,110.46,304.20,0.7023,-1,-1,-1
386,46,229.87,434.85,153.28,366.13,0.7907,-1,-1,-1
386,33,730.58,470.13,49.38,130.50,0.5376,-1,-1,-1
386,49,0.22,433.30,213.62,374.26,0.8352,-1,-1,-1
386,50,689.92,469.11,43.66,125.65,0.3514,-1,-1,-1
387,18,1073.43,397.47,219.39,616.85,0.7834,-1,-1,-1
387,3,1073.43,397.47,219.39,616.85,0.7834,-1,-1,-1
387,22,960.91,416.23,147.74,524.57,0.7229,-1,-1,-1
387,39,543.04,407.38,151.33,360.48,0.8461,-1,-1,-1
387,42,369.98,438.91,134.63,307.26,0.8033,-1,-1,-1
387,46,253.46,431.89,128.63,366.83,0.5696,-1,-1,-1
387,33,730.87,469.76,48.93,130.74,0.5350,-1,-1,-1
387,49,1.57,432.94,212.23,373.18,0.8350,-1,-1,-1
387,50,691.21,473.30,42.37,118.90,0.3231,-1,-1,-1
388,18,1061.22,396.84,244.35,617.11,0.7358,-1,-1,-1
388,3,1061.22,396.84,244.35,617.11,0.7358,-1,-1,-1
388,22,961.17,417.35,145.27,523.16,0.7201,-1,-1,-1
388,39,546.28,406.19,148.11,358.52,0.8265,-1,-1,-1
388,42,371.06,440.07,150.58,307.57,0.7902,-1,-1,-1
388,46,275.38,433.06,106.08,363.76,0.6735,-1,-1,-1
388,33,730.45,468.37,48.94,133.63,0.4998,-1,-1,-1
388,49,10.07,432.08,202.93,372.03,0.8053,-1,-1,-1
388,50,691.74,473.60,42.10,119.89,0.3583,-1,-1,-1
389,18,1056.53,397.34,288.30,617.15,0.6987,-1,-1,-1
389,3,1056.53,397.34,288.30,617.15,0.6987,-1,-1,-1
389,22,963.06,417.89,140.12,522.38,0.6981,-1,-1,-1
389,39,549.25,408.01,145.62,355.43,0.8058,-1,-1,-1
389,42,368.22,441.13,165.26,304.41,0.8014,-1,-1,-1
389,46,286.12,429.29,100.46,368.79,0.6824,-1,-1,-1
389,33,730.34,470.45,48.80,131.60,0.5032,-1,-1,-1
389,49,20.57,425.52,192.43,374.55,0.7848,-1,-1,-1
389,50,692.13,475.22,40.85,117.10,0.3462,-1,-1,-1
390,18,1057.52,397.21,302.83,618.26,0.7600,-1,-1,-1
390,3,1057.52,397.21,302.83,618.26,0.7600,-1,-1,-1
390,22,965.81,418.00,136.08,523.26,0.6691,-1,-1,-1
390,39,554.80,409.49,140.80,352.23,0.8018,-1,-1,-1
390,42,370.45,440.92,171.09,303.40,0.8135,-1,-1,-1
390,46,285.00,433.68,109.15,364.47,0.5257,-1,-1,-1
390,33,729.88,472.45,49.84,131.04,0.4847,-1,-1,-1
390,49,32.03,427.16,183.16,370.79,0.7969,-1,-1,-1
390,50,690.96,477.83,40.16,113.15,0.3013,-1,-1,-1
391,18,1054.81,397.09,312.68,618.48,0.7836,-1,-1,-1
391,3,1054.81,397.09,312.68,618.48,0.7836,-1,-1,-1
391,22,969.50,417.89,130.79,524.43,0.6584,-1,-1,-1
391,39,560.57,411.76,135.34,351.69,0.8017,-1,-1,-1
391,42,377.24,440.91,167.98,300.49,0.7835,-1,-1,-1
391,46,299.38,436.51,103.15,362.38,0.5332,-1,-1,-1
391,33,728.88,470.92,50.84,132.56,0.4422,-1,-1,-1
391,49,40.31,428.16,175.57,369.49,0.7569,-1,-1,-1
391,50,690.48,478.29,40.36,111.22,0.3344,-1,-1,-1
391,51,917.72,435.57,67.85,153.82,0.3691,-1,-1,-1
392,18,1053.09,397.84,313.44,618.16,0.7764,-1,-1,-1
392,3,1053.09,397.84,313.44,618.16,0.7764,-1,-1,-1
392,22,977.35,413.46,124.74,526.67,0.6500,-1,-1,-1
392,39,568.33,409.36,128.52,356.00,0.7886,-1,-1,-1
392,42,388.97,439.53,157.75,299.21,0.7317,-1,-1,-1
392,46,308.27,437.27,116.17,361.95,0.6475,-1,-1,-1
392,33,728.77,467.39,50.69,135.34,0.4393,-1,-1,-1
392,49,51.91,431.64,165.77,364.03,0.7627,-1,-1,-1
392,51,924.22,435.09,58.41,155.71,0.5687,-1,-1,-1
393,18,1050.47,398.34,315.23,618.12,0.8102,-1,-1,-1
393,3,1050.47,398.34,315.23,618.12,0.8102,-1,-1,-1
393,22,970.73,417.31,130.88,524.61,0.6442,-1,-1,-1
393,39,576.04,413.86,121.31,343.45,0.7901,-1,-1,-1
393,42,398.96,439.61,147.83,296.86,0.7278,-1,-1,-1
393,46,312.44,440.08,138.23,359.50,0.7932,-1,-1,-1
393,33,728.28,466.89,51.73,135.51,0.5230,-1,-1,-1
393,49,75.99,429.65,145.82,365.49,0.6406,-1,-1,-1
393,51,924.91,437.18,54.92,162.21,0.6526,-1,-1,-1
394,18,1053.59,398.19,286.08,617.42,0.6804,-1,-1,-1
394,3,1053.59,398.19,286.08,617.42,0.6804,-1,-1,-1
394,22,980.02,414.13,120.77,525.13,0.6326,-1,-1,-1
394,39,582.59,413.21,114.75,340.20,0.7586,-1,-1,-1
394,42,411.17,442.57,137.16,292.87,0.7279,-1,-1,-1
394,46,314.34,442.88,148.20,357.61,0.7313,-1,-1,-1
394,33,726.84,473.02,52.52,130.21,0.5936,-1,-1,-1
394,49,70.65,428.67,159.60,366.99,0.7630,-1,-1,-1
394,51,922.55,438.48,55.22,165.03,0.6421,-1,-1,-1
395,18,1055.01,397.15,271.72,618.38,0.6986,-1,-1,-1
395,3,1055.01,397.15,271.72,618.38,0.6986,-1,-1,-1
395,22,983.83,415.00,117.02,523.14,0.6604,-1,-1,-1
395,39,587.80,414.40,111.51,335.51,0.7647,-1,-1,-1
395,42,421.61,441.80,126.60,293.23,0.7361,-1,-1,-1
395,46,314.51,444.41,157.69,356.54,0.7440,-1,-1,-1
395,33,725.30,470.89,53.42,134.38,0.6121,-1,-1,-1
395,49,72.22,428.99,163.73,368.15,0.7784,-1,-1,-1
395,51,920.30,439.75,54.30,164.15,0.6035,-1,-1,-1
396,18,1057.13,398.42,292.16,618.08,0.7638,-1,-1,-1
396,3,1057.13,398.42,292.16,618.08,0.7638,-1,-1,-1
396,22,984.44,414.28,114.98,523.16,0.6226,-1,-1,-1
396,39,591.87,424.48,112.39,320.83,0.7541,-1,-1,-1
396,42,433.93,444.14,114.30,288.31,0.6510,-1,-1,-1
396,46,312.96,443.48,171.01,355.88,0.7639,-1,-1,-1
396,33,722.82,465.83,56.23,142.89,0.5808,-1,-1,-1
396,49,101.59,439.55,139.34,356.06,0.5796,-1,-1,-1
396,51,918.27,442.02,54.05,167.73,0.6782,-1,-1,-1
397,18,1060.63,398.39,261.78,618.78,0.7884,-1,-1,-1
397,3,1060.63,398.39,261.78,618.78,0.7884,-1,-1,-1
397,22,985.25,413.89,113.62,523.97,0.6793,-1,-1,-1
397,39,594.47,421.85,117.09,325.56,0.7487,-1,-1,-1
397,42,447.48,466.72,99.24,263.51,0.5788,-1,-1,-1
397,46,312.78,434.81,175.00,363.85,0.7665,-1,-1,-1
397,33,720.67,463.72,57.75,145.59,0.5750,-1,-1,-1
397,49,127.81,435.91,122.87,360.57,0.6328,-1,-1,-1
397,51,915.72,442.98,55.12,167.67,0.6406,-1,-1,-1
398,18,1063.77,398.81,246.77,619.33,0.8375,-1,-1,-1
398,3,1063.77,398.81,246.77,619.33,0.8375,-1,-1,-1
398,22,975.12,415.41,123.96,524.44,0.6339,-1,-1,-1
398,39,598.94,423.79,118.70,320.00,0.7583,-1,-1,-1
398,42,448.70,444.52,98.35,286.52,0.7327,-1,-1,-1
398,46,313.78,436.73,179.63,360.04,0.8206,-1,-1,-1
398,33,720.13,461.30,57.32,147.95,0.5402,-1,-1,-1
398,49,137.07,436.04,125.07,360.37,0.7514,-1,-1,-1
398,51,915.69,444.84,55.22,163.27,0.4697,-1,-1,-1
399,18,1065.74,400.20,240.76,618.01,0.8366,-1,-1,-1
399,3,1065.74,400.20,240.76,618.01,0.8366,-1,-1,-1
399,22,970.35,415.54,129.72,524.91,0.6644,-1,-1,-1
399,39,604.42,427.70,123.62,312.95,0.7919,-1,-1,-1
399,42,463.74,443.60,85.17,287.86,0.6256,-1,-1,-1
399,46,316.46,437.67,177.11,359.11,0.8303,-1,-1,-1
399,33,719.79,462.69,55.65,146.45,0.5318,-1,-1,-1
399,49,137.68,433.50,150.03,361.75,0.7658,-1,-1,-1
399,51,913.98,439.42,56.61,171.29,0.5756,-1,-1,-1
400,18,1067.78,400.43,236.71,618.31,0.8516,-1,-1,-1
400,3,1067.78,400.43,236.71,618.31,0.8516,-1,-1,-1
400,22,968.82,414.21,130.83,526.60,0.6558,-1,-1,-1
400,39,607.04,423.82,131.74,316.37,0.7773,-1,-1,-1
400,42,471.56,440.95,81.51,288.82,0.7266,-1,-1,-1
400,46,316.33,435.63,177.77,360.23,0.8424,-1,-1,-1
400,33,718.38,467.64,52.01,140.55,0.4773,-1,-1,-1
400,49,140.54,433.21,169.24,360.95,0.7803,-1,-1,-1
400,51,911.34,438.87,56.32,170.85,0.5619,-1,-1,-1
401,18,1069.31,399.79,234.55,619.31,0.8465,-1,-1,-1
401,3,1069.31,399.79,234.55,619.31,0.8465,-1,-1,-1
401,22,979.47,411.57,118.43,527.04,0.6347,-1,-1,-1
401,39,609.63,424.50,144.16,315.15,0.7679,-1,-1,-1
401,42,480.22,444.41,80.54,286.72,0.7179,-1,-1,-1
401,46,323.13,437.43,171.56,355.70,0.8133,-1,-1,-1
401,33,715.95,466.16,52.72,145.22,0.4114,-1,-1,-1
401,49,141.93,433.20,173.85,361.02,0.8130,-1,-1,-1
401,51,908.97,438.36,59.29,167.80,0.5744,-1,-1,-1
402,18,1071.40,399.39,230.90,620.04,0.8377,-1,-1,-1
402,3,1071.40,399.39,230.90,620.04,0.8377,-1,-1,-1
402,22,984.01,410.73,113.11,527.25,0.6271,-1,-1,-1
402,39,615.33,417.94,151.33,321.72,0.8007,-1,-1,-1
402,42,484.16,450.24,86.67,278.92,0.7217,-1,-1,-1
402,46,335.40,442.99,159.05,347.86,0.8269,-1,-1,-1
402,33,715.50,463.71,53.62,147.01,0.4864,-1,-1,-1
402,49,144.26,435.32,174.34,357.69,0.8078,-1,-1,-1
402,51,904.78,438.22,66.21,170.38,0.5334,-1,-1,-1
403,18,1074.92,399.65,226.95,619.63,0.8372,-1,-1,-1
403,3,1074.92,399.65,226.95,619.63,0.8372,-1,-1,-1
403,22,971.07,415.10,127.81,524.93,0.6179,-1,-1,-1
403,39,619.10,411.85,158.16,329.20,0.8372,-1,-1,-1
403,42,488.70,446.57,95.83,282.37,0.6057,-1,-1,-1
403,46,346.74,446.85,148.59,337.24,0.7471,-1,-1,-1
403,33,715.67,464.46,53.53,146.10,0.4584,-1,-1,-1
403,49,143.94,438.54,184.93,354.38,0.8041,-1,-1,-1
403,51,901.94,441.00,72.80,169.47,0.3704,-1,-1,-1
404,18,1076.75,399.66,225.35,620.42,0.8306,-1,-1,-1
404,3,1076.75,399.66,225.35,620.42,0.8306,-1,-1,-1
404,22,966.17,416.91,132.73,524.64,0.6681,-1,-1,-1
404,39,623.77,408.80,163.56,333.44,0.7987,-1,-1,-1
404,42,493.77,443.96,113.41,284.11,0.6444,-1,-1,-1
404,46,357.30,442.99,140.38,340.15,0.7206,-1,-1,-1
404,33,715.39,463.27,52.51,148.00,0.4522,-1,-1,-1
404,49,150.48,438.39,184.66,351.60,0.8297,-1,-1,-1
404,51,898.55,446.61,60.31,164.31,0.5374,-1,-1,-1
405,18,1078.62,400.37,213.56,619.09,0.8325,-1,-1,-1
405,3,1078.62,400.37,213.56,619.09,0.8325,-1,-1,-1
405,22,964.14,416.64,134.95,525.22,0.6878,-1,-1,-1
405,39,627.74,417.46,166.50,325.89,0.7847,-1,-1,-1
405,42,496.96,445.20,122.33,282.73,0.6760,-1,-1,-1
405,46,377.51,437.81,119.43,340.14,0.6955,-1,-1,-1
405,33,716.11,467.15,51.39,144.62,0.3815,-1,-1,-1
405,49,154.82,436.76,179.85,351.39,0.8193,-1,-1,-1
405,51,895.52,452.83,54.55,157.89,0.3901,-1,-1,-1
406,18,1077.23,399.38,209.00,620.53,0.8314,-1,-1,-1
406,3,1077.23,399.38,209.00,620.53,0.8314,-1,-1,-1
406,22,961.77,416.18,136.97,525.70,0.6969,-1,-1,-1
406,39,632.10,422.68,166.85,320.45,0.7912,-1,-1,-1
406,42,500.42,448.05,123.51,279.30,0.6760,-1,-1,-1
406,46,395.52,434.82,103.35,337.74,0.6990,-1,-1,-1
406,49,159.46,435.84,173.94,352.68,0.8067,-1,-1,-1
406,51,892.78,455.36,53.80,153.80,0.3554,-1,-1,-1
407,18,1075.39,397.68,204.99,622.69,0.8357,-1,-1,-1
407,3,1075.39,397.68,204.99,622.69,0.8357,-1,-1,-1
407,22,958.97,417.91,138.75,523.62,0.7195,-1,-1,-1
407,39,636.00,417.59,163.63,325.89,0.8536,-1,-1,-1
407,42,497.22,446.37,134.85,283.88,0.7098,-1,-1,-1
407,46,410.30,434.59,93.39,335.71,0.6759,-1,-1,-1
407,49,171.59,433.34,164.85,355.36,0.8013,-1,-1,-1
408,18,1073.66,397.94,201.52,622.44,0.8394,-1,-1,-1
408,3,1073.66,397.94,201.52,622.44,0.8394,-1,-1,-1
408,22,959.50,417.59,138.38,523.63,0.7063,-1,-1,-1
408,39,641.24,419.44,159.25,324.99,0.8448,-1,-1,-1
408,42,501.04,440.60,139.19,289.16,0.7556,-1,-1,-1
408,46,407.35,433.52,101.94,336.24,0.6130,-1,-1,-1
408,49,185.32,433.12,153.34,352.18,0.7962,-1,-1,-1
408,51,879.76,455.60,61.81,154.82,0.4979,-1,-1,-1
409,18,1073.56,399.16,197.78,620.34,0.8403,-1,-1,-1
409,3,1073.56,399.16,197.78,620.34,0.8403,-1,-1,-1
409,22,959.48,417.30,139.78,523.31,0.7007,-1,-1,-1
409,39,644.03,418.79,157.23,325.59,0.8325,-1,-1,-1
409,42,500.64,436.82,143.20,293.01,0.7545,-1,-1,-1
409,46,400.37,436.97,116.73,331.87,0.6155,-1,-1,-1
409,49,201.55,435.65,138.63,339.20,0.7216,-1,-1,-1
409,51,875.36,447.89,64.45,163.14,0.6026,-1,-1,-1
410,18,1073.33,398.21,191.60,620.93,0.8447,-1,-1,-1
410,3,1073.33,398.21,191.60,620.93,0.8447,-1,-1,-1
410,22,959.90,419.03,138.57,520.98,0.7067,-1,-1,-1
410,39,645.69,414.04,156.31,330.51,0.8184,-1,-1,-1
410,42,511.12,438.90,133.68,284.86,0.7223,-1,-1,-1
410,46,416.49,438.33,115.38,331.20,0.5871,-1,-1,-1
410,49,222.28,435.39,123.57,336.74,0.6591,-1,-1,-1
410,51,874.56,446.37,62.76,165.05,0.5687,-1,-1,-1
411,18,1072.13,398.28,185.93,620.76,0.8460,-1,-1,-1
411,3,1072.13,398.28,185.93,620.76,0.8460,-1,-1,-1
411,22,958.71,420.96,139.88,518.46,0.7178,-1,-1,-1
411,39,646.02,418.37,155.75,324.18,0.8261,-1,-1,-1
411,42,520.96,440.73,123.08,282.48,0.6910,-1,-1,-1
411,46,424.07,436.35,131.87,331.09,0.6713,-1,-1,-1
411,49,247.10,428.60,106.22,341.14,0.5413,-1,-1,-1
411,51,874.25,442.73,62.41,168.77,0.5178,-1,-1,-1
412,18,1071.08,399.31,185.43,619.16,0.8420,-1,-1,-1
412,3,1071.08,399.31,185.43,619.16,0.8420,-1,-1,-1
412,22,961.18,421.77,137.60,518.12,0.6915,-1,-1,-1
412,39,645.90,408.55,156.08,334.35,0.8257,-1,-1,-1
412,42,528.90,438.03,116.40,283.18,0.7374,-1,-1,-1
412,46,418.34,436.63,150.56,330.58,0.6729,-1,-1,-1
412,49,264.12,426.93,99.26,342.06,0.7240,-1,-1,-1
412,51,873.90,441.64,58.83,167.77,0.5041,-1,-1,-1
413,18,1071.01,400.76,185.20,617.74,0.8519,-1,-1,-1
413,3,1071.01,400.76,185.20,617.74,0.8519,-1,-1,-1
413,22,959.14,421.82,140.67,517.98,0.7383,-1,-1,-1
413,39,647.98,409.93,154.03,331.48,0.8035,-1,-1,-1
413,42,547.41,436.57,102.03,283.18,0.6144,-1,-1,-1
413,46,430.94,435.53,155.29,330.75,0.7048,-1,-1,-1
413,49,270.08,426.08,104.35,344.19,0.7282,-1,-1,-1
413,51,875.50,440.74,55.90,168.23,0.4807,-1,-1,-1
414,18,1066.88,403.51,188.44,615.36,0.8596,-1,-1,-1
414,3,1066.88,403.51,188.44,615.36,0.8596,-1,-1,-1
414,22,961.03,421.70,138.18,516.59,0.6949,-1,-1,-1
414,39,653.60,421.83,147.50,318.31,0.8011,-1,-1,-1
414,42,558.79,437.50,94.74,282.33,0.6475,-1,-1,-1
414,46,436.07,437.04,159.11,328.90,0.7392,-1,-1,-1
414,49,273.02,424.43,109.98,347.02,0.6929,-1,-1,-1
414,51,872.28,440.19,53.92,168.32,0.6009,-1,-1,-1
415,18,1064.30,407.17,191.03,611.97,0.8580,-1,-1,-1
415,3,1064.30,407.17,191.03,611.97,0.8580,-1,-1,-1
415,22,963.49,420.27,133.84,518.09,0.7104,-1,-1,-1
415,39,657.81,425.81,143.45,314.90,0.8048,-1,-1,-1
415,42,562.79,434.57,91.49,286.35,0.6029,-1,-1,-1
415,46,436.05,438.99,162.66,327.03,0.7597,-1,-1,-1
415,49,278.67,430.46,116.71,340.79,0.6702,-1,-1,-1
415,51,871.42,440.84,51.07,167.44,0.7107,-1,-1,-1
416,18,1061.60,410.29,195.15,609.25,0.8635,-1,-1,-1
416,3,1061.60,410.29,195.15,609.25,0.8635,-1,-1,-1
416,22,964.26,419.63,131.88,518.86,0.7051,-1,-1,-1
416,39,666.77,431.31,134.70,307.31,0.7945,-1,-1,-1
416,42,570.68,434.01,87.13,286.27,0.7306,-1,-1,-1
416,46,435.79,441.22,163.21,325.03,0.8067,-1,-1,-1
416,49,287.66,435.18,115.52,334.77,0.7285,-1,-1,-1
416,51,869.62,440.24,51.26,166.76,0.6199,-1,-1,-1
417,18,1061.68,409.46,196.88,610.86,0.8528,-1,-1,-1
417,3,1061.68,409.46,196.88,610.86,0.8528,-1,-1,-1
417,22,968.23,417.59,128.46,518.19,0.6659,-1,-1,-1
417,39,675.77,425.04,126.02,310.07,0.8020,-1,-1,-1
417,42,569.56,435.56,97.07,283.92,0.6770,-1,-1,-1
417,46,436.19,450.16,163.85,316.36,0.7927,-1,-1,-1
417,49,289.41,437.93,128.80,330.27,0.5903,-1,-1,-1
417,51,868.16,439.03,50.86,167.27,0.6364,-1,-1,-1
418,18,1059.57,405.77,199.51,614.73,0.8556,-1,-1,-1
418,3,1059.57,405.77,199.51,614.73,0.8556,-1,-1,-1
418,22,968.35,418.27,127.17,519.28,0.6709,-1,-1,-1
418,39,682.04,414.19,121.99,318.01,0.7861,-1,-1,-1
418,42,581.60,436.30,94.75,282.33,0.7141,-1,-1,-1
418,46,438.42,446.23,159.16,319.58,0.8042,-1,-1,-1
418,49,290.32,435.70,142.96,332.62,0.6839,-1,-1,-1
418,51,867.40,439.64,48.95,165.33,0.5219,-1,-1,-1
419,18,1056.87,407.40,204.19,613.14,0.8484,-1,-1,-1
419,3,1056.87,407.40,204.19,613.14,0.8484,-1,-1,-1
419,22,969.91,419.64,126.11,517.24,0.6851,-1,-1,-1
419,39,688.06,407.40,120.61,323.80,0.8005,-1,-1,-1
419,42,588.55,436.99,91.39,280.40,0.7155,-1,-1,-1
419,46,440.95,439.17,160.35,324.85,0.8057,-1,-1,-1
419,49,291.53,437.75,155.69,331.00,0.7554,-1,-1,-1
419,51,865.49,440.58,46.31,164.26,0.5498,-1,-1,-1
420,18,1054.17,408.76,212.57,612.11,0.8394,-1,-1,-1
420,3,1054.17,408.76,212.57,612.11,0.8394,-1,-1,-1
420,22,970.68,415.48,124.26,522.12,0.5892,-1,-1,-1
420,39,695.01,407.75,116.78,322.71,0.7802,-1,-1,-1
420,42,586.91,437.22,97.42,277.91,0.7105,-1,-1,-1
420,46,448.03,435.62,154.47,327.59,0.7698,-1,-1,-1
420,49,293.67,442.57,160.58,326.30,0.7846,-1,-1,-1
421,18,1051.10,408.90,215.57,611.97,0.8236,-1,-1,-1
421,3,1051.10,408.90,215.57,611.97,0.8236,-1,-1,-1
421,22,969.16,412.11,124.40,525.61,0.5907,-1,-1,-1
421,39,697.77,418.14,111.39,312.41,0.7141,-1,-1,-1
421,42,589.43,439.10,108.12,277.10,0.7271,-1,-1,-1
421,46,449.09,434.57,152.15,326.87,0.7387,-1,-1,-1
421,49,292.40,439.85,166.42,328.27,0.7765,-1,-1,-1
421,51,858.57,435.48,48.33,169.87,0.4966,-1,-1,-1
422,18,1047.32,406.78,215.92,614.60,0.8165,-1,-1,-1
422,3,1047.32,406.78,215.92,614.60,0.8165,-1,-1,-1
422,22,968.74,412.36,124.37,525.33,0.5133,-1,-1,-1
422,39,701.87,431.66,109.01,296.15,0.6458,-1,-1,-1
422,42,595.55,440.58,113.79,276.21,0.7102,-1,-1,-1
422,46,458.77,435.42,138.52,325.67,0.7030,-1,-1,-1
422,49,292.55,439.93,182.88,327.15,0.8221,-1,-1,-1
422,51,859.18,439.16,47.77,161.39,0.4852,-1,-1,-1
423,18,1046.10,403.86,218.25,618.34,0.8163,-1,-1,-1
423,3,1046.10,403.86,218.25,618.34,0.8163,-1,-1,-1
423,22,969.00,416.22,123.41,520.76,0.4216,-1,-1,-1
423,39,707.18,435.44,105.93,292.33,0.6294,-1,-1,-1
423,42,601.98,442.83,121.53,273.21,0.7233,-1,-1,-1
423,46,470.53,437.45,124.46,320.25,0.7110,-1,-1,-1
423,49,292.44,437.18,186.97,329.17,0.7803,-1,-1,-1
423,51,856.37,438.94,50.76,161.39,0.5909,-1,-1,-1
423,54,1155.21,412.33,168.57,493.35,0.6590,-1,-1,-1
424,18,1047.50,399.87,217.56,624.44,0.7847,-1,-1,-1
424,3,1047.50,399.87,217.56,624.44,0.7847,-1,-1,-1
424,22,969.01,461.37,121.65,474.10,0.4006,-1,-1,-1
424,39,711.59,430.99,104.04,296.43,0.6295,-1,-1,-1
424,42,607.85,443.03,130.02,272.54,0.7716,-1,-1,-1
424,46,477.11,437.32,121.12,320.73,0.7175,-1,-1,-1
424,49,300.46,436.97,179.44,327.69,0.7747,-1,-1,-1
424,51,851.56,439.13,52.85,162.80,0.5205,-1,-1,-1
424,54,1151.53,412.62,173.52,498.13,0.5093,-1,-1,-1
425,18,1048.46,398.07,208.21,632.85,0.7217,-1,-1,-1
425,3,1048.46,398.07,208.21,632.85,0.7217,-1,-1,-1
425,22,970.92,482.15,119.52,451.86,0.5102,-1,-1,-1
425,39,714.36,422.31,112.42,303.79,0.7283,-1,-1,-1
425,42,610.94,448.76,130.26,266.81,0.7374,-1,-1,-1
425,46,488.26,438.78,112.72,319.18,0.6375,-1,-1,-1
425,49,310.33,438.05,170.45,325.58,0.7816,-1,-1,-1
425,51,850.15,440.22,49.88,158.98,0.5326,-1,-1,-1
425,54,1161.03,413.16,164.22,507.72,0.6131,-1,-1,-1
426,18,1049.95,397.56,201.79,638.16,0.7133,-1,-1,-1
426,3,1049.95,397.56,201.79,638.16,0.7133,-1,-1,-1
426,22,971.05,489.70,118.87,442.37,0.5307,-1,-1,-1
426,39,715.66,414.36,115.24,311.15,0.7569,-1,-1,-1
426,42,611.93,449.10,132.54,267.77,0.7185,-1,-1,-1
426,46,514.09,437.82,96.83,316.67,0.6467,-1,-1,-1
426,49,321.39,434.36,158.35,329.60,0.7889,-1,-1,-1
426,51,848.01,439.46,48.22,158.73,0.5903,-1,-1,-1
426,54,1163.67,411.76,162.82,516.22,0.5994,-1,-1,-1
427,18,1053.57,400.19,188.05,638.38,0.6796,-1,-1,-1
427,3,1053.57,400.19,188.05,638.38,0.6796,-1,-1,-1
427,22,971.83,451.77,119.80,480.03,0.4438,-1,-1,-1
427,39,720.55,412.28,111.11,313.75,0.7427,-1,-1,-1
427,42,611.34,450.21,132.30,267.44,0.7085,-1,-1,-1
427,46,520.83,438.32,93.51,315.41,0.6301,-1,-1,-1
427,49,330.61,433.68,151.14,326.47,0.7854,-1,-1,-1
427,51,844.14,437.68,49.28,161.45,0.4732,-1,-1,-1
427,54,1159.95,409.68,170.87,522.37,0.5031,-1,-1,-1
428,18,1057.93,405.97,169.76,622.24,0.6719,-1,-1,-1
428,3,1057.93,405.97,169.76,622.24,0.6719,-1,-1,-1
428,22,972.48,439.47,121.01,488.10,0.5743,-1,-1,-1
428,39,723.95,418.76,114.36,308.42,0.7245,-1,-1,-1
428,42,609.14,448.62,133.71,267.35,0.6924,-1,-1,-1
428,46,507.46,437.72,109.98,317.27,0.6649,-1,-1,-1
428,49,346.74,436.23,136.03,318.24,0.7370,-1,-1,-1
428,51,841.24,441.20,49.92,157.77,0.5017,-1,-1,-1
428,54,1150.00,411.71,179.18,597.38,0.4699,-1,-1,-1
428,58,1692.04,330.82,227.53,619.09,0.6184,-1,-1,-1
429,18,1059.61,403.52,164.41,618.29,0.6612,-1,-1,-1
429,3,1059.61,403.52,164.41,618.29,0.6612,-1,-1,-1
429,22,973.97,449.22,119.51,481.96,0.5080,-1,-1,-1
429,39,727.38,430.93,116.35,296.22,0.7144,-1,-1,-1
429,42,617.87,443.09,123.56,271.13,0.7073,-1,-1,-1
429,46,502.33,438.55,124.35,316.46,0.6096,-1,-1,-1
429,49,366.23,437.85,119.41,314.44,0.7202,-1,-1,-1
429,54,1146.63,414.15,182.38,628.83,0.3837,-1,-1,-1
429,58,1650.30,326.01,269.55,613.58,0.4842,-1,-1,-1
430,18,1062.49,403.56,163.09,622.73,0.6863,-1,-1,-1
430,3,1062.49,403.56,163.09,622.73,0.6863,-1,-1,-1
430,22,975.02,445.39,119.49,483.77,0.5738,-1,-1,-1
430,39,729.53,431.49,120.02,295.65,0.6768,-1,-1,-1
430,42,633.32,442.17,109.21,271.01,0.6018,-1,-1,-1
430,46,510.57,438.07,136.09,317.61,0.5826,-1,-1,-1
430,49,377.09,437.52,110.14,310.72,0.7411,-1,-1,-1
430,54,1147.95,416.13,182.62,639.70,0.3282,-1,-1,-1
430,58,1597.93,321.10,321.82,619.30,0.4790,-1,-1,-1
430,51,839.48,438.79,46.15,155.60,0.3579,-1,-1,-1
431,18,1065.64,404.34,162.60,629.90,0.6834,-1,-1,-1
431,3,1065.64,404.34,162.60,629.90,0.6834,-1,-1,-1
431,22,976.14,440.35,120.40,487.48,0.5569,-1,-1,-1
431,39,728.47,430.23,122.94,297.24,0.6892,-1,-1,-1
431,42,642.16,442.10,99.78,266.31,0.5424,-1,-1,-1
431,46,531.53,440.99,132.48,314.10,0.6332,-1,-1,-1
431,49,384.94,437.79,106.27,307.08,0.7305,-1,-1,-1
431,58,1548.61,308.90,371.08,690.17,0.7236,-1,-1,-1
431,51,839.34,440.06,43.45,154.03,0.5860,-1,-1,-1
432,18,1069.12,406.90,168.03,630.21,0.7343,-1,-1,-1
432,3,1069.12,406.90,168.03,630.21,0.7343,-1,-1,-1
432,22,976.93,444.05,120.90,484.96,0.5631,-1,-1,-1
432,39,728.45,425.42,124.37,301.00,0.6529,-1,-1,-1
432,42,655.75,446.71,83.47,257.95,0.4601,-1,-1,-1
432,46,542.90,441.37,135.62,313.95,0.6554,-1,-1,-1
432,49,388.88,439.39,107.13,308.24,0.7023,-1,-1,-1
432,58,1501.07,302.02,418.12,714.12,0.8249,-1,-1,-1
432,51,836.78,442.08,44.86,151.36,0.6239,-1,-1,-1
432,59,1261.19,420.90,94.20,256.52,0.4236,-1,-1,-1
432,54,1172.52,414.60,153.35,444.81,0.5667,-1,-1,-1
433,18,1073.67,409.00,166.42,616.44,0.7216,-1,-1,-1
433,3,1073.67,409.00,166.42,616.44,0.7216,-1,-1,-1
433,22,978.92,430.05,125.46,498.40,0.5618,-1,-1,-1
433,39,733.35,428.42,121.23,296.81,0.6871,-1,-1,-1
433,42,665.64,446.38,82.15,257.41,0.4279,-1,-1,-1
433,46,544.38,442.70,142.99,313.76,0.6755,-1,-1,-1
433,49,395.67,440.66,107.69,306.58,0.6758,-1,-1,-1
433,58,1452.79,302.95,466.94,719.43,0.7825,-1,-1,-1
433,51,834.63,439.33,46.71,154.82,0.5941,-1,-1,-1
433,59,1266.23,417.99,93.46,259.82,0.3203,-1,-1,-1
433,54,1182.74,415.92,148.86,392.93,0.6530,-1,-1,-1
434,18,1076.29,403.56,159.21,557.94,0.4807,-1,-1,-1
434,3,1076.29,403.56,159.21,557.94,0.4807,-1,-1,-1
434,22,981.45,424.56,132.96,513.01,0.6459,-1,-1,-1
434,39,738.06,420.86,117.74,304.82,0.6929,-1,-1,-1
434,42,669.43,449.11,85.03,254.11,0.3934,-1,-1,-1
434,46,547.67,445.24,142.52,311.34,0.7776,-1,-1,-1
434,49,403.23,440.57,106.61,306.19,0.6798,-1,-1,-1
434,58,1406.82,302.61,497.37,716.94,0.7360,-1,-1,-1
434,59,1271.33,418.57,93.38,289.94,0.4047,-1,-1,-1
434,54,1190.09,410.87,130.32,331.06,0.4763,-1,-1,-1
435,18,1082.05,404.93,160.50,439.74,0.6283,-1,-1,-1
435,3,1082.05,404.93,160.50,439.74,0.6283,-1,-1,-1
435,22,983.80,419.36,136.26,495.86,0.7013,-1,-1,-1
435,39,743.54,422.62,112.26,301.93,0.6936,-1,-1,-1
435,42,683.84,437.71,78.59,266.29,0.5194,-1,-1,-1
435,46,548.61,445.09,145.14,311.38,0.7964,-1,-1,-1
435,49,412.77,437.78,106.20,309.81,0.7638,-1,-1,-1
435,58,1365.34,306.08,482.10,708.11,0.4046,-1,-1,-1
435,59,1277.53,418.94,92.83,299.07,0.5558,-1,-1,-1
435,54,1194.00,407.43,126.16,301.35,0.6193,-1,-1,-1
436,18,1087.48,410.67,162.23,415.34,0.6638,-1,-1,-1
436,3,1087.48,410.67,162.23,415.34,0.6638,-1,-1,-1
436,22,993.94,419.06,133.83,421.47,0.6380,-1,-1,-1
436,39,751.26,424.40,105.30,297.39,0.6579,-1,-1,-1
436,42,696.27,437.13,75.84,270.81,0.4678,-1,-1,-1
436,46,547.47,441.70,147.88,314.49,0.7811,-1,-1,-1
436,49,416.79,435.05,111.51,313.42,0.7577,-1,-1,-1
436,58,1312.72,310.22,471.29,704.37,0.8367,-1,-1,-1
436,54,1195.89,409.00,128.87,365.90,0.5993,-1,-1,-1
437,18,1094.07,404.43,158.54,428.08,0.6946,-1,-1,-1
437,3,1094.07,404.43,158.54,428.08,0.6946,-1,-1,-1
437,22,997.64,419.87,135.55,403.56,0.6819,-1,-1,-1
437,39,757.61,417.43,99.44,302.22,0.5580,-1,-1,-1
437,42,706.87,433.22,74.80,275.95,0.4899,-1,-1,-1
437,46,548.21,440.58,148.73,316.64,0.7786,-1,-1,-1
437,49,417.82,437.87,116.50,312.75,0.7784,-1,-1,-1
437,58,1225.94,317.60,489.11,702.35,0.8100,-1,-1,-1
437,54,1200.61,407.16,130.89,323.83,0.5371,-1,-1,-1
438,18,1099.15,396.61,157.31,445.24,0.8134,-1,-1,-1
438,3,1099.15,396.61,157.31,445.24,0.8134,-1,-1,-1
438,22,1000.87,422.27,135.77,405.62,0.6853,-1,-1,-1
438,39,767.67,415.99,91.22,303.07,0.5372,-1,-1,-1
438,42,710.51,430.84,81.42,279.14,0.5456,-1,-1,-1
438,46,549.18,441.61,149.22,312.91,0.7818,-1,-1,-1
438,49,421.05,434.30,119.38,316.45,0.8084,-1,-1,-1
438,58,1193.55,326.25,449.08,700.62,0.7236,-1,-1,-1
439,18,1101.87,419.93,153.96,429.83,0.5197,-1,-1,-1
439,3,1101.87,419.93,153.96,429.83,0.5197,-1,-1,-1
439,22,1000.12,421.65,139.99,419.96,0.7037,-1,-1,-1
439,39,772.14,430.72,89.10,287.22,0.5450,-1,-1,-1
439,42,711.91,435.04,85.53,276.15,0.4646,-1,-1,-1
439,46,551.28,439.88,148.22,314.39,0.7886,-1,-1,-1
439,49,424.18,438.42,124.03,309.55,0.7613,-1,-1,-1
439,58,1156.23,333.16,416.46,701.68,0.7659,-1,-1,-1
440,22,999.37,423.37,146.16,435.21,0.7762,-1,-1,-1
440,39,773.80,439.62,87.99,277.24,0.5944,-1,-1,-1
440,42,712.73,437.94,84.85,273.19,0.5270,-1,-1,-1
440,46,552.22,440.99,147.87,313.35,0.7763,-1,-1,-1
440,49,428.55,438.38,124.39,306.46,0.7012,-1,-1,-1
440,58,1104.47,348.99,398.00,686.41,0.7238,-1,-1,-1
440,60,1832.83,466.16,64.12,179.65,0.3989,-1,-1,-1
441,22,999.93,431.43,139.54,406.65,0.4520,-1,-1,-1
441,39,776.64,436.68,86.13,276.10,0.5562,-1,-1,-1
441,42,713.34,445.25,95.90,266.35,0.5519,-1,-1,-1
441,46,553.16,441.37,146.60,312.71,0.7465,-1,-1,-1
441,49,436.16,438.77,118.14,302.35,0.6941,-1,-1,-1
441,58,1051.23,358.14,379.80,673.60,0.7454,-1,-1,-1
441,60,1833.43,466.63,67.95,181.38,0.3938,-1,-1,-1
441,59,1314.10,428.18,136.39,324.05,0.6897,-1,-1,-1
442,39,778.88,431.93,87.21,278.37,0.5503,-1,-1,-1
442,42,713.60,448.22,109.21,263.95,0.5442,-1,-1,-1
442,46,560.44,439.95,139.83,310.76,0.7648,-1,-1,-1
442,49,442.60,437.55,111.26,307.38,0.7016,-1,-1,-1
442,58,1005.01,364.70,362.64,660.10,0.7878,-1,-1,-1
442,60,1834.30,466.35,66.24,181.54,0.3556,-1,-1,-1
442,59,1310.08,432.16,149.54,325.33,0.7323,-1,-1,-1
443,39,784.27,429.27,82.17,281.19,0.6336,-1,-1,-1
443,42,712.84,444.92,115.02,266.79,0.5382,-1,-1,-1
443,46,566.85,438.83,134.23,310.71,0.7924,-1,-1,-1
443,49,450.10,440.33,106.03,302.52,0.7208,-1,-1,-1
443,58,960.50,364.66,351.40,654.05,0.8118,-1,-1,-1
443,59,1313.05,433.33,151.03,326.69,0.6966,-1,-1,-1
443,54,1230.39,427.31,122.08,400.74,0.6215,-1,-1,-1
444,39,787.49,431.38,84.17,279.06,0.5048,-1,-1,-1
444,42,712.19,444.26,128.42,267.00,0.6009,-1,-1,-1
444,46,578.60,437.38,122.59,308.50,0.7422,-1,-1,-1
444,49,460.86,436.92,99.67,303.75,0.7615,-1,-1,-1
444,58,917.47,363.54,338.48,651.41,0.8119,-1,-1,-1
444,59,1315.94,434.08,148.50,329.41,0.6586,-1,-1,-1
444,54,1234.98,429.93,121.93,414.09,0.5343,-1,-1,-1
445,39,785.95,436.92,89.33,275.39,0.4935,-1,-1,-1
445,42,712.43,446.12,107.68,263.10,0.4065,-1,-1,-1
445,46,587.30,438.37,114.20,305.97,0.7537,-1,-1,-1
445,49,468.53,434.95,99.59,300.70,0.7637,-1,-1,-1
445,58,876.36,354.23,338.37,657.24,0.7799,-1,-1,-1
445,59,1324.83,434.50,139.52,328.56,0.7320,-1,-1,-1
445,54,1238.07,429.59,127.55,391.91,0.4143,-1,-1,-1
445,3,1140.24,409.12,205.16,504.42,0.5776,-1,-1,-1
446,39,790.70,429.58,88.13,282.02,0.5697,-1,-1,-1
446,42,713.40,451.13,109.25,257.91,0.4557,-1,-1,-1
446,46,603.46,439.05,98.85,303.25,0.6861,-1,-1,-1
446,49,470.88,434.76,104.03,294.47,0.7238,-1,-1,-1
446,58,842.82,345.78,329.21,654.86,0.7783,-1,-1,-1
446,59,1333.60,433.79,129.95,329.20,0.7021,-1,-1,-1
446,54,1240.49,428.68,127.80,406.58,0.5226,-1,-1,-1
446,3,1138.85,421.34,201.59,592.95,0.7613,-1,-1,-1
446,60,1832.52,469.17,70.15,178.90,0.3421,-1,-1,-1
447,42,716.86,451.83,105.65,255.90,0.3887,-1,-1,-1
447,46,610.51,433.83,95.91,307.93,0.6741,-1,-1,-1
447,49,474.07,430.09,105.75,296.39,0.6803,-1,-1,-1
447,58,801.50,336.53,333.04,654.47,0.7771,-1,-1,-1
447,59,1340.74,432.64,123.25,329.70,0.6697,-1,-1,-1
447,54,1238.01,423.43,128.47,418.96,0.3063,-1,-1,-1
447,3,1137.30,416.36,197.03,636.58,0.7873,-1,-1,-1
447,22,1064.61,420.12,116.44,360.00,0.4644,-1,-1,-1
448,42,724.23,444.96,122.63,263.60,0.4303,-1,-1,-1
448,46,606.80,434.52,104.27,308.46,0.6101,-1,-1,-1
448,49,483.26,433.75,102.52,285.53,0.5916,-1,-1,-1
448,58,766.39,333.33,334.13,646.55,0.7759,-1,-1,-1
448,59,1346.43,424.73,119.98,339.25,0.7814,-1,-1,-1
448,54,1242.93,422.18,126.70,381.18,0.3773,-1,-1,-1
448,3,1139.23,418.69,198.52,650.47,0.7722,-1,-1,-1
448,22,1058.61,420.58,129.61,471.60,0.5311,-1,-1,-1
449,46,625.29,434.64,94.14,308.17,0.5874,-1,-1,-1
449,49,485.31,435.89,105.36,284.01,0.7037,-1,-1,-1
449,58,730.23,332.27,333.46,646.38,0.7287,-1,-1,-1
449,59,1350.59,422.70,116.70,340.72,0.7497,-1,-1,-1
449,54,1245.76,418.43,123.10,345.42,0.5084,-1,-1,-1
449,3,1142.78,423.65,192.75,649.58,0.7314,-1,-1,-1
449,22,1042.52,419.95,147.17,514.08,0.7966,-1,-1,-1
449,60,1831.27,469.84,72.64,178.97,0.3398,-1,-1,-1
450,46,635.10,434.81,87.50,303.40,0.6563,-1,-1,-1
450,49,486.82,435.70,106.18,285.37,0.6975,-1,-1,-1
450,58,696.33,335.53,330.35,635.79,0.7555,-1,-1,-1
450,59,1353.24,421.78,119.10,340.85,0.7534,-1,-1,-1
450,3,1143.93,420.45,211.04,651.46,0.8130,-1,-1,-1
450,22,1037.89,415.29,155.63,540.62,0.7713,-1,-1,-1
450,64,283.56,518.94,89.32,128.41,0.3437,-1,-1,-1
450,60,1831.80,468.92,74.70,179.87,0.3363,-1,-1,-1
451,46,645.44,438.10,80.75,299.99,0.6604,-1,-1,-1
451,49,489.81,434.43,118.87,289.24,0.6361,-1,-1,-1
451,58,661.15,339.39,332.62,638.73,0.7198,-1,-1,-1
451,59,1353.59,419.21,124.72,345.35,0.7246,-1,-1,-1
451,3,1136.60,418.76,248.91,654.55,0.8122,-1,-1,-1
451,22,1037.68,412.43,158.70,552.01,0.7838,-1,-1,-1
452,49,490.14,433.84,127.88,289.83,0.7219,-1,-1,-1
452,58,634.70,346.70,323.56,635.86,0.7180,-1,-1,-1
452,59,1358.93,418.40,127.15,346.90,0.7818,-1,-1,-1
452,3,1106.92,417.13,298.05,656.19,0.7166,-1,-1,-1
452,22,1040.67,413.46,159.83,553.32,0.7964,-1,-1,-1
453,49,496.98,436.57,124.98,286.44,0.7188,-1,-1,-1
453,58,586.95,357.99,347.05,669.54,0.5707,-1,-1,-1
453,59,1365.82,418.17,125.27,346.85,0.8156,-1,-1,-1
453,3,1135.51,416.73,296.44,651.64,0.8061,-1,-1,-1
453,22,1046.47,414.07,153.83,550.84,0.7942,-1,-1,-1
454,49,505.37,437.70,110.48,284.66,0.7777,-1,-1,-1
454,58,542.17,368.11,362.08,657.23,0.6758,-1,-1,-1
454,59,1370.24,418.07,126.11,349.48,0.8173,-1,-1,-1
454,3,1144.54,411.36,304.10,661.62,0.7928,-1,-1,-1
454,22,1048.65,415.03,155.70,546.52,0.7736,-1,-1,-1
454,39,820.74,423.07,69.73,271.60,0.4586,-1,-1,-1
455,49,514.38,449.71,93.79,268.28,0.6644,-1,-1,-1
455,58,499.04,384.28,369.96,632.23,0.6463,-1,-1,-1
455,59,1373.31,418.84,128.73,349.53,0.8218,-1,-1,-1
455,3,1149.02,417.62,305.32,660.65,0.6944,-1,-1,-1
455,22,1052.18,417.56,168.23,546.85,0.7719,-1,-1,-1
455,39,820.58,421.38,74.79,282.99,0.6243,-1,-1,-1
456,58,460.49,391.87,376.34,647.88,0.7137,-1,-1,-1
456,59,1376.77,419.91,130.92,353.16,0.8205,-1,-1,-1
456,3,1151.04,422.05,310.97,658.82,0.7536,-1,-1,-1
456,22,1056.16,419.65,169.98,545.51,0.7770,-1,-1,-1
456,39,814.26,420.02,86.19,287.92,0.6009,-1,-1,-1
457,58,412.02,395.60,384.77,650.73,0.6902,-1,-1,-1
457,59,1379.38,420.63,134.74,357.23,0.8445,-1,-1,-1
457,3,1152.49,415.06,299.77,664.89,0.8217,-1,-1,-1
457,22,1061.09,420.59,167.25,545.49,0.8046,-1,-1,-1
457,39,809.04,414.09,95.29,294.74,0.6770,-1,-1,-1
458,58,375.39,394.08,391.73,668.68,0.7600,-1,-1,-1
458,59,1386.22,421.81,134.87,359.35,0.8283,-1,-1,-1
458,3,1153.39,414.86,304.01,664.29,0.8417,-1,-1,-1
458,22,1068.12,419.69,161.62,542.83,0.8035,-1,-1,-1
458,39,808.90,415.82,97.59,292.50,0.6683,-1,-1,-1
458,69,220.84,517.96,94.14,117.48,0.3976,-1,-1,-1
458,46,686.51,441.21,84.70,288.99,0.4744,-1,-1,-1
459,58,340.02,390.46,395.80,680.93,0.8362,-1,-1,-1
459,59,1391.48,423.62,144.71,361.42,0.8376,-1,-1,-1
459,3,1154.90,413.95,314.71,665.12,0.8262,-1,-1,-1
459,22,1076.62,418.02,155.18,546.02,0.7691,-1,-1,-1
459,39,816.54,419.96,88.16,285.22,0.5958,-1,-1,-1
459,69,211.24,520.88,95.91,124.07,0.3776,-1,-1,-1
459,46,687.15,443.76,104.50,289.03,0.4850,-1,-1,-1
460,58,302.33,388.30,405.40,679.34,0.6899,-1,-1,-1
460,59,1397.48,424.08,156.57,363.45,0.8442,-1,-1,-1
460,3,1157.91,412.20,312.23,664.93,0.8467,-1,-1,-1
460,22,1085.94,418.39,151.94,548.14,0.7160,-1,-1,-1
460,39,821.25,424.84,87.96,277.37,0.5358,-1,-1,-1
460,69,202.96,521.73,95.52,117.53,0.4012,-1,-1,-1
460,46,677.31,441.80,122.83,292.41,0.6854,-1,-1,-1
461,58,273.96,375.00,404.39,699.25,0.8003,-1,-1,-1
461,59,1401.18,425.70,163.97,364.81,0.8541,-1,-1,-1
461,3,1160.06,410.92,310.52,667.87,0.8625,-1,-1,-1
461,22,1093.87,421.29,153.66,554.60,0.7200,-1,-1,-1
461,39,818.69,418.07,96.85,283.42,0.5836,-1,-1,-1
461,46,662.06,440.03,142.00,296.37,0.7393,-1,-1,-1
462,58,250.46,370.36,394.31,704.73,0.7397,-1,-1,-1
462,59,1403.60,426.62,167.36,366.46,0.8143,-1,-1,-1
462,3,1158.49,405.67,313.56,672.48,0.8677,-1,-1,-1
462,22,1097.69,420.13,157.92,557.03,0.7253,-1,-1,-1
462,39,813.30,413.78,102.81,288.89,0.6101,-1,-1,-1
462,46,665.22,439.87,137.00,297.03,0.6872,-1,-1,-1
462,49,563.77,434.81,88.72,276.11,0.5652,-1,-1,-1
463,58,245.37,363.89,379.98,710.71,0.7771,-1,-1,-1
463,59,1405.51,430.74,171.03,367.17,0.8298,-1,-1,-1
463,3,1160.82,403.34,310.66,674.87,0.8029,-1,-1,-1
463,22,1102.06,417.32,157.42,558.37,0.7720,-1,-1,-1
463,39,810.53,411.59,109.29,291.09,0.5920,-1,-1,-1
463,46,672.22,439.23,125.07,296.19,0.6761,-1,-1,-1
463,49,566.66,432.87,92.29,277.20,0.6990,-1,-1,-1
463,51,774.37,446.61,46.95,140.88,0.4124,-1,-1,-1
464,58,221.27,362.32,384.53,709.61,0.8106,-1,-1,-1
464,59,1413.48,427.86,165.71,372.90,0.8491,-1,-1,-1
464,3,1167.20,402.47,303.26,674.59,0.7733,-1,-1,-1
464,22,1104.75,413.43,161.92,564.62,0.7737,-1,-1,-1
464,39,809.51,411.63,114.66,292.25,0.6272,-1,-1,-1
464,46,680.77,438.46,116.63,293.21,0.6795,-1,-1,-1
464,49,572.04,432.48,91.98,275.40,0.6911,-1,-1,-1
464,51,773.05,445.98,46.71,140.25,0.5113,-1,-1,-1
465,58,196.31,361.79,392.56,708.36,0.7805,-1,-1,-1
465,59,1421.83,424.77,158.17,378.55,0.8434,-1,-1,-1
465,3,1183.31,402.20,286.24,676.87,0.8305,-1,-1,-1
465,22,1108.48,416.34,159.30,561.79,0.7681,-1,-1,-1
465,39,817.27,412.23,108.45,292.07,0.6247,-1,-1,-1
465,46,685.91,438.96,112.82,292.19,0.6257,-1,-1,-1
465,49,568.26,431.20,99.73,276.36,0.6824,-1,-1,-1
466,58,160.28,365.70,396.75,706.51,0.7512,-1,-1,-1
466,59,1432.85,421.83,147.05,383.15,0.8452,-1,-1,-1
466,3,1195.55,402.96,274.79,675.73,0.8111,-1,-1,-1
466,22,1107.84,420.31,164.92,555.57,0.7780,-1,-1,-1
466,39,822.63,409.54,106.24,295.74,0.6689,-1,-1,-1
466,46,704.65,438.74,107.51,291.46,0.6392,-1,-1,-1
466,49,564.62,430.43,106.32,277.96,0.6876,-1,-1,-1
466,70,512.04,448.76,75.04,192.24,0.3959,-1,-1,-1
467,58,130.55,369.55,401.47,703.22,0.8522,-1,-1,-1
467,59,1447.75,421.09,135.44,385.67,0.8038,-1,-1,-1
467,3,1216.52,404.82,259.50,667.20,0.7283,-1,-1,-1
467,22,1109.20,423.41,172.17,553.73,0.7318,-1,-1,-1
467,39,827.63,407.09,100.08,299.77,0.6762,-1,-1,-1
467,46,718.54,439.93,97.63,291.22,0.6677,-1,-1,-1
467,49,568.43,428.75,103.83,280.01,0.6893,-1,-1,-1
467,70,502.31,456.97,78.72,182.31,0.3558,-1,-1,-1
468,58,113.66,372.23,390.77,701.84,0.8186,-1,-1,-1
468,59,1459.76,416.36,131.40,389.13,0.8169,-1,-1,-1
468,3,1239.64,405.79,243.39,654.46,0.6305,-1,-1,-1
468,22,1112.74,422.63,175.74,563.57,0.7795,-1,-1,-1
468,39,830.91,406.43,96.70,299.43,0.6698,-1,-1,-1
468,46,713.35,439.38,101.38,292.23,0.6097,-1,-1,-1
468,49,572.46,432.13,99.19,273.31,0.6993,-1,-1,-1
469,58,78.68,379.76,388.02,689.60,0.7244,-1,-1,-1
469,59,1471.63,414.32,123.26,391.24,0.7869,-1,-1,-1
469,3,1253.71,403.46,242.56,665.48,0.7888,-1,-1,-1
469,22,1116.59,422.02,173.40,574.93,0.7761,-1,-1,-1
469,39,833.83,406.70,93.21,299.32,0.6881,-1,-1,-1
469,46,711.53,437.53,106.06,294.15,0.6237,-1,-1,-1
469,49,575.92,435.29,97.38,269.54,0.7129,-1,-1,-1
469,70,492.43,459.06,82.07,191.61,0.3594,-1,-1,-1
470,58,49.49,388.91,391.91,679.37,0.7810,-1,-1,-1
470,59,1481.39,412.31,119.44,391.67,0.8238,-1,-1,-1
470,3,1270.46,406.18,236.21,667.13,0.6369,-1,-1,-1
470,22,1123.10,421.93,178.55,583.93,0.7600,-1,-1,-1
470,39,833.81,407.80,92.36,299.40,0.7193,-1,-1,-1
470,46,712.86,437.36,118.75,292.60,0.6111,-1,-1,-1
470,49,579.65,438.95,95.12,267.66,0.7074,-1,-1,-1
470,70,488.47,470.86,75.80,176.53,0.3076,-1,-1,-1
471,58,19.03,395.44,408.67,673.36,0.8290,-1,-1,-1
471,59,1489.75,410.22,116.55,393.26,0.8150,-1,-1,-1
471,3,1288.68,402.28,213.75,672.65,0.5590,-1,-1,-1
471,22,1129.99,421.51,173.15,588.36,0.7700,-1,-1,-1
471,39,837.77,413.38,89.83,292.71,0.7534,-1,-1,-1
471,46,720.22,436.54,126.55,294.99,0.5880,-1,-1,-1
471,49,581.77,446.07,94.78,262.72,0.6974,-1,-1,-1
471,72,409.46,492.69,67.82,128.64,0.3659,-1,-1,-1
472,58,-3.49,400.41,401.93,668.92,0.7815,-1,-1,-1
472,59,1494.85,409.43,118.04,395.68,0.8303,-1,-1,-1
472,3,1289.92,399.83,207.61,674.01,0.6524,-1,-1,-1
472,22,1133.84,418.21,178.58,593.68,0.8041,-1,-1,-1
472,39,838.61,413.31,89.10,292.03,0.7320,-1,-1,-1
472,46,734.20,433.78,123.35,297.66,0.6420,-1,-1,-1
472,49,584.40,445.70,96.19,262.85,0.7324,-1,-1,-1
472,72,408.57,487.67,63.41,136.46,0.4036,-1,-1,-1
472,70,484.16,472.42,64.37,167.50,0.3516,-1,-1,-1
473,58,-11.72,402.50,397.22,665.03,0.6126,-1,-1,-1
473,59,1500.38,410.18,118.93,393.22,0.8032,-1,-1,-1
473,3,1310.55,399.73,201.26,669.37,0.6605,-1,-1,-1
473,22,1138.54,421.21,171.64,590.68,0.7920,-1,-1,-1
473,39,840.21,416.20,89.69,289.22,0.6996,-1,-1,-1
473,46,740.51,435.37,120.56,295.16,0.6713,-1,-1,-1
473,49,587.22,441.47,97.50,267.03,0.7312,-1,-1,-1
473,72,409.92,487.93,54.24,128.06,0.3562,-1,-1,-1
473,70,470.82,474.05,71.96,174.39,0.3501,-1,-1,-1
474,58,-13.76,400.95,365.90,670.49,0.5810,-1,-1,-1
474,59,1503.92,410.86,123.82,392.24,0.7790,-1,-1,-1
474,3,1324.38,400.16,201.14,666.29,0.7220,-1,-1,-1
474,22,1143.80,421.65,166.97,590.11,0.8018,-1,-1,-1
474,39,839.34,414.76,86.08,290.04,0.6266,-1,-1,-1
474,46,741.26,437.98,120.14,291.60,0.6544,-1,-1,-1
474,49,589.89,440.08,98.21,267.94,0.7399,-1,-1,-1
474,70,453.23,475.03,88.97,181.57,0.3844,-1,-1,-1
475,58,-12.39,398.78,347.82,674.17,0.7316,-1,-1,-1
475,59,1508.07,410.36,130.58,392.61,0.7779,-1,-1,-1
475,3,1326.63,401.57,205.81,665.71,0.7499,-1,-1,-1
475,22,1147.57,421.95,167.25,589.92,0.8159,-1,-1,-1
475,39,845.71,415.94,88.80,287.60,0.5157,-1,-1,-1
475,46,743.14,436.73,118.66,293.30,0.6519,-1,-1,-1
475,49,592.73,441.59,98.71,265.82,0.7368,-1,-1,-1
475,70,453.65,475.43,85.93,186.63,0.3707,-1,-1,-1
476,58,-10.86,395.59,258.28,678.67,0.6808,-1,-1,-1
476,59,1513.55,410.32,148.98,394.28,0.7642,-1,-1,-1
476,3,1329.63,398.25,211.97,672.80,0.6649,-1,-1,-1
476,22,1149.83,421.44,167.20,590.21,0.8125,-1,-1,-1
476,39,847.36,415.90,81.41,287.85,0.5622,-1,-1,-1
476,46,745.23,435.47,117.32,294.94,0.7025,-1,-1,-1
476,49,595.57,444.48,101.03,261.54,0.7937,-1,-1,-1
476,70,442.87,478.21,89.46,184.07,0.5370,-1,-1,-1
477,58,-6.66,390.79,284.10,680.66,0.7580,-1,-1,-1
477,59,1517.32,410.77,166.57,398.92,0.8307,-1,-1,-1
477,3,1334.92,397.24,199.13,664.58,0.3948,-1,-1,-1
477,22,1151.58,421.04,170.54,590.69,0.8249,-1,-1,-1
477,39,847.43,416.58,76.24,286.00,0.5511,-1,-1,-1
477,46,746.16,437.16,115.62,293.54,0.7037,-1,-1,-1
477,49,600.39,444.74,100.33,260.76,0.7689,-1,-1,-1
477,70,432.38,475.14,92.60,187.98,0.4268,-1,-1,-1
478,58,-6.88,385.30,212.04,686.92,0.5002,-1,-1,-1
478,59,1523.62,408.44,181.06,401.28,0.8254,-1,-1,-1
478,3,1338.25,398.45,202.14,660.20,0.6547,-1,-1,-1
478,22,1157.47,420.95,169.14,590.58,0.8176,-1,-1,-1
478,39,848.96,415.45,74.83,286.52,0.4785,-1,-1,-1
478,46,747.91,437.57,112.85,294.39,0.6292,-1,-1,-1
478,49,611.86,445.37,93.32,258.58,0.6871,-1,-1,-1
478,70,422.51,474.88,97.38,190.39,0.4639,-1,-1,-1
478,75,1307.62,418.50,86.68,511.86,0.4109,-1,-1,-1
478,42,852.69,426.84,143.67,270.17,0.3466,-1,-1,-1
479,58,-3.36,382.91,243.16,687.05,0.7234,-1,-1,-1
479,59,1530.01,409.46,193.93,404.25,0.8489,-1,-1,-1
479,3,1344.79,398.14,212.21,669.30,0.7495,-1,-1,-1
479,22,1162.42,420.11,168.49,590.82,0.8018,-1,-1,-1
479,39,851.41,413.88,70.20,286.41,0.5211,-1,-1,-1
479,46,755.76,438.55,106.31,293.50,0.6162,-1,-1,-1
479,49,609.89,444.26,100.52,258.91,0.6598,-1,-1,-1
479,75,1316.28,413.34,93.90,529.70,0.4302,-1,-1,-1
479,42,884.01,432.89,118.80,259.19,0.4772,-1,-1,-1
480,58,-3.69,389.08,170.37,684.06,0.4813,-1,-1,-1
480,59,1536.63,413.11,199.64,407.90,0.8581,-1,-1,-1
480,3,1347.77,401.74,227.03,670.28,0.8133,-1,-1,-1
480,22,1167.40,416.88,164.52,594.07,0.8099,-1,-1,-1
480,39,851.96,412.84,69.81,287.09,0.5734,-1,-1,-1
480,46,762.75,439.64,100.05,291.14,0.6537,-1,-1,-1
480,49,618.13,438.88,93.38,262.04,0.6067,-1,-1,-1
480,75,1324.01,411.95,92.64,541.76,0.4562,-1,-1,-1
480,42,896.83,436.03,109.95,251.22,0.5403,-1,-1,-1
481,58,-1.68,406.41,205.30,665.90,0.7645,-1,-1,-1
481,59,1542.23,417.88,203.76,406.97,0.8465,-1,-1,-1
481,3,1349.60,399.16,243.71,677.12,0.8271,-1,-1,-1
481,22,1172.86,418.17,164.21,591.89,0.8078,-1,-1,-1
481,39,853.21,413.18,67.86,286.17,0.5501,-1,-1,-1
481,46,772.71,440.19,96.00,285.61,0.6074,-1,-1,-1
481,49,625.48,435.91,93.27,263.73,0.6053,-1,-1,-1
481,75,1328.84,408.31,89.71,554.42,0.4036,-1,-1,-1
481,42,902.82,438.98,104.97,245.40,0.6206,-1,-1,-1
481,70,407.21,478.66,85.60,186.46,0.5253,-1,-1,-1
482,58,-2.15,453.12,199.31,619.00,0.7653,-1,-1,-1
482,59,1547.74,418.84,205.80,409.17,0.8342,-1,-1,-1
482,3,1354.54,396.78,254.27,680.67,0.8518,-1,-1,-1
482,22,1177.24,418.64,163.68,593.56,0.7923,-1,-1,-1
482,39,854.50,413.58,66.64,283.95,0.5274,-1,-1,-1
482,46,780.53,439.02,92.38,283.80,0.5780,-1,-1,-1
482,49,630.67,434.79,90.33,265.35,0.5743,-1,-1,-1
482,75,1330.79,406.95,96.26,550.57,0.3443,-1,-1,-1
482,42,906.43,442.99,102.60,240.13,0.6701,-1,-1,-1
482,70,404.44,477.76,83.65,191.72,0.4586,-1,-1,-1
483,58,-2.09,500.05,186.29,569.81,0.7406,-1,-1,-1
483,59,1555.13,418.81,199.73,412.70,0.8250,-1,-1,-1
483,3,1358.78,394.70,263.18,682.17,0.8303,-1,-1,-1
483,22,1183.46,418.32,161.54,593.70,0.7921,-1,-1,-1
483,39,855.83,415.46,66.75,283.82,0.5257,-1,-1,-1
483,46,792.73,437.09,82.42,287.82,0.6376,-1,-1,-1
483,49,629.29,433.96,96.85,264.13,0.6327,-1,-1,-1
483,75,1332.26,401.76,102.23,558.56,0.3954,-1,-1,-1
483,42,909.87,445.23,98.18,237.39,0.6587,-1,-1,-1
483,70,398.73,476.55,88.28,193.20,0.4890,-1,-1,-1
484,58,-1.33,544.39,166.04,453.13,0.3851,-1,-1,-1
484,59,1563.18,416.80,193.72,418.52,0.8201,-1,-1,-1
484,3,1360.61,393.93,272.29,683.86,0.8719,-1,-1,-1
484,22,1188.97,417.63,161.23,595.00,0.7865,-1,-1,-1
484,39,858.15,428.19,65.79,276.01,0.5179,-1,-1,-1
484,46,797.70,437.82,78.14,289.74,0.6639,-1,-1,-1
484,49,632.04,435.07,101.07,261.86,0.6610,-1,-1,-1
484,75,1335.94,406.03,101.65,556.94,0.4192,-1,-1,-1
484,42,912.76,445.72,94.90,237.69,0.6469,-1,-1,-1
484,70,385.56,475.97,99.90,195.26,0.4704,-1,-1,-1
485,58,-1.05,564.99,146.24,487.67,0.4271,-1,-1,-1
485,59,1573.61,411.96,185.10,425.88,0.8341,-1,-1,-1
485,3,1361.20,395.54,278.54,681.52,0.8583,-1,-1,-1
485,22,1193.99,419.68,162.73,593.53,0.7824,-1,-1,-1
485,39,861.34,425.87,61.17,272.36,0.4635,-1,-1,-1
485,46,801.12,438.78,83.14,286.60,0.6593,-1,-1,-1
485,49,631.76,434.97,110.72,261.81,0.6943,-1,-1,-1
485,75,1338.36,418.28,101.57,542.88,0.5446,-1,-1,-1
485,42,913.89,442.85,94.34,239.49,0.6726,-1,-1,-1
485,70,368.82,477.01,110.70,198.42,0.3601,-1,-1,-1
486,58,-0.50,580.20,118.99,426.91,0.5663,-1,-1,-1
486,59,1582.54,412.51,178.37,427.16,0.8341,-1,-1,-1
486,3,1360.76,397.14,283.77,679.29,0.8410,-1,-1,-1
486,22,1199.02,419.89,163.22,592.82,0.7751,-1,-1,-1
486,39,864.55,430.05,59.55,254.12,0.3589,-1,-1,-1
486,46,802.23,438.43,94.64,286.08,0.5737,-1,-1,-1
486,49,632.87,434.64,118.42,262.19,0.7173,-1,-1,-1
486,75,1339.61,415.53,105.42,548.42,0.6095,-1,-1,-1
486,42,913.23,441.66,94.12,239.88,0.6952,-1,-1,-1
486,70,357.53,478.77,107.33,193.28,0.3234,-1,-1,-1
487,58,-0.29,554.86,94.51,436.70,0.4690,-1,-1,-1
487,59,1590.22,415.59,169.80,424.93,0.7868,-1,-1,-1
487,3,1361.86,397.09,283.54,679.03,0.8440,-1,-1,-1
487,22,1201.64,419.07,175.43,593.74,0.7743,-1,-1,-1
487,39,863.87,429.91,61.36,261.19,0.4240,-1,-1,-1
487,46,804.08,437.76,92.97,285.47,0.4834,-1,-1,-1
487,49,633.80,435.23,125.42,261.37,0.6715,-1,-1,-1
487,75,1345.45,413.36,104.25,533.16,0.5808,-1,-1,-1
487,42,917.96,441.94,90.79,239.93,0.6623,-1,-1,-1
487,70,354.09,478.29,105.38,196.82,0.4779,-1,-1,-1
488,58,-0.01,628.25,71.46,339.17,0.5552,-1,-1,-1
488,59,1598.75,418.40,164.60,421.76,0.7699,-1,-1,-1
488,3,1361.75,400.25,287.84,675.87,0.8202,-1,-1,-1
488,22,1203.27,419.39,181.30,592.83,0.7828,-1,-1,-1
488,46,805.53,434.39,115.23,290.17,0.5742,-1,-1,-1
488,49,636.02,435.60,126.76,260.92,0.6710,-1,-1,-1
488,75,1349.15,416.97,106.04,514.11,0.5107,-1,-1,-1
488,42,921.08,447.74,88.62,233.95,0.5517,-1,-1,-1
488,70,348.39,475.90,106.03,201.91,0.4997,-1,-1,-1
489,59,1607.88,413.68,156.56,427.46,0.7385,-1,-1,-1
489,3,1362.28,395.51,291.30,677.83,0.7836,-1,-1,-1
489,22,1205.78,415.11,185.46,595.09,0.8259,-1,-1,-1
489,46,806.90,432.35,127.28,292.02,0.5577,-1,-1,-1
489,49,640.83,436.08,125.34,259.88,0.6969,-1,-1,-1
489,75,1351.17,421.67,109.98,485.81,0.5541,-1,-1,-1
489,42,923.79,442.15,87.82,238.99,0.6101,-1,-1,-1
489,70,339.84,460.52,102.00,219.67,0.5023,-1,-1,-1
489,79,-0.32,534.23,64.65,130.68,0.5445,-1,-1,-1
490,59,1615.96,412.48,146.97,431.19,0.7251,-1,-1,-1
490,3,1366.71,396.93,273.83,675.12,0.7402,-1,-1,-1
490,22,1205.84,416.59,187.89,594.74,0.7999,-1,-1,-1
490,46,807.05,435.68,133.97,288.65,0.5740,-1,-1,-1
490,49,643.37,435.51,124.74,261.87,0.7895,-1,-1,-1
490,75,1355.18,420.45,112.96,477.13,0.6088,-1,-1,-1
490,42,933.18,440.30,79.59,239.81,0.6203,-1,-1,-1
490,70,331.93,461.07,98.03,219.69,0.4945,-1,-1,-1
490,79,-0.47,542.07,53.14,113.74,0.3642,-1,-1,-1
491,59,1620.84,409.96,132.59,432.21,0.7346,-1,-1,-1
491,3,1369.19,399.70,259.49,669.82,0.6773,-1,-1,-1
491,22,1206.51,417.28,188.37,594.67,0.8064,-1,-1,-1
491,46,808.45,437.02,136.85,287.37,0.5216,-1,-1,-1
491,49,647.18,435.18,122.63,263.58,0.7900,-1,-1,-1
491,75,1361.33,421.16,114.39,471.05,0.5536,-1,-1,-1
491,42,944.76,437.45,71.31,241.01,0.5960,-1,-1,-1
491,70,321.59,482.94,101.35,199.26,0.4780,-1,-1,-1
492,59,1631.86,410.01,119.97,436.35,0.7176,-1,-1,-1
492,3,1370.40,396.91,243.50,669.72,0.4097,-1,-1,-1
492,22,1206.41,414.00,194.14,596.43,0.8152,-1,-1,-1
492,46,808.84,442.48,140.66,282.00,0.6620,-1,-1,-1
492,49,648.65,433.68,123.82,266.67,0.7629,-1,-1,-1
492,75,1366.82,414.62,120.82,468.32,0.5193,-1,-1,-1
492,42,953.27,439.19,70.09,238.59,0.6223,-1,-1,-1
492,70,315.68,482.86,97.61,200.27,0.5273,-1,-1,-1
492,81,723.72,444.58,46.86,131.82,0.3497,-1,-1,-1
492,82,565.74,440.67,32.40,89.77,0.3616,-1,-1,-1
492,79,-0.26,559.49,35.59,88.81,0.3531,-1,-1,-1
493,59,1636.78,410.02,121.12,435.08,0.6292,-1,-1,-1
493,3,1373.56,390.75,236.69,670.98,0.4869,-1,-1,-1
493,22,1206.85,415.95,198.26,594.20,0.8286,-1,-1,-1
493,46,810.19,445.42,142.14,278.52,0.6829,-1,-1,-1
493,49,652.00,439.39,120.93,262.31,0.7751,-1,-1,-1
493,75,1372.75,411.51,121.81,487.65,0.5316,-1,-1,-1
493,42,958.21,439.97,72.50,238.76,0.7031,-1,-1,-1
493,70,306.79,487.02,100.99,193.62,0.4884,-1,-1,-1
493,81,727.47,444.38,42.32,130.22,0.3644,-1,-1,-1
493,82,563.80,439.20,34.92,92.32,0.3344,-1,-1,-1
494,59,1637.42,410.02,129.77,411.47,0.6677,-1,-1,-1
494,3,1377.43,388.71,274.47,663.17,0.5180,-1,-1,-1
494,22,1207.03,419.23,205.18,590.89,0.8274,-1,-1,-1
494,46,810.93,446.39,144.28,278.46,0.7086,-1,-1,-1
494,49,654.60,441.51,119.81,260.52,0.7824,-1,-1,-1
494,75,1378.15,408.75,123.18,516.60,0.6195,-1,-1,-1
494,42,958.71,441.38,76.56,238.15,0.6503,-1,-1,-1
494,70,300.47,479.55,104.13,200.25,0.3908,-1,-1,-1
494,82,564.25,439.73,34.84,92.37,0.3148,-1,-1,-1
495,59,1638.51,406.78,153.64,442.30,0.6895,-1,-1,-1
495,3,1378.96,384.62,280.93,664.44,0.4671,-1,-1,-1
495,22,1207.73,420.63,212.15,590.42,0.8129,-1,-1,-1
495,46,817.40,443.64,137.92,280.76,0.6611,-1,-1,-1
495,49,655.45,438.50,118.49,263.40,0.7638,-1,-1,-1
495,75,1378.91,407.34,125.65,544.18,0.5707,-1,-1,-1
495,42,961.36,441.41,85.83,239.31,0.6571,-1,-1,-1
495,70,293.91,474.30,101.43,214.58,0.3283,-1,-1,-1
495,82,564.33,440.85,35.30,92.68,0.3334,-1,-1,-1
496,59,1639.30,404.09,174.65,455.48,0.5489,-1,-1,-1
496,3,1388.14,377.25,278.01,684.75,0.5879,-1,-1,-1
496,22,1208.24,419.96,219.11,591.59,0.8317,-1,-1,-1
496,46,821.79,441.01,134.66,284.80,0.6915,-1,-1,-1
496,49,657.50,437.90,116.02,264.08,0.7885,-1,-1,-1
496,75,1382.62,410.96,128.61,557.57,0.6451,-1,-1,-1
496,42,961.67,442.59,98.56,238.89,0.7258,-1,-1,-1
496,70,290.60,463.61,92.85,224.14,0.3672,-1,-1,-1
496,82,566.58,441.44,33.67,92.13,0.3881,-1,-1,-1
497,59,1645.26,404.94,162.85,468.10,0.7985,-1,-1,-1
497,3,1395.67,377.15,286.36,692.73,0.6581,-1,-1,-1
497,22,1209.30,420.26,223.47,590.85,0.8513,-1,-1,-1
497,46,828.90,441.86,127.83,285.61,0.7259,-1,-1,-1
497,49,663.05,435.06,109.60,267.21,0.7753,-1,-1,-1
497,75,1389.67,416.28,130.31,495.24,0.6557,-1,-1,-1
497,42,963.97,442.37,107.80,239.49,0.7295,-1,-1,-1
497,70,262.74,467.99,109.19,224.13,0.4456,-1,-1,-1
497,82,567.01,441.78,33.10,91.58,0.3742,-1,-1,-1
498,59,1651.44,408.09,160.28,468.41,0.7417,-1,-1,-1
498,3,1409.73,376.46,278.91,694.35,0.6664,-1,-1,-1
498,22,1213.11,418.26,223.36,592.91,0.8457,-1,-1,-1
498,46,838.20,442.91,119.02,283.68,0.6740,-1,-1,-1
498,49,669.30,433.01,102.25,269.30,0.7727,-1,-1,-1
498,75,1392.60,413.75,135.50,517.26,0.6491,-1,-1,-1
498,42,967.94,440.61,112.59,241.45,0.7347,-1,-1,-1
498,70,256.56,474.58,110.72,223.76,0.4525,-1,-1,-1
498,82,566.91,441.14,33.61,92.48,0.3975,-1,-1,-1
499,59,1654.77,406.65,190.74,470.70,0.8503,-1,-1,-1
499,3,1422.54,377.53,271.83,694.07,0.6697,-1,-1,-1
499,22,1220.12,415.75,216.07,596.14,0.8342,-1,-1,-1
499,46,851.18,442.87,106.61,284.95,0.6922,-1,-1,-1
499,49,673.27,435.30,98.31,266.12,0.7673,-1,-1,-1
499,75,1393.76,408.18,143.19,530.55,0.6543,-1,-1,-1
499,42,970.48,440.67,118.34,242.08,0.6934,-1,-1,-1
499,70,245.52,480.70,110.71,219.86,0.5419,-1,-1,-1
499,82,566.95,441.58,33.00,92.22,0.4062,-1,-1,-1
500,59,1661.25,410.49,206.01,473.43,0.8398,-1,-1,-1
500,3,1443.86,377.68,262.95,693.36,0.5744,-1,-1,-1
500,22,1228.50,416.45,209.73,596.07,0.7877,-1,-1,-1
500,46,856.25,439.69,102.92,286.82,0.6573,-1,-1,-1
500,49,676.20,433.97,96.08,267.05,0.7443,-1,-1,-1
500,75,1390.99,409.15,154.19,544.14,0.6753,-1,-1,-1
500,42,971.31,442.91,119.90,240.05,0.6812,-1,-1,-1
500,70,237.93,481.52,103.45,222.35,0.6096,-1,-1,-1
500,82,568.43,442.62,31.89,91.05,0.3343,-1,-1,-1
501,59,1671.78,415.15,218.02,472.43,0.8525,-1,-1,-1
501,3,1477.21,374.82,232.08,610.98,0.6149,-1,-1,-1
501,22,1239.77,414.71,202.15,598.35,0.7904,-1,-1,-1
501,46,859.04,438.15,102.83,287.40,0.6973,-1,-1,-1
501,49,682.40,433.83,91.22,266.33,0.6821,-1,-1,-1
501,75,1394.52,411.97,153.73,543.29,0.6827,-1,-1,-1
501,42,970.52,450.93,120.11,231.84,0.7061,-1,-1,-1
501,70,227.11,481.31,106.84,222.50,0.6252,-1,-1,-1
501,82,570.94,444.68,29.74,89.15,0.3189,-1,-1,-1
502,59,1683.25,415.22,217.27,474.35,0.8450,-1,-1,-1
502,3,1496.04,376.19,226.50,661.98,0.6088,-1,-1,-1
502,22,1252.97,414.85,195.59,599.38,0.7945,-1,-1,-1
502,46,861.57,439.37,104.05,286.60,0.6600,-1,-1,-1
502,49,691.85,435.42,83.41,263.77,0.6803,-1,-1,-1
502,75,1391.03,407.64,161.46,554.40,0.7125,-1,-1,-1
502,42,972.83,451.21,117.08,231.47,0.7310,-1,-1,-1
502,70,218.14,483.48,112.43,219.26,0.6029,-1,-1,-1
503,59,1691.91,413.53,215.61,480.67,0.8515,-1,-1,-1
503,3,1508.50,374.20,219.16,681.23,0.7242,-1,-1,-1
503,22,1276.47,411.34,178.62,605.15,0.7683,-1,-1,-1
503,46,866.97,439.91,104.97,285.70,0.6720,-1,-1,-1
503,49,691.58,434.50,86.85,265.29,0.7024,-1,-1,-1
503,75,1386.74,409.90,169.57,555.95,0.6208,-1,-1,-1
503,42,979.68,447.96,110.54,234.64,0.7171,-1,-1,-1
503,70,208.52,484.44,115.47,227.62,0.5350,-1,-1,-1
503,85,0.06,914.23,111.31,165.77,0.4017,-1,-1,-1
503,82,572.03,446.36,28.71,88.06,0.3440,-1,-1,-1
504,59,1698.56,411.37,218.36,492.19,0.8631,-1,-1,-1
504,3,1518.11,372.85,216.78,690.22,0.7103,-1,-1,-1
504,22,1292.61,411.66,168.53,607.04,0.8089,-1,-1,-1
504,46,873.43,440.69,105.77,284.07,0.5691,-1,-1,-1
504,49,692.33,435.04,88.38,265.31,0.6940,-1,-1,-1
504,75,1390.32,410.58,169.63,556.14,0.6960,-1,-1,-1
504,42,989.02,447.47,99.47,235.12,0.6553,-1,-1,-1
504,70,193.17,483.00,117.44,233.77,0.6444,-1,-1,-1
504,85,0.35,929.03,92.98,149.74,0.3487,-1,-1,-1
504,82,571.95,446.59,28.57,88.25,0.3985,-1,-1,-1
505,59,1708.73,408.01,212.24,500.69,0.8839,-1,-1,-1
505,3,1525.05,372.70,220.11,697.91,0.7674,-1,-1,-1
505,22,1302.48,410.43,165.45,613.41,0.8303,-1,-1,-1
505,46,882.19,442.93,114.15,280.46,0.5822,-1,-1,-1
505,49,693.48,436.21,90.61,264.82,0.7829,-1,-1,-1
505,75,1401.55,420.93,163.26,547.59,0.6584,-1,-1,-1
505,42,1000.16,453.39,87.32,229.48,0.6390,-1,-1,-1
505,70,182.12,482.78,113.62,235.30,0.6105,-1,-1,-1
505,82,572.07,448.48,28.47,86.28,0.4006,-1,-1,-1
505,87,866.09,426.60,61.09,280.87,0.4455,-1,-1,-1
506,59,1719.59,405.02,202.87,505.99,0.8848,-1,-1,-1
506,3,1529.64,372.03,218.74,701.23,0.7557,-1,-1,-1
506,22,1309.18,411.12,164.23,623.06,0.7941,-1,-1,-1
506,46,893.87,449.58,117.87,272.69,0.6447,-1,-1,-1
506,49,698.41,435.20,90.79,266.53,0.7452,-1,-1,-1
506,75,1430.92,422.80,137.34,534.57,0.7038,-1,-1,-1
506,42,1010.68,460.14,78.55,222.35,0.6206,-1,-1,-1
506,70,168.11,484.19,114.35,234.14,0.6545,-1,-1,-1
506,82,571.93,448.17,28.98,86.02,0.4046,-1,-1,-1
506,87,868.30,416.26,67.78,287.30,0.5704,-1,-1,-1
507,59,1733.35,400.26,189.55,512.56,0.8755,-1,-1,-1
507,3,1532.20,373.55,219.97,700.75,0.7406,-1,-1,-1
507,22,1314.76,412.11,162.24,631.83,0.8104,-1,-1,-1
507,46,899.96,451.40,120.82,270.16,0.6731,-1,-1,-1
507,49,702.34,435.33,94.78,266.18,0.7217,-1,-1,-1
507,75,1444.42,419.04,126.62,541.71,0.6967,-1,-1,-1
507,42,1017.36,451.62,79.85,229.88,0.5295,-1,-1,-1
507,70,152.96,482.67,116.55,242.39,0.6748,-1,-1,-1
507,82,572.30,447.35,28.73,86.83,0.3832,-1,-1,-1
507,87,869.29,413.55,69.06,288.90,0.5983,-1,-1,-1
508,59,1743.26,397.85,178.94,514.74,0.8475,-1,-1,-1
508,3,1532.11,373.49,226.47,699.54,0.7455,-1,-1,-1
508,22,1319.28,414.68,178.78,637.81,0.7767,-1,-1,-1
508,46,901.35,452.81,133.28,268.52,0.7073,-1,-1,-1
508,49,712.29,436.03,91.77,264.24,0.6860,-1,-1,-1
508,75,1454.04,413.86,121.11,536.87,0.6753,-1,-1,-1
508,42,1026.50,447.41,73.92,232.65,0.5346,-1,-1,-1
508,70,139.10,483.36,120.54,244.82,0.6707,-1,-1,-1
508,82,571.35,446.53,29.39,88.49,0.4283,-1,-1,-1
508,87,870.10,413.07,70.78,286.31,0.5966,-1,-1,-1
509,59,1751.52,396.19,170.36,514.19,0.7930,-1,-1,-1
509,3,1531.23,373.68,226.77,694.79,0.6906,-1,-1,-1
509,22,1324.83,413.49,198.99,644.04,0.8293,-1,-1,-1
509,46,902.52,448.92,138.81,274.21,0.7361,-1,-1,-1
509,49,715.86,438.21,96.45,262.05,0.6740,-1,-1,-1
509,75,1462.04,408.08,120.15,556.63,0.5851,-1,-1,-1
509,42,1032.48,459.52,68.26,219.33,0.4923,-1,-1,-1
509,70,127.48,479.27,120.56,245.63,0.6754,-1,-1,-1
509,82,571.12,446.39,29.84,89.06,0.4192,-1,-1,-1
509,87,871.28,419.84,66.70,279.46,0.5882,-1,-1,-1
510,59,1767.77,393.42,153.85,502.95,0.8251,-1,-1,-1
510,3,1545.23,378.98,237.76,694.48,0.6047,-1,-1,-1
510,22,1326.96,413.09,217.29,645.24,0.8410,-1,-1,-1
510,46,902.68,446.80,139.30,277.79,0.7510,-1,-1,-1
510,49,715.52,436.83,109.32,263.23,0.7062,-1,-1,-1
510,75,1468.82,405.58,120.82,568.98,0.7048,-1,-1,-1
510,42,1036.68,464.55,70.07,211.03,0.4884,-1,-1,-1
510,70,109.81,477.31,125.86,248.04,0.6680,-1,-1,-1
510,82,570.56,445.35,29.93,89.15,0.4301,-1,-1,-1
510,87,874.06,416.88,65.65,280.90,0.5752,-1,-1,-1
511,59,1778.96,393.57,142.52,496.19,0.8118,-1,-1,-1
511,3,1545.20,372.29,262.87,702.65,0.7275,-1,-1,-1
511,22,1326.28,414.51,233.16,645.57,0.8390,-1,-1,-1
511,46,901.67,446.57,150.09,278.63,0.7630,-1,-1,-1
511,49,716.04,438.44,114.24,261.40,0.7258,-1,-1,-1
511,75,1475.23,405.15,119.70,558.56,0.6636,-1,-1,-1
511,42,1037.37,460.82,75.91,214.12,0.5429,-1,-1,-1
511,70,97.97,476.93,127.38,251.74,0.5369,-1,-1,-1
511,82,570.37,445.85,29.81,88.19,0.4608,-1,-1,-1
511,87,874.77,423.11,66.70,272.39,0.4907,-1,-1,-1
512,59,1786.56,393.55,134.47,496.91,0.8051,-1,-1,-1
512,3,1548.67,374.00,243.00,694.41,0.5709,-1,-1,-1
512,22,1324.47,417.67,241.39,644.45,0.8452,-1,-1,-1
512,46,901.57,444.43,152.86,281.14,0.7562,-1,-1,-1
512,49,718.48,437.24,113.35,261.90,0.7399,-1,-1,-1
512,75,1477.18,407.62,119.74,542.44,0.6370,-1,-1,-1
512,42,1039.66,455.15,83.32,221.38,0.6023,-1,-1,-1
512,82,570.64,446.85,29.21,87.10,0.4534,-1,-1,-1
512,87,874.69,415.65,71.72,279.64,0.5560,-1,-1,-1
513,59,1802.54,390.67,118.37,506.60,0.7969,-1,-1,-1
513,3,1548.76,373.64,242.09,614.38,0.4789,-1,-1,-1
513,22,1323.69,418.38,248.17,647.34,0.8467,-1,-1,-1
513,46,901.55,443.91,155.18,281.76,0.7479,-1,-1,-1
513,49,720.23,436.47,116.91,262.98,0.7410,-1,-1,-1
513,75,1480.28,411.83,120.47,551.01,0.6503,-1,-1,-1
513,42,1042.51,447.19,89.71,229.91,0.6016,-1,-1,-1
513,82,570.76,446.36,29.18,87.61,0.4759,-1,-1,-1
513,87,875.64,413.28,75.37,282.95,0.5179,-1,-1,-1
513,88,1099.48,443.36,56.74,148.29,0.3397,-1,-1,-1
513,70,66.42,476.53,138.61,256.91,0.5929,-1,-1,-1
514,59,1809.83,390.20,111.01,511.48,0.8032,-1,-1,-1
514,3,1556.50,372.01,229.77,588.73,0.5721,-1,-1,-1
514,22,1323.41,418.55,251.65,648.48,0.8439,-1,-1,-1
514,46,902.31,444.24,155.97,280.74,0.7001,-1,-1,-1
514,49,722.47,439.02,115.11,259.26,0.7446,-1,-1,-1
514,75,1485.12,415.27,120.20,539.23,0.5948,-1,-1,-1
514,42,1043.67,444.85,98.83,232.08,0.6170,-1,-1,-1
514,82,570.35,446.12,29.54,87.34,0.5250,-1,-1,-1
514,87,876.13,410.23,75.66,286.71,0.5025,-1,-1,-1
514,88,1100.58,444.08,55.88,146.69,0.3078,-1,-1,-1
514,70,51.14,476.70,142.18,257.99,0.6584,-1,-1,-1
515,59,1819.83,388.83,100.86,516.87,0.7933,-1,-1,-1
515,3,1563.48,372.05,243.71,660.02,0.5374,-1,-1,-1
515,22,1324.18,417.94,253.33,650.06,0.8440,-1,-1,-1
515,46,903.64,443.62,156.68,280.58,0.7411,-1,-1,-1
515,49,725.72,439.19,112.81,257.31,0.7223,-1,-1,-1
515,75,1489.37,415.31,124.98,524.98,0.5220,-1,-1,-1
515,42,1046.19,448.55,103.58,228.64,0.6745,-1,-1,-1
515,82,569.95,446.18,30.14,87.53,0.4804,-1,-1,-1
515,87,876.35,419.94,74.71,277.58,0.5739,-1,-1,-1
515,70,37.87,477.80,145.06,258.76,0.7003,-1,-1,-1
515,89,693.88,451.75,38.82,124.50,0.4674,-1,-1,-1
516,59,1824.51,387.73,95.54,524.68,0.7589,-1,-1,-1
516,3,1563.95,374.12,269.03,675.54,0.6172,-1,-1,-1
516,22,1324.11,421.38,256.92,648.49,0.8321,-1,-1,-1
516,46,906.75,439.24,154.25,282.88,0.7573,-1,-1,-1
516,49,730.76,436.28,109.31,259.32,0.7462,-1,-1,-1
516,75,1495.33,415.00,128.17,515.94,0.4161,-1,-1,-1
516,42,1049.39,449.09,100.40,226.73,0.5713,-1,-1,-1
516,82,569.40,445.61,31.10,89.17,0.5005,-1,-1,-1
516,87,877.45,421.33,78.51,278.85,0.5693,-1,-1,-1
516,70,22.80,478.92,148.44,259.23,0.7024,-1,-1,-1
516,89,692.73,449.93,38.39,126.41,0.4927,-1,-1,-1
517,59,1833.83,390.89,86.16,516.12,0.7018,-1,-1,-1
517,3,1569.60,376.72,279.56,680.11,0.4317,-1,-1,-1
517,22,1324.31,423.82,261.00,646.59,0.8198,-1,-1,-1
517,46,910.30,438.05,149.63,284.02,0.7666,-1,-1,-1
517,49,734.98,438.43,106.95,256.06,0.7298,-1,-1,-1
517,75,1501.37,411.16,130.34,508.00,0.3985,-1,-1,-1
517,42,1050.49,449.27,101.34,226.87,0.5520,-1,-1,-1
517,82,568.46,444.52,31.74,91.11,0.4739,-1,-1,-1
517,87,879.20,424.77,83.57,278.23,0.5700,-1,-1,-1
517,70,14.10,489.59,147.55,248.78,0.5849,-1,-1,-1
517,89,686.21,446.24,43.10,129.89,0.4947,-1,-1,-1
517,88,1105.16,440.85,53.44,151.68,0.3427,-1,-1,-1
518,59,1842.52,393.33,77.39,512.81,0.6606,-1,-1,-1
518,3,1575.92,377.80,271.97,688.44,0.4294,-1,-1,-1
518,22,1327.68,419.90,263.18,649.62,0.8203,-1,-1,-1
518,46,913.92,435.66,145.85,287.00,0.7870,-1,-1,-1
518,49,740.33,433.66,102.09,259.65,0.7795,-1,-1,-1
518,75,1508.95,411.47,131.25,597.97,0.3678,-1,-1,-1
518,42,1050.27,457.21,103.73,219.82,0.5705,-1,-1,-1
518,82,569.68,446.12,30.73,89.01,0.4484,-1,-1,-1
518,87,879.45,419.62,81.76,284.66,0.6166,-1,-1,-1
518,70,2.69,483.87,149.85,255.55,0.6849,-1,-1,-1
518,89,682.25,447.59,44.58,126.29,0.4452,-1,-1,-1
519,59,1852.42,393.91,67.36,498.57,0.5351,-1,-1,-1
519,3,1577.02,380.31,298.52,689.57,0.6678,-1,-1,-1
519,22,1330.27,420.67,262.98,648.11,0.7976,-1,-1,-1
519,46,916.87,439.15,142.84,281.55,0.6506,-1,-1,-1
519,49,743.92,432.54,100.43,260.08,0.7712,-1,-1,-1
519,75,1516.77,412.78,126.10,630.46,0.4772,-1,-1,-1
519,42,1050.91,452.11,103.17,225.54,0.5277,-1,-1,-1
519,82,570.58,449.14,29.83,86.20,0.4563,-1,-1,-1
519,87,879.97,429.00,80.19,272.46,0.5893,-1,-1,-1
519,70,-2.85,488.16,147.71,251.92,0.6040,-1,-1,-1
519,89,678.83,447.44,45.57,126.04,0.5493,-1,-1,-1
520,59,1866.90,396.93,52.88,482.28,0.5528,-1,-1,-1
520,3,1580.38,380.05,268.02,691.92,0.5699,-1,-1,-1
520,22,1334.56,419.04,258.01,649.47,0.7805,-1,-1,-1
520,46,928.29,443.80,135.48,276.13,0.6469,-1,-1,-1
520,49,749.45,430.72,95.06,260.31,0.7301,-1,-1,-1
520,75,1522.44,417.24,129.59,559.45,0.4416,-1,-1,-1
520,42,1051.31,454.01,102.26,223.30,0.5658,-1,-1,-1
520,82,571.03,449.53,29.51,86.22,0.4258,-1,-1,-1
520,87,881.20,433.81,79.47,265.84,0.6393,-1,-1,-1
520,70,-4.74,482.83,150.10,260.79,0.5351,-1,-1,-1
520,89,679.28,448.01,44.36,124.52,0.5460,-1,-1,-1
521,59,1868.22,393.85,51.43,455.74,0.3711,-1,-1,-1
521,3,1579.65,380.90,313.46,687.23,0.6147,-1,-1,-1
521,22,1339.26,416.24,250.38,651.40,0.8270,-1,-1,-1
521,46,937.17,444.52,129.54,275.21,0.6287,-1,-1,-1
521,49,755.72,430.87,89.83,259.56,0.7428,-1,-1,-1
521,75,1526.99,419.11,135.63,533.01,0.4971,-1,-1,-1
521,42,1052.85,443.06,99.73,234.47,0.6164,-1,-1,-1
521,82,571.59,452.52,28.95,82.41,0.4211,-1,-1,-1
521,87,881.89,433.17,80.68,266.98,0.6309,-1,-1,-1
521,70,-4.87,481.53,135.58,267.55,0.4903,-1,-1,-1
521,89,679.26,450.21,42.74,122.74,0.5108,-1,-1,-1
522,3,1601.36,378.36,306.56,607.38,0.5992,-1,-1,-1
522,22,1344.93,413.39,249.64,653.49,0.8060,-1,-1,-1
522,46,948.49,441.93,121.36,277.48,0.6700,-1,-1,-1
522,49,764.64,432.93,81.66,255.55,0.7107,-1,-1,-1
522,75,1531.70,417.13,142.95,537.00,0.4903,-1,-1,-1
522,42,1054.51,443.00,98.08,234.59,0.6200,-1,-1,-1
522,82,572.43,454.00,28.36,80.68,0.3821,-1,-1,-1
522,87,880.79,432.76,84.26,268.21,0.6395,-1,-1,-1
522,70,-4.27,478.89,112.58,266.74,0.4675,-1,-1,-1
522,89,677.36,448.93,44.33,124.75,0.5537,-1,-1,-1
523,3,1587.94,379.30,331.87,664.11,0.6378,-1,-1,-1
523,22,1351.98,412.31,246.86,654.96,0.7272,-1,-1,-1
523,46,953.52,441.92,114.95,278.56,0.6792,-1,-1,-1
523,49,765.45,433.08,86.16,256.15,0.7137,-1,-1,-1
523,75,1538.25,413.42,151.59,543.11,0.5119,-1,-1,-1
523,42,1055.60,453.04,98.33,224.62,0.6442,-1,-1,-1
523,82,572.77,453.90,28.62,81.20,0.3991,-1,-1,-1
523,87,881.34,424.08,89.39,278.65,0.6462,-1,-1,-1
523,70,-3.33,503.59,107.58,250.71,0.3512,-1,-1,-1
523,89,675.48,448.38,45.37,125.95,0.5898,-1,-1,-1
524,3,1588.65,375.71,335.76,684.18,0.7928,-1,-1,-1
524,22,1363.15,411.54,238.53,655.23,0.7151,-1,-1,-1
524,46,964.94,442.79,104.93,276.86,0.6269,-1,-1,-1
524,49,767.70,431.49,88.61,258.20,0.7357,-1,-1,-1
524,75,1546.40,412.30,151.10,556.04,0.4797,-1,-1,-1
524,42,1059.15,456.24,95.95,221.07,0.6068,-1,-1,-1
524,82,573.45,453.55,29.16,82.54,0.3994,-1,-1,-1
524,87,880.60,420.54,94.33,282.45,0.6596,-1,-1,-1
524,89,674.17,448.76,46.03,124.90,0.6040,-1,-1,-1
525,3,1594.38,371.44,331.00,697.38,0.7074,-1,-1,-1
525,22,1379.90,411.45,225.78,656.36,0.7311,-1,-1,-1
525,46,971.84,443.76,97.29,275.88,0.6586,-1,-1,-1
525,49,767.43,430.59,91.95,259.16,0.7477,-1,-1,-1
525,75,1546.91,409.63,157.00,578.70,0.6057,-1,-1,-1
525,42,1061.13,460.74,97.33,217.32,0.6309,-1,-1,-1
525,82,574.01,452.24,29.22,82.70,0.4307,-1,-1,-1
525,87,885.35,414.46,93.87,290.22,0.6543,-1,-1,-1
525,89,674.02,451.30,44.56,121.74,0.6275,-1,-1,-1
526,3,1598.86,364.71,326.03,706.67,0.7990,-1,-1,-1
526,22,1401.43,410.80,208.68,653.83,0.6784,-1,-1,-1
526,46,985.73,444.53,81.48,277.47,0.6608,-1,-1,-1
526,49,767.45,434.42,96.16,254.94,0.7171,-1,-1,-1
526,75,1549.69,409.22,160.31,586.75,0.5816,-1,-1,-1
526,42,1064.21,462.61,97.69,214.47,0.6327,-1,-1,-1
526,82,574.07,451.59,29.69,82.62,0.4015,-1,-1,-1
526,87,893.52,412.48,88.52,293.66,0.6764,-1,-1,-1
526,89,671.52,451.22,46.65,121.14,0.5754,-1,-1,-1
526,90,714.80,450.16,33.98,89.44,0.4000,-1,-1,-1
527,3,1601.07,367.23,322.78,705.36,0.6699,-1,-1,-1
527,22,1422.14,413.15,197.53,653.67,0.7519,-1,-1,-1
527,46,994.41,448.11,77.36,274.52,0.7047,-1,-1,-1
527,49,770.10,435.84,104.67,253.51,0.6846,-1,-1,-1
527,75,1561.46,409.08,156.05,589.94,0.6788,-1,-1,-1
527,42,1069.27,459.65,97.29,216.07,0.6226,-1,-1,-1
527,82,574.09,451.11,29.41,82.58,0.4199,-1,-1,-1
527,87,898.29,409.19,85.79,296.99,0.7343,-1,-1,-1
527,89,669.16,454.25,47.90,117.83,0.5851,-1,-1,-1
527,90,714.88,449.77,33.62,89.49,0.4860,-1,-1,-1
528,3,1603.44,383.99,320.92,689.08,0.7206,-1,-1,-1
528,22,1436.82,412.21,183.87,653.78,0.6916,-1,-1,-1
528,46,997.02,445.70,82.14,278.76,0.7093,-1,-1,-1
528,49,783.97,437.24,97.42,250.65,0.5986,-1,-1,-1
528,75,1569.66,410.35,162.40,590.85,0.7164,-1,-1,-1
528,42,1075.95,454.38,89.51,220.62,0.6462,-1,-1,-1
528,82,573.98,450.53,30.35,83.84,0.4139,-1,-1,-1
528,87,903.71,412.00,81.09,294.47,0.7301,-1,-1,-1
528,89,668.46,456.30,47.76,114.61,0.6052,-1,-1,-1
528,90,714.34,450.99,34.84,88.04,0.4853,-1,-1,-1
529,3,1664.21,384.51,258.82,604.45,0.5714,-1,-1,-1
529,22,1445.08,412.75,181.42,654.65,0.7846,-1,-1,-1
529,46,1000.43,443.27,90.25,279.36,0.7011,-1,-1,-1
529,49,782.58,436.18,118.06,251.88,0.6243,-1,-1,-1
529,75,1577.43,411.82,164.54,592.27,0.7324,-1,-1,-1
529,42,1084.83,450.59,77.51,223.22,0.5440,-1,-1,-1
529,82,573.80,450.17,30.83,84.41,0.4498,-1,-1,-1
529,87,912.24,407.62,74.84,298.60,0.7323,-1,-1,-1
529,89,665.73,454.46,52.50,116.58,0.5676,-1,-1,-1
529,90,712.71,450.78,30.01,88.28,0.4882,-1,-1,-1
530,3,1695.05,371.42,226.92,584.66,0.6036,-1,-1,-1
530,22,1450.36,413.92,180.38,654.53,0.7944,-1,-1,-1
530,46,1003.65,440.68,94.73,279.22,0.7112,-1,-1,-1
530,49,790.14,435.25,114.39,251.92,0.6829,-1,-1,-1
530,75,1581.34,411.88,164.60,596.07,0.6793,-1,-1,-1
530,42,1092.22,447.85,70.72,226.43,0.5717,-1,-1,-1
530,82,573.75,449.49,30.85,85.77,0.4603,-1,-1,-1
530,87,916.95,404.81,72.22,301.57,0.7516,-1,-1,-1
530,89,663.52,454.96,52.44,115.58,0.5682,-1,-1,-1
530,90,711.43,450.17,29.75,88.63,0.4386,-1,-1,-1
531,3,1708.87,370.16,212.02,571.53,0.4664,-1,-1,-1
531,22,1452.49,413.53,188.23,653.84,0.8102,-1,-1,-1
531,46,1007.22,442.71,99.53,275.96,0.7737,-1,-1,-1
531,49,787.52,434.52,116.60,252.72,0.7552,-1,-1,-1
531,75,1587.29,413.66,161.81,598.71,0.7197,-1,-1,-1
531,42,1093.42,449.61,71.51,226.25,0.5866,-1,-1,-1
531,82,573.24,448.79,31.16,87.57,0.4635,-1,-1,-1
531,87,919.41,402.89,72.46,303.90,0.7633,-1,-1,-1
531,89,662.90,454.73,50.10,114.09,0.5504,-1,-1,-1
531,90,712.04,450.30,30.24,89.23,0.4007,-1,-1,-1
532,3,1664.91,367.38,256.29,661.32,0.7789,-1,-1,-1
532,22,1454.82,412.58,199.52,654.54,0.7970,-1,-1,-1
532,46,1009.10,443.67,106.07,275.04,0.7982,-1,-1,-1
532,49,788.75,435.31,118.17,252.07,0.7535,-1,-1,-1
532,75,1590.63,410.71,166.83,611.96,0.7538,-1,-1,-1
532,42,1096.66,451.28,63.68,225.02,0.5253,-1,-1,-1
532,82,572.33,448.51,31.72,88.50,0.4796,-1,-1,-1
532,87,922.39,401.80,74.29,303.52,0.7293,-1,-1,-1
532,89,663.60,452.75,46.34,116.48,0.5533,-1,-1,-1
532,90,713.30,450.65,30.56,89.56,0.4132,-1,-1,-1
533,3,1664.87,366.92,256.73,694.28,0.8295,-1,-1,-1
533,22,1456.76,411.61,208.99,654.71,0.8247,-1,-1,-1
533,46,1007.13,444.97,113.20,272.95,0.7628,-1,-1,-1
533,49,793.04,435.54,115.14,251.74,0.7436,-1,-1,-1
533,75,1596.62,408.00,175.30,622.35,0.7743,-1,-1,-1
533,42,1099.04,446.52,65.79,231.52,0.5542,-1,-1,-1
533,82,572.98,447.42,32.48,89.76,0.3834,-1,-1,-1
533,87,922.59,402.41,79.89,302.65,0.7077,-1,-1,-1
533,89,663.47,452.31,42.61,117.43,0.5654,-1,-1,-1
533,90,715.49,452.37,28.55,88.30,0.3755,-1,-1,-1
534,3,1705.56,369.00,216.23,651.26,0.6709,-1,-1,-1
534,22,1457.63,411.10,212.75,655.37,0.8330,-1,-1,-1
534,46,1007.87,448.66,124.80,270.14,0.7053,-1,-1,-1
534,49,799.65,436.14,115.27,251.24,0.7659,-1,-1,-1
534,75,1599.45,410.73,187.47,617.83,0.7535,-1,-1,-1
534,42,1096.34,446.61,68.01,231.27,0.5659,-1,-1,-1
534,82,574.90,447.70,34.03,89.82,0.4203,-1,-1,-1
534,87,921.23,405.73,85.72,300.60,0.7199,-1,-1,-1
534,89,661.60,451.08,42.11,118.26,0.6129,-1,-1,-1
534,90,715.28,452.43,28.42,88.57,0.4176,-1,-1,-1
535,3,1714.61,372.81,206.71,684.73,0.6371,-1,-1,-1
535,22,1457.67,412.00,213.31,654.76,0.8331,-1,-1,-1
535,46,1008.51,444.66,131.56,277.08,0.6818,-1,-1,-1
535,49,799.41,438.18,119.54,249.03,0.7649,-1,-1,-1
535,75,1606.99,409.51,183.11,615.39,0.7669,-1,-1,-1
535,42,1099.48,443.39,72.44,233.28,0.4597,-1,-1,-1
535,82,575.43,446.01,34.88,91.48,0.4694,-1,-1,-1
535,87,920.35,421.97,93.04,284.90,0.7347,-1,-1,-1
535,89,660.32,450.03,42.00,119.28,0.6497,-1,-1,-1
535,90,714.85,452.02,28.55,88.62,0.4146,-1,-1,-1
536,3,1738.45,370.50,182.41,699.74,0.7994,-1,-1,-1
536,22,1457.85,413.09,216.69,654.13,0.8211,-1,-1,-1
536,46,1007.51,448.65,137.81,272.46,0.7105,-1,-1,-1
536,49,801.56,437.31,117.95,248.88,0.7312,-1,-1,-1
536,75,1611.22,408.59,181.10,619.53,0.7398,-1,-1,-1
536,42,1104.88,445.45,69.44,229.68,0.3855,-1,-1,-1
536,82,576.52,450.59,33.77,87.80,0.3822,-1,-1,-1
536,87,916.32,428.25,100.27,278.77,0.7372,-1,-1,-1
536,89,659.28,449.62,41.64,118.94,0.5692,-1,-1,-1
536,90,713.95,450.35,28.96,90.16,0.4228,-1,-1,-1
537,3,1757.73,371.11,162.64,704.72,0.8071,-1,-1,-1
537,22,1458.85,414.24,227.34,652.32,0.7890,-1,-1,-1
537,46,1006.97,453.60,141.83,267.42,0.6557,-1,-1,-1
537,49,803.95,436.82,116.12,249.49,0.7339,-1,-1,-1
537,75,1616.36,407.36,182.52,625.90,0.5660,-1,-1,-1
537,42,1109.36,454.44,65.24,220.05,0.4646,-1,-1,-1
537,82,578.84,455.90,31.70,82.58,0.3349,-1,-1,-1
537,87,916.38,434.39,102.80,271.26,0.7084,-1,-1,-1
537,89,658.61,449.64,41.60,119.03,0.6032,-1,-1,-1
537,90,712.36,449.69,29.81,90.83,0.4520,-1,-1,-1
538,3,1767.62,371.64,152.57,706.76,0.8155,-1,-1,-1
538,22,1459.86,413.86,229.98,652.94,0.7989,-1,-1,-1
538,46,1009.81,451.30,138.84,269.79,0.7061,-1,-1,-1
538,49,804.96,435.45,117.49,250.61,0.7546,-1,-1,-1
538,75,1619.73,408.56,188.95,623.30,0.6376,-1,-1,-1
538,42,1107.38,451.37,66.64,224.69,0.4849,-1,-1,-1
538,82,579.95,457.64,31.44,81.04,0.3810,-1,-1,-1
538,87,917.84,429.48,104.05,277.71,0.7352,-1,-1,-1
538,89,657.35,450.78,41.89,118.39,0.5785,-1,-1,-1
538,90,711.33,449.01,31.43,91.03,0.4776,-1,-1,-1
539,3,1777.40,379.48,142.71,700.15,0.7932,-1,-1,-1
539,22,1461.41,413.24,232.84,653.85,0.8009,-1,-1,-1
539,46,1010.92,443.69,137.44,277.45,0.7143,-1,-1,-1
539,49,807.71,434.58,116.21,252.81,0.7476,-1,-1,-1
539,75,1623.85,408.58,195.50,617.76,0.7012,-1,-1,-1
539,42,1112.59,446.80,64.83,229.79,0.4135,-1,-1,-1
539,82,580.57,458.71,31.07,79.69,0.3873,-1,-1,-1
539,87,920.04,425.17,103.42,282.59,0.7484,-1,-1,-1
539,89,656.33,451.60,41.56,117.83,0.5720,-1,-1,-1
539,90,712.64,449.19,29.58,91.26,0.4672,-1,-1,-1
540,3,1783.82,406.13,136.08,671.67,0.7960,-1,-1,-1
540,22,1464.53,414.08,232.87,653.81,0.7932,-1,-1,-1
540,46,1012.26,440.31,135.89,281.45,0.6775,-1,-1,-1
540,49,812.76,433.57,112.09,252.65,0.7252,-1,-1,-1
540,75,1631.96,408.46,192.84,611.99,0.7298,-1,-1,-1
540,42,1111.98,447.26,64.60,230.21,0.3854,-1,-1,-1
540,82,578.85,458.71,32.99,79.72,0.4256,-1,-1,-1
540,87,920.42,425.44,106.63,282.73,0.7704,-1,-1,-1
540,89,655.08,452.93,38.42,116.29,0.6117,-1,-1,-1
540,90,712.48,448.91,27.73,91.86,0.4980,-1,-1,-1
541,3,1789.00,394.62,131.14,685.08,0.7730,-1,-1,-1
541,22,1468.10,412.51,238.58,658.30,0.7698,-1,-1,-1
541,46,1020.12,437.27,127.32,285.20,0.6603,-1,-1,-1
541,49,815.47,432.52,111.58,253.95,0.7331,-1,-1,-1
541,75,1639.37,407.28,191.78,613.20,0.7718,-1,-1,-1
541,42,1115.84,447.17,61.71,230.51,0.4507,-1,-1,-1
541,82,578.17,458.86,33.42,79.86,0.3897,-1,-1,-1
541,87,921.63,421.13,118.20,287.20,0.7217,-1,-1,-1
541,89,654.86,453.79,37.10,116.05,0.5539,-1,-1,-1
541,90,712.56,449.24,27.44,93.16,0.5281,-1,-1,-1
542,3,1797.57,388.95,122.57,691.51,0.7398,-1,-1,-1
542,22,1472.21,411.34,258.42,659.74,0.7653,-1,-1,-1
542,46,1028.21,434.29,117.92,287.83,0.6424,-1,-1,-1
542,49,819.67,433.77,108.95,252.86,0.7216,-1,-1,-1
542,75,1644.50,406.08,191.96,615.56,0.6232,-1,-1,-1
542,42,1118.82,451.70,60.06,224.19,0.5008,-1,-1,-1
542,82,578.43,459.43,33.76,79.52,0.4231,-1,-1,-1
542,87,922.14,416.57,121.38,292.49,0.7284,-1,-1,-1
542,89,655.07,454.48,36.62,115.32,0.5625,-1,-1,-1
542,90,712.48,449.27,27.99,95.48,0.5178,-1,-1,-1
543,3,1806.08,389.77,114.04,691.68,0.6807,-1,-1,-1
543,22,1480.34,411.02,255.90,658.34,0.5941,-1,-1,-1
543,46,1042.44,436.43,104.66,284.63,0.5715,-1,-1,-1
543,49,825.21,432.89,103.92,253.09,0.6617,-1,-1,-1
543,75,1648.59,405.09,193.96,614.12,0.5209,-1,-1,-1
543,42,1121.92,448.67,57.65,226.55,0.3725,-1,-1,-1
543,82,577.68,458.73,33.63,80.15,0.3908,-1,-1,-1
543,87,922.06,423.42,120.17,284.10,0.7465,-1,-1,-1
543,89,655.27,455.53,37.39,114.64,0.5971,-1,-1,-1
543,90,711.87,449.04,29.05,96.36,0.5184,-1,-1,-1
544,3,1822.31,386.00,97.42,610.04,0.6630,-1,-1,-1
544,22,1493.68,410.95,308.11,658.36,0.5611,-1,-1,-1
544,46,1049.94,436.83,99.84,283.18,0.5858,-1,-1,-1
544,49,834.15,433.22,96.57,252.05,0.6827,-1,-1,-1
544,75,1650.63,406.17,193.54,598.95,0.4414,-1,-1,-1
544,42,1123.11,449.57,59.56,227.27,0.3454,-1,-1,-1
544,82,577.71,457.07,33.77,81.27,0.4430,-1,-1,-1
544,87,921.97,432.28,122.92,274.30,0.7114,-1,-1,-1
544,89,654.98,455.29,38.41,114.70,0.6252,-1,-1,-1
544,90,712.05,448.58,29.19,96.21,0.5077,-1,-1,-1
545,3,1837.00,449.25,82.45,517.85,0.5238,-1,-1,-1
545,22,1511.37,410.38,297.68,656.66,0.5677,-1,-1,-1
545,46,1063.67,435.35,94.18,285.36,0.4623,-1,-1,-1
545,49,844.49,435.59,89.26,246.85,0.6672,-1,-1,-1
545,75,1654.15,406.90,192.74,613.44,0.5756,-1,-1,-1
545,82,578.65,455.23,33.78,83.02,0.3939,-1,-1,-1
545,87,924.39,433.26,125.98,273.64,0.7014,-1,-1,-1
545,89,655.02,453.34,40.78,115.61,0.5977,-1,-1,-1
545,90,711.74,448.01,30.86,96.92,0.5491,-1,-1,-1
546,3,1826.42,472.73,93.04,571.87,0.5878,-1,-1,-1
546,22,1528.25,409.81,241.94,656.37,0.5448,-1,-1,-1
546,46,1075.08,436.04,84.11,281.56,0.5259,-1,-1,-1
546,49,860.12,434.27,77.94,246.16,0.6975,-1,-1,-1
546,75,1659.36,406.37,190.40,622.69,0.5488,-1,-1,-1
546,82,579.27,452.71,33.67,84.75,0.4075,-1,-1,-1
546,87,929.14,434.06,123.16,271.48,0.7065,-1,-1,-1
546,89,655.15,453.35,39.70,114.88,0.5947,-1,-1,-1
546,90,712.71,447.92,30.57,97.48,0.5112,-1,-1,-1
546,93,543.74,450.69,30.48,85.81,0.4025,-1,-1,-1
546,42,1124.55,453.94,65.26,226.83,0.3858,-1,-1,-1
547,3,1824.46,490.72,94.88,577.41,0.6473,-1,-1,-1
547,22,1541.72,408.28,213.72,655.28,0.6377,-1,-1,-1
547,46,1083.39,434.72,75.27,284.09,0.4606,-1,-1,-1
547,49,867.84,436.18,71.94,243.54,0.6620,-1,-1,-1
547,75,1664.69,410.77,188.72,607.21,0.6550,-1,-1,-1
547,82,579.44,452.24,33.93,85.34,0.4663,-1,-1,-1
547,87,935.03,430.34,118.31,275.68,0.6810,-1,-1,-1
547,89,654.27,454.51,39.62,112.86,0.6238,-1,-1,-1
547,90,713.22,448.19,29.74,96.96,0.4965,-1,-1,-1
547,93,544.38,449.53,30.50,86.89,0.3875,-1,-1,-1
547,42,1112.89,441.76,77.01,239.98,0.3554,-1,-1,-1
548,3,1829.70,467.42,89.52,610.76,0.5270,-1,-1,-1
548,22,1548.29,408.40,198.96,659.84,0.7235,-1,-1,-1
548,46,1091.29,433.35,88.28,279.22,0.4759,-1,-1,-1
548,49,871.24,436.41,70.37,241.20,0.6185,-1,-1,-1
548,75,1668.86,411.95,190.72,602.05,0.7382,-1,-1,-1
548,82,580.01,453.55,33.86,83.60,0.4847,-1,-1,-1
548,87,937.02,429.96,116.86,276.82,0.6464,-1,-1,-1
548,89,653.79,454.33,37.71,112.14,0.6776,-1,-1,-1
548,90,713.91,448.32,29.10,96.86,0.4942,-1,-1,-1
548,93,545.34,449.46,31.32,86.90,0.4405,-1,-1,-1
548,42,1099.74,435.71,88.76,264.17,0.4759,-1,-1,-1
549,3,1833.41,437.69,85.82,643.14,0.3031,-1,-1,-1
549,22,1548.86,409.03,195.99,659.00,0.7532,-1,-1,-1
549,46,1087.79,436.93,87.02,281.14,0.4020,-1,-1,-1
549,49,874.62,437.32,71.89,242.66,0.6261,-1,-1,-1
549,75,1676.61,413.28,187.83,600.69,0.7163,-1,-1,-1
549,82,580.34,452.16,33.83,85.18,0.4256,-1,-1,-1
549,87,943.72,426.13,111.16,278.54,0.6453,-1,-1,-1
549,89,652.57,454.79,38.40,110.31,0.6713,-1,-1,-1
549,90,714.46,448.28,29.35,96.97,0.5512,-1,-1,-1
549,93,545.99,447.76,31.69,88.06,0.4136,-1,-1,-1
549,42,1088.48,437.30,88.96,276.97,0.4020,-1,-1,-1
550,22,1552.37,409.24,195.00,657.06,0.7745,-1,-1,-1
550,46,1080.77,435.98,105.58,281.99,0.4727,-1,-1,-1
550,49,876.49,437.61,76.69,243.56,0.6240,-1,-1,-1
550,75,1684.37,407.94,190.79,609.94,0.7333,-1,-1,-1
550,82,580.88,453.23,33.16,84.05,0.4411,-1,-1,-1
550,87,953.64,419.16,106.66,283.68,0.6214,-1,-1,-1
550,89,652.69,455.39,37.52,108.79,0.6727,-1,-1,-1
550,90,714.78,449.87,31.41,96.07,0.5095,-1,-1,-1
550,93,546.77,447.71,31.76,87.86,0.4062,-1,-1,-1
550,42,1079.00,435.79,106.57,282.12,0.4727,-1,-1,-1
551,22,1555.56,409.77,199.05,659.23,0.7719,-1,-1,-1
551,46,1072.45,437.70,120.68,279.81,0.5068,-1,-1,-1
551,49,878.84,435.76,76.72,246.53,0.6483,-1,-1,-1
551,75,1690.85,404.97,192.22,610.36,0.7095,-1,-1,-1
551,82,581.02,454.00,32.95,83.30,0.5082,-1,-1,-1
551,87,961.57,414.52,100.22,286.75,0.6178,-1,-1,-1
551,89,652.06,456.02,38.00,107.69,0.6467,-1,-1,-1
551,90,714.47,449.89,32.14,95.89,0.5273,-1,-1,-1
551,93,547.74,447.60,31.28,87.90,0.4053,-1,-1,-1
551,42,1069.54,437.25,121.66,281.57,0.5068,-1,-1,-1
552,22,1557.89,409.80,207.77,665.49,0.8015,-1,-1,-1
552,46,1079.31,436.90,120.88,282.95,0.5032,-1,-1,-1
552,49,884.31,433.29,75.82,250.18,0.6789,-1,-1,-1
552,75,1696.75,404.25,191.02,609.58,0.7404,-1,-1,-1
552,82,580.89,453.44,33.18,83.86,0.5239,-1,-1,-1
552,87,970.98,416.04,88.97,282.65,0.6077,-1,-1,-1
552,89,650.78,455.77,40.92,108.78,0.6160,-1,-1,-1
552,90,714.78,449.46,32.68,96.36,0.5924,-1,-1,-1
552,93,547.81,445.99,31.40,89.11,0.4411,-1,-1,-1
552,42,1075.74,436.45,122.12,285.04,0.5032,-1,-1,-1
553,22,1560.74,409.39,212.26,666.67,0.7922,-1,-1,-1
553,46,1084.88,437.02,111.76,283.87,0.4955,-1,-1,-1
553,49,886.97,432.92,81.65,250.01,0.7215,-1,-1,-1
553,75,1702.29,403.58,196.74,614.38,0.6901,-1,-1,-1
553,82,580.57,453.56,33.51,84.01,0.5212,-1,-1,-1
553,87,984.37,418.72,78.43,276.73,0.7006,-1,-1,-1
553,89,649.60,455.41,42.30,109.57,0.5804,-1,-1,-1
553,90,715.36,448.78,33.95,96.37,0.5767,-1,-1,-1
553,93,547.58,445.69,30.88,89.89,0.4133,-1,-1,-1
553,42,1081.40,436.57,113.21,285.99,0.4955,-1,-1,-1
554,22,1561.63,409.71,271.50,662.44,0.5426,-1,-1,-1
554,46,1081.43,435.93,120.54,285.11,0.5764,-1,-1,-1
554,49,888.03,431.95,86.64,251.14,0.7377,-1,-1,-1
554,82,580.87,450.42,33.25,87.03,0.5290,-1,-1,-1
554,87,988.79,415.12,78.76,284.57,0.6629,-1,-1,-1
554,89,647.49,455.44,41.65,109.30,0.4894,-1,-1,-1
554,90,715.17,448.18,33.43,95.89,0.5907,-1,-1,-1
554,93,547.00,443.60,30.60,92.20,0.4600,-1,-1,-1
554,42,1078.51,435.53,121.61,287.09,0.5764,-1,-1,-1
555,22,1562.43,408.91,262.05,661.81,0.6161,-1,-1,-1
555,46,1080.13,434.51,124.98,286.64,0.5943,-1,-1,-1
555,49,888.16,431.75,88.44,251.48,0.7305,-1,-1,-1
555,82,581.06,447.74,33.58,89.69,0.5424,-1,-1,-1
555,87,993.78,412.46,78.22,287.18,0.6780,-1,-1,-1
555,89,646.03,456.40,41.61,107.66,0.4885,-1,-1,-1
555,90,714.28,446.52,33.71,98.20,0.5713,-1,-1,-1
555,93,546.53,443.19,31.71,92.77,0.4786,-1,-1,-1
555,42,1077.33,434.16,126.00,288.44,0.5943,-1,-1,-1
555,75,1712.89,402.08,200.06,633.34,0.4235,-1,-1,-1
556,22,1561.84,407.17,269.46,660.82,0.5645,-1,-1,-1
556,46,1086.33,435.46,121.90,285.18,0.7184,-1,-1,-1
556,49,889.10,432.75,88.02,251.15,0.7666,-1,-1,-1
556,82,583.01,449.07,31.61,89.75,0.5142,-1,-1,-1
556,87,1000.02,411.65,80.04,287.73,0.7207,-1,-1,-1
556,89,644.25,457.15,42.36,107.02,0.5127,-1,-1,-1
556,90,714.40,446.17,33.73,99.69,0.5939,-1,-1,-1
556,93,546.42,441.87,32.77,94.01,0.4570,-1,-1,-1
556,42,1083.66,435.14,122.94,286.82,0.7184,-1,-1,-1
557,22,1560.91,407.13,262.59,661.86,0.7009,-1,-1,-1
557,46,1089.16,437.11,119.12,283.18,0.7468,-1,-1,-1
557,49,890.98,434.53,88.97,249.48,0.7574,-1,-1,-1
557,82,581.78,447.24,33.22,91.02,0.5265,-1,-1,-1
557,87,996.78,421.53,87.83,274.97,0.6758,-1,-1,-1
557,89,643.68,457.67,41.89,106.64,0.5381,-1,-1,-1
557,90,713.86,445.84,34.26,101.38,0.6226,-1,-1,-1
557,93,546.11,440.18,33.75,96.62,0.4869,-1,-1,-1
557,42,1086.79,436.80,120.07,284.65,0.7468,-1,-1,-1
557,75,1719.58,399.82,198.17,649.58,0.3651,-1,-1,-1
558,22,1560.59,405.19,287.21,667.81,0.8023,-1,-1,-1
558,46,1092.25,436.91,117.10,282.34,0.8028,-1,-1,-1
558,49,892.33,435.70,88.03,248.22,0.7473,-1,-1,-1
558,82,583.19,450.43,32.43,88.97,0.5598,-1,-1,-1
558,87,991.41,430.50,98.45,265.75,0.7047,-1,-1,-1
558,89,643.02,459.72,41.28,104.83,0.5493,-1,-1,-1
558,90,712.62,445.12,35.73,102.50,0.6490,-1,-1,-1
558,93,546.43,441.47,34.67,95.43,0.5088,-1,-1,-1
558,42,1090.16,436.65,117.97,283.64,0.8028,-1,-1,-1
559,22,1561.51,405.08,294.20,666.04,0.8022,-1,-1,-1
559,46,1093.19,434.37,119.36,283.87,0.8052,-1,-1,-1
559,49,891.77,436.97,90.23,247.01,0.7430,-1,-1,-1
559,82,583.93,452.29,31.95,87.36,0.5686,-1,-1,-1
559,87,993.42,430.76,102.01,266.12,0.6396,-1,-1,-1
559,89,643.38,461.78,40.18,101.68,0.5471,-1,-1,-1
559,90,712.33,444.70,36.15,102.31,0.6432,-1,-1,-1
559,93,546.59,442.13,34.20,95.00,0.5227,-1,-1,-1
559,42,1091.35,434.16,120.11,285.01,0.8052,-1,-1,-1
559,75,1745.09,400.52,175.95,589.50,0.4012,-1,-1,-1
560,22,1562.02,404.22,304.81,670.48,0.8578,-1,-1,-1
560,46,1097.31,435.19,116.11,282.35,0.7208,-1,-1,-1
560,49,891.39,435.66,91.99,247.17,0.7637,-1,-1,-1
560,82,584.38,453.38,31.59,86.30,0.5373,-1,-1,-1
560,87,997.80,425.09,103.83,271.49,0.6753,-1,-1,-1
560,89,643.19,461.37,38.00,100.76,0.5633,-1,-1,-1
560,90,712.67,444.80,35.98,102.02,0.6328,-1,-1,-1
560,93,547.59,444.62,32.88,92.74,0.5105,-1,-1,-1
560,42,1095.63,434.99,116.81,283.38,0.7208,-1,-1,-1
560,75,1752.07,403.12,169.39,412.32,0.3141,-1,-1,-1
561,22,1565.72,403.03,289.30,669.87,0.7294,-1,-1,-1
561,46,1101.64,436.54,111.42,279.05,0.6619,-1,-1,-1
561,49,899.62,435.90,88.62,246.20,0.6523,-1,-1,-1
561,82,584.47,452.87,31.85,86.24,0.4960,-1,-1,-1
561,87,1000.46,425.87,109.21,270.86,0.6950,-1,-1,-1
561,89,642.42,459.14,36.59,102.57,0.5484,-1,-1,-1
561,90,712.17,445.70,36.99,101.78,0.6217,-1,-1,-1
561,93,548.57,442.36,32.26,94.90,0.5259,-1,-1,-1
561,42,1100.17,436.36,112.05,279.95,0.6619,-1,-1,-1
561,75,1750.47,399.41,170.67,515.98,0.3772,-1,-1,-1
562,22,1569.28,405.03,301.04,669.41,0.8112,-1,-1,-1
562,46,1106.05,438.18,112.87,277.84,0.7044,-1,-1,-1
562,49,908.58,435.64,83.83,245.38,0.6972,-1,-1,-1
562,82,584.38,452.26,31.94,87.34,0.5069,-1,-1,-1
562,87,1001.32,420.69,112.02,275.57,0.6628,-1,-1,-1
562,89,642.73,459.00,35.78,102.23,0.5035,-1,-1,-1
562,90,713.68,448.04,35.99,99.27,0.5756,-1,-1,-1
562,93,548.75,441.07,33.44,96.23,0.4905,-1,-1,-1
562,42,1104.79,438.02,113.39,278.63,0.7044,-1,-1,-1
562,75,1758.97,397.84,162.01,558.05,0.3302,-1,-1,-1
563,22,1573.56,405.17,317.17,669.78,0.8118,-1,-1,-1
563,46,1110.35,439.89,110.63,274.73,0.6947,-1,-1,-1
563,49,911.73,434.41,83.57,248.38,0.6966,-1,-1,-1
563,82,584.38,452.82,32.60,86.80,0.4637,-1,-1,-1
563,87,1000.31,419.71,117.36,276.59,0.6604,-1,-1,-1
563,89,642.13,458.39,34.73,102.45,0.5258,-1,-1,-1
563,90,714.22,448.75,37.13,98.82,0.5202,-1,-1,-1
563,93,548.68,440.40,34.57,96.12,0.4700,-1,-1,-1
563,42,1109.22,439.75,111.10,275.43,0.6947,-1,-1,-1
563,75,1765.95,394.54,154.91,554.11,0.3174,-1,-1,-1
564,22,1580.73,402.74,325.81,669.60,0.8691,-1,-1,-1
564,46,1113.48,436.34,111.41,276.90,0.7035,-1,-1,-1
564,49,914.98,431.80,82.88,249.91,0.6291,-1,-1,-1
564,82,584.65,454.10,32.20,84.38,0.4067,-1,-1,-1
564,87,1002.49,425.13,117.62,270.21,0.6361,-1,-1,-1
564,89,642.00,457.72,34.97,103.30,0.4943,-1,-1,-1
564,90,715.32,448.87,36.27,98.49,0.5082,-1,-1,-1
564,93,548.57,441.09,34.83,95.10,0.3831,-1,-1,-1
564,42,1112.50,436.23,111.81,277.51,0.7035,-1,-1,-1
564,75,1780.76,399.16,139.95,495.91,0.4050,-1,-1,-1
565,22,1587.13,400.54,314.68,668.50,0.7080,-1,-1,-1
565,46,1117.50,433.73,110.84,278.74,0.6546,-1,-1,-1
565,49,919.96,433.17,79.95,245.75,0.6260,-1,-1,-1
565,82,584.81,455.09,32.27,83.20,0.4092,-1,-1,-1
565,87,1000.83,429.75,122.35,265.03,0.6304,-1,-1,-1
565,89,641.84,456.89,35.57,104.12,0.5479,-1,-1,-1
565,90,716.08,449.01,35.96,97.50,0.5481,-1,-1,-1
565,93,548.48,441.47,34.30,94.52,0.4310,-1,-1,-1
565,42,1116.63,433.63,111.20,279.28,0.6546,-1,-1,-1
565,75,1784.48,394.61,135.64,610.01,0.6191,-1,-1,-1
566,22,1600.98,402.11,307.25,670.48,0.7411,-1,-1,-1
566,46,1123.36,433.40,107.91,281.15,0.5461,-1,-1,-1
566,49,927.24,432.18,84.23,242.55,0.5450,-1,-1,-1
566,82,585.07,455.36,32.45,83.31,0.4461,-1,-1,-1
566,87,1004.10,434.87,122.29,261.45,0.6636,-1,-1,-1
566,89,641.50,455.00,35.83,106.28,0.5243,-1,-1,-1
566,90,716.83,449.45,35.75,96.93,0.5353,-1,-1,-1
566,93,548.62,441.77,34.02,94.21,0.4370,-1,-1,-1
566,42,1122.59,433.32,108.23,281.62,0.5461,-1,-1,-1
566,75,1792.07,392.81,128.03,646.12,0.6372,-1,-1,-1
567,22,1620.81,400.86,289.23,669.21,0.8343,-1,-1,-1
567,46,1124.20,431.71,109.35,283.29,0.6448,-1,-1,-1
567,49,931.00,431.84,84.60,240.01,0.5151,-1,-1,-1
567,82,585.45,455.60,32.23,82.92,0.4754,-1,-1,-1
567,87,1005.67,440.32,125.97,257.28,0.6860,-1,-1,-1
567,89,641.28,454.72,34.80,106.32,0.4872,-1,-1,-1
567,90,717.62,449.20,35.69,97.52,0.5322,-1,-1,-1
567,93,548.84,441.94,33.79,94.21,0.4430,-1,-1,-1
567,42,1123.55,431.63,109.62,283.71,0.6448,-1,-1,-1
567,75,1798.73,396.78,121.48,643.49,0.6312,-1,-1,-1
568,22,1642.90,400.93,267.86,668.79,0.8215,-1,-1,-1
568,46,1129.23,431.18,108.46,281.92,0.6061,-1,-1,-1
568,49,940.76,432.13,78.25,240.56,0.5332,-1,-1,-1
568,82,585.87,455.80,32.07,84.38,0.5039,-1,-1,-1
568,87,1005.08,431.92,135.88,267.42,0.6888,-1,-1,-1
568,89,641.14,455.53,33.11,105.09,0.4906,-1,-1,-1
568,90,718.04,448.41,37.38,99.16,0.5080,-1,-1,-1
568,93,548.53,441.43,34.94,95.48,0.4386,-1,-1,-1
568,42,1128.65,431.11,108.70,282.29,0.6061,-1,-1,-1
568,75,1802.25,401.72,117.77,655.38,0.5913,-1,-1,-1
569,22,1655.90,400.82,243.08,671.63,0.8111,-1,-1,-1
569,46,1132.21,431.86,109.52,280.93,0.5264,-1,-1,-1
569,49,944.80,434.24,76.37,239.45,0.6574,-1,-1,-1
569,82,586.07,455.47,32.26,85.66,0.5372,-1,-1,-1
569,87,1006.31,432.71,138.89,267.41,0.7110,-1,-1,-1
569,89,641.04,455.31,33.57,104.79,0.5307,-1,-1,-1
569,90,718.24,448.20,37.66,99.98,0.5120,-1,-1,-1
569,93,548.57,442.17,35.30,95.54,0.4289,-1,-1,-1
569,42,1131.71,431.80,109.73,281.26,0.5264,-1,-1,-1
569,75,1800.89,408.38,118.93,652.39,0.4459,-1,-1,-1
570,22,1663.06,402.10,236.41,670.17,0.7805,-1,-1,-1
570,46,1135.45,434.02,115.90,279.51,0.6395,-1,-1,-1
570,49,944.88,434.71,80.52,235.69,0.7103,-1,-1,-1
570,82,586.43,455.51,31.88,85.97,0.5298,-1,-1,-1
570,87,1007.16,433.22,138.40,267.14,0.7028,-1,-1,-1
570,89,639.96,455.03,32.57,104.74,0.5113,-1,-1,-1
570,90,717.98,446.82,38.09,102.16,0.5422,-1,-1,-1
570,93,548.89,442.34,35.46,96.23,0.4518,-1,-1,-1
570,42,1135.00,433.97,116.08,279.80,0.6395,-1,-1,-1
571,22,1668.07,402.02,246.59,670.91,0.8655,-1,-1,-1
571,46,1143.28,432.85,126.35,280.91,0.5938,-1,-1,-1
571,49,947.25,434.96,80.05,239.91,0.6876,-1,-1,-1
571,82,586.67,455.38,31.73,86.47,0.5322,-1,-1,-1
571,87,1010.61,428.26,133.92,270.74,0.6972,-1,-1,-1
571,89,638.79,456.04,30.97,104.49,0.4919,-1,-1,-1
571,90,717.49,445.66,39.32,102.85,0.6007,-1,-1,-1
571,93,549.46,446.11,35.79,92.99,0.4405,-1,-1,-1
571,42,1142.87,432.80,126.51,281.16,0.5938,-1,-1,-1
572,22,1672.11,402.18,246.96,670.62,0.8688,-1,-1,-1
572,46,1145.30,433.44,133.61,281.43,0.7575,-1,-1,-1
572,49,949.24,435.63,80.10,240.23,0.6864,-1,-1,-1
572,82,586.81,452.28,32.10,89.63,0.5014,-1,-1,-1
572,87,1012.60,430.65,130.60,268.01,0.6822,-1,-1,-1
572,89,637.70,456.77,31.99,103.07,0.5203,-1,-1,-1
572,90,717.48,444.62,40.27,104.57,0.6182,-1,-1,-1
572,93,549.41,441.26,37.02,98.37,0.4719,-1,-1,-1
572,42,1144.92,433.39,133.75,281.66,0.7575,-1,-1,-1
573,22,1676.16,402.50,244.86,668.82,0.8857,-1,-1,-1
573,46,1150.30,436.21,137.08,278.92,0.7041,-1,-1,-1
573,49,947.09,434.68,88.35,242.81,0.6429,-1,-1,-1
573,82,585.83,452.97,32.32,89.31,0.4951,-1,-1,-1
573,87,1016.09,430.64,125.60,265.54,0.6409,-1,-1,-1
573,89,637.20,456.77,32.26,102.32,0.5628,-1,-1,-1
573,90,718.05,444.95,40.56,104.86,0.5599,-1,-1,-1
573,93,550.37,448.40,35.41,91.68,0.4163,-1,-1,-1
573,42,1149.95,436.18,137.22,279.12,0.7041,-1,-1,-1
573,94,1110.28,430.25,47.72,146.07,0.3485,-1,-1,-1
574,22,1676.85,399.70,244.81,673.96,0.9004,-1,-1,-1
574,46,1151.28,437.83,141.12,277.71,0.7367,-1,-1,-1
574,49,951.83,434.90,101.13,247.76,0.6118,-1,-1,-1
574,82,585.00,454.29,33.15,88.47,0.3454,-1,-1,-1
574,87,1029.67,432.73,111.61,263.15,0.5372,-1,-1,-1
574,89,636.70,457.52,32.21,101.09,0.5491,-1,-1,-1
574,90,717.96,444.90,41.08,105.31,0.5415,-1,-1,-1
574,93,550.32,449.74,35.75,89.68,0.3941,-1,-1,-1
574,42,1150.97,437.80,141.24,277.88,0.7367,-1,-1,-1
574,94,1112.04,428.36,45.92,149.04,0.3672,-1,-1,-1
574,95,1836.10,429.83,83.73,250.64,0.3388,-1,-1,-1
575,22,1677.12,398.30,244.59,676.27,0.9048,-1,-1,-1
575,46,1154.76,438.98,139.89,276.79,0.7036,-1,-1,-1
575,49,955.69,435.28,101.82,246.72,0.5651,-1,-1,-1
575,82,584.66,453.88,33.69,89.05,0.4144,-1,-1,-1
575,87,1037.33,428.06,103.34,268.17,0.4963,-1,-1,-1
575,89,635.69,456.55,32.67,102.08,0.5649,-1,-1,-1
575,90,717.93,445.16,40.95,104.89,0.5714,-1,-1,-1
575,93,550.42,449.22,35.36,89.66,0.3580,-1,-1,-1
575,42,1154.48,438.95,140.01,276.94,0.7036,-1,-1,-1
575,95,1844.13,430.93,75.71,239.53,0.3040,-1,-1,-1
576,22,1676.26,397.40,245.15,677.24,0.8988,-1,-1,-1
576,46,1157.59,438.22,138.50,277.49,0.7297,-1,-1,-1
576,49,956.57,434.48,109.72,247.80,0.6227,-1,-1,-1
576,82,585.26,453.41,33.20,89.54,0.4283,-1,-1,-1
576,87,1041.96,427.50,98.64,268.61,0.6183,-1,-1,-1
576,89,634.52,456.25,33.35,101.94,0.5181,-1,-1,-1
576,90,719.04,445.77,39.84,104.90,0.5984,-1,-1,-1
576,42,1157.34,438.19,138.60,277.62,0.7297,-1,-1,-1
576,95,1854.78,431.56,65.04,220.29,0.4443,-1,-1,-1
577,22,1675.44,398.34,245.62,676.74,0.9086,-1,-1,-1
577,46,1157.56,437.01,138.88,278.55,0.7499,-1,-1,-1
577,49,957.91,434.29,111.63,246.92,0.6707,-1,-1,-1
577,82,585.10,452.32,33.51,91.06,0.4015,-1,-1,-1
577,87,1048.41,425.04,91.96,270.00,0.6259,-1,-1,-1
577,89,633.43,453.31,33.62,105.58,0.5247,-1,-1,-1
577,90,719.58,446.70,39.22,104.51,0.5752,-1,-1,-1
577,42,1157.34,436.99,138.97,278.67,0.7499,-1,-1,-1
578,22,1673.90,399.03,246.82,676.69,0.9062,-1,-1,-1
578,46,1159.26,434.41,134.56,280.52,0.7267,-1,-1,-1
578,49,958.73,438.60,104.55,237.65,0.7232,-1,-1,-1
578,82,584.39,451.20,34.27,92.66,0.3788,-1,-1,-1
578,87,1051.54,427.47,88.64,265.99,0.6199,-1,-1,-1
578,89,633.01,449.95,33.26,108.58,0.6204,-1,-1,-1
578,90,719.70,445.72,39.00,104.34,0.6252,-1,-1,-1
578,42,1159.06,434.39,134.64,280.62,0.7267,-1,-1,-1
579,22,1673.39,400.26,247.24,676.20,0.8987,-1,-1,-1
579,46,1159.78,434.89,132.93,279.23,0.6852,-1,-1,-1
579,49,959.06,439.41,102.80,234.56,0.7520,-1,-1,-1
579,82,583.92,449.01,32.56,93.38,0.3523,-1,-1,-1
579,87,1055.75,431.76,85.84,262.68,0.6565,-1,-1,-1
579,89,632.47,448.47,33.15,110.07,0.5776,-1,-1,-1
579,90,720.14,445.68,38.66,103.89,0.5849,-1,-1,-1
579,42,1159.61,434.87,133.01,279.32,0.6852,-1,-1,-1
580,22,1673.18,401.88,247.21,675.08,0.9085,-1,-1,-1
580,46,1158.86,439.67,134.02,275.63,0.7480,-1,-1,-1
580,49,959.57,437.54,102.51,236.73,0.7544,-1,-1,-1
580,82,583.89,448.40,34.18,94.49,0.3583,-1,-1,-1
580,87,1054.34,437.66,88.37,256.82,0.6681,-1,-1,-1
580,89,631.15,449.57,35.53,108.95,0.5589,-1,-1,-1
580,90,720.65,446.40,38.51,104.77,0.5629,-1,-1,-1
580,42,1158.71,439.66,134.09,275.71,0.7480,-1,-1,-1
580,93,549.96,441.94,38.10,96.26,0.3544,-1,-1,-1
581,22,1673.07,402.25,247.14,675.03,0.9081,-1,-1,-1
581,46,1159.57,440.12,135.10,276.28,0.6925,-1,-1,-1
581,49,959.65,435.69,102.77,237.48,0.7593,-1,-1,-1
581,82,584.40,447.29,34.17,96.20,0.4046,-1,-1,-1
581,87,1055.85,439.29,92.21,255.45,0.6794,-1,-1,-1
581,89,630.80,452.91,36.22,105.36,0.5475,-1,-1,-1
581,90,720.88,446.84,38.64,104.36,0.4915,-1,-1,-1
581,42,1159.43,440.11,135.15,276.35,0.6925,-1,-1,-1
581,93,549.33,437.04,40.04,101.45,0.3683,-1,-1,-1
582,22,1673.23,402.30,246.84,675.86,0.9084,-1,-1,-1
582,46,1180.68,439.54,116.95,275.49,0.6854,-1,-1,-1
582,49,957.85,435.82,109.89,236.72,0.7482,-1,-1,-1
582,82,584.48,446.54,34.21,96.79,0.4312,-1,-1,-1
582,87,1066.26,438.42,85.98,260.23,0.6176,-1,-1,-1
582,89,631.26,453.13,34.56,104.98,0.5063,-1,-1,-1
582,90,721.36,447.65,38.17,103.49,0.4861,-1,-1,-1
582,42,1180.56,439.53,117.00,275.55,0.6854,-1,-1,-1
582,93,548.72,435.51,40.05,102.64,0.3857,-1,-1,-1
583,22,1674.23,399.74,245.64,678.73,0.9095,-1,-1,-1
583,46,1193.11,439.66,106.87,274.38,0.7213,-1,-1,-1
583,49,962.34,435.95,108.83,235.88,0.7269,-1,-1,-1
583,82,584.55,447.84,33.89,95.43,0.4720,-1,-1,-1
583,87,1077.46,434.78,77.80,263.33,0.6326,-1,-1,-1
583,89,631.09,453.66,34.21,104.42,0.4642,-1,-1,-1
583,90,721.15,446.37,38.91,103.93,0.5333,-1,-1,-1
583,42,1193.01,439.65,106.91,274.43,0.7213,-1,-1,-1
583,93,549.24,438.09,39.02,99.75,0.4200,-1,-1,-1
584,22,1676.00,396.02,243.84,681.68,0.9114,-1,-1,-1
584,46,1201.76,440.50,99.85,272.01,0.7224,-1,-1,-1
584,49,966.02,437.05,107.28,235.66,0.7436,-1,-1,-1
584,82,584.98,447.90,33.41,95.59,0.4779,-1,-1,-1
584,87,1084.41,435.16,75.04,262.01,0.6622,-1,-1,-1
584,89,630.44,454.89,35.19,103.36,0.4385,-1,-1,-1
584,90,721.90,446.93,38.13,104.48,0.5300,-1,-1,-1
584,42,1201.68,440.49,99.89,272.06,0.7224,-1,-1,-1
584,93,550.25,439.10,37.85,98.89,0.3947,-1,-1,-1
585,22,1677.65,394.93,242.24,682.41,0.8982,-1,-1,-1
585,46,1204.80,440.93,100.83,267.58,0.7501,-1,-1,-1
585,49,969.20,436.91,105.51,235.22,0.7640,-1,-1,-1
585,82,585.58,447.98,33.10,95.07,0.4617,-1,-1,-1
585,87,1088.00,438.81,74.45,257.32,0.6338,-1,-1,-1
585,89,628.57,452.31,36.54,105.62,0.4000,-1,-1,-1
585,90,722.72,446.91,37.83,103.72,0.5244,-1,-1,-1
585,42,1204.74,440.92,100.86,267.62,0.7501,-1,-1,-1
585,93,550.22,438.72,38.60,99.35,0.4309,-1,-1,-1
586,22,1681.19,393.75,238.97,682.54,0.8963,-1,-1,-1
586,46,1212.32,437.96,100.77,272.44,0.7573,-1,-1,-1
586,49,976.08,440.37,100.65,233.40,0.7664,-1,-1,-1
586,82,585.13,445.41,34.48,98.03,0.4560,-1,-1,-1
586,87,1089.67,436.59,72.78,260.50,0.6866,-1,-1,-1
586,89,627.18,452.48,37.33,105.19,0.4342,-1,-1,-1
586,90,723.51,445.05,37.87,103.93,0.5415,-1,-1,-1
586,42,1212.26,437.95,100.79,272.48,0.7573,-1,-1,-1
586,93,549.93,439.99,37.87,98.66,0.4347,-1,-1,-1
587,22,1684.90,390.77,235.31,684.83,0.8685,-1,-1,-1
587,46,1216.59,434.52,99.63,276.29,0.6193,-1,-1,-1
587,49,981.23,443.17,96.77,228.23,0.7373,-1,-1,-1
587,82,584.70,444.56,35.10,98.65,0.4214,-1,-1,-1
587,87,1091.11,430.11,72.86,267.27,0.7238,-1,-1,-1
587,89,625.66,452.38,38.29,105.35,0.4834,-1,-1,-1
587,90,724.25,444.20,37.60,104.91,0.5480,-1,-1,-1
587,42,1216.54,434.52,99.64,276.32,0.6193,-1,-1,-1
587,93,550.12,440.83,37.44,98.44,0.4744,-1,-1,-1
587,96,665.15,452.65,32.94,101.12,0.3727,-1,-1,-1
588,22,1692.23,388.13,227.78,687.32,0.8552,-1,-1,-1
588,46,1215.37,434.52,102.37,277.63,0.7884,-1,-1,-1
588,49,987.64,445.41,91.22,223.83,0.6964,-1,-1,-1
588,82,584.06,445.33,35.72,98.71,0.4212,-1,-1,-1
588,87,1092.42,424.07,77.42,272.99,0.7356,-1,-1,-1
588,89,625.27,452.92,36.68,104.68,0.5034,-1,-1,-1
588,90,726.14,442.72,34.97,106.57,0.5544,-1,-1,-1
588,42,1215.32,434.51,102.39,277.66,0.7884,-1,-1,-1
588,93,551.08,445.30,36.36,94.63,0.4378,-1,-1,-1
588,96,664.35,452.06,30.89,104.93,0.3444,-1,-1,-1
589,22,1700.50,391.78,219.29,681.93,0.7396,-1,-1,-1
589,46,1217.71,434.69,100.93,275.68,0.7762,-1,-1,-1
589,49,995.60,445.76,85.23,223.16,0.7028,-1,-1,-1
589,82,583.35,446.70,36.70,98.60,0.3840,-1,-1,-1
589,87,1093.21,421.30,85.37,275.53,0.7076,-1,-1,-1
589,89,624.81,451.86,35.97,105.69,0.5736,-1,-1,-1
589,90,725.00,443.04,36.59,106.53,0.5518,-1,-1,-1
589,42,1217.68,434.69,100.95,275.71,0.7762,-1,-1,-1
589,93,551.02,446.72,36.71,93.97,0.4300,-1,-1,-1
589,96,663.77,450.92,30.86,108.01,0.4447,-1,-1,-1
589,97,1183.53,438.37,59.13,234.99,0.3554,-1,-1,-1
590,22,1712.02,418.90,207.64,654.83,0.7361,-1,-1,-1
590,46,1220.20,433.83,101.14,276.95,0.7803,-1,-1,-1
590,49,1005.12,446.77,79.05,221.55,0.7377,-1,-1,-1
590,82,583.95,448.07,35.91,97.86,0.3249,-1,-1,-1
590,87,1092.67,428.70,87.19,268.49,0.6573,-1,-1,-1
590,89,624.26,450.92,35.13,106.39,0.5088,-1,-1,-1
590,90,726.24,442.54,35.20,107.06,0.5688,-1,-1,-1
590,42,1220.17,433.82,101.16,276.97,0.7803,-1,-1,-1
590,93,551.09,447.65,37.14,92.95,0.3707,-1,-1,-1
590,96,663.54,451.68,31.38,107.82,0.4600,-1,-1,-1
590,97,1185.02,437.39,59.06,239.16,0.3658,-1,-1,-1
591,22,1731.26,464.64,188.34,609.57,0.5659,-1,-1,-1
591,46,1223.08,434.76,103.17,276.22,0.7444,-1,-1,-1
591,49,1011.14,444.66,77.91,222.65,0.7102,-1,-1,-1
591,82,583.61,449.23,35.76,96.80,0.3471,-1,-1,-1
591,87,1091.49,419.56,91.75,277.13,0.6494,-1,-1,-1
591,89,624.17,449.77,33.88,107.81,0.5300,-1,-1,-1
591,90,727.41,442.34,33.51,107.37,0.5737,-1,-1,-1
591,42,1223.06,434.75,103.19,276.24,0.7444,-1,-1,-1
591,93,550.84,445.21,37.46,95.07,0.3445,-1,-1,-1
591,96,663.43,451.91,32.03,107.97,0.5142,-1,-1,-1
591,97,1188.84,434.99,60.27,241.46,0.3318,-1,-1,-1
592,22,1753.26,491.26,166.18,581.47,0.6776,-1,-1,-1
592,46,1226.67,437.23,107.76,274.09,0.7274,-1,-1,-1
592,49,1013.23,443.99,77.32,221.95,0.7369,-1,-1,-1
592,82,584.90,449.87,33.22,94.42,0.3140,-1,-1,-1
592,87,1091.40,417.24,101.89,279.29,0.6716,-1,-1,-1
592,89,624.12,449.11,34.46,108.85,0.5108,-1,-1,-1
592,90,728.00,442.84,32.41,107.26,0.5657,-1,-1,-1
592,42,1226.64,437.23,107.77,274.11,0.7274,-1,-1,-1
592,93,550.01,443.86,38.50,95.85,0.3284,-1,-1,-1
592,96,662.61,452.30,32.99,107.83,0.5382,-1,-1,-1
593,22,1777.14,500.46,142.31,572.62,0.3812,-1,-1,-1
593,46,1231.08,439.38,110.30,273.59,0.7546,-1,-1,-1
593,49,1014.73,439.82,79.30,226.22,0.6610,-1,-1,-1
593,82,584.23,450.74,32.66,91.70,0.3179,-1,-1,-1
593,87,1092.05,413.59,101.34,282.76,0.6895,-1,-1,-1
593,89,623.34,449.41,35.77,108.51,0.4907,-1,-1,-1
593,90,728.16,443.08,32.86,107.70,0.5368,-1,-1,-1
593,42,1231.05,439.38,110.31,273.61,0.7546,-1,-1,-1
593,93,549.06,445.65,38.84,93.76,0.3099,-1,-1,-1
593,96,661.69,452.24,33.75,107.81,0.5280,-1,-1,-1
594,22,1810.13,520.99,109.32,556.66,0.3154,-1,-1,-1
594,46,1234.52,441.78,112.61,270.94,0.7839,-1,-1,-1
594,49,1020.84,436.69,76.84,228.86,0.6264,-1,-1,-1
594,82,584.09,451.21,32.47,90.82,0.3228,-1,-1,-1
594,87,1092.19,412.45,102.16,285.39,0.6970,-1,-1,-1
594,89,622.98,448.84,36.16,108.00,0.4980,-1,-1,-1
594,90,726.87,444.30,35.76,107.07,0.5108,-1,-1,-1
594,42,1234.50,441.78,112.62,270.96,0.7839,-1,-1,-1
594,93,549.15,447.60,38.03,91.74,0.3510,-1,-1,-1
594,96,660.50,451.92,34.97,108.61,0.5180,-1,-1,-1
594,97,1191.27,437.59,76.32,241.53,0.3474,-1,-1,-1
595,46,1239.52,438.89,112.12,273.63,0.8173,-1,-1,-1
595,49,1023.23,436.20,76.02,228.67,0.6673,-1,-1,-1
595,87,1094.17,413.39,101.56,283.44,0.7159,-1,-1,-1
595,89,622.64,449.14,36.81,106.99,0.5460,-1,-1,-1
595,90,728.35,443.70,33.54,107.13,0.5473,-1,-1,-1
595,42,1239.50,438.89,112.13,273.64,0.8173,-1,-1,-1
595,96,660.52,452.54,35.01,108.30,0.4637,-1,-1,-1
595,97,1190.02,440.81,76.09,238.88,0.4607,-1,-1,-1
596,46,1242.60,437.63,112.84,275.15,0.8089,-1,-1,-1
596,49,1024.92,440.05,76.57,224.72,0.7054,-1,-1,-1
596,87,1095.68,418.38,100.82,279.44,0.7362,-1,-1,-1
596,89,622.99,449.88,36.91,105.24,0.5656,-1,-1,-1
596,90,726.91,444.74,35.99,105.99,0.5634,-1,-1,-1
596,42,1242.58,437.63,112.85,275.17,0.8089,-1,-1,-1
596,96,660.71,454.01,35.09,106.82,0.4432,-1,-1,-1
596,97,1191.26,443.47,76.14,237.23,0.5129,-1,-1,-1
597,46,1244.58,437.73,113.05,275.63,0.8060,-1,-1,-1
597,49,1026.26,441.81,76.70,223.78,0.7349,-1,-1,-1
597,87,1097.45,421.69,98.76,276.23,0.7575,-1,-1,-1
597,89,623.70,451.61,35.44,103.51,0.5089,-1,-1,-1
597,90,726.16,444.85,37.62,106.76,0.6044,-1,-1,-1
597,42,1244.57,437.73,113.06,275.64,0.8060,-1,-1,-1
597,96,659.88,454.21,37.64,106.67,0.4125,-1,-1,-1
597,97,1191.91,456.27,76.69,225.84,0.5282,-1,-1,-1
598,46,1248.13,437.66,111.21,275.63,0.8155,-1,-1,-1
598,49,1026.48,441.77,79.41,224.33,0.7353,-1,-1,-1
598,87,1099.00,427.39,98.25,270.18,0.7168,-1,-1,-1
598,89,624.51,453.22,33.56,101.80,0.4762,-1,-1,-1
598,90,725.81,445.12,38.65,107.78,0.5893,-1,-1,-1
598,42,1248.11,437.66,111.22,275.64,0.8155,-1,-1,-1
598,96,658.73,454.42,38.79,106.58,0.4158,-1,-1,-1
598,97,1193.31,454.61,76.74,228.07,0.5185,-1,-1,-1
598,82,584.09,451.28,32.36,89.68,0.3407,-1,-1,-1
598,93,550.26,449.33,35.12,90.45,0.3670,-1,-1,-1
599,46,1252.33,437.29,107.79,275.77,0.7834,-1,-1,-1
599,49,1027.39,442.25,85.05,224.64,0.7369,-1,-1,-1
599,87,1101.38,430.76,97.62,265.31,0.6984,-1,-1,-1
599,89,624.65,454.36,33.40,100.84,0.4772,-1,-1,-1
599,90,726.32,445.60,37.87,106.90,0.5704,-1,-1,-1
599,42,1252.32,437.28,107.80,275.78,0.7834,-1,-1,-1
599,96,657.57,454.68,40.08,106.33,0.4046,-1,-1,-1
599,97,1191.57,445.13,79.16,237.58,0.5680,-1,-1,-1
599,99,378.23,467.50,48.01,108.84,0.3784,-1,-1,-1
599,82,583.57,452.58,33.78,90.45,0.3223,-1,-1,-1
599,93,549.77,447.43,37.15,92.46,0.3364,-1,-1,-1
600,46,1256.42,437.04,104.81,276.00,0.8191,-1,-1,-1
600,49,1028.42,441.75,88.13,224.15,0.7553,-1,-1,-1
600,87,1106.94,431.08,94.29,263.36,0.6928,-1,-1,-1
600,89,624.93,455.03,33.02,100.92,0.4988,-1,-1,-1
600,90,726.32,444.37,37.39,108.45,0.5889,-1,-1,-1
600,42,1256.41,437.04,104.81,276.00,0.8191,-1,-1,-1
600,96,657.00,455.46,39.83,105.52,0.3622,-1,-1,-1
600,97,1195.68,448.14,75.56,231.51,0.5992,-1,-1,-1
600,99,379.06,465.35,46.49,111.29,0.3511,-1,-1,-1
600,82,583.40,455.81,32.85,85.99,0.3162,-1,-1,-1
600,93,550.37,450.73,37.26,89.50,0.3207,-1,-1,-1
