2,1,0.41,6.02,344.96,1064.66,0.9309,-1,-1,-1
2,2,869.54,148.51,234.36,629.30,0.8087,-1,-1,-1
2,3,542.21,266.42,95.89,322.46,0.8093,-1,-1,-1
2,4,397.51,273.93,111.22,321.90,0.8135,-1,-1,-1
2,5,1053.79,291.58,87.45,329.48,0.4822,-1,-1,-1
2,6,740.05,330.48,41.76,121.79,0.2954,-1,-1,-1
2,7,798.40,305.64,48.41,140.80,0.2802,-1,-1,-1
3,1,0.35,5.08,338.86,1062.24,0.9290,-1,-1,-1
3,2,864.81,152.58,225.86,627.34,0.8280,-1,-1,-1
3,3,536.53,265.86,97.06,327.38,0.8035,-1,-1,-1
3,4,390.25,274.44,108.19,322.88,0.8447,-1,-1,-1
3,5,1047.71,293.87,91.88,333.67,0.5745,-1,-1,-1
3,6,738.63,329.64,39.52,123.59,0.3174,-1,-1,-1
3,7,795.93,310.55,47.99,138.00,0.2786,-1,-1,-1
4,1,0.73,3.47,324.66,1061.32,0.9256,-1,-1,-1
4,2,870.74,152.92,216.91,629.05,0.8338,-1,-1,-1
4,3,531.88,264.95,95.89,328.66,0.8068,-1,-1,-1
4,4,381.10,270.54,112.13,328.21,0.8411,-1,-1,-1
4,5,1043.82,292.97,91.01,343.62,0.5880,-1,-1,-1
4,6,732.75,324.90,41.57,129.14,0.4053,-1,-1,-1
4,7,792.78,319.87,40.95,126.72,0.2206,-1,-1,-1
4,9,693.61,332.88,39.48,114.88,0.3758,-1,-1,-1
4,10,867.60,250.36,83.48,308.24,0.2251,-1,-1,-1
5,1,1.16,3.45,308.69,1062.87,0.9158,-1,-1,-1
5,2,880.18,151.26,204.86,638.33,0.8191,-1,-1,-1
5,3,526.11,262.23,97.47,334.81,0.8084,-1,-1,-1
5,4,376.64,264.18,111.35,332.32,0.8343,-1,-1,-1
5,5,1049.32,292.10,82.35,343.99,0.5813,-1,-1,-1
5,6,730.14,320.72,44.44,127.30,0.3969,-1,-1,-1
5,7,789.41,322.63,42.82,117.72,0.2315,-1,-1,-1
5,9,691.26,332.99,38.06,111.47,0.3971,-1,-1,-1
5,10,868.72,251.39,78.91,308.78,0.2975,-1,-1,-1
6,1,2.26,26.35,288.45,1047.76,0.8733,-1,-1,-1
6,2,885.95,150.79,196.72,625.51,0.8016,-1,-1,-1
6,3,519.63,262.21,102.27,335.53,0.7965,-1,-1,-1
6,4,372.51,262.12,110.84,334.46,0.8304,-1,-1,-1
6,5,1046.54,293.40,81.34,345.06,0.5881,-1,-1,-1
6,6,727.92,323.41,39.33,113.80,0.4023,-1,-1,-1
6,7,787.41,319.90,40.22,118.25,0.3074,-1,-1,-1
6,9,687.95,333.84,39.53,115.51,0.4275,-1,-1,-1
6,10,866.55,250.19,79.42,311.50,0.4251,-1,-1,-1
7,1,1.64,79.27,270.55,990.77,0.9040,-1,-1,-1
7,2,892.43,153.13,188.67,619.78,0.8157,-1,-1,-1
7,3,515.27,258.95,101.89,345.58,0.7803,-1,-1,-1
7,4,363.02,260.80,114.44,338.32,0.8230,-1,-1,-1
7,5,1040.70,296.88,84.79,346.18,0.6028,-1,-1,-1
7,6,726.35,322.32,38.96,122.33,0.4656,-1,-1,-1
7,7,785.36,316.23,40.36,125.06,0.3447,-1,-1,-1
7,9,685.06,332.54,41.52,120.05,0.4072,-1,-1,-1
7,10,863.97,254.31,80.56,307.77,0.5794,-1,-1,-1
8,1,0.86,89.57,257.97,981.21,0.8945,-1,-1,-1
8,2,889.76,152.36,190.90,628.44,0.7949,-1,-1,-1
8,3,511.30,263.30,101.31,345.04,0.8152,-1,-1,-1
8,4,352.66,260.20,119.50,342.41,0.8261,-1,-1,-1
8,5,1037.06,299.79,88.28,346.15,0.6694,-1,-1,-1
8,6,723.61,321.35,41.22,127.05,0.5142,-1,-1,-1
8,7,783.68,304.05,49.06,142.27,0.4140,-1,-1,-1
8,9,682.58,331.91,40.11,120.86,0.5030,-1,-1,-1
8,10,863.16,264.35,72.48,299.90,0.5884,-1,-1,-1
9,1,4.50,100.03,221.13,972.50,0.8644,-1,-1,-1
9,2,887.01,154.37,188.30,626.25,0.7894,-1,-1,-1
9,3,506.67,262.52,103.12,342.74,0.8365,-1,-1,-1
9,4,348.01,260.98,120.09,343.55,0.8182,-1,-1,-1
9,5,1036.57,304.09,84.18,347.97,0.6608,-1,-1,-1
9,6,721.46,321.32,38.85,131.47,0.5833,-1,-1,-1
9,7,782.70,306.50,41.47,140.62,0.3890,-1,-1,-1
9,9,679.62,333.47,37.08,120.99,0.4071,-1,-1,-1
9,10,862.37,263.60,72.90,300.85,0.5935,-1,-1,-1
10,1,3.55,106.14,205.02,961.67,0.7354,-1,-1,-1
10,2,879.79,157.38,190.76,623.48,0.8157,-1,-1,-1
10,3,499.55,264.97,107.57,346.86,0.8265,-1,-1,-1
10,4,346.18,259.45,116.60,347.12,0.8081,-1,-1,-1
10,5,1037.57,300.45,81.27,353.22,0.7025,-1,-1,-1
10,6,720.69,324.71,40.52,131.71,0.5864,-1,-1,-1
10,7,777.23,298.13,49.12,154.37,0.4876,-1,-1,-1
10,9,676.50,336.70,41.48,123.50,0.4926,-1,-1,-1
10,10,861.74,261.14,72.90,303.68,0.5693,-1,-1,-1
10,13,828.35,315.48,43.59,130.33,0.2888,-1,-1,-1
11,1,7.67,109.70,173.99,957.33,0.7219,-1,-1,-1
11,2,878.77,156.22,188.22,631.53,0.8172,-1,-1,-1
11,3,492.69,261.79,109.95,354.18,0.8225,-1,-1,-1
11,4,336.43,262.53,122.39,348.74,0.7929,-1,-1,-1
11,5,1039.38,296.24,73.44,360.26,0.6643,-1,-1,-1
11,6,719.28,326.30,38.97,129.93,0.5261,-1,-1,-1
11,7,776.56,319.08,47.88,135.78,0.5669,-1,-1,-1
11,9,676.28,340.78,41.25,117.67,0.4694,-1,-1,-1
11,10,861.75,276.18,67.67,292.20,0.5268,-1,-1,-1
11,13,827.52,319.25,44.49,127.62,0.3679,-1,-1,-1
12,1,2.39,121.72,162.18,686.02,0.7912,-1,-1,-1
12,2,868.48,158.21,190.92,633.36,0.8370,-1,-1,-1
12,3,490.19,257.98,110.26,359.03,0.7941,-1,-1,-1
12,4,324.33,265.56,129.63,351.28,0.8280,-1,-1,-1
12,5,1037.34,296.79,71.20,361.88,0.6748,-1,-1,-1
12,6,718.11,328.24,41.58,131.67,0.5501,-1,-1,-1
12,7,773.67,319.86,53.18,134.71,0.5573,-1,-1,-1
12,9,674.10,339.99,40.71,123.54,0.4303,-1,-1,-1
12,10,864.53,250.01,66.12,314.75,0.3846,-1,-1,-1
12,13,828.84,323.53,43.40,123.10,0.3683,-1,-1,-1
13,1,1.73,142.17,139.88,593.53,0.8250,-1,-1,-1
13,2,860.52,155.00,198.82,640.40,0.8255,-1,-1,-1
13,3,482.26,255.31,114.12,362.10,0.8256,-1,-1,-1
13,4,318.02,265.04,134.45,356.12,0.8305,-1,-1,-1
13,5,1035.64,300.22,73.68,352.26,0.6941,-1,-1,-1
13,6,717.16,328.17,40.34,133.09,0.4856,-1,-1,-1
13,7,772.22,321.28,52.08,134.08,0.5436,-1,-1,-1
13,9,672.77,340.44,39.41,123.69,0.4349,-1,-1,-1
13,10,864.75,252.16,65.03,310.39,0.2683,-1,-1,-1
13,13,829.62,326.60,43.61,120.55,0.4392,-1,-1,-1
14,1,1.90,181.14,116.79,580.40,0.8181,-1,-1,-1
14,2,852.64,152.85,203.64,645.14,0.7826,-1,-1,-1
14,3,478.87,254.90,114.84,364.50,0.8344,-1,-1,-1
14,4,313.47,266.83,136.13,359.17,0.8337,-1,-1,-1
14,5,1033.56,291.25,74.28,358.47,0.6831,-1,-1,-1
14,6,715.03,327.49,44.52,133.48,0.5324,-1,-1,-1
14,7,773.03,323.78,46.89,129.97,0.5655,-1,-1,-1
14,9,672.20,340.94,37.56,117.41,0.3757,-1,-1,-1
14,10,865.84,280.93,62.35,281.90,0.1932,-1,-1,-1
14,13,828.63,325.55,43.60,121.97,0.4678,-1,-1,-1
15,1,7.89,235.53,83.66,547.84,0.5509,-1,-1,-1
15,2,839.29,153.25,211.25,637.56,0.7988,-1,-1,-1
15,3,474.82,257.16,119.73,360.95,0.8374,-1,-1,-1
15,4,316.24,269.89,130.76,359.52,0.8282,-1,-1,-1
15,5,1029.06,282.36,79.18,370.93,0.6658,-1,-1,-1
15,6,713.64,330.32,46.72,130.43,0.5330,-1,-1,-1
15,7,772.68,322.76,47.12,129.38,0.5441,-1,-1,-1
15,9,671.74,344.84,34.19,111.48,0.4051,-1,-1,-1
15,13,827.70,328.91,44.12,119.56,0.4329,-1,-1,-1
16,2,836.30,153.50,215.16,639.81,0.8000,-1,-1,-1
16,3,472.80,256.64,122.81,366.15,0.8443,-1,-1,-1
16,4,310.66,269.75,134.28,366.23,0.8375,-1,-1,-1
16,5,1026.31,275.58,83.25,379.05,0.6294,-1,-1,-1
16,6,714.01,330.79,45.19,130.16,0.5282,-1,-1,-1
16,7,771.07,323.45,49.72,129.13,0.5744,-1,-1,-1
16,9,671.17,348.84,32.48,108.51,0.4368,-1,-1,-1
16,13,828.59,333.51,42.42,116.16,0.4234,-1,-1,-1
17,2,835.08,155.03,218.25,642.85,0.8247,-1,-1,-1
17,3,471.84,259.13,122.79,367.03,0.8422,-1,-1,-1
17,4,308.82,275.31,133.25,367.90,0.8491,-1,-1,-1
17,5,1022.66,277.48,89.09,375.97,0.6573,-1,-1,-1
17,6,713.30,330.06,46.54,135.50,0.5737,-1,-1,-1
17,7,770.46,325.46,52.13,129.78,0.5980,-1,-1,-1
17,9,671.41,347.07,32.63,117.65,0.4359,-1,-1,-1
17,13,829.21,338.60,41.32,116.21,0.4189,-1,-1,-1
18,2,838.47,158.47,213.70,655.41,0.8575,-1,-1,-1
18,3,468.76,259.47,126.96,374.24,0.8380,-1,-1,-1
18,4,311.47,278.74,131.09,369.65,0.8287,-1,-1,-1
18,5,1021.07,257.21,89.24,394.32,0.6902,-1,-1,-1
18,6,714.20,332.95,46.97,136.63,0.4864,-1,-1,-1
18,7,773.17,318.10,49.00,141.84,0.4389,-1,-1,-1
18,9,671.76,350.67,33.58,118.51,0.2670,-1,-1,-1
18,13,829.26,339.06,42.36,117.63,0.3626,-1,-1,-1
19,2,845.34,159.90,199.78,658.72,0.8576,-1,-1,-1
19,3,466.76,263.48,131.39,379.45,0.8194,-1,-1,-1
19,4,294.67,281.27,147.34,379.24,0.8298,-1,-1,-1
19,5,1014.01,255.41,95.81,398.73,0.7175,-1,-1,-1
19,6,716.05,338.58,45.55,138.07,0.4869,-1,-1,-1
19,7,772.57,333.30,51.54,131.38,0.5144,-1,-1,-1
19,9,670.65,357.06,34.10,121.51,0.2680,-1,-1,-1
19,13,830.55,347.23,45.58,112.99,0.3075,-1,-1,-1
20,2,847.78,168.14,194.21,654.56,0.8636,-1,-1,-1
20,3,469.32,273.11,129.11,379.13,0.8259,-1,-1,-1
20,4,298.09,287.38,145.36,379.06,0.8282,-1,-1,-1
20,5,1011.03,250.25,99.35,410.17,0.7664,-1,-1,-1
20,6,718.19,342.94,42.79,140.38,0.5372,-1,-1,-1
20,7,773.15,335.06,51.91,131.50,0.5622,-1,-1,-1
20,9,669.50,360.69,37.24,120.75,0.1580,-1,-1,-1
20,13,827.10,356.72,50.25,107.56,0.3528,-1,-1,-1
21,2,863.47,170.07,184.08,656.79,0.8507,-1,-1,-1
21,3,472.16,274.01,134.32,388.83,0.8101,-1,-1,-1
21,4,305.45,287.43,144.28,384.19,0.8443,-1,-1,-1
21,5,1016.95,249.80,107.66,415.06,0.8076,-1,-1,-1
21,6,723.98,342.10,42.20,119.09,0.2320,-1,-1,-1
21,7,772.75,335.34,59.78,131.77,0.3940,-1,-1,-1
22,2,881.83,168.55,187.52,660.06,0.8527,-1,-1,-1
22,3,496.18,276.59,127.45,390.31,0.8219,-1,-1,-1
22,4,324.18,288.29,143.77,386.46,0.8289,-1,-1,-1
22,5,1032.33,251.57,107.97,418.23,0.7933,-1,-1,-1
22,6,744.57,351.07,41.29,135.96,0.5194,-1,-1,-1
22,7,798.07,341.54,52.11,135.60,0.5638,-1,-1,-1
22,9,697.69,369.45,38.00,119.91,0.2202,-1,-1,-1
22,13,853.13,357.84,51.86,108.99,0.3482,-1,-1,-1
23,2,883.13,170.87,190.25,664.21,0.8616,-1,-1,-1
23,3,507.84,281.81,128.89,393.07,0.8269,-1,-1,-1
23,4,332.23,291.52,145.07,386.03,0.8291,-1,-1,-1
23,5,1040.11,255.09,113.88,421.11,0.8002,-1,-1,-1
23,6,753.31,350.29,47.56,132.39,0.3616,-1,-1,-1
23,7,808.75,359.57,57.01,125.57,0.1947,-1,-1,-1
23,9,705.67,366.96,40.09,125.77,0.4214,-1,-1,-1
23,13,868.69,351.51,41.24,117.54,0.2463,-1,-1,-1
24,2,879.23,173.37,203.68,662.79,0.8688,-1,-1,-1
24,3,517.16,285.34,131.05,396.11,0.8443,-1,-1,-1
24,4,342.44,293.20,146.60,390.86,0.8326,-1,-1,-1
24,5,1046.70,258.38,120.95,414.87,0.8169,-1,-1,-1
24,6,767.94,352.29,42.37,137.70,0.5075,-1,-1,-1
24,7,824.82,348.11,46.98,131.88,0.5143,-1,-1,-1
24,9,716.87,368.02,41.80,126.23,0.5352,-1,-1,-1
24,13,874.58,359.73,41.76,106.09,0.1514,-1,-1,-1
25,2,874.15,173.28,211.12,658.63,0.8634,-1,-1,-1
25,3,523.62,284.55,134.84,405.19,0.8425,-1,-1,-1
25,4,355.44,294.79,144.29,387.60,0.8309,-1,-1,-1
25,5,1057.64,259.45,123.63,417.36,0.8345,-1,-1,-1
25,6,777.77,352.06,47.81,139.97,0.4202,-1,-1,-1
25,9,731.88,368.30,39.32,129.94,0.4542,-1,-1,-1
26,2,879.15,174.35,217.66,653.83,0.8694,-1,-1,-1
26,3,540.55,294.75,130.56,404.06,0.7974,-1,-1,-1
26,4,365.41,295.24,150.92,395.77,0.8541,-1,-1,-1
26,5,1065.93,262.73,134.53,421.85,0.8314,-1,-1,-1
26,6,794.34,352.93,45.66,134.26,0.3062,-1,-1,-1
26,9,744.35,376.22,41.60,121.99,0.3412,-1,-1,-1
26,15,1850.46,549.50,68.99,194.45,0.4334,-1,-1,-1
27,2,880.31,177.22,227.47,656.68,0.8630,-1,-1,-1
27,3,554.53,293.62,132.54,411.50,0.8304,-1,-1,-1
27,4,382.52,299.96,143.57,397.09,0.8421,-1,-1,-1
27,5,1082.23,267.71,137.49,418.59,0.8298,-1,-1,-1
27,6,806.92,355.33,50.66,137.19,0.3798,-1,-1,-1
27,7,868.29,339.19,52.26,149.97,0.3389,-1,-1,-1
27,9,763.48,378.71,36.46,125.87,0.3210,-1,-1,-1
27,15,1875.64,552.24,44.07,204.94,0.3570,-1,-1,-1
28,2,883.56,185.66,234.07,658.02,0.8745,-1,-1,-1
28,3,562.25,300.41,131.68,412.42,0.8463,-1,-1,-1
28,4,385.24,306.54,148.23,398.77,0.8608,-1,-1,-1
28,5,1087.13,275.37,138.70,415.80,0.8365,-1,-1,-1
28,6,817.96,364.09,42.10,131.98,0.4349,-1,-1,-1
28,9,769.10,382.67,39.28,126.02,0.4173,-1,-1,-1
29,2,883.71,192.24,224.07,659.67,0.8790,-1,-1,-1
29,3,564.54,299.96,133.78,416.64,0.8633,-1,-1,-1
29,4,392.11,311.13,142.35,405.42,0.8417,-1,-1,-1
29,5,1091.02,279.44,143.10,423.69,0.8132,-1,-1,-1
29,6,819.68,369.11,44.77,143.55,0.5067,-1,-1,-1
29,9,772.60,387.28,41.08,128.91,0.3763,-1,-1,-1
30,2,887.68,196.61,224.84,661.19,0.8918,-1,-1,-1
30,3,567.74,299.42,137.97,416.09,0.8530,-1,-1,-1
30,4,396.87,312.76,144.55,412.45,0.8388,-1,-1,-1
30,5,1097.64,282.15,150.75,432.59,0.8324,-1,-1,-1
30,6,826.50,370.79,49.08,141.64,0.4884,-1,-1,-1
30,9,784.46,390.34,37.06,127.08,0.2948,-1,-1,-1
31,2,888.25,202.02,227.55,665.31,0.8829,-1,-1,-1
31,3,572.67,301.47,136.58,419.91,0.8358,-1,-1,-1
31,4,400.16,318.66,145.22,418.48,0.8426,-1,-1,-1
31,5,1102.03,285.61,153.92,435.57,0.8536,-1,-1,-1
31,6,837.54,379.45,43.07,139.03,0.5178,-1,-1,-1
31,9,790.11,393.51,41.35,126.03,0.4885,-1,-1,-1
32,2,889.87,209.58,232.04,669.06,0.8837,-1,-1,-1
32,3,577.91,304.83,134.21,429.73,0.8532,-1,-1,-1
32,4,401.84,323.93,145.59,418.16,0.8566,-1,-1,-1
32,5,1103.24,290.78,155.41,430.68,0.8575,-1,-1,-1
32,6,841.36,380.39,42.47,146.83,0.5976,-1,-1,-1
32,9,793.02,399.76,45.90,127.66,0.4055,-1,-1,-1
33,2,894.73,213.34,232.37,669.84,0.8813,-1,-1,-1
33,3,580.56,307.42,139.25,431.08,0.8475,-1,-1,-1
33,4,403.65,329.46,149.29,418.32,0.8580,-1,-1,-1
33,5,1105.68,299.83,163.26,428.90,0.8547,-1,-1,-1
33,6,845.99,388.80,44.79,144.95,0.5335,-1,-1,-1
33,9,799.01,402.08,42.21,127.53,0.3614,-1,-1,-1
33,18,1521.18,365.86,45.54,59.89,0.2084,-1,-1,-1
34,2,894.92,220.50,241.54,672.89,0.8756,-1,-1,-1
34,3,585.60,309.04,135.50,433.66,0.8422,-1,-1,-1
34,4,399.80,333.05,150.15,427.12,0.8428,-1,-1,-1
34,5,1107.88,302.97,162.94,421.94,0.8552,-1,-1,-1
34,6,847.50,392.80,48.27,147.04,0.5595,-1,-1,-1
34,9,800.06,407.84,48.23,130.00,0.3388,-1,-1,-1
35,2,902.54,228.05,234.12,676.86,0.8780,-1,-1,-1
35,3,589.22,314.23,135.42,439.69,0.8299,-1,-1,-1
35,4,397.30,336.61,150.86,435.48,0.8258,-1,-1,-1
35,5,1110.37,306.71,165.10,418.61,0.8461,-1,-1,-1
35,6,849.57,396.96,48.87,146.06,0.5360,-1,-1,-1
35,9,802.76,408.85,49.51,134.20,0.4777,-1,-1,-1
35,19,1263.01,465.79,70.07,175.00,0.2742,-1,-1,-1
36,2,906.44,233.95,230.74,678.11,0.8840,-1,-1,-1
36,3,591.42,319.68,140.43,441.12,0.8215,-1,-1,-1
36,4,392.25,340.93,151.96,440.34,0.8541,-1,-1,-1
36,5,1113.69,311.63,161.93,418.29,0.8513,-1,-1,-1
36,6,856.96,406.85,46.87,137.77,0.2815,-1,-1,-1
36,9,805.10,413.72,50.10,134.02,0.4205,-1,-1,-1
37,2,905.67,242.85,231.98,676.38,0.8905,-1,-1,-1
37,3,593.24,323.18,134.20,446.42,0.8013,-1,-1,-1
37,4,388.85,342.90,148.34,447.13,0.8659,-1,-1,-1
37,5,1118.82,315.34,160.87,425.52,0.8433,-1,-1,-1
37,6,861.46,414.71,42.91,132.96,0.4579,-1,-1,-1
37,9,805.82,423.79,51.14,129.72,0.3639,-1,-1,-1
37,20,1550.16,389.92,52.61,61.86,0.2040,-1,-1,-1
38,2,913.44,248.33,226.71,676.84,0.8887,-1,-1,-1
38,3,594.30,328.96,135.42,450.66,0.8262,-1,-1,-1
38,4,381.57,347.09,153.43,448.14,0.8688,-1,-1,-1
38,5,1118.40,321.58,163.37,420.58,0.8470,-1,-1,-1
38,6,865.43,417.08,40.07,136.93,0.6218,-1,-1,-1
38,9,810.69,431.31,53.29,127.28,0.3828,-1,-1,-1
38,21,904.67,433.16,33.32,110.58,0.2285,-1,-1,-1
39,2,923.27,254.73,219.05,679.34,0.8848,-1,-1,-1
39,3,591.22,333.00,138.66,462.03,0.8173,-1,-1,-1
39,4,375.86,350.24,157.32,453.57,0.8804,-1,-1,-1
39,5,1125.14,328.43,157.54,429.32,0.8540,-1,-1,-1
39,6,863.65,424.73,43.85,135.39,0.5213,-1,-1,-1
39,9,810.51,438.06,50.42,118.08,0.3309,-1,-1,-1
39,21,907.94,438.53,34.50,106.06,0.1866,-1,-1,-1
40,2,928.28,256.27,214.39,686.76,0.8756,-1,-1,-1
40,3,584.52,343.83,145.76,469.43,0.8019,-1,-1,-1
40,4,371.24,355.90,159.21,455.52,0.8739,-1,-1,-1
40,5,1128.20,335.50,157.07,432.86,0.8539,-1,-1,-1
40,6,862.83,427.57,48.13,147.19,0.5601,-1,-1,-1
40,9,809.37,446.17,53.48,127.47,0.2524,-1,-1,-1
41,2,927.87,258.68,211.37,682.47,0.8812,-1,-1,-1
41,3,581.46,342.85,145.75,474.71,0.8100,-1,-1,-1
41,4,356.12,355.32,169.36,458.29,0.8636,-1,-1,-1
41,5,1133.29,339.38,153.04,429.96,0.8491,-1,-1,-1
41,6,862.53,432.05,48.09,146.27,0.4659,-1,-1,-1
41,9,806.28,452.05,56.20,127.54,0.3247,-1,-1,-1
42,2,931.64,266.07,207.29,672.50,0.8824,-1,-1,-1
42,3,576.64,347.51,149.61,480.34,0.7153,-1,-1,-1
42,4,343.61,356.86,174.16,466.54,0.8717,-1,-1,-1
42,5,1134.56,348.14,149.51,427.49,0.8555,-1,-1,-1
42,6,863.30,435.84,46.15,147.21,0.4732,-1,-1,-1
42,9,807.76,460.09,54.02,127.50,0.3251,-1,-1,-1
42,21,906.32,451.70,31.56,100.05,0.2347,-1,-1,-1
43,2,933.33,273.16,200.54,659.98,0.8820,-1,-1,-1
43,3,572.43,352.45,142.54,481.76,0.8045,-1,-1,-1
43,4,330.93,363.83,177.90,470.14,0.8480,-1,-1,-1
43,5,1130.94,354.03,151.46,429.70,0.8568,-1,-1,-1
43,6,859.14,440.69,47.10,138.88,0.3585,-1,-1,-1
43,21,903.26,461.29,35.72,103.00,0.3072,-1,-1,-1
44,2,931.52,279.51,199.70,657.67,0.8858,-1,-1,-1
44,3,566.94,357.07,141.89,490.50,0.8115,-1,-1,-1
44,4,316.23,366.83,183.52,477.15,0.8588,-1,-1,-1
44,5,1127.96,363.07,152.23,423.80,0.8556,-1,-1,-1
44,6,855.84,444.11,45.16,145.56,0.3827,-1,-1,-1
44,21,898.66,462.36,40.07,103.03,0.1857,-1,-1,-1
45,2,929.66,284.49,198.38,660.75,0.8878,-1,-1,-1
45,3,561.40,361.85,139.23,501.86,0.8236,-1,-1,-1
45,4,302.92,371.70,189.31,489.76,0.8453,-1,-1,-1
45,5,1124.30,368.78,150.56,426.37,0.8399,-1,-1,-1
45,6,847.19,450.21,49.65,146.33,0.4249,-1,-1,-1
45,21,893.84,462.05,36.39,114.75,0.2271,-1,-1,-1
46,2,925.18,293.69,198.17,667.31,0.8862,-1,-1,-1
46,3,554.46,364.49,140.74,507.52,0.8212,-1,-1,-1
46,4,292.51,379.37,188.82,503.61,0.8422,-1,-1,-1
46,5,1121.60,377.01,149.81,433.81,0.8514,-1,-1,-1
46,6,845.48,456.85,50.40,147.87,0.4783,-1,-1,-1
46,21,891.65,467.86,35.15,120.95,0.1814,-1,-1,-1
47,2,921.50,303.14,194.72,670.15,0.8780,-1,-1,-1
47,3,545.81,370.42,145.37,513.46,0.8250,-1,-1,-1
47,4,270.33,383.63,202.42,521.96,0.8445,-1,-1,-1
47,5,1117.34,382.09,146.52,434.83,0.8347,-1,-1,-1
47,6,842.21,469.79,50.27,137.55,0.3372,-1,-1,-1
47,9,788.72,484.99,40.94,102.68,0.2185,-1,-1,-1
47,21,888.70,474.15,31.88,115.75,0.1536,-1,-1,-1
48,2,916.62,310.29,195.31,683.62,0.8771,-1,-1,-1
48,3,531.81,372.20,151.69,525.04,0.8578,-1,-1,-1
48,4,256.29,393.34,206.76,529.30,0.8567,-1,-1,-1
48,5,1113.60,390.18,138.68,435.54,0.8316,-1,-1,-1
48,6,838.32,467.35,47.17,152.99,0.6869,-1,-1,-1
48,9,781.63,486.93,42.73,113.40,0.3206,-1,-1,-1
48,21,883.48,484.48,29.24,111.54,0.2608,-1,-1,-1
49,2,908.64,319.96,194.46,684.99,0.8783,-1,-1,-1
49,3,524.26,376.25,154.09,532.68,0.8510,-1,-1,-1
49,4,239.79,399.51,211.91,534.89,0.8728,-1,-1,-1
49,5,1104.70,395.47,147.13,434.07,0.8537,-1,-1,-1
49,6,831.69,472.25,50.22,151.94,0.4986,-1,-1,-1
49,9,774.54,487.99,40.55,115.06,0.2926,-1,-1,-1
49,21,877.34,485.15,33.10,112.58,0.2281,-1,-1,-1
50,2,903.88,328.39,193.37,684.21,0.8775,-1,-1,-1
50,3,519.96,383.22,155.10,537.90,0.8388,-1,-1,-1
50,4,224.23,406.71,218.94,524.80,0.8330,-1,-1,-1
50,5,1099.81,399.56,142.80,439.81,0.8540,-1,-1,-1
50,6,822.00,476.48,51.41,154.70,0.5779,-1,-1,-1
50,9,767.70,494.67,46.03,136.67,0.3316,-1,-1,-1
50,21,869.78,487.66,34.05,124.38,0.3406,-1,-1,-1
51,2,898.71,335.73,190.25,685.48,0.8698,-1,-1,-1
51,3,510.14,385.65,156.92,544.86,0.8465,-1,-1,-1
51,4,207.45,413.35,223.22,517.32,0.8446,-1,-1,-1
51,5,1094.91,403.11,145.42,439.67,0.8687,-1,-1,-1
51,6,815.37,480.30,56.79,155.94,0.5869,-1,-1,-1
51,9,762.57,499.05,48.16,136.53,0.2560,-1,-1,-1
51,20,1529.81,474.76,47.64,58.57,0.2321,-1,-1,-1
51,21,868.85,496.50,34.96,124.09,0.2581,-1,-1,-1
52,2,893.54,342.38,189.22,684.53,0.8765,-1,-1,-1
52,3,501.46,387.93,160.02,545.80,0.8398,-1,-1,-1
52,4,195.58,417.30,225.59,558.95,0.8320,-1,-1,-1
52,5,1091.92,404.31,146.40,442.93,0.8647,-1,-1,-1
52,6,810.78,490.18,56.51,146.00,0.3197,-1,-1,-1
52,9,755.93,498.61,49.55,135.13,0.2966,-1,-1,-1
52,20,1528.94,477.89,44.45,57.32,0.1800,-1,-1,-1
52,21,863.62,500.58,34.73,121.71,0.1939,-1,-1,-1
53,2,888.09,348.00,190.08,681.48,0.8782,-1,-1,-1
53,3,493.93,396.48,162.84,548.87,0.8381,-1,-1,-1
53,4,186.41,419.73,220.33,566.73,0.8672,-1,-1,-1
53,5,1083.38,408.27,154.82,443.35,0.8647,-1,-1,-1
53,6,810.81,492.39,52.91,146.47,0.6387,-1,-1,-1
53,9,754.01,502.23,52.00,138.58,0.3068,-1,-1,-1
53,21,860.12,509.01,34.83,116.94,0.3042,-1,-1,-1
54,2,881.83,350.45,193.96,678.74,0.8831,-1,-1,-1
54,3,482.50,395.90,171.51,558.28,0.8514,-1,-1,-1
54,4,175.06,420.65,224.45,574.60,0.8806,-1,-1,-1
54,5,1077.41,409.20,160.31,446.12,0.8708,-1,-1,-1
54,6,811.03,492.74,51.13,140.87,0.6054,-1,-1,-1
54,9,750.44,507.62,46.82,135.89,0.3070,-1,-1,-1
54,21,859.76,510.45,36.82,116.06,0.2497,-1,-1,-1
55,2,872.31,349.02,197.98,679.59,0.8838,-1,-1,-1
55,3,475.84,396.61,178.58,565.87,0.8586,-1,-1,-1
55,4,167.11,418.69,223.34,583.61,0.8948,-1,-1,-1
55,5,1073.78,410.28,162.96,444.97,0.8753,-1,-1,-1
55,6,807.27,492.84,52.93,144.17,0.4726,-1,-1,-1
55,9,747.38,508.63,51.08,139.71,0.5219,-1,-1,-1
56,2,868.49,348.08,197.69,683.51,0.8792,-1,-1,-1
56,3,470.45,398.84,185.23,578.99,0.8733,-1,-1,-1
56,4,159.11,417.47,222.18,594.42,0.8836,-1,-1,-1
56,5,1076.23,412.05,162.33,439.81,0.8744,-1,-1,-1
56,6,806.22,493.64,52.60,152.50,0.4637,-1,-1,-1
56,9,746.39,513.37,47.52,138.58,0.2175,-1,-1,-1
57,2,861.14,347.71,200.84,687.57,0.8753,-1,-1,-1
57,3,463.60,402.63,192.15,592.94,0.8766,-1,-1,-1
57,4,146.44,418.40,226.56,600.73,0.8888,-1,-1,-1
57,5,1074.30,414.20,165.01,437.52,0.8677,-1,-1,-1
57,6,806.12,498.26,52.76,155.24,0.3753,-1,-1,-1
57,9,744.89,523.96,47.18,128.45,0.3069,-1,-1,-1
57,20,1529.30,480.69,39.34,57.55,0.1690,-1,-1,-1
58,2,856.14,347.19,204.45,676.47,0.8682,-1,-1,-1
58,3,458.36,398.70,196.63,609.45,0.8813,-1,-1,-1
58,4,138.75,417.26,228.31,611.74,0.8754,-1,-1,-1
58,5,1070.06,411.76,168.24,445.44,0.8722,-1,-1,-1
58,6,807.16,505.68,52.47,147.05,0.2894,-1,-1,-1
58,9,746.80,518.20,42.90,129.06,0.2511,-1,-1,-1
58,20,1529.54,480.79,38.40,57.47,0.2161,-1,-1,-1
58,24,1027.79,428.08,60.08,331.18,0.2150,-1,-1,-1
59,2,842.97,343.87,209.89,667.65,0.8821,-1,-1,-1
59,3,455.81,397.54,193.33,619.22,0.8821,-1,-1,-1
59,4,126.49,416.70,234.77,616.66,0.8971,-1,-1,-1
59,5,1069.09,414.59,169.46,440.56,0.8696,-1,-1,-1
59,6,801.80,503.29,52.26,146.24,0.3275,-1,-1,-1
59,9,745.15,514.07,40.38,122.49,0.3185,-1,-1,-1
59,20,1528.46,481.13,38.81,56.43,0.1620,-1,-1,-1
59,24,1024.29,427.29,63.32,332.74,0.4232,-1,-1,-1
60,2,836.05,345.16,211.36,665.00,0.8869,-1,-1,-1
60,3,452.84,397.47,190.40,624.10,0.8768,-1,-1,-1
60,4,114.31,416.07,239.47,622.19,0.9066,-1,-1,-1
60,5,1065.86,415.05,173.96,442.59,0.8683,-1,-1,-1
60,6,798.37,497.53,53.99,142.07,0.3862,-1,-1,-1
60,9,740.03,515.80,49.09,118.45,0.2653,-1,-1,-1
60,24,1023.75,435.48,60.59,319.23,0.2794,-1,-1,-1
61,2,822.05,346.04,222.63,668.22,0.8891,-1,-1,-1
61,3,445.24,399.59,193.74,637.29,0.8632,-1,-1,-1
61,4,105.26,415.62,242.10,632.36,0.9049,-1,-1,-1
61,5,1063.31,414.94,178.39,448.07,0.8654,-1,-1,-1
61,6,797.58,497.76,53.70,140.17,0.4173,-1,-1,-1
61,9,732.31,518.11,57.35,119.07,0.2788,-1,-1,-1
61,24,1022.33,438.60,61.21,311.97,0.2086,-1,-1,-1
62,2,818.75,345.74,227.36,668.48,0.8803,-1,-1,-1
62,3,446.26,397.87,192.66,643.44,0.8517,-1,-1,-1
62,4,99.18,413.09,243.14,655.53,0.9002,-1,-1,-1
62,5,1064.64,415.43,179.68,442.63,0.8624,-1,-1,-1
62,6,796.74,496.00,52.34,141.92,0.3383,-1,-1,-1
62,9,734.36,519.26,53.91,117.86,0.2588,-1,-1,-1
62,24,1022.31,433.46,61.99,314.74,0.3771,-1,-1,-1
63,2,818.82,341.73,225.07,675.14,0.8810,-1,-1,-1
63,3,443.00,393.00,197.99,651.18,0.8622,-1,-1,-1
63,4,98.70,406.21,235.94,671.56,0.8918,-1,-1,-1
63,5,1066.87,414.19,183.86,442.66,0.8705,-1,-1,-1
63,9,737.14,527.51,49.04,113.63,0.1708,-1,-1,-1
63,20,1527.87,476.77,41.08,55.87,0.1603,-1,-1,-1
63,24,1018.29,430.86,67.80,321.90,0.7122,-1,-1,-1
64,2,819.87,340.79,221.84,677.82,0.8788,-1,-1,-1
64,3,449.07,386.16,197.69,660.31,0.8713,-1,-1,-1
64,4,93.07,402.82,236.09,674.62,0.8871,-1,-1,-1
64,5,1068.24,414.36,186.16,442.95,0.8700,-1,-1,-1
64,6,802.76,494.66,46.37,149.65,0.3623,-1,-1,-1
64,9,740.33,511.66,51.55,138.79,0.3705,-1,-1,-1
64,20,1531.43,471.51,44.03,60.03,0.3288,-1,-1,-1
64,24,1019.87,435.07,68.59,315.09,0.7921,-1,-1,-1
65,2,816.11,339.20,227.70,680.75,0.8884,-1,-1,-1
65,3,446.76,379.58,203.30,667.92,0.8722,-1,-1,-1
65,4,82.74,404.11,240.05,674.30,0.8833,-1,-1,-1
65,5,1072.07,411.62,186.13,444.60,0.8621,-1,-1,-1
65,6,803.19,490.59,45.83,156.45,0.4026,-1,-1,-1
65,9,740.57,508.78,59.24,142.83,0.5819,-1,-1,-1
65,20,1543.12,470.24,36.71,60.71,0.1665,-1,-1,-1
65,24,1021.21,435.86,71.08,312.29,0.7855,-1,-1,-1
66,2,818.89,337.56,225.66,682.88,0.8876,-1,-1,-1
66,3,443.87,372.64,211.13,676.13,0.8764,-1,-1,-1
66,4,73.70,402.15,245.06,673.42,0.8891,-1,-1,-1
66,5,1081.73,405.11,187.55,452.95,0.8380,-1,-1,-1
66,6,808.63,487.37,39.63,151.92,0.3263,-1,-1,-1
66,9,743.34,503.42,58.66,146.72,0.4529,-1,-1,-1
66,20,1540.19,465.24,44.10,59.27,0.2165,-1,-1,-1
66,24,1022.42,434.42,74.39,312.16,0.7809,-1,-1,-1
67,2,819.85,337.60,226.67,683.44,0.8928,-1,-1,-1
67,3,443.59,366.57,215.17,682.53,0.8732,-1,-1,-1
67,4,63.60,396.60,246.48,680.41,0.8880,-1,-1,-1
67,5,1085.50,402.17,190.78,457.42,0.8444,-1,-1,-1
67,6,811.24,495.39,36.65,152.09,0.2454,-1,-1,-1
67,9,745.33,496.21,60.09,150.58,0.5980,-1,-1,-1
67,20,1550.71,461.85,39.50,58.58,0.2085,-1,-1,-1
67,24,1023.13,430.90,77.51,309.05,0.7443,-1,-1,-1
68,2,822.38,336.18,227.17,684.73,0.8932,-1,-1,-1
68,3,441.37,355.74,222.24,691.56,0.8709,-1,-1,-1
68,4,48.67,394.55,253.96,675.59,0.8891,-1,-1,-1
68,5,1092.04,399.59,179.98,453.96,0.8444,-1,-1,-1
68,6,813.11,492.85,40.68,156.65,0.1513,-1,-1,-1
68,9,747.34,497.46,60.70,146.20,0.5201,-1,-1,-1
68,20,1554.79,461.81,37.68,57.01,0.2207,-1,-1,-1
68,24,1026.73,423.05,79.22,315.06,0.7251,-1,-1,-1
69,2,830.88,330.76,222.24,685.61,0.8877,-1,-1,-1
69,3,441.80,346.94,225.64,700.59,0.8777,-1,-1,-1
69,4,34.82,383.07,263.30,684.42,0.8998,-1,-1,-1
69,5,1094.71,395.15,181.35,456.29,0.8722,-1,-1,-1
69,6,815.06,484.64,44.33,156.55,0.2798,-1,-1,-1
69,9,750.97,491.03,59.32,149.47,0.6023,-1,-1,-1
69,20,1555.68,454.81,40.72,61.46,0.3553,-1,-1,-1
69,24,1030.92,419.10,77.89,316.01,0.7206,-1,-1,-1
70,2,829.54,328.19,226.16,682.16,0.8970,-1,-1,-1
70,3,436.90,341.15,232.74,707.78,0.8914,-1,-1,-1
70,4,16.28,375.24,274.21,695.95,0.9135,-1,-1,-1
70,5,1097.33,390.93,182.40,456.34,0.8706,-1,-1,-1
70,6,818.00,469.74,46.49,162.10,0.3153,-1,-1,-1
70,9,753.12,486.74,58.82,151.52,0.5329,-1,-1,-1
70,20,1544.60,449.94,56.78,63.70,0.3492,-1,-1,-1
70,24,1032.62,415.88,78.94,315.36,0.7077,-1,-1,-1
70,27,1538.38,451.73,39.88,59.47,0.2090,-1,-1,-1
71,2,833.59,325.67,223.94,681.16,0.8900,-1,-1,-1
71,3,432.02,333.97,236.69,721.83,0.8897,-1,-1,-1
71,4,3.60,368.11,267.52,703.57,0.9096,-1,-1,-1
71,5,1100.64,386.35,179.30,453.66,0.8624,-1,-1,-1
71,9,753.05,484.94,60.13,151.40,0.5804,-1,-1,-1
71,20,1541.88,447.23,60.86,62.58,0.4344,-1,-1,-1
71,24,1033.03,412.46,80.23,316.19,0.7208,-1,-1,-1
72,2,832.41,319.32,226.80,682.18,0.8908,-1,-1,-1
72,3,427.04,324.06,239.95,747.67,0.8916,-1,-1,-1
72,4,-0.22,360.46,257.12,711.73,0.9199,-1,-1,-1
72,5,1103.10,384.60,178.58,450.62,0.8590,-1,-1,-1
72,6,823.71,465.56,51.02,177.70,0.1580,-1,-1,-1
72,9,754.16,484.47,60.56,150.52,0.5645,-1,-1,-1
72,20,1553.05,445.33,50.79,62.19,0.4094,-1,-1,-1
72,24,1034.64,411.06,78.74,314.71,0.7216,-1,-1,-1
72,27,1539.05,447.75,36.12,59.53,0.1742,-1,-1,-1
73,2,834.31,313.27,224.58,678.62,0.8851,-1,-1,-1
73,3,420.69,314.51,243.68,761.98,0.8933,-1,-1,-1
73,4,-0.68,347.18,241.74,724.97,0.9111,-1,-1,-1
73,5,1104.73,381.26,177.17,444.45,0.8547,-1,-1,-1
73,6,817.86,457.09,50.35,172.78,0.1846,-1,-1,-1
73,9,753.22,477.04,56.31,152.77,0.4653,-1,-1,-1
73,20,1544.56,442.18,60.99,61.54,0.4260,-1,-1,-1
73,24,1035.92,410.34,77.62,312.70,0.6773,-1,-1,-1
74,2,833.55,308.35,224.73,664.17,0.8803,-1,-1,-1
74,3,412.51,310.76,246.97,763.62,0.8906,-1,-1,-1
74,4,-0.46,342.90,224.03,733.20,0.9064,-1,-1,-1
74,5,1106.09,377.77,172.60,441.63,0.8559,-1,-1,-1
74,6,817.38,457.18,48.63,168.38,0.1626,-1,-1,-1
74,9,750.06,475.22,60.09,152.83,0.5564,-1,-1,-1
74,20,1547.42,440.80,63.03,61.78,0.4265,-1,-1,-1
74,24,1035.28,410.15,79.25,310.93,0.6835,-1,-1,-1
75,2,837.46,304.37,218.96,662.04,0.8710,-1,-1,-1
75,3,401.87,302.77,250.21,771.42,0.8941,-1,-1,-1
75,4,-0.37,329.89,207.49,746.47,0.8953,-1,-1,-1
75,5,1105.41,375.34,173.22,440.37,0.8610,-1,-1,-1
75,6,817.08,455.35,45.34,161.99,0.3738,-1,-1,-1
75,9,749.27,471.67,58.04,153.68,0.5579,-1,-1,-1
75,20,1546.44,438.34,65.21,62.05,0.4395,-1,-1,-1
75,24,1035.14,425.87,75.63,293.02,0.6648,-1,-1,-1
75,27,1540.81,439.58,40.89,59.69,0.1782,-1,-1,-1
76,2,842.92,300.60,214.92,661.53,0.8688,-1,-1,-1
76,3,391.46,296.26,254.42,774.38,0.8896,-1,-1,-1
76,4,-0.30,322.86,191.86,749.81,0.8884,-1,-1,-1
76,5,1109.48,373.34,166.95,439.99,0.8545,-1,-1,-1
76,6,817.15,451.57,44.52,164.51,0.4229,-1,-1,-1
76,9,746.76,471.53,63.61,148.34,0.5047,-1,-1,-1
76,20,1543.28,437.91,69.97,62.15,0.4525,-1,-1,-1
76,24,1035.83,436.59,76.15,277.73,0.7218,-1,-1,-1
77,2,847.49,298.32,207.17,664.61,0.8784,-1,-1,-1
77,3,381.90,294.17,257.37,772.71,0.8911,-1,-1,-1
77,4,-0.25,317.65,176.44,757.98,0.8796,-1,-1,-1
77,5,1109.41,372.00,166.80,442.92,0.8659,-1,-1,-1
77,6,817.24,449.91,44.95,161.44,0.4155,-1,-1,-1
77,9,745.63,470.84,65.84,149.03,0.4983,-1,-1,-1
77,20,1540.33,437.57,72.86,61.32,0.4091,-1,-1,-1
77,24,1034.11,436.66,77.26,277.72,0.6310,-1,-1,-1
78,2,852.10,295.80,198.01,667.64,0.8634,-1,-1,-1
78,3,366.63,290.15,265.13,780.69,0.8971,-1,-1,-1
78,4,-0.69,311.86,157.88,760.00,0.8672,-1,-1,-1
78,5,1108.81,370.79,166.62,443.99,0.8644,-1,-1,-1
78,6,814.66,451.49,46.04,162.18,0.6319,-1,-1,-1
78,9,743.68,465.08,65.82,156.63,0.5461,-1,-1,-1
78,20,1544.53,437.23,68.07,61.65,0.4196,-1,-1,-1
78,24,1029.75,414.56,78.05,301.99,0.7042,-1,-1,-1
79,2,853.20,292.08,197.58,673.21,0.8597,-1,-1,-1
79,3,350.61,284.89,266.98,786.55,0.9002,-1,-1,-1
79,4,-2.61,310.71,143.60,762.68,0.8297,-1,-1,-1
79,5,1108.36,367.85,165.78,445.34,0.8601,-1,-1,-1
79,6,811.25,449.66,47.08,166.06,0.6405,-1,-1,-1
79,9,742.44,470.80,51.15,151.07,0.4842,-1,-1,-1
79,20,1540.68,435.45,67.08,61.93,0.3042,-1,-1,-1
79,24,1024.47,401.08,80.22,314.07,0.7169,-1,-1,-1
80,2,851.69,289.51,192.46,677.21,0.8569,-1,-1,-1
80,3,331.61,275.30,276.47,794.79,0.8955,-1,-1,-1
80,4,-11.68,412.70,136.49,426.15,0.5419,-1,-1,-1
80,5,1106.03,364.02,161.73,448.52,0.8443,-1,-1,-1
80,6,802.44,445.98,55.13,170.67,0.6190,-1,-1,-1
80,9,738.70,470.53,51.14,152.95,0.5384,-1,-1,-1
80,20,1565.41,437.08,40.16,60.97,0.2934,-1,-1,-1
80,24,1023.02,398.73,74.74,317.16,0.7073,-1,-1,-1
80,27,1531.68,438.30,45.41,57.60,0.2591,-1,-1,-1
81,2,849.81,293.42,190.02,676.09,0.8514,-1,-1,-1
81,3,315.13,266.69,279.00,802.67,0.9020,-1,-1,-1
81,4,-1.10,437.63,92.17,435.99,0.6477,-1,-1,-1
81,5,1103.87,364.34,156.80,445.77,0.8560,-1,-1,-1
81,6,796.80,444.30,56.81,168.52,0.6178,-1,-1,-1
81,9,731.88,463.31,53.22,154.36,0.5519,-1,-1,-1
81,20,1535.10,431.26,68.62,62.99,0.3064,-1,-1,-1
81,24,1017.13,405.60,74.37,308.55,0.6937,-1,-1,-1
81,29,1871.92,882.26,47.24,196.96,0.3610,-1,-1,-1
82,2,846.52,294.46,185.99,674.77,0.8533,-1,-1,-1
82,3,291.41,252.03,297.66,820.30,0.8972,-1,-1,-1
82,4,-0.87,443.58,71.12,357.16,0.7820,-1,-1,-1
82,5,1098.63,359.51,154.86,447.88,0.8625,-1,-1,-1
82,6,793.67,441.00,55.85,169.06,0.6733,-1,-1,-1
82,9,725.32,455.64,54.05,159.69,0.6353,-1,-1,-1
82,20,1525.94,430.39,74.66,61.25,0.2764,-1,-1,-1
82,24,1014.87,391.49,74.29,315.72,0.6412,-1,-1,-1
82,29,1867.50,877.11,51.59,200.26,0.2478,-1,-1,-1
82,30,532.32,421.55,64.30,198.81,0.1535,-1,-1,-1
83,2,845.34,292.49,178.68,673.64,0.8522,-1,-1,-1
83,3,268.91,239.39,302.66,831.03,0.8900,-1,-1,-1
83,4,-0.25,465.74,43.49,336.08,0.2174,-1,-1,-1
83,5,1095.66,358.34,152.13,452.44,0.8519,-1,-1,-1
83,6,792.10,436.31,52.50,165.44,0.5592,-1,-1,-1
83,9,720.54,451.35,61.06,157.11,0.3858,-1,-1,-1
83,24,1002.04,381.84,82.43,324.28,0.5358,-1,-1,-1
84,2,835.74,292.34,178.32,675.29,0.8478,-1,-1,-1
84,3,239.44,228.13,304.47,844.84,0.9036,-1,-1,-1
84,5,1086.53,354.36,155.05,457.52,0.8589,-1,-1,-1
84,6,782.14,434.60,55.61,164.53,0.5581,-1,-1,-1
84,9,712.49,449.93,55.17,155.16,0.5920,-1,-1,-1
84,20,1516.44,420.92,76.96,64.78,0.2874,-1,-1,-1
84,24,995.12,376.15,80.93,321.22,0.7449,-1,-1,-1
84,29,1875.17,871.56,44.57,181.91,0.3612,-1,-1,-1
84,30,513.39,418.32,66.78,282.47,0.2438,-1,-1,-1
85,2,824.51,290.35,178.13,671.33,0.8278,-1,-1,-1
85,3,206.55,216.01,332.09,858.31,0.9170,-1,-1,-1
85,5,1079.33,354.33,149.32,453.04,0.8484,-1,-1,-1
85,6,772.15,426.13,54.92,171.13,0.6003,-1,-1,-1
85,9,706.69,451.25,53.79,151.87,0.4622,-1,-1,-1
85,20,1538.63,422.34,43.83,64.00,0.2330,-1,-1,-1
85,24,984.33,373.95,82.11,317.32,0.7616,-1,-1,-1
85,27,1507.34,422.71,49.17,60.07,0.1595,-1,-1,-1
85,30,504.52,419.25,66.76,278.04,0.4685,-1,-1,-1
86,2,809.65,283.71,183.81,671.83,0.8417,-1,-1,-1
86,3,185.27,202.32,322.84,872.34,0.9058,-1,-1,-1
86,5,1071.46,348.82,151.39,453.95,0.8317,-1,-1,-1
86,6,770.35,420.04,46.28,176.46,0.5150,-1,-1,-1
86,9,695.41,444.15,58.20,155.52,0.5343,-1,-1,-1
86,20,1536.69,422.17,42.03,59.26,0.2927,-1,-1,-1
86,24,970.91,369.39,90.61,319.92,0.8074,-1,-1,-1
86,27,1500.26,423.52,51.13,55.26,0.1844,-1,-1,-1
86,30,480.77,412.04,79.86,287.48,0.7182,-1,-1,-1
87,2,797.05,278.92,190.02,674.38,0.8527,-1,-1,-1
87,3,153.20,187.47,332.09,887.68,0.9108,-1,-1,-1
87,5,1062.30,347.03,153.64,451.35,0.8516,-1,-1,-1
87,6,760.81,413.11,47.77,181.32,0.6876,-1,-1,-1
87,9,688.98,448.76,60.16,150.36,0.4312,-1,-1,-1
87,20,1491.50,416.84,76.80,58.50,0.2413,-1,-1,-1
87,24,962.68,366.88,91.73,319.97,0.7788,-1,-1,-1
87,29,1854.59,874.79,64.36,195.07,0.2382,-1,-1,-1
87,30,472.84,410.54,76.69,286.32,0.7301,-1,-1,-1
88,2,779.75,274.30,201.41,670.14,0.8565,-1,-1,-1
88,3,128.96,179.97,338.95,896.57,0.9155,-1,-1,-1
88,5,1052.36,339.65,152.56,454.18,0.8475,-1,-1,-1
88,6,747.46,409.64,50.86,176.70,0.4637,-1,-1,-1
88,9,680.43,439.92,56.36,155.23,0.6142,-1,-1,-1
88,20,1521.77,416.18,38.44,57.37,0.3538,-1,-1,-1
88,24,949.06,358.66,96.47,324.77,0.7436,-1,-1,-1
88,27,1484.99,414.66,48.51,57.07,0.2513,-1,-1,-1
88,30,445.35,407.87,95.64,287.09,0.7619,-1,-1,-1
88,35,1692.39,866.24,122.83,213.64,0.2181,-1,-1,-1
89,2,765.25,267.87,203.67,668.51,0.8485,-1,-1,-1
89,3,100.71,168.06,352.81,906.79,0.9199,-1,-1,-1
89,5,1042.51,333.55,160.97,454.40,0.8533,-1,-1,-1
89,6,744.05,409.46,40.74,180.18,0.3219,-1,-1,-1
89,9,672.08,436.22,58.87,157.67,0.5603,-1,-1,-1
89,20,1513.29,405.89,41.36,63.37,0.2647,-1,-1,-1
89,24,941.12,359.57,99.10,316.79,0.8158,-1,-1,-1
89,27,1480.98,406.64,67.33,61.50,0.1902,-1,-1,-1
89,29,1851.55,855.59,67.84,194.72,0.3769,-1,-1,-1
89,30,429.19,396.06,105.25,301.93,0.7728,-1,-1,-1
89,35,1730.51,864.06,92.63,213.35,0.2465,-1,-1,-1
90,2,747.80,260.04,218.39,656.23,0.8689,-1,-1,-1
90,3,70.59,151.83,374.90,922.66,0.9241,-1,-1,-1
90,5,1037.14,328.26,159.41,460.14,0.8487,-1,-1,-1
90,6,735.45,411.38,39.16,155.19,0.1731,-1,-1,-1
90,9,666.32,432.80,62.96,156.35,0.4373,-1,-1,-1
90,20,1482.06,400.96,69.60,63.51,0.2955,-1,-1,-1
90,24,937.93,354.70,95.91,315.17,0.7807,-1,-1,-1
90,29,1849.51,850.69,69.95,193.98,0.2736,-1,-1,-1
90,30,421.28,388.86,104.73,303.41,0.7796,-1,-1,-1
90,35,1727.62,860.82,95.42,215.92,0.3578,-1,-1,-1
91,2,735.10,256.95,224.36,647.86,0.8811,-1,-1,-1
91,3,49.15,141.54,384.32,930.36,0.9226,-1,-1,-1
91,5,1030.71,324.60,164.45,455.78,0.8680,-1,-1,-1
91,9,658.86,425.37,54.16,156.99,0.4424,-1,-1,-1
91,20,1506.61,396.58,40.34,62.93,0.3290,-1,-1,-1
91,24,930.07,350.03,100.64,318.69,0.7988,-1,-1,-1
91,29,1848.21,845.86,71.16,190.68,0.2571,-1,-1,-1
91,30,413.58,386.80,103.66,305.29,0.7614,-1,-1,-1
91,35,1719.25,861.77,101.79,215.60,0.2156,-1,-1,-1
91,36,1854.24,846.01,58.95,85.70,0.1723,-1,-1,-1
92,2,722.63,250.62,227.89,651.95,0.8803,-1,-1,-1
92,3,20.28,125.51,405.59,946.66,0.9221,-1,-1,-1
92,5,1024.62,317.55,167.64,453.70,0.8637,-1,-1,-1
92,9,653.96,423.09,59.68,158.35,0.5352,-1,-1,-1
92,20,1505.62,395.93,37.47,60.71,0.5058,-1,-1,-1
92,24,923.93,349.61,96.19,316.60,0.7880,-1,-1,-1
92,29,1846.64,837.32,72.27,194.44,0.3419,-1,-1,-1
92,30,404.10,384.91,106.87,307.47,0.8228,-1,-1,-1
92,35,1719.67,844.13,101.12,231.85,0.2641,-1,-1,-1
92,36,1853.26,839.53,65.28,87.43,0.1593,-1,-1,-1
93,2,714.86,244.55,236.04,656.61,0.8895,-1,-1,-1
93,3,0.35,116.24,412.70,956.25,0.9246,-1,-1,-1
93,5,1017.23,313.83,172.45,454.14,0.8708,-1,-1,-1
93,9,653.28,420.57,55.14,157.81,0.3327,-1,-1,-1
93,20,1497.10,389.80,43.20,62.67,0.4643,-1,-1,-1
93,24,922.32,347.88,97.58,316.65,0.7740,-1,-1,-1
93,27,1461.49,394.83,47.61,56.59,0.1876,-1,-1,-1
93,29,1845.36,839.71,74.01,194.49,0.3922,-1,-1,-1
93,30,397.15,378.87,107.81,312.59,0.8059,-1,-1,-1
93,35,1724.49,850.22,97.08,225.80,0.4127,-1,-1,-1
94,2,708.19,241.13,229.67,660.67,0.8738,-1,-1,-1
94,3,-0.78,106.67,403.37,969.34,0.9324,-1,-1,-1
94,5,1012.91,312.92,175.74,453.55,0.8726,-1,-1,-1
94,9,649.76,417.69,58.91,161.30,0.2775,-1,-1,-1
94,20,1495.58,389.46,42.05,60.13,0.4103,-1,-1,-1
94,24,918.83,346.49,99.72,319.25,0.8030,-1,-1,-1
94,27,1458.10,393.36,49.18,55.62,0.2190,-1,-1,-1
94,29,1848.90,835.23,70.61,190.43,0.1745,-1,-1,-1
94,30,389.44,378.67,110.84,308.46,0.8031,-1,-1,-1
94,35,1725.34,853.26,95.18,221.69,0.3721,-1,-1,-1
94,36,1852.04,836.97,67.36,85.26,0.1744,-1,-1,-1
95,2,701.46,239.94,231.05,667.33,0.8870,-1,-1,-1
95,3,-0.87,96.57,401.58,978.98,0.9309,-1,-1,-1
95,5,1007.21,311.77,179.42,453.42,0.8647,-1,-1,-1
95,9,646.09,420.04,67.42,165.73,0.1776,-1,-1,-1
95,20,1493.61,390.90,41.11,58.24,0.3024,-1,-1,-1
95,24,916.97,344.05,98.54,320.56,0.7814,-1,-1,-1
95,27,1454.87,392.81,53.93,55.42,0.2203,-1,-1,-1
95,29,1849.63,836.76,69.94,181.85,0.1685,-1,-1,-1
95,30,384.32,374.96,111.60,314.90,0.8167,-1,-1,-1
95,35,1724.04,855.24,95.72,219.96,0.3855,-1,-1,-1
96,2,693.49,243.17,231.59,665.38,0.9045,-1,-1,-1
96,3,0.37,85.04,379.63,990.23,0.9349,-1,-1,-1
96,5,1003.69,311.26,183.67,456.48,0.8599,-1,-1,-1
96,9,633.21,427.43,68.52,156.67,0.2878,-1,-1,-1
96,20,1490.93,392.24,41.02,57.42,0.3112,-1,-1,-1
96,24,912.35,345.23,102.24,320.13,0.7559,-1,-1,-1
96,27,1454.04,394.66,53.26,53.48,0.1624,-1,-1,-1
96,29,1848.52,839.04,70.76,182.77,0.2754,-1,-1,-1
96,30,379.71,374.10,110.76,322.48,0.8102,-1,-1,-1
96,35,1723.35,855.90,97.94,221.08,0.4144,-1,-1,-1
96,36,1856.42,837.73,62.53,90.23,0.1651,-1,-1,-1
97,2,695.47,241.63,227.68,673.01,0.9001,-1,-1,-1
97,3,0.14,75.50,368.75,999.53,0.9338,-1,-1,-1
97,5,1001.95,311.25,187.32,456.42,0.8618,-1,-1,-1
97,9,632.91,418.79,61.04,161.70,0.5612,-1,-1,-1
97,20,1492.08,391.52,38.60,57.03,0.2970,-1,-1,-1
97,24,904.44,342.84,107.95,319.14,0.7347,-1,-1,-1
97,29,1849.81,835.28,69.54,184.12,0.3519,-1,-1,-1
97,30,377.56,370.09,112.51,327.24,0.8190,-1,-1,-1
97,35,1727.56,855.44,96.68,221.38,0.4443,-1,-1,-1
98,2,694.27,243.90,226.21,676.67,0.8998,-1,-1,-1
98,3,0.07,56.73,358.47,1014.36,0.9347,-1,-1,-1
98,5,1000.99,310.70,192.35,459.39,0.8591,-1,-1,-1
98,9,631.90,415.94,59.38,166.55,0.6271,-1,-1,-1
98,20,1493.40,388.93,39.75,58.48,0.2821,-1,-1,-1
98,24,907.74,343.41,104.22,321.04,0.7299,-1,-1,-1
98,27,1452.85,392.25,53.70,55.42,0.2271,-1,-1,-1
98,29,1848.85,843.67,69.39,207.32,0.2704,-1,-1,-1
98,30,377.00,368.54,112.51,330.52,0.8263,-1,-1,-1
98,35,1731.90,857.40,97.81,220.88,0.4185,-1,-1,-1
99,2,693.67,248.08,226.26,677.91,0.8985,-1,-1,-1
99,3,0.56,46.86,347.53,1025.25,0.9273,-1,-1,-1
99,5,1002.75,311.41,197.25,461.15,0.8701,-1,-1,-1
99,9,633.13,416.40,54.40,165.24,0.6333,-1,-1,-1
99,20,1497.99,383.82,38.75,65.37,0.3024,-1,-1,-1
99,24,908.77,343.53,104.32,320.93,0.7386,-1,-1,-1
99,27,1453.97,391.25,54.17,57.06,0.2624,-1,-1,-1
99,30,375.57,366.60,113.58,334.03,0.8226,-1,-1,-1
99,35,1732.88,857.66,107.56,219.79,0.2700,-1,-1,-1
100,2,695.44,250.95,222.59,675.14,0.8986,-1,-1,-1
100,3,1.01,35.36,333.62,1035.13,0.9226,-1,-1,-1
100,5,1005.55,313.26,198.92,460.59,0.8763,-1,-1,-1
100,9,630.99,415.32,59.23,166.04,0.6474,-1,-1,-1
100,20,1496.04,380.50,43.72,67.36,0.4190,-1,-1,-1
100,24,911.32,349.52,105.36,316.89,0.7448,-1,-1,-1
100,30,373.02,368.94,115.22,332.92,0.8325,-1,-1,-1
101,2,702.29,250.84,215.42,675.72,0.8890,-1,-1,-1
101,3,1.59,16.35,315.86,1059.24,0.9143,-1,-1,-1
101,5,1007.37,312.24,199.66,463.74,0.8595,-1,-1,-1
101,9,633.38,413.97,59.37,164.97,0.7009,-1,-1,-1
101,20,1503.77,381.28,41.73,66.36,0.2848,-1,-1,-1
101,24,913.74,348.57,104.89,317.01,0.7706,-1,-1,-1
101,30,375.17,365.97,114.57,337.53,0.8260,-1,-1,-1
102,2,703.93,251.56,220.13,668.41,0.8946,-1,-1,-1
102,3,2.07,13.67,295.50,1058.68,0.9188,-1,-1,-1
102,5,1015.14,312.91,198.29,465.33,0.8309,-1,-1,-1
102,9,637.60,413.89,60.17,165.87,0.5226,-1,-1,-1
102,24,920.73,347.33,102.33,319.33,0.7930,-1,-1,-1
102,30,375.51,365.26,116.60,341.36,0.8324,-1,-1,-1
103,2,716.17,251.02,221.83,666.18,0.8882,-1,-1,-1
103,3,2.97,9.87,278.62,1061.90,0.9099,-1,-1,-1
103,5,1023.03,316.03,202.93,465.58,0.8400,-1,-1,-1
103,9,643.43,408.68,61.22,166.63,0.5656,-1,-1,-1
103,24,931.64,341.06,100.44,322.67,0.7451,-1,-1,-1
103,30,386.00,366.86,113.65,336.25,0.8038,-1,-1,-1
103,35,1770.25,854.37,100.29,219.47,0.1509,-1,-1,-1
104,2,725.94,246.68,222.38,668.82,0.8924,-1,-1,-1
104,3,8.31,14.04,259.55,1045.33,0.8333,-1,-1,-1
104,5,1042.59,308.09,202.15,469.84,0.8576,-1,-1,-1
104,9,658.98,407.56,56.20,168.71,0.6617,-1,-1,-1
104,20,1534.43,377.33,43.45,66.21,0.5221,-1,-1,-1
104,24,941.59,338.25,107.16,322.67,0.7347,-1,-1,-1
104,27,1491.94,379.67,47.73,61.73,0.1598,-1,-1,-1
104,30,395.94,371.03,113.28,333.36,0.8111,-1,-1,-1
104,35,1787.44,859.79,107.89,220.04,0.3543,-1,-1,-1
105,2,739.58,245.28,220.24,663.57,0.8861,-1,-1,-1
105,3,10.43,229.45,238.40,827.49,0.7730,-1,-1,-1
105,5,1053.08,308.87,200.50,469.34,0.8549,-1,-1,-1
105,9,663.74,408.93,60.40,166.76,0.3531,-1,-1,-1
105,20,1546.02,374.30,46.83,67.57,0.4158,-1,-1,-1
105,24,953.19,333.50,103.72,328.66,0.7337,-1,-1,-1
105,27,1503.07,382.03,52.01,58.51,0.1936,-1,-1,-1
105,30,404.93,365.87,111.01,337.78,0.8078,-1,-1,-1
105,35,1805.13,861.49,107.45,218.42,0.4983,-1,-1,-1
106,2,748.70,242.41,213.40,649.06,0.8781,-1,-1,-1
106,3,35.06,251.95,137.53,674.71,0.6243,-1,-1,-1
106,5,1066.05,303.45,204.93,477.87,0.8424,-1,-1,-1
106,9,668.24,405.23,62.94,167.91,0.6844,-1,-1,-1
106,20,1557.45,373.05,44.11,67.45,0.4627,-1,-1,-1
106,24,958.97,332.50,104.10,329.56,0.7892,-1,-1,-1
106,30,411.41,365.81,111.74,335.27,0.8012,-1,-1,-1
106,35,1818.07,857.74,100.90,222.10,0.6376,-1,-1,-1
107,2,756.98,236.03,211.75,644.25,0.8791,-1,-1,-1
107,3,14.96,247.08,103.14,789.28,0.7266,-1,-1,-1
107,5,1072.86,303.24,194.93,474.47,0.8430,-1,-1,-1
107,9,668.90,404.33,68.08,169.62,0.6806,-1,-1,-1
107,20,1568.37,371.99,44.13,66.90,0.3608,-1,-1,-1
107,24,963.72,330.78,106.87,326.65,0.7442,-1,-1,-1
107,30,414.67,361.92,112.64,338.71,0.7892,-1,-1,-1
107,35,1831.55,855.15,87.92,222.46,0.4863,-1,-1,-1
108,2,761.70,233.43,209.22,645.05,0.8838,-1,-1,-1
108,5,1081.26,301.68,173.64,471.28,0.8410,-1,-1,-1
108,9,672.49,403.70,68.13,170.13,0.7299,-1,-1,-1
108,20,1575.35,370.13,43.57,65.56,0.4702,-1,-1,-1
108,24,967.99,328.59,106.34,329.12,0.7267,-1,-1,-1
108,30,417.79,360.54,111.94,345.65,0.7953,-1,-1,-1
108,35,1844.08,865.36,75.96,215.54,0.2756,-1,-1,-1
109,2,771.95,232.29,201.18,645.87,0.8757,-1,-1,-1
109,5,1085.15,297.48,170.53,468.65,0.8699,-1,-1,-1
109,9,678.03,400.78,63.94,170.91,0.6820,-1,-1,-1
109,20,1583.74,373.53,42.87,62.46,0.5993,-1,-1,-1
109,24,971.83,326.95,96.01,326.38,0.5458,-1,-1,-1
109,27,1537.03,375.64,51.01,58.54,0.1675,-1,-1,-1
109,30,415.23,358.05,115.22,350.31,0.8060,-1,-1,-1
109,35,1857.11,875.77,62.94,204.99,0.2765,-1,-1,-1
110,2,772.38,230.65,203.01,648.01,0.8752,-1,-1,-1
110,5,1089.33,294.49,171.29,465.08,0.8722,-1,-1,-1
110,9,680.39,397.48,66.35,171.13,0.6119,-1,-1,-1
110,20,1587.86,367.47,39.85,65.14,0.4166,-1,-1,-1
110,24,976.69,324.06,102.87,327.24,0.6561,-1,-1,-1
110,30,411.55,353.58,118.06,357.30,0.7983,-1,-1,-1
110,35,1867.65,885.47,52.30,195.24,0.1662,-1,-1,-1
110,44,1869.70,390.55,34.54,42.84,0.2236,-1,-1,-1
111,2,776.52,229.82,198.28,651.29,0.8715,-1,-1,-1
111,5,1092.99,291.48,169.32,461.57,0.8667,-1,-1,-1
111,9,682.44,394.51,65.77,173.95,0.6479,-1,-1,-1
111,20,1599.69,371.70,39.16,62.33,0.4472,-1,-1,-1
111,24,974.73,324.30,106.32,324.74,0.6179,-1,-1,-1
111,30,409.70,352.69,120.60,354.69,0.8081,-1,-1,-1
111,35,1869.60,880.62,49.46,197.64,0.1502,-1,-1,-1
112,2,777.60,229.25,196.74,650.42,0.8671,-1,-1,-1
112,5,1098.42,288.66,169.37,459.88,0.8544,-1,-1,-1
112,9,684.83,395.03,67.72,174.60,0.6410,-1,-1,-1
112,20,1603.15,365.89,35.23,65.14,0.2645,-1,-1,-1
112,24,974.21,324.34,110.16,325.99,0.6234,-1,-1,-1
112,30,408.47,349.52,122.12,357.86,0.7577,-1,-1,-1
112,35,1878.74,879.42,40.72,198.08,0.3064,-1,-1,-1
113,2,779.90,229.03,194.66,650.87,0.8640,-1,-1,-1
113,5,1104.48,286.11,165.91,463.84,0.8510,-1,-1,-1
113,9,686.55,390.32,68.47,180.77,0.6984,-1,-1,-1
113,20,1608.65,373.57,39.58,56.14,0.2072,-1,-1,-1
113,24,979.89,323.63,108.58,325.52,0.6060,-1,-1,-1
113,30,411.76,347.64,117.39,363.54,0.7378,-1,-1,-1
113,35,1888.91,880.89,30.74,188.69,0.2317,-1,-1,-1
114,2,786.54,231.31,190.05,652.01,0.8545,-1,-1,-1
114,5,1110.19,285.15,162.62,467.57,0.8579,-1,-1,-1
114,9,690.86,393.08,66.89,176.18,0.6322,-1,-1,-1
114,20,1612.80,375.11,39.41,52.42,0.3482,-1,-1,-1
114,24,987.01,320.96,103.21,320.64,0.5997,-1,-1,-1
114,30,412.32,344.97,117.14,365.96,0.7370,-1,-1,-1
114,35,1898.29,869.06,21.92,150.17,0.1525,-1,-1,-1
115,2,792.01,232.96,191.22,651.69,0.8442,-1,-1,-1
115,5,1112.19,286.62,163.65,466.17,0.8679,-1,-1,-1
115,9,695.77,391.21,64.86,179.05,0.5797,-1,-1,-1
115,20,1623.73,366.09,34.44,59.96,0.3277,-1,-1,-1
115,24,997.38,321.23,99.30,322.81,0.7347,-1,-1,-1
115,30,410.26,344.21,120.97,368.19,0.7384,-1,-1,-1
116,2,792.82,233.36,192.04,652.59,0.8500,-1,-1,-1
116,5,1113.93,286.13,165.21,464.44,0.8631,-1,-1,-1
116,9,694.19,393.04,68.42,179.48,0.5574,-1,-1,-1
116,20,1625.39,363.86,38.33,62.86,0.3844,-1,-1,-1
116,24,993.16,322.88,108.95,319.66,0.7103,-1,-1,-1
116,30,403.39,342.59,127.97,370.02,0.7712,-1,-1,-1
116,49,1615.00,363.28,28.99,62.45,0.1623,-1,-1,-1
117,2,791.42,233.79,189.34,652.66,0.8512,-1,-1,-1
117,5,1116.82,284.84,165.26,467.77,0.8588,-1,-1,-1
117,9,688.73,389.31,75.88,179.39,0.6165,-1,-1,-1
117,20,1627.39,361.13,40.53,65.70,0.2727,-1,-1,-1
117,24,993.00,321.13,107.79,321.23,0.6571,-1,-1,-1
117,30,401.50,344.41,129.00,367.90,0.7148,-1,-1,-1
117,51,952.21,385.31,43.14,132.14,0.2385,-1,-1,-1
118,2,783.77,235.69,190.21,648.89,0.8563,-1,-1,-1
118,5,1118.73,285.95,166.02,470.93,0.8562,-1,-1,-1
118,9,688.28,392.41,75.24,178.93,0.6188,-1,-1,-1
118,20,1630.84,364.76,44.38,63.09,0.2157,-1,-1,-1
118,24,981.97,322.74,119.73,321.76,0.7298,-1,-1,-1
118,30,394.69,339.40,132.14,374.97,0.7141,-1,-1,-1
118,51,949.29,387.58,47.99,131.18,0.3147,-1,-1,-1
119,2,781.74,234.81,189.45,649.73,0.8665,-1,-1,-1
119,5,1122.88,287.73,162.31,473.57,0.8507,-1,-1,-1
119,9,691.15,393.33,72.54,178.84,0.5531,-1,-1,-1
119,20,1634.28,369.52,45.27,60.00,0.3002,-1,-1,-1
119,24,978.45,324.56,123.89,322.07,0.7513,-1,-1,-1
119,30,390.56,338.09,132.54,377.07,0.8232,-1,-1,-1
119,51,946.77,386.64,50.26,135.18,0.1517,-1,-1,-1
120,2,775.21,232.15,194.45,649.35,0.8779,-1,-1,-1
120,5,1122.27,288.25,162.30,474.80,0.8528,-1,-1,-1
120,9,686.59,392.40,76.70,178.53,0.5169,-1,-1,-1
120,20,1640.38,374.01,41.41,55.71,0.1942,-1,-1,-1
120,24,973.09,325.00,126.44,323.27,0.7012,-1,-1,-1
120,30,386.35,333.45,132.85,384.52,0.8358,-1,-1,-1
121,2,768.96,227.82,197.26,644.21,0.8735,-1,-1,-1
121,5,1119.72,290.52,163.59,475.89,0.8462,-1,-1,-1
121,9,684.53,394.76,79.66,182.52,0.4343,-1,-1,-1
121,24,968.87,326.25,130.11,322.31,0.6061,-1,-1,-1
121,30,380.11,332.76,134.37,387.34,0.8382,-1,-1,-1
121,52,1042.59,368.78,57.10,266.28,0.2035,-1,-1,-1
122,2,760.93,227.57,196.45,634.44,0.8659,-1,-1,-1
122,5,1117.39,291.35,163.27,477.64,0.8405,-1,-1,-1
122,9,665.95,390.04,98.76,179.83,0.2361,-1,-1,-1
122,20,1638.48,372.80,44.22,58.95,0.3651,-1,-1,-1
122,24,968.73,325.45,130.94,322.60,0.6289,-1,-1,-1
122,30,369.22,333.02,139.47,395.27,0.8262,-1,-1,-1
123,2,748.54,226.15,203.39,635.64,0.8669,-1,-1,-1
123,5,1115.07,290.67,161.61,478.22,0.8590,-1,-1,-1
123,9,694.43,390.98,62.59,183.77,0.1887,-1,-1,-1
123,20,1634.13,372.17,48.04,59.74,0.4503,-1,-1,-1
123,24,957.57,326.21,138.21,324.20,0.6248,-1,-1,-1
123,30,363.83,331.53,136.84,403.65,0.8537,-1,-1,-1
124,2,739.58,226.96,206.78,637.90,0.8714,-1,-1,-1
124,5,1111.15,289.14,159.21,484.62,0.8492,-1,-1,-1
124,9,677.26,389.51,75.81,189.26,0.2152,-1,-1,-1
124,20,1632.33,372.55,48.15,62.10,0.4541,-1,-1,-1
124,24,956.39,327.30,122.08,325.77,0.6205,-1,-1,-1
124,30,355.20,332.45,139.78,405.03,0.8584,-1,-1,-1
124,52,1033.57,343.94,63.14,246.37,0.2013,-1,-1,-1
125,2,730.40,228.10,211.32,641.91,0.8768,-1,-1,-1
125,5,1106.89,289.44,160.90,480.17,0.8437,-1,-1,-1
125,9,676.47,393.22,67.30,192.19,0.4355,-1,-1,-1
125,20,1628.52,372.35,47.14,63.76,0.3686,-1,-1,-1
125,24,952.62,324.54,124.61,331.19,0.6972,-1,-1,-1
125,30,346.20,338.83,141.33,402.81,0.8439,-1,-1,-1
125,52,1033.60,379.07,54.08,207.80,0.2138,-1,-1,-1
126,2,711.64,228.95,225.32,646.44,0.8690,-1,-1,-1
126,5,1100.59,290.27,161.01,476.10,0.8444,-1,-1,-1
126,9,668.67,393.56,69.33,189.43,0.3844,-1,-1,-1
126,20,1626.52,370.77,45.75,64.95,0.4154,-1,-1,-1
126,24,952.27,320.71,125.11,334.01,0.5831,-1,-1,-1
126,30,333.37,336.79,143.71,408.13,0.8374,-1,-1,-1
126,52,1029.25,375.64,55.98,207.57,0.2212,-1,-1,-1
127,2,709.09,231.64,224.54,647.31,0.8702,-1,-1,-1
127,5,1093.87,290.74,166.18,481.86,0.8557,-1,-1,-1
127,9,665.39,392.21,67.35,186.38,0.2528,-1,-1,-1
127,20,1622.78,371.81,44.47,65.12,0.4445,-1,-1,-1
127,24,942.12,320.33,139.18,336.84,0.7688,-1,-1,-1
127,30,327.14,343.32,142.21,408.07,0.8467,-1,-1,-1
128,2,707.21,231.42,225.04,651.91,0.8795,-1,-1,-1
128,5,1087.76,288.95,170.54,482.41,0.8715,-1,-1,-1
128,9,660.38,389.82,74.25,192.12,0.3732,-1,-1,-1
128,20,1620.36,371.00,42.03,66.12,0.3565,-1,-1,-1
128,24,932.47,323.25,144.80,334.88,0.5883,-1,-1,-1
128,30,318.61,341.23,144.82,411.62,0.8522,-1,-1,-1
129,2,710.86,235.80,218.67,648.17,0.8800,-1,-1,-1
129,5,1082.91,286.33,175.52,483.41,0.8742,-1,-1,-1
129,9,660.40,389.14,65.95,193.08,0.5383,-1,-1,-1
129,20,1616.52,368.00,45.17,69.21,0.3784,-1,-1,-1
129,24,936.09,321.81,106.70,334.93,0.6491,-1,-1,-1
129,30,313.74,337.03,146.88,423.54,0.8334,-1,-1,-1
130,2,708.37,237.11,221.20,649.01,0.8809,-1,-1,-1
130,5,1081.52,286.82,174.92,482.72,0.8669,-1,-1,-1
130,9,660.46,389.02,63.06,193.03,0.5604,-1,-1,-1
130,20,1618.34,367.35,42.21,70.01,0.4045,-1,-1,-1
130,24,934.95,320.37,104.74,334.59,0.7341,-1,-1,-1
130,30,310.79,333.07,148.58,432.26,0.8401,-1,-1,-1
131,2,708.69,238.91,222.83,649.27,0.8794,-1,-1,-1
131,5,1080.41,283.98,176.41,482.40,0.8664,-1,-1,-1
131,9,657.22,389.46,64.04,193.35,0.5815,-1,-1,-1
131,20,1619.16,365.83,43.29,69.61,0.3823,-1,-1,-1
131,24,928.37,318.83,110.48,332.85,0.7390,-1,-1,-1
131,30,309.48,331.69,145.33,435.48,0.8379,-1,-1,-1
131,55,1012.00,370.66,70.02,222.44,0.5417,-1,-1,-1
132,2,710.42,238.65,221.07,649.50,0.8753,-1,-1,-1
132,5,1080.38,282.32,174.69,481.55,0.8629,-1,-1,-1
132,9,657.11,388.77,64.37,195.09,0.5591,-1,-1,-1
132,20,1619.14,364.93,42.31,69.19,0.4070,-1,-1,-1
132,24,924.97,317.65,111.52,333.41,0.7343,-1,-1,-1
132,30,310.37,332.31,141.31,436.28,0.8268,-1,-1,-1
132,55,1013.28,366.65,69.70,227.21,0.5635,-1,-1,-1
133,2,713.60,238.88,220.65,646.83,0.8754,-1,-1,-1
133,5,1076.59,282.35,179.56,481.89,0.8682,-1,-1,-1
133,9,657.51,389.05,62.72,195.49,0.4326,-1,-1,-1
133,20,1621.13,364.58,41.66,70.49,0.3814,-1,-1,-1
133,24,926.13,316.28,107.63,336.42,0.7466,-1,-1,-1
133,30,294.18,329.52,156.37,441.72,0.8184,-1,-1,-1
133,55,1012.55,367.77,72.81,225.46,0.5759,-1,-1,-1
134,2,715.58,238.40,215.85,649.76,0.8765,-1,-1,-1
134,5,1074.64,284.18,183.89,485.91,0.8676,-1,-1,-1
134,9,655.84,392.24,68.71,194.74,0.5501,-1,-1,-1
134,20,1622.73,364.78,42.17,71.44,0.3648,-1,-1,-1
134,24,928.72,318.55,101.06,337.78,0.7312,-1,-1,-1
134,30,288.86,324.56,156.19,455.10,0.8404,-1,-1,-1
134,55,1011.34,367.28,73.79,223.69,0.6138,-1,-1,-1
135,2,717.91,239.85,213.52,648.28,0.8795,-1,-1,-1
135,5,1073.36,285.08,184.25,488.97,0.8649,-1,-1,-1
135,9,651.65,393.60,72.74,195.54,0.5513,-1,-1,-1
135,20,1623.46,365.30,46.29,72.79,0.2709,-1,-1,-1
135,24,926.47,318.27,99.57,341.54,0.7092,-1,-1,-1
135,30,287.34,330.48,153.83,452.73,0.8326,-1,-1,-1
135,55,1010.44,370.21,76.25,219.03,0.6549,-1,-1,-1
136,2,723.72,240.25,209.83,641.46,0.8734,-1,-1,-1
136,5,1071.85,287.88,188.09,490.23,0.8663,-1,-1,-1
136,9,644.88,395.14,81.22,197.16,0.6857,-1,-1,-1
136,20,1626.75,366.68,45.97,71.44,0.2414,-1,-1,-1
136,24,926.12,320.57,99.89,339.36,0.7317,-1,-1,-1
136,30,281.95,327.52,158.02,459.48,0.8384,-1,-1,-1
136,55,1011.07,364.41,77.03,230.66,0.7014,-1,-1,-1
137,2,723.78,240.68,212.03,624.60,0.8834,-1,-1,-1
137,5,1070.49,291.03,193.55,492.06,0.8630,-1,-1,-1
137,9,649.35,395.11,76.73,201.60,0.6375,-1,-1,-1
137,20,1631.87,368.41,44.48,69.17,0.4976,-1,-1,-1
137,24,927.98,319.59,97.29,341.57,0.7300,-1,-1,-1
137,30,284.18,323.92,154.21,465.36,0.8410,-1,-1,-1
137,55,1013.99,369.92,76.96,225.25,0.7428,-1,-1,-1
138,2,721.89,242.39,218.47,622.24,0.8862,-1,-1,-1
138,5,1078.04,295.17,192.03,490.75,0.8620,-1,-1,-1
138,9,651.88,396.75,71.06,200.96,0.5927,-1,-1,-1
138,20,1637.55,371.59,45.92,69.44,0.3300,-1,-1,-1
138,24,928.55,321.44,96.71,342.08,0.7455,-1,-1,-1
138,30,279.17,322.75,157.92,469.40,0.8020,-1,-1,-1
138,55,1018.17,368.51,75.61,229.13,0.7455,-1,-1,-1
138,59,1255.87,388.00,36.68,69.51,0.2657,-1,-1,-1
139,2,729.74,242.48,212.41,622.28,0.8849,-1,-1,-1
139,5,1082.46,295.70,193.01,490.92,0.8479,-1,-1,-1
139,9,651.71,395.55,71.09,204.49,0.5749,-1,-1,-1
139,20,1644.66,374.73,42.78,62.91,0.2746,-1,-1,-1
139,24,929.94,320.81,97.65,343.89,0.7285,-1,-1,-1
139,30,270.14,319.98,163.96,475.64,0.8143,-1,-1,-1
139,55,1021.25,364.60,75.68,230.39,0.7172,-1,-1,-1
139,59,1255.49,384.25,34.74,60.16,0.2524,-1,-1,-1
139,60,1293.50,391.81,32.19,55.97,0.1709,-1,-1,-1
140,2,744.08,241.39,200.18,629.09,0.8777,-1,-1,-1
140,5,1089.89,296.85,188.46,489.09,0.8450,-1,-1,-1
140,9,649.43,396.76,74.47,205.16,0.6227,-1,-1,-1
140,20,1647.22,368.74,46.56,67.06,0.3330,-1,-1,-1
140,24,938.24,320.26,92.39,345.20,0.7164,-1,-1,-1
140,30,268.73,318.56,166.14,486.64,0.8294,-1,-1,-1
140,55,1023.07,369.21,76.46,226.02,0.7781,-1,-1,-1
140,59,1259.40,386.50,33.38,65.48,0.2226,-1,-1,-1
141,2,749.30,245.90,195.44,631.30,0.8738,-1,-1,-1
141,5,1093.62,295.69,188.87,496.75,0.8582,-1,-1,-1
141,9,647.22,395.25,80.03,206.74,0.7621,-1,-1,-1
141,20,1650.17,368.21,48.30,69.74,0.3751,-1,-1,-1
141,24,934.70,322.53,97.37,343.92,0.7410,-1,-1,-1
141,30,272.27,319.71,164.09,497.87,0.8230,-1,-1,-1
141,55,1024.37,366.82,80.40,227.91,0.6853,-1,-1,-1
142,2,754.50,251.88,192.71,628.89,0.8698,-1,-1,-1
142,5,1101.12,296.69,186.16,499.61,0.8519,-1,-1,-1
142,9,648.89,400.28,85.86,202.26,0.6874,-1,-1,-1
142,20,1664.18,373.46,45.81,64.90,0.2263,-1,-1,-1
142,24,935.65,325.63,97.06,340.44,0.7638,-1,-1,-1
142,30,271.18,323.24,167.52,500.60,0.8486,-1,-1,-1
142,55,1029.65,372.45,79.08,226.16,0.7246,-1,-1,-1
143,2,769.04,253.73,185.78,634.50,0.8793,-1,-1,-1
143,5,1107.84,296.78,186.80,502.78,0.8667,-1,-1,-1
143,9,655.50,400.30,82.56,204.50,0.6601,-1,-1,-1
143,20,1670.96,375.93,44.07,61.74,0.4021,-1,-1,-1
143,24,953.31,325.88,85.99,340.56,0.7213,-1,-1,-1
143,30,269.31,326.27,171.29,502.62,0.8470,-1,-1,-1
143,55,1038.18,372.61,72.81,225.79,0.7463,-1,-1,-1
144,2,771.48,256.02,186.80,633.75,0.8730,-1,-1,-1
144,5,1112.46,296.76,186.61,500.90,0.8609,-1,-1,-1
144,9,663.27,396.84,75.15,207.94,0.7046,-1,-1,-1
144,20,1672.16,370.08,51.20,67.66,0.4170,-1,-1,-1
144,24,958.25,332.56,85.14,332.79,0.8007,-1,-1,-1
144,30,267.21,325.69,175.20,510.82,0.8580,-1,-1,-1
144,55,1040.34,372.51,78.10,227.46,0.7544,-1,-1,-1
145,2,779.00,258.41,185.13,634.79,0.8607,-1,-1,-1
145,5,1121.96,296.62,186.66,500.57,0.8607,-1,-1,-1
145,9,664.14,396.36,80.40,210.45,0.7016,-1,-1,-1
145,20,1681.48,370.91,49.90,70.12,0.4246,-1,-1,-1
145,24,961.53,329.18,83.96,337.94,0.7504,-1,-1,-1
145,30,265.05,324.91,178.54,513.48,0.8547,-1,-1,-1
145,55,1041.87,376.03,79.41,222.77,0.7393,-1,-1,-1
146,2,781.05,262.64,188.53,636.50,0.8629,-1,-1,-1
146,5,1129.45,301.37,182.79,492.15,0.8740,-1,-1,-1
146,9,669.91,397.75,80.27,210.05,0.6977,-1,-1,-1
146,20,1694.14,378.88,45.95,63.25,0.3269,-1,-1,-1
146,24,969.02,332.10,86.77,337.40,0.6832,-1,-1,-1
146,30,268.59,324.60,177.58,524.64,0.8772,-1,-1,-1
146,55,1048.31,378.65,78.08,218.94,0.6443,-1,-1,-1
147,2,781.78,265.28,190.08,637.75,0.8651,-1,-1,-1
147,5,1134.12,298.31,187.45,490.42,0.8663,-1,-1,-1
147,9,670.43,396.10,79.76,215.99,0.7222,-1,-1,-1
147,20,1699.96,376.04,46.32,67.46,0.4221,-1,-1,-1
147,24,964.48,331.19,91.86,340.75,0.7124,-1,-1,-1
147,30,262.54,326.11,182.77,528.91,0.8599,-1,-1,-1
147,55,1049.83,381.77,80.37,220.68,0.6314,-1,-1,-1
148,2,790.41,265.70,184.30,635.59,0.8552,-1,-1,-1
148,5,1140.59,297.35,181.93,491.25,0.8673,-1,-1,-1
148,9,673.63,394.81,75.54,219.12,0.7238,-1,-1,-1
148,20,1699.59,375.01,51.86,68.65,0.3755,-1,-1,-1
148,24,968.72,331.10,91.70,341.28,0.7321,-1,-1,-1
148,30,258.27,325.74,186.08,541.96,0.8686,-1,-1,-1
148,55,1054.10,376.81,77.17,228.05,0.6779,-1,-1,-1
149,2,794.10,266.15,183.48,638.20,0.8616,-1,-1,-1
149,5,1148.12,298.45,178.39,487.99,0.8623,-1,-1,-1
149,9,675.22,401.13,76.49,217.56,0.5981,-1,-1,-1
149,20,1706.88,382.01,50.31,65.03,0.3457,-1,-1,-1
149,24,973.53,336.34,86.70,338.09,0.7357,-1,-1,-1
149,30,251.75,322.97,182.82,549.81,0.8640,-1,-1,-1
149,55,1055.73,378.69,77.59,229.26,0.6369,-1,-1,-1
150,2,793.38,266.51,184.99,637.58,0.8512,-1,-1,-1
150,5,1151.35,300.01,178.57,490.66,0.8646,-1,-1,-1
150,9,673.35,406.18,79.55,215.52,0.6183,-1,-1,-1
150,20,1711.62,381.69,51.82,66.69,0.4592,-1,-1,-1
150,24,976.16,339.90,88.84,339.03,0.7360,-1,-1,-1
150,30,246.73,318.05,179.39,559.20,0.8500,-1,-1,-1
150,55,1056.78,369.51,76.19,238.94,0.6686,-1,-1,-1
150,64,1431.62,502.56,127.39,267.87,0.2719,-1,-1,-1
150,65,759.50,374.19,63.37,250.62,0.1625,-1,-1,-1
151,2,792.05,266.61,189.27,633.12,0.8417,-1,-1,-1
151,5,1152.46,299.39,180.12,501.97,0.8715,-1,-1,-1
151,9,675.41,410.26,77.62,212.81,0.6635,-1,-1,-1
151,20,1712.02,379.55,54.37,70.00,0.4973,-1,-1,-1
151,24,981.24,340.90,84.30,342.03,0.7328,-1,-1,-1
151,30,233.66,317.64,185.38,568.85,0.8496,-1,-1,-1
151,55,1056.43,368.50,77.23,242.54,0.5941,-1,-1,-1
151,64,1432.64,503.62,131.20,269.28,0.4033,-1,-1,-1
151,65,762.83,375.08,70.24,257.17,0.1606,-1,-1,-1
152,2,789.62,265.09,192.50,624.46,0.8414,-1,-1,-1
152,5,1153.30,300.33,181.74,499.47,0.8793,-1,-1,-1
152,9,675.27,410.02,81.43,215.49,0.7095,-1,-1,-1
152,20,1716.01,378.96,54.68,70.66,0.5245,-1,-1,-1
152,24,978.20,341.37,86.52,341.35,0.7091,-1,-1,-1
152,30,225.59,313.67,188.48,578.05,0.8506,-1,-1,-1
152,55,1054.07,372.37,79.88,238.10,0.5973,-1,-1,-1
153,2,783.45,262.65,202.34,617.52,0.8407,-1,-1,-1
153,5,1158.15,302.69,179.52,498.23,0.8823,-1,-1,-1
153,9,675.47,410.49,83.99,218.95,0.7077,-1,-1,-1
153,20,1719.36,385.98,50.65,67.01,0.4295,-1,-1,-1
153,24,983.58,341.50,82.40,345.76,0.7242,-1,-1,-1
153,30,213.10,311.24,196.20,582.57,0.8582,-1,-1,-1
153,55,1055.54,372.73,79.34,238.92,0.6162,-1,-1,-1
154,2,777.33,261.06,209.64,618.02,0.8585,-1,-1,-1
154,5,1158.97,303.06,178.35,496.09,0.8732,-1,-1,-1
154,9,676.11,411.44,86.77,220.56,0.7169,-1,-1,-1
154,20,1723.41,385.49,50.45,68.07,0.4062,-1,-1,-1
154,24,980.28,341.23,84.46,344.46,0.7263,-1,-1,-1
154,30,201.39,308.98,202.87,588.34,0.8716,-1,-1,-1
154,55,1053.66,374.68,81.04,238.25,0.6536,-1,-1,-1
155,2,769.21,258.59,217.91,619.77,0.8680,-1,-1,-1
155,5,1160.73,302.67,177.34,499.73,0.8782,-1,-1,-1
155,9,671.76,406.74,99.70,224.22,0.7297,-1,-1,-1
155,20,1721.39,378.47,51.50,72.05,0.3209,-1,-1,-1
155,24,983.83,340.10,80.46,342.25,0.7268,-1,-1,-1
155,30,191.00,306.29,207.74,592.16,0.8703,-1,-1,-1
155,55,1053.78,372.59,80.38,239.05,0.7024,-1,-1,-1
156,2,764.74,257.53,224.52,623.49,0.8693,-1,-1,-1
156,5,1157.59,304.05,180.70,507.63,0.8762,-1,-1,-1
156,9,672.21,405.31,99.76,226.22,0.7685,-1,-1,-1
156,20,1720.28,381.60,53.27,71.85,0.3386,-1,-1,-1
156,24,981.48,339.79,83.33,343.74,0.7014,-1,-1,-1
156,30,181.00,301.91,206.91,599.05,0.8715,-1,-1,-1
156,55,1052.21,370.17,80.38,243.24,0.6870,-1,-1,-1
157,2,758.93,260.10,231.29,625.90,0.8770,-1,-1,-1
157,5,1155.37,308.09,178.41,508.27,0.8724,-1,-1,-1
157,9,667.44,407.36,99.87,225.67,0.7056,-1,-1,-1
157,20,1721.67,381.19,52.97,74.25,0.4134,-1,-1,-1
157,24,971.26,341.17,93.50,346.85,0.6934,-1,-1,-1
157,30,170.35,300.76,211.54,604.21,0.8629,-1,-1,-1
157,55,1049.44,371.09,82.76,243.27,0.6736,-1,-1,-1
158,2,760.38,257.25,225.11,630.49,0.8731,-1,-1,-1
158,5,1149.33,305.22,176.96,507.49,0.8647,-1,-1,-1
158,9,661.86,405.94,79.80,227.82,0.6672,-1,-1,-1
158,20,1715.62,383.51,56.20,70.86,0.4214,-1,-1,-1
158,24,966.93,341.45,90.88,344.48,0.7423,-1,-1,-1
158,30,156.03,297.12,214.32,611.18,0.8611,-1,-1,-1
158,55,1044.33,371.35,85.62,243.30,0.7371,-1,-1,-1
159,2,765.94,262.98,216.90,629.10,0.8668,-1,-1,-1
159,5,1146.63,306.82,174.86,503.55,0.8753,-1,-1,-1
159,9,658.84,401.03,85.97,230.81,0.6571,-1,-1,-1
159,20,1710.27,377.52,58.71,75.07,0.5065,-1,-1,-1
159,24,965.74,341.65,86.56,339.75,0.6553,-1,-1,-1
159,30,138.25,294.46,218.24,622.52,0.8558,-1,-1,-1
159,55,1040.19,377.82,85.96,237.09,0.7006,-1,-1,-1
159,65,754.80,357.72,63.84,275.37,0.4207,-1,-1,-1
160,2,769.09,265.20,210.86,630.81,0.8636,-1,-1,-1
160,5,1141.61,305.90,173.66,506.81,0.8761,-1,-1,-1
160,9,650.15,401.18,95.99,230.35,0.6826,-1,-1,-1
160,20,1706.88,375.37,57.74,77.20,0.3489,-1,-1,-1
160,24,961.79,339.06,91.35,339.94,0.7252,-1,-1,-1
160,30,126.66,290.84,221.54,642.14,0.8649,-1,-1,-1
160,55,1037.52,379.03,83.33,234.31,0.7000,-1,-1,-1
160,65,748.64,355.63,70.28,277.59,0.5088,-1,-1,-1
161,2,770.71,271.46,209.52,628.24,0.8710,-1,-1,-1
161,5,1138.45,306.19,172.26,505.98,0.8786,-1,-1,-1
161,9,645.81,397.95,91.46,236.43,0.6935,-1,-1,-1
161,20,1706.63,372.82,55.19,80.67,0.3333,-1,-1,-1
161,24,955.53,338.63,88.73,341.56,0.6723,-1,-1,-1
161,30,112.65,290.49,225.19,659.13,0.8543,-1,-1,-1
161,55,1032.94,384.97,85.18,227.52,0.7491,-1,-1,-1
161,65,735.39,362.45,72.80,274.17,0.4935,-1,-1,-1
161,66,737.15,379.33,56.30,172.12,0.1736,-1,-1,-1
162,2,773.98,271.65,204.74,626.71,0.8820,-1,-1,-1
162,5,1132.94,298.99,171.46,513.85,0.8723,-1,-1,-1
162,9,637.70,395.07,78.34,239.66,0.7038,-1,-1,-1
162,20,1699.27,381.19,57.56,75.19,0.4543,-1,-1,-1
162,24,950.52,336.17,81.45,348.16,0.6476,-1,-1,-1
162,30,94.76,283.57,230.78,661.99,0.8681,-1,-1,-1
162,55,1025.72,386.20,83.42,225.35,0.7435,-1,-1,-1
162,65,730.00,360.49,79.06,279.07,0.6046,-1,-1,-1
162,66,729.52,370.35,58.25,177.17,0.1997,-1,-1,-1
163,2,773.97,270.24,200.39,629.12,0.8926,-1,-1,-1
163,5,1122.49,299.80,176.24,512.15,0.8679,-1,-1,-1
163,9,629.55,394.57,83.48,240.36,0.7227,-1,-1,-1
163,20,1693.80,382.16,55.27,75.00,0.4422,-1,-1,-1
163,24,946.73,331.18,85.66,352.57,0.6168,-1,-1,-1
163,30,79.49,283.04,224.27,675.89,0.8461,-1,-1,-1
163,55,1019.99,387.69,84.67,223.86,0.6826,-1,-1,-1
163,65,725.78,357.44,76.88,281.17,0.6654,-1,-1,-1
164,2,767.11,267.83,203.82,624.56,0.8907,-1,-1,-1
164,5,1112.87,297.42,183.88,510.08,0.8667,-1,-1,-1
164,9,618.97,392.52,87.59,243.86,0.7198,-1,-1,-1
164,20,1689.05,383.10,59.17,72.30,0.2740,-1,-1,-1
164,24,943.19,333.47,82.61,350.19,0.6621,-1,-1,-1
164,30,55.72,282.50,246.39,697.53,0.8837,-1,-1,-1
164,55,1018.53,390.38,78.68,219.33,0.6982,-1,-1,-1
164,65,713.52,362.40,78.91,278.48,0.6723,-1,-1,-1
165,2,763.95,262.80,197.91,628.19,0.8868,-1,-1,-1
165,5,1107.01,299.20,181.70,505.43,0.8736,-1,-1,-1
165,9,610.25,392.95,85.07,243.87,0.6932,-1,-1,-1
165,20,1682.55,377.49,56.43,74.71,0.3419,-1,-1,-1
165,24,941.85,332.93,82.11,347.11,0.6907,-1,-1,-1
165,30,37.60,280.32,249.66,715.81,0.8708,-1,-1,-1
165,55,1014.53,390.63,78.94,215.76,0.6851,-1,-1,-1
165,65,707.62,364.04,79.10,277.19,0.7078,-1,-1,-1
166,2,766.10,258.72,194.64,631.60,0.8857,-1,-1,-1
166,5,1100.33,297.18,186.27,500.67,0.8767,-1,-1,-1
166,9,605.66,391.00,88.50,246.80,0.7201,-1,-1,-1
166,20,1677.97,375.45,54.37,75.30,0.4003,-1,-1,-1
166,24,933.20,326.05,85.25,352.85,0.6975,-1,-1,-1
166,30,19.07,278.58,261.92,726.54,0.8878,-1,-1,-1
166,55,1008.81,390.39,79.54,213.64,0.6628,-1,-1,-1
166,65,704.19,365.07,80.07,277.87,0.7308,-1,-1,-1
167,2,767.45,255.88,192.33,631.31,0.8747,-1,-1,-1
167,5,1094.33,290.52,191.36,508.10,0.8653,-1,-1,-1
167,9,601.14,389.75,86.51,248.89,0.7269,-1,-1,-1
167,20,1679.64,374.60,55.13,74.67,0.3844,-1,-1,-1
167,24,934.02,325.00,84.08,349.72,0.6927,-1,-1,-1
167,30,6.70,273.81,255.44,737.28,0.8639,-1,-1,-1
167,55,1008.33,372.33,78.94,234.91,0.5660,-1,-1,-1
167,65,697.80,361.79,87.66,282.13,0.7092,-1,-1,-1
168,2,774.18,253.38,184.36,619.84,0.8662,-1,-1,-1
168,5,1090.96,291.63,191.69,504.06,0.8650,-1,-1,-1
168,9,596.60,389.33,88.91,248.84,0.6949,-1,-1,-1
168,20,1672.74,371.58,60.23,77.83,0.3815,-1,-1,-1
168,24,930.34,329.65,86.52,348.55,0.6979,-1,-1,-1
168,30,-0.74,263.98,256.48,752.04,0.8886,-1,-1,-1
168,55,1007.63,374.16,77.87,234.80,0.6031,-1,-1,-1
168,65,682.33,356.83,97.87,287.12,0.7784,-1,-1,-1
169,2,777.89,248.80,183.67,611.73,0.8634,-1,-1,-1
169,5,1086.91,291.39,194.23,502.67,0.8696,-1,-1,-1
169,9,590.67,387.37,91.41,252.09,0.7351,-1,-1,-1
169,20,1672.85,370.69,58.11,77.96,0.4113,-1,-1,-1
169,24,930.44,329.40,82.81,342.55,0.6939,-1,-1,-1
169,30,-0.67,256.83,241.33,763.87,0.9033,-1,-1,-1
169,55,1004.14,374.73,80.93,229.22,0.6410,-1,-1,-1
169,64,1411.71,434.63,135.85,344.34,0.2646,-1,-1,-1
169,65,680.45,355.97,96.21,281.71,0.7689,-1,-1,-1
170,2,778.71,247.89,180.97,610.48,0.8535,-1,-1,-1
170,5,1081.25,290.79,198.91,506.23,0.8709,-1,-1,-1
170,9,590.77,386.32,79.50,250.76,0.6229,-1,-1,-1
170,20,1676.83,368.78,51.94,77.55,0.3062,-1,-1,-1
170,24,928.19,329.13,81.61,342.93,0.6905,-1,-1,-1
170,30,-0.81,250.35,228.98,776.79,0.9028,-1,-1,-1
170,55,1004.43,371.33,80.60,231.86,0.6336,-1,-1,-1
170,64,1409.38,429.55,138.46,349.44,0.2691,-1,-1,-1
170,65,672.54,352.40,104.48,287.87,0.7913,-1,-1,-1
171,2,777.78,245.84,180.08,614.39,0.8562,-1,-1,-1
171,5,1078.90,290.47,201.40,510.17,0.8685,-1,-1,-1
171,9,581.14,382.49,90.22,259.28,0.6415,-1,-1,-1
171,24,927.72,328.63,83.48,347.81,0.7140,-1,-1,-1
171,30,-0.76,245.87,217.63,789.80,0.9016,-1,-1,-1
171,55,1006.03,366.56,77.12,230.47,0.6723,-1,-1,-1
171,64,1397.87,476.81,155.59,304.22,0.1737,-1,-1,-1
171,65,663.96,352.40,112.89,292.67,0.8026,-1,-1,-1
172,2,775.14,247.21,184.19,618.84,0.8518,-1,-1,-1
172,5,1075.61,290.12,204.56,509.64,0.8739,-1,-1,-1
172,9,573.46,384.62,99.43,261.04,0.6843,-1,-1,-1
172,20,1674.92,365.21,51.75,77.28,0.1523,-1,-1,-1
172,24,928.26,338.53,80.74,333.35,0.6809,-1,-1,-1
172,30,-0.52,241.05,204.68,799.70,0.8957,-1,-1,-1
172,55,1002.15,366.94,78.68,229.74,0.6550,-1,-1,-1
172,65,659.20,350.45,117.16,296.06,0.8308,-1,-1,-1
173,2,777.11,245.37,180.40,621.78,0.8548,-1,-1,-1
173,5,1074.36,288.93,203.00,511.27,0.8685,-1,-1,-1
173,9,565.54,386.02,103.57,261.22,0.7053,-1,-1,-1
173,20,1674.73,363.86,53.49,76.57,0.4465,-1,-1,-1
173,24,926.71,336.54,77.70,335.05,0.6678,-1,-1,-1
173,30,-0.94,235.79,194.37,816.42,0.8880,-1,-1,-1
173,55,1002.08,372.45,79.13,221.44,0.6630,-1,-1,-1
173,64,1387.80,492.22,163.02,284.78,0.2266,-1,-1,-1
173,65,656.72,347.25,122.91,299.38,0.8317,-1,-1,-1
174,2,775.89,246.16,182.76,623.36,0.8596,-1,-1,-1
174,5,1076.89,288.84,204.74,515.92,0.8719,-1,-1,-1
174,9,562.92,380.70,94.33,269.49,0.6939,-1,-1,-1
174,20,1675.91,362.68,54.66,75.57,0.4020,-1,-1,-1
174,24,928.29,334.99,77.49,337.03,0.6472,-1,-1,-1
174,30,-0.84,231.94,186.89,828.25,0.8848,-1,-1,-1
174,55,1002.88,367.43,76.75,227.91,0.6667,-1,-1,-1
174,64,1389.05,491.85,164.11,284.33,0.2145,-1,-1,-1
174,65,655.59,345.33,125.36,301.28,0.8176,-1,-1,-1
175,2,780.12,247.46,178.16,628.22,0.8640,-1,-1,-1
175,5,1080.62,289.05,203.91,520.38,0.8728,-1,-1,-1
175,9,560.07,379.19,95.53,272.90,0.6811,-1,-1,-1
175,20,1680.17,363.30,56.53,76.03,0.4554,-1,-1,-1
175,24,930.30,328.61,77.80,343.58,0.6463,-1,-1,-1
175,30,-0.47,226.55,179.16,836.94,0.8856,-1,-1,-1
175,55,1003.89,367.34,76.45,230.81,0.6655,-1,-1,-1
175,65,653.97,344.83,128.46,304.27,0.8184,-1,-1,-1
176,2,785.18,254.31,175.63,628.26,0.8475,-1,-1,-1
176,5,1084.23,289.82,203.02,520.27,0.8721,-1,-1,-1
176,9,555.51,378.66,100.68,276.43,0.7218,-1,-1,-1
176,20,1686.10,363.80,50.51,72.50,0.3520,-1,-1,-1
176,24,932.84,325.15,74.22,347.60,0.6397,-1,-1,-1
176,30,0.03,226.96,172.78,844.05,0.8835,-1,-1,-1
176,55,1008.18,365.62,74.90,231.97,0.6820,-1,-1,-1
176,64,1400.21,496.16,160.52,284.09,0.1781,-1,-1,-1
176,65,654.44,345.23,126.45,311.00,0.8098,-1,-1,-1
177,2,786.85,258.53,176.46,626.66,0.8485,-1,-1,-1
177,5,1087.16,290.68,202.29,517.70,0.8748,-1,-1,-1
177,9,554.13,379.73,102.19,274.86,0.7137,-1,-1,-1
177,20,1683.90,358.99,58.37,74.21,0.3937,-1,-1,-1
177,24,935.00,324.09,64.48,348.95,0.5909,-1,-1,-1
177,30,0.89,225.24,162.13,850.60,0.8760,-1,-1,-1
177,55,1009.11,368.23,75.17,229.12,0.6875,-1,-1,-1
177,65,654.46,345.81,126.96,311.45,0.8135,-1,-1,-1
178,2,790.56,262.60,177.56,625.23,0.8571,-1,-1,-1
178,5,1091.04,290.20,205.59,524.14,0.8787,-1,-1,-1
178,9,554.58,379.60,100.52,277.58,0.7330,-1,-1,-1
178,20,1690.91,360.26,56.85,74.69,0.3250,-1,-1,-1
178,24,940.61,323.39,58.05,356.42,0.4330,-1,-1,-1
178,30,0.76,222.47,155.18,853.90,0.8739,-1,-1,-1
178,55,1014.33,371.26,74.50,228.22,0.6407,-1,-1,-1
178,65,653.97,348.49,132.72,314.63,0.8227,-1,-1,-1
179,2,792.32,263.49,177.20,624.16,0.8556,-1,-1,-1
179,5,1099.42,287.42,200.76,527.49,0.8806,-1,-1,-1
179,9,553.28,379.51,101.95,280.08,0.7090,-1,-1,-1
179,20,1686.45,356.92,69.04,79.21,0.4353,-1,-1,-1
179,24,931.62,302.52,71.90,370.91,0.5855,-1,-1,-1
179,30,1.71,227.27,143.74,849.33,0.8736,-1,-1,-1
179,55,1015.66,375.30,75.42,222.48,0.6774,-1,-1,-1
179,65,651.45,349.37,140.31,314.95,0.8240,-1,-1,-1
180,2,795.61,267.27,180.78,616.35,0.8626,-1,-1,-1
180,5,1104.38,290.68,201.76,523.02,0.8709,-1,-1,-1
180,9,553.07,378.67,104.28,284.02,0.7626,-1,-1,-1
180,20,1696.69,357.94,65.69,76.79,0.4613,-1,-1,-1
180,24,943.30,316.82,59.38,358.10,0.3249,-1,-1,-1
180,30,2.51,231.39,133.58,846.19,0.8648,-1,-1,-1
180,55,1018.75,384.42,74.51,215.24,0.6136,-1,-1,-1
180,64,1418.38,501.19,159.10,281.44,0.1986,-1,-1,-1
180,65,653.64,351.31,134.81,315.48,0.7995,-1,-1,-1
181,2,796.66,265.79,183.43,618.11,0.8676,-1,-1,-1
181,5,1114.54,284.69,196.22,527.50,0.8739,-1,-1,-1
181,9,554.13,382.31,103.32,283.55,0.7254,-1,-1,-1
181,20,1712.82,355.64,52.09,77.18,0.4114,-1,-1,-1
181,24,943.22,311.64,59.55,360.18,0.3572,-1,-1,-1
181,30,2.30,260.75,127.25,816.72,0.8624,-1,-1,-1
181,55,1019.15,371.80,77.17,227.33,0.6265,-1,-1,-1
181,65,654.51,351.37,137.30,320.37,0.8181,-1,-1,-1
182,2,796.81,264.89,184.72,617.53,0.8720,-1,-1,-1
182,5,1120.94,286.00,196.40,526.45,0.8727,-1,-1,-1
182,9,555.18,383.36,107.42,286.63,0.7504,-1,-1,-1
182,20,1713.94,355.28,59.29,77.42,0.5661,-1,-1,-1
182,24,944.65,312.95,63.38,360.85,0.4364,-1,-1,-1
182,30,2.52,287.69,118.04,790.54,0.8568,-1,-1,-1
182,55,1022.13,377.60,80.76,220.83,0.7309,-1,-1,-1
182,65,654.77,351.22,137.25,323.82,0.8212,-1,-1,-1
182,67,994.01,403.74,40.57,131.05,0.2644,-1,-1,-1
183,2,799.53,263.09,191.51,610.72,0.8734,-1,-1,-1
183,5,1131.94,282.63,190.97,519.03,0.8699,-1,-1,-1
183,9,555.10,386.83,107.33,286.43,0.7426,-1,-1,-1
183,20,1715.38,353.92,60.55,78.04,0.4077,-1,-1,-1
183,24,947.49,313.87,64.35,356.49,0.3128,-1,-1,-1
183,30,3.91,313.07,105.37,763.95,0.8432,-1,-1,-1
183,55,1024.32,384.90,83.04,215.53,0.6711,-1,-1,-1
183,65,654.90,348.66,143.57,324.81,0.8295,-1,-1,-1
183,67,996.72,401.23,37.75,131.69,0.3034,-1,-1,-1
184,2,801.89,264.84,193.40,596.89,0.8765,-1,-1,-1
184,5,1133.61,282.50,192.92,515.21,0.8759,-1,-1,-1
184,9,555.60,389.58,110.70,283.54,0.7548,-1,-1,-1
184,20,1726.88,353.84,61.13,77.63,0.4359,-1,-1,-1
184,24,951.90,306.55,66.29,367.90,0.4038,-1,-1,-1
184,30,4.01,382.49,93.30,693.26,0.8427,-1,-1,-1
184,55,1031.85,381.56,80.27,221.71,0.6433,-1,-1,-1
184,65,660.50,347.11,144.15,327.64,0.8321,-1,-1,-1
184,67,1003.43,403.85,38.28,127.98,0.2994,-1,-1,-1
185,2,801.98,261.82,194.20,598.86,0.8579,-1,-1,-1
185,5,1139.97,283.39,192.56,512.00,0.8703,-1,-1,-1
185,9,557.66,390.71,116.23,285.53,0.7138,-1,-1,-1
185,20,1727.62,350.72,64.95,79.50,0.4142,-1,-1,-1
185,24,958.21,312.70,70.47,363.13,0.6042,-1,-1,-1
185,30,3.02,390.69,85.81,684.82,0.8071,-1,-1,-1
185,55,1037.11,384.51,76.94,217.37,0.6715,-1,-1,-1
185,64,1462.88,484.47,136.21,299.97,0.3697,-1,-1,-1
185,65,670.08,328.78,136.78,349.91,0.8518,-1,-1,-1
186,2,803.79,256.84,193.03,606.19,0.8641,-1,-1,-1
186,5,1149.81,284.71,185.75,514.61,0.8787,-1,-1,-1
186,9,558.29,390.76,118.88,288.01,0.7501,-1,-1,-1
186,20,1738.64,352.07,62.23,78.94,0.4742,-1,-1,-1
186,24,962.37,318.76,67.15,358.60,0.5356,-1,-1,-1
186,30,0.22,397.20,84.33,678.63,0.7611,-1,-1,-1
186,55,1037.67,383.71,82.36,218.41,0.6842,-1,-1,-1
186,64,1473.09,490.16,118.22,301.64,0.1660,-1,-1,-1
186,65,670.17,323.90,138.28,357.53,0.8473,-1,-1,-1
187,2,805.60,253.46,195.84,605.17,0.8677,-1,-1,-1
187,5,1153.99,279.61,189.42,521.39,0.8827,-1,-1,-1
187,9,557.85,385.23,124.38,294.82,0.7692,-1,-1,-1
187,20,1755.92,354.09,55.26,76.80,0.3151,-1,-1,-1
187,24,970.47,343.57,60.55,334.51,0.3533,-1,-1,-1
187,30,5.69,415.03,63.40,659.79,0.4173,-1,-1,-1
187,55,1042.64,378.16,79.94,220.78,0.7014,-1,-1,-1
187,65,671.20,328.36,137.87,351.21,0.8509,-1,-1,-1
187,67,1012.16,399.88,45.70,131.28,0.2431,-1,-1,-1
188,2,800.67,252.33,203.76,607.70,0.8691,-1,-1,-1
188,5,1154.86,279.14,189.71,520.74,0.8864,-1,-1,-1
188,9,557.01,385.16,126.19,294.09,0.7740,-1,-1,-1
188,20,1762.25,353.86,50.81,73.68,0.4084,-1,-1,-1
188,24,973.56,339.65,56.40,336.94,0.2800,-1,-1,-1
188,55,1037.17,376.73,85.28,223.66,0.7085,-1,-1,-1
188,65,669.14,325.79,138.72,351.98,0.8533,-1,-1,-1
189,2,799.00,252.78,204.07,611.06,0.8668,-1,-1,-1
189,5,1159.78,276.03,182.31,523.74,0.8823,-1,-1,-1
189,9,553.97,381.55,131.03,298.53,0.7030,-1,-1,-1
189,20,1760.26,351.61,57.19,74.84,0.4717,-1,-1,-1
189,24,976.06,332.85,55.15,343.38,0.2427,-1,-1,-1
189,55,1037.27,375.03,85.50,224.34,0.7234,-1,-1,-1
189,65,666.65,325.09,141.77,355.37,0.8491,-1,-1,-1
190,2,803.22,251.23,199.97,614.03,0.8582,-1,-1,-1
190,5,1159.81,275.54,185.50,527.53,0.8810,-1,-1,-1
190,9,548.00,379.79,140.83,301.65,0.7227,-1,-1,-1
190,20,1757.26,353.51,61.49,76.24,0.4637,-1,-1,-1
190,24,978.14,333.06,53.88,346.66,0.2656,-1,-1,-1
190,55,1032.88,376.00,90.21,221.55,0.7090,-1,-1,-1
190,65,671.95,322.96,136.27,360.02,0.8453,-1,-1,-1
191,2,805.01,252.74,198.39,618.90,0.8557,-1,-1,-1
191,5,1161.14,278.23,185.78,529.70,0.8796,-1,-1,-1
191,9,546.08,378.18,139.06,305.69,0.6797,-1,-1,-1
191,20,1758.66,355.44,60.41,78.41,0.4675,-1,-1,-1
191,24,978.46,330.25,55.53,352.82,0.2983,-1,-1,-1
191,55,1034.73,373.79,88.84,225.89,0.6966,-1,-1,-1
191,65,670.87,324.89,136.17,361.05,0.8119,-1,-1,-1
192,2,811.59,260.77,191.53,618.06,0.8577,-1,-1,-1
192,5,1160.33,285.72,183.73,528.02,0.8857,-1,-1,-1
192,9,541.48,377.56,101.26,307.45,0.6973,-1,-1,-1
192,20,1756.86,360.61,63.95,77.43,0.4185,-1,-1,-1
192,55,1032.33,378.78,89.20,222.84,0.7035,-1,-1,-1
192,65,666.66,325.26,140.06,361.97,0.8373,-1,-1,-1
193,2,809.89,265.11,194.49,617.00,0.8675,-1,-1,-1
193,5,1160.38,285.15,179.32,531.58,0.8835,-1,-1,-1
193,9,535.33,377.10,130.23,308.72,0.6575,-1,-1,-1
193,20,1754.50,361.14,69.28,77.32,0.4382,-1,-1,-1
193,55,1030.70,376.95,88.62,226.71,0.6996,-1,-1,-1
193,65,656.80,330.42,149.17,360.51,0.7808,-1,-1,-1
194,2,806.57,268.76,198.39,613.40,0.8662,-1,-1,-1
194,5,1158.77,287.90,177.67,535.40,0.8794,-1,-1,-1
194,9,530.64,377.65,132.52,313.27,0.7410,-1,-1,-1
194,20,1756.66,363.04,67.27,79.60,0.4215,-1,-1,-1
194,55,1034.88,377.92,84.62,227.60,0.7256,-1,-1,-1
194,65,656.38,332.30,145.60,365.28,0.8227,-1,-1,-1
195,2,802.14,274.34,205.48,610.10,0.8797,-1,-1,-1
195,5,1155.23,291.40,175.70,534.36,0.8685,-1,-1,-1
195,9,521.74,380.67,112.07,316.61,0.7498,-1,-1,-1
195,20,1757.31,367.65,65.20,79.45,0.5119,-1,-1,-1
195,55,1026.45,381.28,90.67,225.07,0.7402,-1,-1,-1
195,65,645.87,337.68,152.46,367.37,0.8444,-1,-1,-1
196,2,798.24,271.38,206.87,614.91,0.8866,-1,-1,-1
196,5,1148.53,294.60,176.65,536.82,0.8554,-1,-1,-1
196,9,514.82,379.64,116.13,323.77,0.7594,-1,-1,-1
196,20,1760.85,369.13,59.55,79.34,0.3900,-1,-1,-1
196,55,1021.25,383.99,93.12,223.28,0.7192,-1,-1,-1
196,65,644.13,342.93,150.84,365.50,0.8285,-1,-1,-1
197,2,796.46,271.47,208.70,615.31,0.8943,-1,-1,-1
197,5,1144.40,295.01,173.80,536.27,0.8549,-1,-1,-1
197,9,506.79,383.35,114.97,323.74,0.7753,-1,-1,-1
197,20,1756.58,375.09,63.69,74.84,0.3346,-1,-1,-1
197,55,1018.56,388.83,93.40,221.37,0.7599,-1,-1,-1
197,65,634.27,342.37,153.69,369.97,0.8214,-1,-1,-1
198,2,797.80,273.48,207.34,615.46,0.8896,-1,-1,-1
198,5,1137.79,297.40,178.07,526.10,0.8555,-1,-1,-1
198,9,495.19,385.83,119.65,330.95,0.7894,-1,-1,-1
198,20,1741.41,373.55,74.56,80.07,0.2398,-1,-1,-1
198,55,1015.69,391.08,91.43,221.02,0.7183,-1,-1,-1
198,65,619.50,343.38,158.90,375.80,0.8374,-1,-1,-1
199,2,806.40,276.62,195.90,593.51,0.8823,-1,-1,-1
199,5,1133.21,297.97,180.16,544.15,0.8628,-1,-1,-1
199,9,488.39,388.86,122.50,332.31,0.8207,-1,-1,-1
199,20,1756.43,379.52,58.57,77.95,0.3024,-1,-1,-1
199,55,1010.00,397.89,91.43,214.83,0.7432,-1,-1,-1
199,65,604.37,348.71,164.49,382.86,0.8340,-1,-1,-1
200,2,801.27,281.21,201.35,584.72,0.8837,-1,-1,-1
200,5,1124.73,299.74,183.91,541.62,0.8619,-1,-1,-1
200,9,478.31,393.88,132.06,335.76,0.7038,-1,-1,-1
200,20,1734.70,381.17,71.79,79.97,0.5433,-1,-1,-1
200,55,1009.66,407.87,87.63,208.10,0.6643,-1,-1,-1
200,65,609.22,349.62,150.62,383.36,0.8435,-1,-1,-1
201,2,801.07,281.29,195.43,588.38,0.8866,-1,-1,-1
201,5,1116.03,304.39,188.49,529.89,0.8700,-1,-1,-1
201,9,467.48,396.11,115.10,334.08,0.7697,-1,-1,-1
201,20,1731.72,384.53,73.19,79.40,0.4053,-1,-1,-1
201,55,1009.00,394.45,81.40,222.37,0.7368,-1,-1,-1
201,65,581.24,347.62,166.84,383.36,0.7963,-1,-1,-1
202,2,796.32,281.25,194.24,593.57,0.8918,-1,-1,-1
202,5,1110.73,304.29,190.51,531.78,0.8717,-1,-1,-1
202,9,457.31,400.28,131.78,335.94,0.7977,-1,-1,-1
202,20,1725.18,383.87,75.68,81.60,0.4109,-1,-1,-1
202,55,1005.51,405.52,80.11,214.24,0.6816,-1,-1,-1
202,65,584.97,346.02,152.62,389.87,0.8102,-1,-1,-1
203,2,800.17,281.72,186.70,596.10,0.8818,-1,-1,-1
203,5,1106.46,304.61,193.32,531.79,0.8735,-1,-1,-1
203,9,444.45,396.87,108.07,344.61,0.6152,-1,-1,-1
203,20,1728.48,384.40,68.02,82.40,0.4214,-1,-1,-1
203,55,1001.12,408.87,82.01,215.25,0.7257,-1,-1,-1
203,65,578.72,344.20,155.66,397.28,0.8297,-1,-1,-1
203,73,761.35,397.75,63.52,240.86,0.4749,-1,-1,-1
204,2,807.50,285.12,175.99,596.50,0.8648,-1,-1,-1
204,5,1104.12,303.28,191.45,530.96,0.8710,-1,-1,-1
204,9,434.05,398.72,142.88,346.64,0.7299,-1,-1,-1
204,20,1730.21,384.64,64.72,82.24,0.3560,-1,-1,-1
204,55,1004.06,412.89,77.35,217.48,0.7406,-1,-1,-1
204,65,572.82,344.36,154.48,399.06,0.8183,-1,-1,-1
204,73,758.38,399.89,68.43,241.03,0.6678,-1,-1,-1
205,2,807.82,286.54,174.35,598.14,0.8645,-1,-1,-1
205,5,1103.24,303.32,192.53,529.69,0.8748,-1,-1,-1
205,9,425.22,398.87,145.70,348.95,0.7804,-1,-1,-1
205,20,1721.95,382.57,70.43,84.51,0.4802,-1,-1,-1
205,55,1002.37,414.29,76.48,214.24,0.6964,-1,-1,-1
205,65,564.40,343.49,152.76,400.08,0.8039,-1,-1,-1
205,73,758.78,397.09,68.48,244.93,0.6554,-1,-1,-1
206,2,808.20,287.99,172.49,599.83,0.8669,-1,-1,-1
206,5,1099.82,307.01,199.19,531.92,0.8661,-1,-1,-1
206,9,418.62,396.69,150.31,352.83,0.7980,-1,-1,-1
206,20,1731.03,381.95,61.77,84.36,0.4233,-1,-1,-1
206,55,999.70,414.91,78.98,211.76,0.6928,-1,-1,-1
206,65,558.95,342.32,155.38,405.08,0.8320,-1,-1,-1
206,73,755.95,396.39,69.49,249.12,0.6931,-1,-1,-1
207,2,808.27,289.29,171.14,598.66,0.8643,-1,-1,-1
207,5,1096.20,307.78,204.27,534.02,0.8673,-1,-1,-1
207,9,412.40,395.06,148.01,356.25,0.8341,-1,-1,-1
207,20,1734.71,382.14,58.67,84.31,0.3878,-1,-1,-1
207,55,1000.09,413.53,78.11,214.74,0.7012,-1,-1,-1
207,65,551.45,343.97,162.01,406.51,0.8524,-1,-1,-1
207,73,753.35,395.88,72.07,248.50,0.6938,-1,-1,-1
208,2,809.03,290.03,169.10,598.08,0.8557,-1,-1,-1
208,5,1094.43,304.06,207.61,540.33,0.8670,-1,-1,-1
208,9,404.53,394.66,143.08,358.52,0.8382,-1,-1,-1
208,20,1740.44,383.29,54.17,82.90,0.2947,-1,-1,-1
208,55,1003.33,408.83,74.95,211.99,0.7243,-1,-1,-1
208,65,546.15,335.19,161.43,414.84,0.8583,-1,-1,-1
208,73,753.73,393.73,71.52,250.43,0.6891,-1,-1,-1
209,2,807.54,291.60,169.91,597.99,0.8558,-1,-1,-1
209,5,1095.30,305.16,209.12,542.15,0.8676,-1,-1,-1
209,9,399.42,391.02,147.35,362.52,0.8249,-1,-1,-1
209,20,1745.69,383.52,51.39,80.64,0.3638,-1,-1,-1
209,55,1002.26,403.02,75.94,217.11,0.7142,-1,-1,-1
209,64,1403.42,458.69,93.67,356.93,0.1653,-1,-1,-1
209,65,536.56,336.02,174.63,420.06,0.8637,-1,-1,-1
209,73,754.40,394.21,67.52,251.84,0.6330,-1,-1,-1
210,2,804.55,294.69,172.77,597.66,0.8651,-1,-1,-1
210,5,1096.58,308.73,210.63,539.99,0.8722,-1,-1,-1
210,9,392.42,389.27,146.80,365.89,0.8245,-1,-1,-1
210,20,1723.65,383.05,72.08,83.91,0.4157,-1,-1,-1
210,55,1001.65,402.80,78.06,217.70,0.5540,-1,-1,-1
210,65,531.85,340.22,177.66,421.95,0.8483,-1,-1,-1
210,73,748.22,393.02,71.68,254.61,0.6463,-1,-1,-1
211,2,803.36,293.81,174.32,601.41,0.8698,-1,-1,-1
211,5,1096.80,309.91,210.33,545.69,0.8730,-1,-1,-1
211,9,384.47,389.41,147.70,367.11,0.8268,-1,-1,-1
211,20,1747.47,382.22,50.54,83.55,0.4568,-1,-1,-1
211,55,1003.47,418.09,74.59,203.41,0.5467,-1,-1,-1
211,65,519.83,328.50,186.96,442.86,0.8317,-1,-1,-1
211,73,745.62,394.43,71.63,257.60,0.6476,-1,-1,-1
212,2,796.99,292.05,183.78,600.54,0.8606,-1,-1,-1
212,5,1095.80,314.95,213.51,541.01,0.8650,-1,-1,-1
212,9,377.00,389.57,143.17,376.28,0.8257,-1,-1,-1
212,20,1745.61,388.57,52.71,79.31,0.2335,-1,-1,-1
212,55,999.05,404.94,79.13,218.14,0.6698,-1,-1,-1
212,65,503.47,330.96,200.83,448.85,0.8220,-1,-1,-1
212,73,742.37,395.43,74.79,258.86,0.6554,-1,-1,-1
213,2,793.33,293.35,183.16,600.32,0.8641,-1,-1,-1
213,5,1095.64,310.78,212.55,547.02,0.8614,-1,-1,-1
213,9,368.37,390.90,150.56,387.12,0.8418,-1,-1,-1
213,20,1729.61,389.89,66.67,80.28,0.2063,-1,-1,-1
213,55,995.60,402.47,82.01,222.35,0.7191,-1,-1,-1
213,65,507.63,340.75,192.25,443.38,0.8383,-1,-1,-1
213,73,740.13,396.90,70.18,263.34,0.6691,-1,-1,-1
214,2,791.01,299.01,184.71,589.66,0.8598,-1,-1,-1
214,5,1096.62,319.51,212.67,545.40,0.8705,-1,-1,-1
214,9,364.55,397.63,150.60,391.22,0.8446,-1,-1,-1
214,55,994.81,410.91,83.89,219.73,0.7424,-1,-1,-1
214,65,506.07,344.44,190.95,447.88,0.8453,-1,-1,-1
214,73,739.00,403.13,69.34,260.00,0.6707,-1,-1,-1
214,77,657.72,408.13,60.40,155.45,0.1856,-1,-1,-1
215,2,788.31,293.35,188.21,582.14,0.8647,-1,-1,-1
215,5,1101.49,312.75,208.97,555.82,0.8720,-1,-1,-1
215,9,360.44,396.82,150.13,396.73,0.8483,-1,-1,-1
215,55,994.67,406.18,85.93,222.92,0.7196,-1,-1,-1
215,65,503.51,341.25,193.45,456.11,0.8646,-1,-1,-1
215,73,738.45,401.30,68.31,259.69,0.6930,-1,-1,-1
215,77,657.15,409.37,58.93,150.14,0.2057,-1,-1,-1
216,2,786.04,291.49,192.94,588.25,0.8658,-1,-1,-1
216,5,1112.67,310.39,199.57,559.72,0.8829,-1,-1,-1
216,9,357.96,397.17,149.66,402.44,0.8473,-1,-1,-1
216,20,1763.33,397.05,49.86,76.44,0.3734,-1,-1,-1
216,55,1004.15,413.97,79.39,215.77,0.7537,-1,-1,-1
216,65,501.38,336.84,192.02,467.38,0.8716,-1,-1,-1
216,73,741.27,400.38,67.19,258.64,0.6174,-1,-1,-1
216,77,660.68,405.00,58.07,187.45,0.2581,-1,-1,-1
216,79,1413.52,397.36,117.81,436.14,0.1852,-1,-1,-1
217,2,785.88,290.33,195.11,589.64,0.8729,-1,-1,-1
217,5,1116.80,308.72,201.14,559.64,0.8826,-1,-1,-1
217,9,355.89,397.84,150.54,401.97,0.8458,-1,-1,-1
217,20,1769.56,393.77,45.45,78.40,0.3759,-1,-1,-1
217,55,1007.47,418.15,80.92,213.31,0.7733,-1,-1,-1
217,64,1417.32,519.47,121.41,315.57,0.2515,-1,-1,-1
217,65,501.37,333.06,191.41,475.03,0.8699,-1,-1,-1
217,73,743.17,398.45,67.60,266.88,0.6348,-1,-1,-1
217,77,660.96,394.38,58.28,198.34,0.3893,-1,-1,-1
217,81,1075.87,450.95,54.93,162.73,0.1882,-1,-1,-1
218,2,791.02,289.84,193.61,592.59,0.8778,-1,-1,-1
218,5,1125.32,313.39,195.99,550.85,0.8747,-1,-1,-1
218,9,353.98,397.22,157.95,409.54,0.8506,-1,-1,-1
218,20,1774.19,398.11,49.17,77.57,0.2392,-1,-1,-1
218,55,1011.29,424.51,80.01,207.04,0.7537,-1,-1,-1
218,64,1414.88,526.69,132.74,313.96,0.1804,-1,-1,-1
218,65,504.00,325.17,187.61,486.06,0.8719,-1,-1,-1
218,73,748.31,397.25,64.89,270.65,0.6760,-1,-1,-1
218,77,663.53,399.30,55.25,199.90,0.4506,-1,-1,-1
219,2,795.69,290.94,194.27,592.53,0.8758,-1,-1,-1
219,5,1131.53,313.61,196.62,546.15,0.8743,-1,-1,-1
219,9,353.22,396.74,166.06,414.67,0.8513,-1,-1,-1
219,20,1784.25,395.55,50.30,80.96,0.3203,-1,-1,-1
219,55,1016.62,419.86,81.39,216.94,0.7177,-1,-1,-1
219,64,1415.78,521.22,141.40,327.93,0.2460,-1,-1,-1
219,65,507.74,323.74,188.32,488.22,0.8767,-1,-1,-1
219,73,750.37,397.98,67.11,273.05,0.6849,-1,-1,-1
219,77,665.82,404.48,57.45,189.48,0.3609,-1,-1,-1
220,2,794.10,296.00,198.16,592.80,0.8689,-1,-1,-1
220,5,1136.36,314.59,197.10,545.19,0.8721,-1,-1,-1
220,9,353.41,395.03,168.24,416.85,0.8582,-1,-1,-1
220,20,1793.32,394.04,49.08,81.88,0.4127,-1,-1,-1
220,55,1020.61,419.02,81.16,216.96,0.7214,-1,-1,-1
220,64,1419.31,498.82,150.76,353.74,0.3657,-1,-1,-1
220,65,510.51,322.93,187.91,490.92,0.8679,-1,-1,-1
220,73,750.39,398.54,72.51,272.74,0.6737,-1,-1,-1
220,77,664.92,404.22,61.23,180.77,0.5500,-1,-1,-1
221,2,802.75,298.51,198.56,595.70,0.8592,-1,-1,-1
221,5,1145.76,314.38,199.46,546.12,0.8735,-1,-1,-1
221,9,352.03,389.56,171.47,423.74,0.8502,-1,-1,-1
221,20,1798.44,394.60,52.78,85.47,0.5038,-1,-1,-1
221,55,1026.54,423.48,80.33,214.45,0.7083,-1,-1,-1
221,64,1428.23,499.24,152.78,358.48,0.2662,-1,-1,-1
221,65,510.87,318.10,187.97,497.15,0.8651,-1,-1,-1
221,73,753.74,396.58,75.60,276.85,0.7010,-1,-1,-1
221,77,664.97,404.36,65.01,185.14,0.5276,-1,-1,-1
221,81,1101.62,446.04,60.43,180.22,0.2730,-1,-1,-1
221,85,1005.23,434.85,35.78,134.17,0.1713,-1,-1,-1
222,2,808.04,300.05,195.67,598.63,0.8558,-1,-1,-1
222,5,1155.70,318.28,192.69,545.88,0.8892,-1,-1,-1
222,9,350.81,386.51,172.91,428.26,0.8543,-1,-1,-1
222,20,1812.44,399.39,49.79,81.29,0.4792,-1,-1,-1
222,55,1022.98,423.61,88.14,216.75,0.7089,-1,-1,-1
222,64,1428.15,502.62,163.24,356.09,0.3889,-1,-1,-1
222,65,511.42,315.26,188.97,503.13,0.8732,-1,-1,-1
222,73,757.02,397.48,78.22,277.62,0.7197,-1,-1,-1
222,77,667.42,406.65,69.09,187.86,0.4985,-1,-1,-1
223,2,817.68,302.85,191.79,596.21,0.8705,-1,-1,-1
223,5,1163.32,317.43,190.10,548.12,0.8804,-1,-1,-1
223,9,347.94,385.51,175.59,430.32,0.8496,-1,-1,-1
223,20,1816.26,396.07,52.63,85.15,0.4910,-1,-1,-1
223,55,1035.40,420.59,77.33,219.54,0.7057,-1,-1,-1
223,64,1430.95,524.03,158.58,336.38,0.3405,-1,-1,-1
223,65,511.35,312.60,192.10,501.88,0.8739,-1,-1,-1
223,73,759.83,395.42,79.55,279.65,0.7195,-1,-1,-1
223,77,668.86,406.98,70.34,190.65,0.5284,-1,-1,-1
224,2,823.06,305.17,193.74,593.61,0.8795,-1,-1,-1
224,5,1169.18,311.50,188.96,556.17,0.8856,-1,-1,-1
224,9,347.42,385.04,173.53,430.85,0.8484,-1,-1,-1
224,20,1822.11,394.49,56.98,88.26,0.4404,-1,-1,-1
224,55,1038.46,418.52,80.72,219.10,0.7576,-1,-1,-1
224,64,1444.22,531.46,145.66,326.97,0.4245,-1,-1,-1
224,65,509.10,304.58,196.15,514.09,0.8760,-1,-1,-1
224,73,760.55,392.67,83.21,286.14,0.8182,-1,-1,-1
224,77,671.50,406.50,69.44,195.55,0.3953,-1,-1,-1
225,2,826.64,303.61,200.27,593.96,0.8800,-1,-1,-1
225,5,1176.09,313.78,188.91,555.17,0.8823,-1,-1,-1
225,9,347.84,384.39,168.05,434.82,0.8529,-1,-1,-1
225,20,1834.38,397.70,54.22,84.54,0.4325,-1,-1,-1
225,55,1038.72,421.37,81.84,215.10,0.7657,-1,-1,-1
225,64,1446.06,532.62,150.65,329.42,0.1669,-1,-1,-1
225,65,506.82,299.80,201.31,526.39,0.8698,-1,-1,-1
225,73,760.28,393.39,89.03,286.39,0.8136,-1,-1,-1
225,77,672.80,404.53,68.70,201.82,0.5192,-1,-1,-1
226,2,837.20,301.72,195.17,586.95,0.8723,-1,-1,-1
226,5,1179.28,313.78,187.34,558.21,0.8709,-1,-1,-1
226,9,340.54,381.74,170.31,438.21,0.8614,-1,-1,-1
226,20,1835.14,394.85,59.63,87.41,0.6277,-1,-1,-1
226,55,1038.44,422.93,82.53,212.74,0.7534,-1,-1,-1
226,64,1449.11,537.04,177.40,330.23,0.2308,-1,-1,-1
226,65,498.89,300.54,208.46,533.53,0.8709,-1,-1,-1
226,73,759.62,393.97,95.20,287.52,0.7937,-1,-1,-1
226,77,672.35,405.81,71.84,213.79,0.6413,-1,-1,-1
227,2,838.08,301.17,197.01,579.14,0.8729,-1,-1,-1
227,5,1182.59,314.79,188.42,557.98,0.8638,-1,-1,-1
227,9,333.96,378.60,171.23,449.16,0.8514,-1,-1,-1
227,20,1837.52,397.90,65.15,85.90,0.4364,-1,-1,-1
227,55,1041.08,426.95,85.72,207.91,0.7630,-1,-1,-1
227,64,1467.49,520.86,144.12,349.27,0.2073,-1,-1,-1
227,65,492.84,296.26,212.28,547.01,0.8756,-1,-1,-1
227,73,754.71,393.56,101.97,290.41,0.7849,-1,-1,-1
227,77,671.79,403.21,73.18,217.95,0.6672,-1,-1,-1
228,2,841.52,298.38,194.92,597.88,0.8663,-1,-1,-1
228,5,1184.52,315.36,187.10,563.91,0.8643,-1,-1,-1
228,9,330.45,371.34,162.19,464.12,0.8500,-1,-1,-1
228,20,1840.72,397.57,66.75,85.46,0.3649,-1,-1,-1
228,55,1043.33,420.14,85.09,213.79,0.7647,-1,-1,-1
228,64,1467.91,527.09,145.24,346.43,0.2672,-1,-1,-1
228,65,472.97,291.62,231.12,554.40,0.8740,-1,-1,-1
228,73,754.53,393.20,104.88,293.15,0.7970,-1,-1,-1
228,77,667.20,400.95,78.75,225.99,0.6449,-1,-1,-1
229,2,848.07,296.48,189.57,592.64,0.8582,-1,-1,-1
229,5,1184.02,316.22,187.28,566.19,0.8664,-1,-1,-1
229,9,321.03,368.74,162.57,474.49,0.8424,-1,-1,-1
229,20,1847.72,397.04,61.22,87.96,0.4302,-1,-1,-1
229,55,1046.67,420.44,82.82,213.18,0.7584,-1,-1,-1
229,64,1466.81,533.73,147.63,341.35,0.2927,-1,-1,-1
229,65,471.47,291.08,226.84,555.00,0.8691,-1,-1,-1
229,73,754.91,394.24,102.21,296.42,0.8021,-1,-1,-1
229,77,662.96,400.92,81.08,226.85,0.6377,-1,-1,-1
229,88,637.30,572.74,105.17,210.52,0.1829,-1,-1,-1
230,2,855.33,297.37,186.27,582.03,0.8508,-1,-1,-1
230,5,1185.39,316.51,186.49,565.12,0.8675,-1,-1,-1
230,9,307.94,371.39,175.83,482.60,0.8715,-1,-1,-1
230,20,1848.88,398.92,65.72,88.91,0.4766,-1,-1,-1
230,55,1048.52,419.20,80.18,216.07,0.7616,-1,-1,-1
230,64,1479.57,526.58,134.42,350.41,0.1959,-1,-1,-1
230,65,451.33,291.14,243.61,567.19,0.8505,-1,-1,-1
230,73,755.07,396.04,102.25,297.46,0.8072,-1,-1,-1
230,77,658.29,398.11,85.96,231.99,0.6842,-1,-1,-1
230,88,639.89,578.17,98.24,209.75,0.2562,-1,-1,-1
231,2,862.35,298.62,180.68,574.75,0.8565,-1,-1,-1
231,5,1184.80,315.74,186.73,567.18,0.8621,-1,-1,-1
231,9,293.29,376.56,178.65,481.10,0.8427,-1,-1,-1
231,20,1850.07,401.53,66.50,89.06,0.5309,-1,-1,-1
231,55,1047.69,417.22,80.58,218.42,0.7489,-1,-1,-1
231,64,1480.82,515.94,135.61,364.49,0.2620,-1,-1,-1
231,65,444.39,288.86,248.04,581.70,0.8304,-1,-1,-1
231,73,755.26,395.78,101.94,300.24,0.8175,-1,-1,-1
231,77,653.16,398.02,91.38,244.80,0.6954,-1,-1,-1
232,2,862.99,298.52,179.55,574.29,0.8506,-1,-1,-1
232,5,1182.88,316.40,186.57,570.79,0.8630,-1,-1,-1
232,9,275.14,373.15,178.55,494.30,0.8271,-1,-1,-1
232,20,1851.36,402.99,65.34,90.85,0.5305,-1,-1,-1
232,55,1044.98,422.24,79.71,214.59,0.7548,-1,-1,-1
232,64,1472.10,485.20,144.63,400.55,0.3193,-1,-1,-1
232,65,439.50,287.62,242.04,589.71,0.8565,-1,-1,-1
232,73,749.41,400.41,103.36,300.23,0.8366,-1,-1,-1
232,77,646.56,399.00,92.90,267.16,0.7756,-1,-1,-1
233,2,856.03,301.62,183.72,583.72,0.8622,-1,-1,-1
233,5,1178.80,318.59,190.27,576.88,0.8608,-1,-1,-1
233,9,253.53,370.42,193.21,510.99,0.8731,-1,-1,-1
233,20,1849.13,407.82,67.12,88.94,0.5343,-1,-1,-1
233,55,1042.34,422.13,79.63,220.08,0.7551,-1,-1,-1
233,64,1471.29,493.19,140.66,402.61,0.1861,-1,-1,-1
233,65,425.34,284.77,246.55,606.08,0.8824,-1,-1,-1
233,73,734.48,394.72,112.42,307.54,0.8283,-1,-1,-1
233,77,636.79,406.16,95.27,279.39,0.7761,-1,-1,-1
234,2,856.74,302.97,184.02,585.64,0.8706,-1,-1,-1
234,5,1173.39,322.09,194.12,574.83,0.8718,-1,-1,-1
234,9,247.75,367.86,189.08,522.60,0.8786,-1,-1,-1
234,20,1847.91,412.34,67.26,85.65,0.4860,-1,-1,-1
234,55,1036.55,426.81,80.90,217.83,0.7210,-1,-1,-1
234,64,1451.67,491.07,162.99,406.21,0.2246,-1,-1,-1
234,65,411.16,280.47,242.97,616.74,0.8914,-1,-1,-1
234,73,734.93,391.03,107.74,313.04,0.8223,-1,-1,-1
234,77,630.60,403.52,97.21,287.87,0.7799,-1,-1,-1
235,2,855.32,304.17,185.18,589.06,0.8753,-1,-1,-1
235,5,1163.03,321.10,199.37,577.13,0.8783,-1,-1,-1
235,9,232.48,363.84,189.68,534.13,0.8855,-1,-1,-1
235,20,1850.55,413.91,64.19,86.03,0.4422,-1,-1,-1
235,55,1037.22,426.92,78.75,216.85,0.7091,-1,-1,-1
235,65,394.46,272.64,248.73,626.46,0.8765,-1,-1,-1
235,73,722.68,391.41,110.91,314.71,0.8078,-1,-1,-1
235,77,624.74,404.64,94.40,290.37,0.7862,-1,-1,-1
235,88,575.62,588.18,134.35,262.28,0.3907,-1,-1,-1
236,2,856.95,307.51,181.10,589.98,0.8759,-1,-1,-1
236,5,1156.96,323.42,204.12,576.59,0.8713,-1,-1,-1
236,9,218.37,362.97,194.47,536.17,0.8439,-1,-1,-1
236,20,1850.18,415.83,65.53,85.72,0.4996,-1,-1,-1
236,55,1032.08,428.93,82.36,213.73,0.6682,-1,-1,-1
236,65,385.93,269.42,241.88,635.90,0.8693,-1,-1,-1
236,73,721.62,392.27,108.80,319.28,0.7976,-1,-1,-1
236,77,613.22,405.90,100.51,302.87,0.8304,-1,-1,-1
236,88,562.52,610.25,144.13,247.19,0.1617,-1,-1,-1
237,2,858.57,312.07,177.02,589.02,0.8779,-1,-1,-1
237,5,1153.32,325.31,208.22,569.98,0.8788,-1,-1,-1
237,9,203.61,361.20,198.81,542.48,0.8657,-1,-1,-1
237,20,1849.35,416.41,66.53,87.97,0.4972,-1,-1,-1
237,55,1035.17,427.66,76.86,219.73,0.6890,-1,-1,-1
237,65,375.93,265.91,241.96,642.22,0.8644,-1,-1,-1
237,73,708.95,393.48,118.54,322.23,0.8002,-1,-1,-1
237,77,607.08,406.42,98.57,305.10,0.7908,-1,-1,-1
237,88,556.44,591.22,137.92,270.04,0.2239,-1,-1,-1
238,2,857.83,312.96,173.91,592.73,0.8762,-1,-1,-1
238,5,1148.16,329.34,213.38,563.30,0.8779,-1,-1,-1
238,9,190.23,350.99,197.84,557.65,0.8585,-1,-1,-1
238,20,1846.66,416.59,68.72,91.35,0.5402,-1,-1,-1
238,55,1036.61,426.96,74.51,222.34,0.5316,-1,-1,-1
238,65,360.34,260.11,239.81,658.10,0.8685,-1,-1,-1
238,73,713.73,388.25,112.49,327.13,0.8137,-1,-1,-1
238,77,598.58,406.31,103.34,306.25,0.7955,-1,-1,-1
238,81,1098.02,463.71,68.35,180.97,0.2095,-1,-1,-1
239,2,856.23,318.54,173.19,590.67,0.8675,-1,-1,-1
239,5,1145.92,327.65,212.43,564.19,0.8813,-1,-1,-1
239,9,176.45,350.02,192.25,565.32,0.8870,-1,-1,-1
239,20,1847.32,418.67,66.00,91.32,0.5678,-1,-1,-1
239,55,1031.79,426.82,71.54,225.52,0.5534,-1,-1,-1
239,65,336.37,257.69,256.99,661.90,0.8634,-1,-1,-1
239,73,701.91,387.59,118.90,331.14,0.8314,-1,-1,-1
239,77,592.75,404.97,101.38,312.34,0.7619,-1,-1,-1
240,2,850.60,323.04,169.18,589.27,0.8593,-1,-1,-1
240,5,1136.13,327.04,218.53,568.54,0.8885,-1,-1,-1
240,9,152.08,345.75,205.00,575.09,0.8408,-1,-1,-1
240,20,1841.32,420.92,68.46,92.46,0.5892,-1,-1,-1
240,55,1030.97,433.81,73.43,228.29,0.5796,-1,-1,-1
240,65,306.05,252.56,284.34,670.43,0.8760,-1,-1,-1
240,73,697.85,388.03,118.74,334.64,0.8180,-1,-1,-1
240,77,588.36,407.31,100.95,313.44,0.7668,-1,-1,-1
241,2,844.16,323.28,167.83,589.42,0.8671,-1,-1,-1
241,5,1132.62,326.16,216.60,571.69,0.8760,-1,-1,-1
241,9,136.22,347.55,207.15,572.72,0.8468,-1,-1,-1
241,20,1840.37,423.75,68.61,89.51,0.4466,-1,-1,-1
241,55,1018.15,426.23,81.80,227.32,0.4955,-1,-1,-1
241,65,306.46,250.44,262.86,677.00,0.8839,-1,-1,-1
241,73,692.17,389.85,120.62,334.57,0.8164,-1,-1,-1
241,77,578.23,407.08,102.31,323.25,0.8250,-1,-1,-1
242,2,833.88,324.21,169.60,588.27,0.8507,-1,-1,-1
242,5,1130.08,328.18,215.36,570.44,0.8689,-1,-1,-1
242,9,99.21,339.95,232.23,590.76,0.8454,-1,-1,-1
242,20,1829.47,421.95,76.11,93.66,0.4448,-1,-1,-1
242,55,1012.57,423.92,78.46,232.86,0.5239,-1,-1,-1
242,64,1448.15,487.39,159.52,411.58,0.2210,-1,-1,-1
242,65,282.50,245.64,279.93,695.90,0.8873,-1,-1,-1
242,73,682.57,389.78,122.24,338.09,0.8136,-1,-1,-1
242,77,569.17,403.87,103.35,328.33,0.8339,-1,-1,-1
243,2,824.84,318.82,174.52,591.96,0.8414,-1,-1,-1
243,5,1124.75,329.64,213.41,571.70,0.8701,-1,-1,-1
243,9,82.12,338.55,231.51,597.64,0.8181,-1,-1,-1
243,20,1825.99,420.70,70.94,94.42,0.5542,-1,-1,-1
243,55,1008.02,424.72,77.98,243.48,0.5517,-1,-1,-1
243,64,1442.25,476.81,159.73,421.54,0.4183,-1,-1,-1
243,65,248.58,241.01,305.14,720.23,0.8864,-1,-1,-1
243,73,681.65,389.69,115.04,343.09,0.8146,-1,-1,-1
243,77,554.09,402.57,112.81,330.53,0.8132,-1,-1,-1
243,92,971.53,359.83,57.39,378.83,0.4441,-1,-1,-1
244,2,815.20,317.33,178.85,591.81,0.8406,-1,-1,-1
244,5,1117.72,332.50,215.81,571.28,0.8609,-1,-1,-1
244,9,64.13,336.14,231.83,628.89,0.8243,-1,-1,-1
244,20,1823.54,421.37,70.66,92.60,0.5689,-1,-1,-1
244,55,1005.21,426.10,78.88,234.80,0.6785,-1,-1,-1
244,64,1427.92,476.83,174.13,425.13,0.1614,-1,-1,-1
244,65,215.03,236.54,327.11,762.71,0.8660,-1,-1,-1
244,73,675.71,392.71,113.28,342.28,0.8389,-1,-1,-1
244,77,543.90,400.35,113.77,338.31,0.7695,-1,-1,-1
244,94,1896.25,427.52,22.83,88.17,0.2296,-1,-1,-1
245,2,802.22,316.84,185.02,586.04,0.8470,-1,-1,-1
245,5,1114.52,332.95,214.98,571.41,0.8653,-1,-1,-1
245,9,23.55,336.22,256.35,635.81,0.8571,-1,-1,-1
245,20,1821.61,421.97,68.07,92.68,0.5726,-1,-1,-1
245,55,1003.73,413.27,75.59,241.20,0.5805,-1,-1,-1
245,64,1414.93,482.87,180.09,426.22,0.2345,-1,-1,-1
245,65,202.89,236.85,328.06,748.80,0.8562,-1,-1,-1
245,73,665.75,393.60,118.42,345.82,0.8320,-1,-1,-1
245,77,532.21,398.98,114.13,345.26,0.7880,-1,-1,-1
245,92,958.70,354.99,54.94,378.63,0.2290,-1,-1,-1
245,94,1889.36,414.88,29.40,90.96,0.1803,-1,-1,-1
246,2,793.03,316.72,192.93,577.31,0.8479,-1,-1,-1
246,5,1109.70,333.32,217.89,573.50,0.8729,-1,-1,-1
246,9,13.44,334.34,243.68,643.44,0.8518,-1,-1,-1
246,20,1818.08,422.06,67.48,91.85,0.5190,-1,-1,-1
246,55,998.32,418.04,75.59,232.62,0.6130,-1,-1,-1
246,64,1410.20,483.49,177.76,428.90,0.2349,-1,-1,-1
246,65,183.39,232.95,339.51,802.61,0.8860,-1,-1,-1
246,73,653.53,392.18,122.70,353.53,0.8191,-1,-1,-1
246,77,520.72,397.41,121.53,350.36,0.8038,-1,-1,-1
246,92,956.71,375.52,56.36,354.69,0.3159,-1,-1,-1
247,2,788.91,316.68,195.56,576.22,0.8432,-1,-1,-1
247,5,1105.15,335.43,220.41,573.63,0.8729,-1,-1,-1
247,9,-1.22,336.46,245.35,656.89,0.8659,-1,-1,-1
247,20,1810.42,420.48,70.15,92.70,0.5200,-1,-1,-1
247,55,994.66,430.83,75.12,222.46,0.5118,-1,-1,-1
247,64,1409.91,492.39,177.06,425.56,0.2065,-1,-1,-1
247,65,147.28,230.25,363.28,815.02,0.8768,-1,-1,-1
247,73,646.57,393.54,126.88,355.57,0.8222,-1,-1,-1
247,77,514.10,398.41,117.32,359.68,0.7665,-1,-1,-1
247,92,952.09,393.14,58.92,338.11,0.3161,-1,-1,-1
248,2,783.53,320.19,203.07,577.13,0.8271,-1,-1,-1
248,5,1100.37,335.74,221.34,583.87,0.8767,-1,-1,-1
248,9,-3.45,335.76,232.75,678.97,0.8496,-1,-1,-1
248,20,1817.36,425.46,58.41,92.27,0.3532,-1,-1,-1
248,55,992.57,427.66,71.80,234.07,0.4318,-1,-1,-1
248,64,1408.20,487.70,171.41,431.93,0.2614,-1,-1,-1
248,65,111.39,230.17,385.82,809.62,0.8787,-1,-1,-1
248,73,640.55,397.55,124.93,358.21,0.7830,-1,-1,-1
248,77,505.68,400.08,115.12,366.78,0.8072,-1,-1,-1
248,92,946.55,388.69,60.62,354.40,0.4084,-1,-1,-1
249,2,779.60,323.11,194.19,578.84,0.8289,-1,-1,-1
249,5,1101.85,338.76,218.16,586.66,0.8777,-1,-1,-1
249,9,-0.94,354.50,202.68,686.57,0.8290,-1,-1,-1
249,20,1804.26,425.23,71.60,91.33,0.4948,-1,-1,-1
249,55,988.59,440.91,72.02,240.10,0.3216,-1,-1,-1
249,64,1409.61,481.15,170.11,437.85,0.3781,-1,-1,-1
249,65,95.95,225.84,382.11,836.84,0.8827,-1,-1,-1
249,73,631.65,395.61,131.58,368.00,0.7823,-1,-1,-1
249,77,497.19,403.76,122.85,377.05,0.7977,-1,-1,-1
249,88,351.16,684.88,191.79,269.87,0.2033,-1,-1,-1
249,92,940.81,368.04,66.98,379.79,0.5766,-1,-1,-1
250,2,775.63,321.59,196.07,584.18,0.8367,-1,-1,-1
250,5,1102.19,339.44,217.39,589.06,0.8789,-1,-1,-1
250,9,-0.92,342.77,184.77,723.62,0.8311,-1,-1,-1
250,20,1811.21,426.72,66.28,90.67,0.3852,-1,-1,-1
250,55,988.14,459.02,63.91,281.48,0.1967,-1,-1,-1
250,64,1410.46,480.18,169.90,440.76,0.2005,-1,-1,-1
250,65,81.61,221.38,382.21,848.75,0.8635,-1,-1,-1
250,73,629.01,396.13,131.39,373.14,0.8151,-1,-1,-1
250,77,493.46,407.21,120.27,379.80,0.7869,-1,-1,-1
250,92,937.74,372.95,71.60,378.28,0.5554,-1,-1,-1
251,2,774.84,326.82,195.13,586.42,0.8488,-1,-1,-1
251,5,1103.52,338.37,216.38,592.57,0.8795,-1,-1,-1
251,9,-2.50,338.92,174.27,730.93,0.8396,-1,-1,-1
251,20,1808.92,428.80,71.26,88.39,0.3631,-1,-1,-1
251,55,984.51,457.09,71.94,291.45,0.3765,-1,-1,-1
251,64,1409.95,489.85,171.33,441.77,0.1951,-1,-1,-1
251,65,74.21,216.79,372.20,856.77,0.8860,-1,-1,-1
251,73,625.70,398.63,133.79,375.93,0.8183,-1,-1,-1
251,77,486.69,413.02,126.84,380.75,0.8378,-1,-1,-1
251,92,939.51,371.74,67.29,382.73,0.4768,-1,-1,-1
252,2,774.53,329.27,190.03,591.79,0.8514,-1,-1,-1
252,5,1104.36,341.47,216.22,591.71,0.8808,-1,-1,-1
252,9,-1.50,338.45,156.56,732.71,0.8285,-1,-1,-1
252,20,1807.33,430.31,78.18,88.32,0.3201,-1,-1,-1
252,55,983.78,452.80,68.57,302.39,0.2949,-1,-1,-1
252,65,68.60,210.95,364.15,863.09,0.8900,-1,-1,-1
252,73,610.11,399.14,147.61,377.59,0.8211,-1,-1,-1
252,77,478.28,413.74,133.55,384.47,0.8337,-1,-1,-1
252,92,937.04,362.38,75.83,394.48,0.4414,-1,-1,-1
253,2,774.07,330.22,190.88,597.73,0.8522,-1,-1,-1
253,5,1109.79,340.58,213.98,595.74,0.8718,-1,-1,-1
253,9,-0.27,335.65,138.42,738.84,0.8341,-1,-1,-1
253,20,1813.61,426.63,73.05,82.07,0.3200,-1,-1,-1
253,55,953.14,435.72,99.67,321.38,0.3725,-1,-1,-1
253,65,70.37,201.82,349.02,865.66,0.9058,-1,-1,-1
253,73,602.26,397.18,153.22,378.81,0.8349,-1,-1,-1
253,77,473.07,412.84,135.83,390.02,0.8358,-1,-1,-1
253,92,933.07,370.38,79.95,386.42,0.4858,-1,-1,-1
254,2,775.05,334.43,194.30,595.68,0.8485,-1,-1,-1
254,5,1112.59,339.43,211.25,592.08,0.8701,-1,-1,-1
254,9,0.90,336.89,123.58,735.90,0.8301,-1,-1,-1
254,20,1818.46,425.16,69.82,81.36,0.3229,-1,-1,-1
254,55,944.29,393.44,110.62,369.82,0.6385,-1,-1,-1
254,65,51.82,196.83,351.77,872.15,0.9117,-1,-1,-1
254,73,603.08,399.01,153.22,380.17,0.8474,-1,-1,-1
254,77,470.63,416.66,133.94,395.82,0.8381,-1,-1,-1
254,92,931.02,378.74,76.74,375.65,0.2216,-1,-1,-1
254,98,63.03,317.21,68.51,86.11,0.2403,-1,-1,-1
255,2,777.36,339.32,200.30,593.14,0.8577,-1,-1,-1
255,5,1116.20,338.02,213.89,589.71,0.8780,-1,-1,-1
255,9,2.89,333.42,106.06,740.90,0.7581,-1,-1,-1
255,20,1821.94,424.07,74.26,89.80,0.4680,-1,-1,-1
255,64,1422.31,493.01,172.03,438.26,0.2425,-1,-1,-1
255,65,31.53,187.78,365.03,884.49,0.9113,-1,-1,-1
255,73,601.74,399.34,155.62,384.36,0.8385,-1,-1,-1
255,77,469.68,416.47,133.51,400.08,0.8356,-1,-1,-1
255,92,945.71,395.64,119.42,370.76,0.6881,-1,-1,-1
256,2,786.28,346.76,192.21,588.34,0.8656,-1,-1,-1
256,5,1121.35,341.60,215.84,583.12,0.8772,-1,-1,-1
256,9,3.28,334.24,93.36,737.81,0.6986,-1,-1,-1
256,20,1822.69,424.83,84.35,92.44,0.5427,-1,-1,-1
256,64,1431.45,561.48,169.14,366.27,0.2595,-1,-1,-1
256,65,14.57,178.28,375.14,896.60,0.9076,-1,-1,-1
256,73,596.76,401.89,163.36,388.48,0.8370,-1,-1,-1
256,77,466.71,415.55,139.07,407.25,0.8299,-1,-1,-1
256,92,949.20,396.03,126.99,372.93,0.6627,-1,-1,-1
257,2,791.19,351.97,193.64,582.46,0.8729,-1,-1,-1
257,5,1128.44,342.11,213.18,578.65,0.8827,-1,-1,-1
257,9,3.14,414.96,82.89,651.45,0.5336,-1,-1,-1
257,20,1829.51,424.96,80.74,92.85,0.3605,-1,-1,-1
257,65,7.19,180.22,372.73,887.71,0.9079,-1,-1,-1
257,73,595.98,400.90,162.32,397.44,0.8287,-1,-1,-1
257,77,464.97,415.76,140.70,411.86,0.8248,-1,-1,-1
257,92,948.61,388.10,65.06,380.04,0.2201,-1,-1,-1
258,2,797.65,349.69,190.01,585.09,0.8653,-1,-1,-1
258,5,1134.66,340.42,211.13,580.76,0.8779,-1,-1,-1
258,9,5.90,439.62,64.76,616.20,0.2414,-1,-1,-1
258,20,1826.49,421.25,87.41,95.90,0.4450,-1,-1,-1
258,64,1452.43,488.58,141.87,429.90,0.2204,-1,-1,-1
258,65,1.12,174.18,373.51,893.38,0.9188,-1,-1,-1
258,73,593.43,400.75,164.27,405.90,0.8379,-1,-1,-1
258,77,464.43,412.75,136.87,414.56,0.8284,-1,-1,-1
258,92,957.06,427.05,67.72,341.42,0.2463,-1,-1,-1
258,100,961.02,439.55,125.96,330.77,0.5075,-1,-1,-1
259,2,800.36,350.25,191.00,587.72,0.8706,-1,-1,-1
259,5,1139.12,340.36,208.81,581.38,0.8941,-1,-1,-1
259,20,1849.77,421.53,68.82,94.02,0.4211,-1,-1,-1
259,65,-0.69,168.59,371.72,899.56,0.9226,-1,-1,-1
259,73,586.35,405.30,171.03,401.52,0.8502,-1,-1,-1
259,77,458.90,409.75,136.77,414.37,0.8335,-1,-1,-1
259,100,963.36,427.17,125.27,343.91,0.5833,-1,-1,-1
259,101,781.03,464.16,38.42,161.02,0.2778,-1,-1,-1
260,2,804.94,347.14,191.70,589.23,0.8494,-1,-1,-1
260,5,1145.60,339.76,205.30,588.59,0.8951,-1,-1,-1
260,20,1852.12,423.33,67.32,93.71,0.3702,-1,-1,-1
260,65,-0.57,159.07,366.23,910.89,0.9305,-1,-1,-1
260,73,583.71,410.13,174.34,400.78,0.8419,-1,-1,-1
260,77,452.20,407.54,142.74,420.89,0.8232,-1,-1,-1
260,92,966.25,425.91,62.72,338.90,0.1601,-1,-1,-1
260,100,978.53,429.97,115.57,338.82,0.5965,-1,-1,-1
260,101,784.39,459.67,53.15,188.37,0.3484,-1,-1,-1
261,2,817.25,343.22,183.28,574.51,0.8504,-1,-1,-1
261,5,1148.24,340.28,204.26,589.53,0.9040,-1,-1,-1
261,20,1853.26,424.04,66.08,94.68,0.4212,-1,-1,-1
261,65,-0.41,150.32,358.93,921.77,0.9335,-1,-1,-1
261,73,585.86,411.54,169.40,405.21,0.8240,-1,-1,-1
261,77,449.34,404.14,143.89,424.19,0.8189,-1,-1,-1
261,92,967.53,420.71,61.65,347.70,0.1814,-1,-1,-1
261,100,975.42,430.77,120.80,341.48,0.6770,-1,-1,-1
261,101,784.30,454.78,56.49,204.60,0.5739,-1,-1,-1
262,2,822.30,341.18,181.01,568.14,0.8613,-1,-1,-1
262,5,1151.69,339.44,203.65,591.23,0.9055,-1,-1,-1
262,20,1860.49,422.97,58.86,95.23,0.4719,-1,-1,-1
262,65,-0.23,142.63,348.78,930.36,0.9329,-1,-1,-1
262,73,592.85,411.50,157.14,408.69,0.7858,-1,-1,-1
262,77,445.25,403.67,143.41,433.06,0.8469,-1,-1,-1
262,92,970.37,416.38,58.50,352.80,0.2088,-1,-1,-1
262,100,976.80,428.82,123.53,343.89,0.6592,-1,-1,-1
262,101,783.79,454.80,58.62,208.80,0.5750,-1,-1,-1
263,2,826.78,340.75,175.44,565.12,0.8486,-1,-1,-1
263,5,1155.93,336.99,202.66,594.31,0.9054,-1,-1,-1
263,20,1864.09,423.29,55.42,94.06,0.3700,-1,-1,-1
263,65,-0.02,128.97,336.40,943.10,0.9311,-1,-1,-1
263,73,589.93,407.58,152.58,419.46,0.7206,-1,-1,-1
263,77,439.58,400.46,143.91,440.69,0.8475,-1,-1,-1
263,92,972.89,414.07,59.83,355.08,0.1773,-1,-1,-1
263,100,983.59,426.14,122.37,346.46,0.6667,-1,-1,-1
263,101,784.20,451.09,61.02,213.05,0.5980,-1,-1,-1
264,2,825.60,339.46,176.71,564.59,0.8374,-1,-1,-1
264,5,1158.30,335.58,202.95,596.16,0.8980,-1,-1,-1
264,20,1866.03,421.73,53.30,95.34,0.3456,-1,-1,-1
264,65,0.27,122.84,322.56,946.82,0.9194,-1,-1,-1
264,73,586.17,403.18,151.67,425.99,0.7770,-1,-1,-1
264,77,424.96,394.53,158.60,456.52,0.8478,-1,-1,-1
264,81,1105.16,472.38,58.11,199.59,0.2415,-1,-1,-1
264,92,973.67,395.77,61.71,371.93,0.2569,-1,-1,-1
264,100,983.68,420.38,131.79,353.14,0.6257,-1,-1,-1
264,101,787.15,448.43,58.91,217.23,0.6370,-1,-1,-1
264,104,728.70,476.68,36.00,137.94,0.1982,-1,-1,-1
265,2,829.50,328.93,169.80,569.74,0.8408,-1,-1,-1
265,5,1159.27,333.74,203.73,598.56,0.8974,-1,-1,-1
265,20,1867.57,420.07,51.85,95.40,0.3895,-1,-1,-1
265,65,0.86,114.11,303.71,953.49,0.8954,-1,-1,-1
265,73,583.62,395.87,145.97,423.69,0.7816,-1,-1,-1
265,77,413.39,394.79,164.72,455.55,0.8462,-1,-1,-1
265,92,974.87,385.41,55.78,380.99,0.2275,-1,-1,-1
265,100,997.41,413.39,125.19,357.15,0.7827,-1,-1,-1
265,101,786.56,444.90,62.24,229.47,0.6941,-1,-1,-1
265,104,725.32,474.11,38.04,137.19,0.2491,-1,-1,-1
266,2,832.47,323.85,168.69,578.19,0.8497,-1,-1,-1
266,5,1160.42,331.32,203.41,601.87,0.8979,-1,-1,-1
266,20,1877.25,419.45,42.19,95.65,0.4609,-1,-1,-1
266,65,2.42,119.40,280.14,941.10,0.8286,-1,-1,-1
266,73,574.81,389.11,151.31,428.22,0.7630,-1,-1,-1
266,77,405.51,397.27,159.06,455.08,0.8268,-1,-1,-1
266,100,997.08,407.99,140.00,359.98,0.7655,-1,-1,-1
266,101,785.64,443.58,65.78,230.13,0.7521,-1,-1,-1
266,104,722.82,469.18,40.10,143.49,0.3709,-1,-1,-1
267,2,836.98,323.45,164.94,579.14,0.8446,-1,-1,-1
267,5,1162.49,330.10,203.33,603.56,0.8949,-1,-1,-1
267,20,1882.15,418.47,37.33,94.98,0.4955,-1,-1,-1
267,65,3.30,234.96,251.79,817.44,0.8171,-1,-1,-1
267,73,544.62,379.07,179.36,446.12,0.8277,-1,-1,-1
267,77,404.36,389.76,152.22,465.74,0.8336,-1,-1,-1
267,92,974.22,371.20,59.87,394.38,0.1603,-1,-1,-1
267,100,1008.16,405.43,130.88,359.68,0.7737,-1,-1,-1
267,101,786.21,442.53,67.93,234.87,0.7600,-1,-1,-1
267,104,721.92,467.29,41.42,142.25,0.3123,-1,-1,-1
268,2,843.94,324.54,155.52,579.87,0.8442,-1,-1,-1
268,5,1163.01,327.51,203.42,604.91,0.8972,-1,-1,-1
268,20,1883.26,416.18,36.12,95.72,0.4835,-1,-1,-1
268,65,4.63,239.94,209.07,751.12,0.8353,-1,-1,-1
268,73,552.37,373.85,168.00,453.01,0.8370,-1,-1,-1
268,77,402.03,389.80,153.38,469.27,0.8433,-1,-1,-1
268,100,1011.38,403.59,129.99,362.85,0.8042,-1,-1,-1
268,101,785.07,441.13,71.72,235.96,0.7915,-1,-1,-1
268,104,721.16,466.71,41.13,141.47,0.3164,-1,-1,-1
269,2,847.61,325.24,150.71,579.62,0.8450,-1,-1,-1
269,5,1162.38,324.32,204.55,613.73,0.8881,-1,-1,-1
269,20,1884.56,412.85,34.73,98.74,0.4474,-1,-1,-1
269,65,2.42,223.17,181.97,819.27,0.8200,-1,-1,-1
269,73,548.49,362.62,166.62,464.02,0.8328,-1,-1,-1
269,77,394.01,379.28,156.08,482.86,0.8694,-1,-1,-1
269,100,1003.08,400.54,142.28,371.72,0.7288,-1,-1,-1
269,101,784.60,438.21,70.94,235.44,0.7754,-1,-1,-1
269,104,718.65,464.27,40.79,142.28,0.2121,-1,-1,-1
270,2,831.28,319.78,167.96,582.73,0.8141,-1,-1,-1
270,5,1161.22,317.42,203.52,615.84,0.8816,-1,-1,-1
270,20,1887.62,410.16,31.71,100.57,0.3728,-1,-1,-1
270,65,-1.79,231.75,161.92,541.53,0.6249,-1,-1,-1
270,73,543.36,350.94,171.48,473.51,0.8375,-1,-1,-1
270,77,384.35,369.64,164.38,489.80,0.8766,-1,-1,-1
270,100,1002.94,396.21,146.90,373.69,0.6472,-1,-1,-1
270,101,782.59,434.11,71.60,232.61,0.7525,-1,-1,-1
270,104,717.85,461.73,39.77,144.61,0.1894,-1,-1,-1
271,2,833.57,320.75,163.53,578.72,0.7977,-1,-1,-1
271,5,1160.82,316.06,202.70,610.79,0.8908,-1,-1,-1
271,20,1891.14,404.82,28.18,103.86,0.3231,-1,-1,-1
271,65,2.21,221.25,125.38,569.09,0.3898,-1,-1,-1
271,73,536.18,347.55,175.58,474.75,0.8424,-1,-1,-1
271,77,374.42,364.36,170.93,494.77,0.8746,-1,-1,-1
271,100,1010.59,396.07,137.74,374.20,0.7642,-1,-1,-1
271,101,780.62,430.11,71.73,232.25,0.7635,-1,-1,-1
272,2,839.86,318.21,148.03,576.36,0.8412,-1,-1,-1
272,5,1159.18,309.18,200.33,610.05,0.8950,-1,-1,-1
272,20,1887.10,404.01,32.26,101.50,0.3462,-1,-1,-1
272,65,-0.28,238.89,98.60,566.76,0.3128,-1,-1,-1
272,73,530.37,344.70,174.55,477.10,0.8569,-1,-1,-1
272,77,355.94,350.96,171.33,508.15,0.8717,-1,-1,-1
272,88,0.69,692.75,269.85,386.16,0.1894,-1,-1,-1
272,92,962.27,361.17,72.32,398.21,0.3961,-1,-1,-1
272,100,1009.78,393.72,137.99,372.40,0.7926,-1,-1,-1
272,101,776.07,425.34,71.90,227.89,0.7937,-1,-1,-1
272,104,710.26,457.94,41.40,135.65,0.3518,-1,-1,-1
273,2,830.36,317.42,154.74,571.02,0.8364,-1,-1,-1
273,5,1154.65,304.69,201.15,609.29,0.8990,-1,-1,-1
273,20,1882.09,396.75,37.13,104.13,0.4471,-1,-1,-1
273,73,524.28,339.79,171.87,478.71,0.8672,-1,-1,-1
273,77,341.31,342.92,169.82,513.05,0.8813,-1,-1,-1
273,88,3.23,625.69,232.76,443.95,0.1661,-1,-1,-1
273,92,961.26,358.96,66.99,398.43,0.3833,-1,-1,-1
273,100,1007.57,391.59,138.23,374.53,0.7920,-1,-1,-1
273,101,768.08,418.81,74.52,228.04,0.7433,-1,-1,-1
273,104,703.29,449.14,44.39,138.96,0.3976,-1,-1,-1
274,2,825.58,306.43,155.12,577.82,0.8527,-1,-1,-1
274,5,1149.95,301.42,204.05,604.24,0.8960,-1,-1,-1
274,20,1879.96,390.76,39.30,107.50,0.4785,-1,-1,-1
274,73,518.34,334.63,181.62,489.77,0.8622,-1,-1,-1
274,77,330.96,333.23,166.41,518.07,0.8715,-1,-1,-1
274,88,-8.90,673.48,230.13,405.50,0.3204,-1,-1,-1
274,100,998.35,387.01,146.62,378.41,0.7946,-1,-1,-1
274,101,765.77,413.16,71.07,241.37,0.7063,-1,-1,-1
274,104,699.84,443.88,42.02,139.54,0.4369,-1,-1,-1
275,2,812.02,301.13,168.94,575.25,0.8576,-1,-1,-1
275,5,1138.84,293.89,212.52,599.49,0.8893,-1,-1,-1
275,20,1872.29,393.82,47.30,102.49,0.4593,-1,-1,-1
275,73,507.10,325.90,187.01,497.35,0.8632,-1,-1,-1
275,77,316.38,321.58,177.13,524.81,0.8605,-1,-1,-1
275,88,-1.87,658.37,193.35,421.09,0.5229,-1,-1,-1
275,92,945.79,323.69,58.45,419.81,0.2578,-1,-1,-1
275,100,987.29,380.35,154.87,382.09,0.8149,-1,-1,-1
275,101,759.16,402.96,71.42,252.08,0.6669,-1,-1,-1
275,104,694.00,439.17,41.55,137.33,0.1576,-1,-1,-1
276,2,804.54,288.13,165.16,582.55,0.8373,-1,-1,-1
276,5,1135.60,288.71,213.77,594.54,0.8897,-1,-1,-1
276,20,1871.11,391.31,48.24,100.88,0.3640,-1,-1,-1
276,73,498.46,317.94,187.70,506.96,0.8687,-1,-1,-1
276,77,299.20,316.84,182.51,531.52,0.8752,-1,-1,-1
276,92,941.51,324.15,61.19,415.99,0.4684,-1,-1,-1
276,100,980.92,372.83,155.86,387.91,0.8281,-1,-1,-1
276,101,752.37,398.33,69.08,253.17,0.6736,-1,-1,-1
277,2,797.07,282.25,165.16,567.26,0.8437,-1,-1,-1
277,5,1130.31,280.57,215.98,595.30,0.8845,-1,-1,-1
277,20,1868.89,385.45,50.65,98.37,0.3489,-1,-1,-1
277,73,488.86,304.24,188.21,509.68,0.8560,-1,-1,-1
277,77,288.71,302.62,176.80,548.90,0.8827,-1,-1,-1
277,92,939.90,326.03,66.56,412.95,0.4966,-1,-1,-1
277,100,993.05,366.14,140.19,394.90,0.7624,-1,-1,-1
277,101,743.78,391.70,68.44,248.87,0.6604,-1,-1,-1
277,104,680.64,423.44,39.86,140.96,0.1958,-1,-1,-1
278,2,785.98,277.77,168.56,561.31,0.8569,-1,-1,-1
278,5,1125.25,274.88,214.70,596.45,0.8727,-1,-1,-1
278,20,1864.44,380.46,55.00,97.39,0.3470,-1,-1,-1
278,73,481.24,298.08,182.79,527.20,0.8638,-1,-1,-1
278,77,273.93,301.24,175.77,554.51,0.8580,-1,-1,-1
278,92,936.95,343.36,90.97,385.35,0.4636,-1,-1,-1
278,100,977.14,354.56,154.34,399.95,0.7668,-1,-1,-1
278,101,740.58,387.22,63.86,239.29,0.6279,-1,-1,-1
278,104,672.87,419.98,44.28,135.72,0.3199,-1,-1,-1
279,2,775.65,268.82,176.87,563.29,0.8395,-1,-1,-1
279,5,1121.84,266.33,217.56,597.16,0.8720,-1,-1,-1
279,20,1862.74,374.96,56.57,98.13,0.4451,-1,-1,-1
279,73,473.14,294.27,183.93,531.96,0.8795,-1,-1,-1
279,77,257.57,293.74,188.08,569.25,0.8752,-1,-1,-1
279,92,926.33,307.06,72.33,405.94,0.6027,-1,-1,-1
279,100,976.09,345.31,153.87,402.97,0.7952,-1,-1,-1
279,101,732.84,376.40,66.68,242.21,0.6396,-1,-1,-1
280,2,773.77,260.00,173.03,562.14,0.8438,-1,-1,-1
280,5,1117.79,256.47,220.22,602.27,0.8698,-1,-1,-1
280,20,1862.75,370.44,56.73,96.42,0.4177,-1,-1,-1
280,73,469.50,281.21,183.25,545.49,0.8743,-1,-1,-1
280,77,246.21,278.01,188.14,582.09,0.8672,-1,-1,-1
280,92,925.79,299.41,75.76,408.58,0.4256,-1,-1,-1
280,100,981.90,334.48,147.78,407.62,0.7760,-1,-1,-1
280,101,730.13,370.74,65.84,246.44,0.6940,-1,-1,-1
280,104,669.55,404.64,40.29,139.49,0.3004,-1,-1,-1
281,2,775.28,250.65,174.32,555.82,0.8457,-1,-1,-1
281,5,1120.45,250.38,218.15,600.76,0.8826,-1,-1,-1
281,20,1866.44,363.18,52.96,96.07,0.4058,-1,-1,-1
281,73,464.00,271.40,187.84,554.50,0.8879,-1,-1,-1
281,77,234.18,270.87,199.82,590.44,0.8718,-1,-1,-1
281,92,923.06,279.20,82.50,420.12,0.5983,-1,-1,-1
281,100,983.08,319.53,148.13,419.83,0.7977,-1,-1,-1
281,101,729.01,366.29,61.36,236.49,0.6315,-1,-1,-1
281,104,665.93,395.65,42.27,144.65,0.2773,-1,-1,-1
282,2,762.62,236.85,187.34,570.65,0.8526,-1,-1,-1
282,5,1117.08,239.67,219.84,606.75,0.8780,-1,-1,-1
282,20,1870.44,354.25,48.80,98.87,0.3791,-1,-1,-1
282,73,459.11,245.65,193.22,572.20,0.8814,-1,-1,-1
282,77,225.88,250.66,205.31,600.15,0.8822,-1,-1,-1
282,92,919.56,269.89,77.99,414.04,0.4660,-1,-1,-1
282,100,986.03,306.78,144.65,422.41,0.7765,-1,-1,-1
282,101,727.41,353.69,62.59,242.62,0.6144,-1,-1,-1
282,104,662.09,385.09,40.86,149.48,0.3093,-1,-1,-1
283,2,761.81,230.52,188.88,569.15,0.8251,-1,-1,-1
283,5,1118.90,228.52,221.85,608.19,0.8835,-1,-1,-1
283,20,1870.47,344.79,48.79,101.61,0.4188,-1,-1,-1
283,73,452.52,228.74,199.17,576.30,0.8752,-1,-1,-1
283,77,212.30,237.96,214.30,610.55,0.8725,-1,-1,-1
283,92,919.91,261.69,74.08,414.78,0.5129,-1,-1,-1
283,100,984.56,298.09,147.63,429.78,0.7849,-1,-1,-1
283,101,726.17,345.93,62.35,251.69,0.6334,-1,-1,-1
283,104,663.15,377.22,38.12,142.75,0.3382,-1,-1,-1
284,2,763.85,222.96,189.14,568.96,0.8259,-1,-1,-1
284,5,1121.23,220.71,222.69,615.91,0.8839,-1,-1,-1
284,20,1873.30,325.68,45.54,110.63,0.2892,-1,-1,-1
284,73,442.13,220.70,210.75,573.46,0.8762,-1,-1,-1
284,77,204.36,225.83,217.51,630.06,0.8724,-1,-1,-1
284,92,919.21,254.54,73.24,418.29,0.5797,-1,-1,-1
284,100,977.32,288.61,161.48,435.73,0.7927,-1,-1,-1
284,101,724.70,341.60,64.38,245.52,0.6225,-1,-1,-1
284,104,663.76,371.01,38.77,143.89,0.2285,-1,-1,-1
285,2,767.82,215.22,184.75,573.80,0.8507,-1,-1,-1
285,5,1122.50,212.85,225.11,619.82,0.8896,-1,-1,-1
285,20,1878.00,317.06,41.37,113.37,0.3189,-1,-1,-1
285,73,435.28,207.30,218.75,591.02,0.8824,-1,-1,-1
285,77,194.10,213.01,222.91,635.64,0.8812,-1,-1,-1
285,92,922.27,247.83,71.50,420.17,0.3687,-1,-1,-1
285,100,980.59,282.40,162.17,439.60,0.7203,-1,-1,-1
285,101,725.73,332.92,65.45,251.22,0.6390,-1,-1,-1
285,104,664.67,364.14,38.19,139.81,0.4327,-1,-1,-1
286,2,772.44,210.37,182.48,573.48,0.8568,-1,-1,-1
286,5,1125.19,206.26,225.03,623.69,0.8911,-1,-1,-1
286,73,434.77,190.93,219.47,597.37,0.8979,-1,-1,-1
286,77,181.07,199.97,225.44,645.84,0.8707,-1,-1,-1
286,92,921.19,236.97,74.92,425.15,0.4830,-1,-1,-1
286,100,971.85,273.21,180.02,456.31,0.7837,-1,-1,-1
286,101,724.55,323.50,69.10,253.68,0.6677,-1,-1,-1
286,104,666.41,360.73,37.58,144.53,0.4488,-1,-1,-1
287,2,779.43,203.91,175.53,573.81,0.8647,-1,-1,-1
287,5,1125.07,201.72,233.34,619.28,0.8857,-1,-1,-1
287,73,432.77,178.31,221.67,607.25,0.9016,-1,-1,-1
287,77,173.08,186.43,227.45,654.16,0.8775,-1,-1,-1
287,92,922.27,231.84,80.06,422.28,0.5885,-1,-1,-1
287,100,975.07,261.55,184.45,458.59,0.7533,-1,-1,-1
287,101,726.19,313.00,72.83,260.49,0.7258,-1,-1,-1
287,104,671.22,349.25,34.42,148.62,0.3289,-1,-1,-1
288,2,778.57,200.60,180.93,569.43,0.8556,-1,-1,-1
288,5,1141.09,191.97,226.01,624.68,0.8752,-1,-1,-1
288,73,431.01,166.52,222.95,619.48,0.8976,-1,-1,-1
288,77,168.18,177.68,226.41,660.19,0.8818,-1,-1,-1
288,92,919.73,226.86,83.83,414.19,0.4567,-1,-1,-1
288,100,983.68,258.25,184.37,462.36,0.6630,-1,-1,-1
288,101,730.92,304.27,70.33,261.06,0.7732,-1,-1,-1
288,104,672.54,340.39,40.47,151.78,0.4712,-1,-1,-1
289,2,782.33,189.84,186.79,569.11,0.8415,-1,-1,-1
289,5,1147.38,184.63,230.00,627.50,0.8707,-1,-1,-1
289,73,419.75,161.47,236.79,636.05,0.9003,-1,-1,-1
289,77,153.57,161.70,233.88,674.70,0.8986,-1,-1,-1
289,92,928.41,224.11,74.67,402.64,0.5384,-1,-1,-1
289,100,1003.61,255.25,168.45,467.04,0.6426,-1,-1,-1
289,101,731.85,298.13,73.99,268.85,0.7493,-1,-1,-1
289,104,678.77,334.02,39.52,152.49,0.3456,-1,-1,-1
290,2,789.44,189.05,191.01,570.27,0.8398,-1,-1,-1
290,5,1160.49,183.17,222.35,623.58,0.8730,-1,-1,-1
290,73,415.14,154.14,242.91,654.76,0.9079,-1,-1,-1
290,77,148.75,148.79,231.55,687.29,0.9040,-1,-1,-1
290,92,940.00,225.50,97.06,407.47,0.4251,-1,-1,-1
290,100,1025.62,246.17,154.97,480.75,0.7883,-1,-1,-1
290,101,734.70,295.80,74.38,266.33,0.7426,-1,-1,-1
290,104,685.03,332.64,40.95,153.39,0.4209,-1,-1,-1
291,2,798.39,185.00,182.72,565.19,0.8220,-1,-1,-1
291,5,1175.56,179.57,214.01,621.08,0.8647,-1,-1,-1
291,73,408.73,151.94,251.36,659.19,0.9073,-1,-1,-1
291,77,136.54,140.73,239.29,696.28,0.9063,-1,-1,-1
291,92,944.35,216.48,90.54,410.94,0.3587,-1,-1,-1
291,100,1029.63,239.08,160.67,490.72,0.7916,-1,-1,-1
291,101,738.58,288.45,76.65,268.30,0.7268,-1,-1,-1
291,104,689.13,321.94,36.72,156.98,0.2128,-1,-1,-1
292,2,798.18,181.25,188.34,558.91,0.8270,-1,-1,-1
292,5,1183.31,172.60,216.09,616.25,0.8786,-1,-1,-1
292,73,404.68,150.83,257.57,671.80,0.9079,-1,-1,-1
292,77,129.86,135.36,233.99,711.43,0.9045,-1,-1,-1
292,92,950.48,209.61,89.26,418.09,0.3743,-1,-1,-1
292,100,1032.92,232.89,166.98,490.95,0.8034,-1,-1,-1
292,101,740.11,282.80,81.17,272.52,0.7391,-1,-1,-1
292,104,694.80,318.57,34.90,155.29,0.1962,-1,-1,-1
293,2,810.21,175.45,182.49,552.77,0.8409,-1,-1,-1
293,5,1192.31,170.71,213.29,608.30,0.8881,-1,-1,-1
293,73,399.45,146.80,259.56,689.60,0.9056,-1,-1,-1
293,77,109.76,134.62,247.53,736.01,0.8792,-1,-1,-1
293,92,961.48,201.28,92.35,415.49,0.6730,-1,-1,-1
293,100,1036.95,230.16,179.31,496.11,0.8317,-1,-1,-1
293,101,744.77,278.57,84.12,273.97,0.7455,-1,-1,-1
293,104,699.38,314.50,33.44,158.03,0.2201,-1,-1,-1
294,2,820.09,172.80,177.36,553.21,0.8244,-1,-1,-1
294,5,1209.40,170.46,207.34,610.87,0.8750,-1,-1,-1
294,73,397.52,145.27,259.91,701.85,0.9052,-1,-1,-1
294,77,77.76,134.41,274.94,757.31,0.8918,-1,-1,-1
294,92,964.92,200.38,98.12,430.84,0.7181,-1,-1,-1
294,100,1045.66,226.67,180.17,498.87,0.8485,-1,-1,-1
294,101,750.61,279.06,88.02,273.73,0.7558,-1,-1,-1
294,104,709.74,316.03,34.38,155.08,0.2435,-1,-1,-1
295,2,828.43,182.35,179.54,550.03,0.8309,-1,-1,-1
295,5,1225.07,171.79,199.10,614.74,0.8754,-1,-1,-1
295,73,393.57,141.64,264.66,733.01,0.9059,-1,-1,-1
295,77,56.86,133.57,290.45,765.88,0.8911,-1,-1,-1
295,92,971.80,201.98,87.35,431.46,0.6361,-1,-1,-1
295,100,1052.84,220.36,184.20,512.96,0.8543,-1,-1,-1
295,101,757.04,278.67,87.11,273.76,0.7881,-1,-1,-1
295,104,715.90,313.07,32.72,157.08,0.2369,-1,-1,-1
296,2,839.04,175.98,171.89,556.08,0.8433,-1,-1,-1
296,5,1236.34,173.17,195.71,617.58,0.8674,-1,-1,-1
296,73,387.83,136.28,273.23,749.05,0.9057,-1,-1,-1
296,77,33.29,132.08,304.28,780.48,0.8951,-1,-1,-1
296,92,973.55,200.59,96.61,429.03,0.6052,-1,-1,-1
296,100,1061.41,209.59,183.84,536.00,0.8660,-1,-1,-1
296,101,760.03,277.24,92.91,279.06,0.7947,-1,-1,-1
296,107,1480.94,426.14,144.16,365.56,0.3371,-1,-1,-1
297,2,852.26,177.79,160.21,556.96,0.8245,-1,-1,-1
297,5,1250.75,172.33,192.12,627.02,0.8730,-1,-1,-1
297,73,379.66,129.88,277.83,760.14,0.9119,-1,-1,-1
297,77,28.14,127.45,302.75,802.33,0.8989,-1,-1,-1
297,92,978.95,208.44,115.20,411.14,0.6941,-1,-1,-1
297,100,1070.61,207.28,194.15,540.00,0.8553,-1,-1,-1
297,101,768.57,276.45,88.85,278.11,0.7939,-1,-1,-1
297,104,730.98,315.70,36.36,151.24,0.1706,-1,-1,-1
297,107,1501.66,429.39,134.21,366.04,0.2813,-1,-1,-1
298,2,856.79,180.15,163.90,556.47,0.8206,-1,-1,-1
298,5,1261.72,171.82,188.24,631.43,0.8677,-1,-1,-1
298,73,374.28,117.85,281.21,777.98,0.9053,-1,-1,-1
298,77,27.17,124.49,297.42,817.65,0.9005,-1,-1,-1
298,92,985.99,214.95,102.97,418.03,0.6948,-1,-1,-1
298,100,1077.38,204.24,195.83,547.20,0.8599,-1,-1,-1
298,101,773.37,278.70,89.10,273.16,0.8045,-1,-1,-1
298,104,734.61,311.86,34.97,146.46,0.1920,-1,-1,-1
298,107,1511.99,429.77,142.39,367.59,0.1952,-1,-1,-1
299,2,866.51,181.25,155.92,555.93,0.8387,-1,-1,-1
299,5,1263.06,168.70,191.29,637.11,0.8646,-1,-1,-1
299,73,366.39,104.96,284.27,796.55,0.9068,-1,-1,-1
299,77,19.73,112.17,301.50,848.23,0.8970,-1,-1,-1
299,92,991.71,202.99,97.75,429.04,0.6907,-1,-1,-1
299,100,1077.14,204.41,208.56,552.67,0.8722,-1,-1,-1
299,101,778.59,277.77,90.98,279.39,0.7910,-1,-1,-1
300,2,867.58,184.45,156.16,559.54,0.8310,-1,-1,-1
300,5,1256.48,168.79,205.14,640.68,0.8551,-1,-1,-1
300,73,351.47,95.48,298.67,811.40,0.9089,-1,-1,-1
300,77,8.68,105.58,309.07,876.72,0.8944,-1,-1,-1
300,92,998.36,201.23,96.32,426.87,0.7348,-1,-1,-1
300,100,1084.80,201.71,214.47,570.76,0.8649,-1,-1,-1
300,101,781.49,276.94,94.72,279.61,0.7583,-1,-1,-1
301,2,871.86,182.25,154.32,559.45,0.8478,-1,-1,-1
301,5,1251.76,166.29,216.57,649.42,0.8450,-1,-1,-1
301,73,339.27,80.53,306.98,832.43,0.9148,-1,-1,-1
301,77,0.19,95.75,307.82,893.16,0.9059,-1,-1,-1
301,92,1004.84,201.97,105.38,424.55,0.7597,-1,-1,-1
301,100,1089.42,200.80,217.02,585.77,0.8559,-1,-1,-1
301,101,783.26,277.14,95.72,278.73,0.7724,-1,-1,-1
302,2,875.59,184.18,152.50,558.97,0.8383,-1,-1,-1
302,5,1261.52,170.04,209.31,649.10,0.8348,-1,-1,-1
302,73,323.29,73.09,319.04,842.47,0.8993,-1,-1,-1
302,77,-0.52,81.19,291.34,917.41,0.8998,-1,-1,-1
302,92,1008.21,201.06,99.30,426.42,0.7577,-1,-1,-1
302,100,1096.69,198.92,213.74,581.97,0.8604,-1,-1,-1
302,101,781.79,277.29,98.85,280.58,0.7846,-1,-1,-1
303,2,879.15,184.26,148.19,558.01,0.8484,-1,-1,-1
303,5,1265.08,171.89,205.50,649.66,0.8212,-1,-1,-1
303,73,310.87,56.76,327.28,862.97,0.9049,-1,-1,-1
303,77,-0.65,60.22,275.25,945.45,0.9198,-1,-1,-1
303,92,1010.14,202.43,94.45,426.36,0.7708,-1,-1,-1
303,100,1105.05,199.75,204.98,582.13,0.8428,-1,-1,-1
303,101,781.99,277.49,99.79,280.75,0.7897,-1,-1,-1
304,2,873.76,183.32,150.91,562.07,0.8533,-1,-1,-1
304,5,1273.32,171.06,197.17,652.59,0.8165,-1,-1,-1
304,73,298.24,55.39,336.10,872.84,0.9152,-1,-1,-1
304,77,0.73,45.34,243.22,963.17,0.9049,-1,-1,-1
304,92,1010.44,207.19,96.46,422.16,0.7776,-1,-1,-1
304,100,1105.22,197.00,204.55,614.07,0.8116,-1,-1,-1
304,101,784.87,278.33,95.38,280.32,0.7870,-1,-1,-1
305,2,866.34,186.83,156.04,565.39,0.8580,-1,-1,-1
305,5,1280.69,170.15,189.15,655.26,0.8163,-1,-1,-1
305,73,291.14,46.32,338.99,920.72,0.9231,-1,-1,-1
305,77,0.91,33.90,213.24,980.96,0.8993,-1,-1,-1
305,92,1009.95,211.17,96.15,419.18,0.7815,-1,-1,-1
305,100,1104.87,197.66,207.32,622.36,0.8292,-1,-1,-1
305,101,783.80,279.29,95.28,281.07,0.7709,-1,-1,-1
306,2,859.00,185.25,161.35,563.88,0.8562,-1,-1,-1
306,5,1282.95,169.97,185.96,651.09,0.8279,-1,-1,-1
306,73,272.22,44.76,351.37,953.19,0.9220,-1,-1,-1
306,77,-1.36,32.27,195.84,1000.49,0.9011,-1,-1,-1
306,92,1008.69,208.89,96.71,423.53,0.7769,-1,-1,-1
306,100,1103.80,196.56,209.73,646.01,0.8548,-1,-1,-1
306,101,783.71,278.55,95.32,286.39,0.7594,-1,-1,-1
307,2,857.78,184.11,159.14,551.54,0.8379,-1,-1,-1
307,5,1295.08,168.90,174.19,656.93,0.8348,-1,-1,-1
307,73,249.90,39.56,369.20,980.68,0.9121,-1,-1,-1
307,77,-2.05,33.52,174.25,1031.26,0.8725,-1,-1,-1
307,92,1003.45,213.21,102.19,419.60,0.7992,-1,-1,-1
307,100,1103.86,195.14,215.22,654.58,0.8697,-1,-1,-1
307,101,782.12,275.83,93.21,291.77,0.7237,-1,-1,-1
308,2,855.74,180.75,159.98,550.94,0.8260,-1,-1,-1
308,5,1292.97,165.85,172.89,657.76,0.8207,-1,-1,-1
308,73,238.90,34.32,366.80,1007.53,0.9123,-1,-1,-1
308,77,-1.72,123.40,147.61,927.69,0.7858,-1,-1,-1
308,92,1001.01,211.99,102.10,424.80,0.7784,-1,-1,-1
308,100,1102.21,189.67,222.37,670.62,0.8633,-1,-1,-1
308,101,779.56,275.68,92.26,289.11,0.7547,-1,-1,-1
309,2,849.23,182.71,165.46,551.53,0.8225,-1,-1,-1
309,5,1293.00,169.09,166.90,652.06,0.8158,-1,-1,-1
309,73,218.22,36.78,375.48,1020.49,0.9068,-1,-1,-1
309,77,-2.61,175.49,126.62,870.89,0.8337,-1,-1,-1
309,92,999.07,212.06,103.31,426.37,0.7720,-1,-1,-1
309,100,1096.16,188.70,228.14,679.23,0.8723,-1,-1,-1
309,101,776.75,279.83,86.31,279.77,0.7667,-1,-1,-1
310,2,845.82,182.50,170.14,546.10,0.8144,-1,-1,-1
310,5,1295.80,167.00,164.15,661.72,0.8172,-1,-1,-1
310,73,197.54,29.49,386.89,1026.87,0.9194,-1,-1,-1
310,77,-6.10,195.21,111.85,526.05,0.7375,-1,-1,-1
310,92,998.44,212.16,106.21,425.68,0.7723,-1,-1,-1
310,100,1095.74,177.91,233.70,698.02,0.8817,-1,-1,-1
310,101,777.03,277.46,83.76,287.53,0.7532,-1,-1,-1
311,2,829.79,184.71,186.70,548.25,0.8271,-1,-1,-1
311,5,1300.45,166.24,160.98,654.64,0.8236,-1,-1,-1
311,73,181.93,15.08,391.27,1061.27,0.9177,-1,-1,-1
311,77,-2.53,200.84,92.45,499.72,0.7641,-1,-1,-1
311,92,999.10,209.02,101.30,428.89,0.7590,-1,-1,-1
311,100,1095.17,174.47,240.47,703.61,0.8843,-1,-1,-1
311,101,776.93,273.08,81.86,291.46,0.7424,-1,-1,-1
311,108,662.88,223.73,50.33,258.71,0.1819,-1,-1,-1
312,2,825.24,183.90,191.27,552.97,0.8294,-1,-1,-1
312,5,1308.78,165.08,156.23,647.62,0.8075,-1,-1,-1
312,73,163.97,6.59,400.09,1069.71,0.9184,-1,-1,-1
312,77,-1.39,242.51,68.73,694.90,0.2489,-1,-1,-1
312,92,995.67,208.42,108.23,430.62,0.7442,-1,-1,-1
312,100,1103.13,160.67,240.21,720.93,0.8842,-1,-1,-1
312,101,774.79,271.89,81.14,293.77,0.7621,-1,-1,-1
312,109,739.10,341.26,29.18,126.34,0.1876,-1,-1,-1
313,2,818.67,183.79,197.11,555.56,0.8407,-1,-1,-1
313,5,1307.02,163.69,156.34,649.02,0.8344,-1,-1,-1
313,73,139.86,5.07,416.85,1064.88,0.9194,-1,-1,-1
313,77,-1.99,344.22,46.41,657.62,0.1643,-1,-1,-1
313,92,1000.64,208.05,102.30,436.32,0.7387,-1,-1,-1
313,100,1104.93,144.77,245.17,744.66,0.9040,-1,-1,-1
313,101,770.83,270.57,82.31,297.24,0.7446,-1,-1,-1
313,109,737.86,339.98,31.61,126.42,0.2162,-1,-1,-1
314,2,816.15,184.58,195.83,553.77,0.8276,-1,-1,-1
314,5,1305.92,160.05,159.15,654.86,0.8444,-1,-1,-1
314,73,118.44,3.65,431.93,1068.45,0.9262,-1,-1,-1
314,92,997.72,212.03,98.18,432.97,0.7387,-1,-1,-1
314,100,1102.65,139.29,251.21,758.73,0.9019,-1,-1,-1
314,101,766.20,271.65,85.82,293.48,0.7480,-1,-1,-1
314,104,735.57,317.11,31.65,151.93,0.1737,-1,-1,-1
314,108,658.29,234.17,46.84,248.77,0.2369,-1,-1,-1
315,2,821.20,182.71,187.91,550.99,0.8227,-1,-1,-1
315,5,1313.25,156.85,152.61,643.52,0.8541,-1,-1,-1
315,73,85.76,2.04,455.44,1069.90,0.9279,-1,-1,-1
315,92,995.01,217.85,105.25,420.97,0.7511,-1,-1,-1
315,100,1106.95,132.13,249.75,787.44,0.8933,-1,-1,-1
315,101,765.03,269.67,84.60,296.55,0.7849,-1,-1,-1
315,104,733.35,329.38,31.93,142.06,0.1598,-1,-1,-1
315,108,657.30,230.60,45.01,244.63,0.1705,-1,-1,-1
316,2,819.01,183.46,189.77,552.79,0.8312,-1,-1,-1
316,5,1311.58,153.74,155.21,649.30,0.8473,-1,-1,-1
316,73,50.87,0.84,477.77,1070.72,0.9246,-1,-1,-1
316,92,996.84,214.76,97.28,431.10,0.7447,-1,-1,-1
316,100,1111.52,126.29,252.64,813.59,0.8759,-1,-1,-1
316,101,761.49,265.78,85.51,298.19,0.8015,-1,-1,-1
316,107,1543.27,433.40,184.05,389.51,0.1579,-1,-1,-1
317,2,817.17,181.12,191.11,554.02,0.8484,-1,-1,-1
317,5,1319.02,149.07,145.77,659.47,0.8290,-1,-1,-1
317,73,20.47,2.89,497.17,1073.27,0.9122,-1,-1,-1
317,92,993.18,215.90,99.01,428.58,0.7507,-1,-1,-1
317,100,1112.19,115.24,261.48,837.70,0.8755,-1,-1,-1
317,101,761.60,263.50,84.96,299.49,0.8012,-1,-1,-1
317,104,725.46,314.98,30.61,147.91,0.1867,-1,-1,-1
318,2,819.17,181.59,187.47,549.20,0.8546,-1,-1,-1
318,5,1321.28,147.92,141.83,661.87,0.8408,-1,-1,-1
318,73,2.31,2.75,497.11,1068.96,0.9349,-1,-1,-1
318,92,989.72,212.64,103.61,426.67,0.7469,-1,-1,-1
318,100,1115.65,110.38,268.69,849.30,0.8681,-1,-1,-1
318,101,756.46,261.60,88.58,297.98,0.8064,-1,-1,-1
318,104,722.91,317.91,33.83,144.44,0.1742,-1,-1,-1
318,110,584.76,308.19,41.39,148.26,0.1732,-1,-1,-1
319,2,815.72,175.69,189.92,554.74,0.8722,-1,-1,-1
319,5,1325.40,144.07,137.51,662.10,0.7962,-1,-1,-1
319,73,-0.49,5.05,484.75,1065.73,0.9363,-1,-1,-1
319,92,986.66,209.50,105.18,428.24,0.7697,-1,-1,-1
319,100,1119.11,97.20,276.09,882.42,0.8566,-1,-1,-1
319,101,742.49,260.45,101.09,301.45,0.7667,-1,-1,-1
320,2,811.77,170.68,192.80,551.59,0.8590,-1,-1,-1
320,5,1336.22,138.69,128.01,665.87,0.7605,-1,-1,-1
320,73,-0.28,4.90,464.38,1064.89,0.9441,-1,-1,-1
320,92,983.66,204.47,107.79,428.89,0.7803,-1,-1,-1
320,100,1121.69,95.52,281.25,901.05,0.8745,-1,-1,-1
320,101,742.16,257.57,99.43,305.80,0.7759,-1,-1,-1
321,2,807.18,165.26,195.55,558.14,0.8596,-1,-1,-1
321,5,1341.30,134.02,126.12,663.81,0.6801,-1,-1,-1
321,73,-0.20,1.23,439.95,1069.42,0.9351,-1,-1,-1
321,92,980.70,201.98,110.94,427.84,0.7968,-1,-1,-1
321,100,1131.69,88.77,284.76,937.52,0.8609,-1,-1,-1
321,101,739.23,255.24,99.68,307.32,0.7514,-1,-1,-1
321,104,713.13,293.73,33.07,161.42,0.2282,-1,-1,-1
321,110,575.62,301.91,42.55,148.64,0.1988,-1,-1,-1
322,2,822.04,165.28,181.25,554.09,0.8670,-1,-1,-1
322,73,0.50,5.97,415.96,1063.93,0.9326,-1,-1,-1
322,92,978.12,197.70,111.18,426.86,0.8068,-1,-1,-1
322,100,1139.50,80.33,321.28,964.67,0.8658,-1,-1,-1
322,101,736.04,251.88,100.16,309.91,0.7637,-1,-1,-1
322,104,710.49,299.26,33.35,159.75,0.2198,-1,-1,-1
322,108,636.10,208.37,47.94,256.07,0.1625,-1,-1,-1
322,112,1356.33,141.17,115.31,373.58,0.1898,-1,-1,-1
322,113,1063.79,317.55,39.75,154.59,0.1986,-1,-1,-1
323,2,821.48,162.46,179.55,547.59,0.8676,-1,-1,-1
323,73,1.14,5.29,387.23,1060.98,0.9175,-1,-1,-1
323,92,974.99,196.23,113.82,422.11,0.8000,-1,-1,-1
323,100,1141.71,70.08,333.88,982.95,0.8947,-1,-1,-1
323,101,730.74,249.92,103.97,313.95,0.7633,-1,-1,-1
323,104,707.60,296.92,37.48,164.16,0.2126,-1,-1,-1
323,110,567.58,303.67,43.45,150.36,0.2888,-1,-1,-1
323,112,1403.34,217.63,75.68,324.34,0.2520,-1,-1,-1
324,2,820.93,168.03,176.14,534.91,0.8711,-1,-1,-1
324,73,1.00,5.89,353.89,1062.32,0.9318,-1,-1,-1
324,92,973.94,195.35,113.72,421.92,0.7919,-1,-1,-1
324,100,1154.14,60.45,325.10,1007.32,0.9059,-1,-1,-1
324,101,727.60,251.19,102.53,316.94,0.7608,-1,-1,-1
324,110,566.63,304.96,41.58,152.77,0.2275,-1,-1,-1
324,113,1061.65,319.81,41.94,149.14,0.1547,-1,-1,-1
324,114,507.35,300.98,44.10,156.12,0.1898,-1,-1,-1
325,2,829.17,165.76,167.96,539.65,0.8723,-1,-1,-1
325,73,1.38,7.34,318.63,1059.58,0.9180,-1,-1,-1
325,92,973.92,194.96,113.46,424.85,0.7897,-1,-1,-1
325,100,1161.20,49.18,322.57,1024.31,0.9013,-1,-1,-1
325,101,721.76,252.41,105.16,318.03,0.7697,-1,-1,-1
325,110,563.18,303.18,43.17,155.81,0.2493,-1,-1,-1
325,114,502.25,299.89,46.07,160.10,0.2356,-1,-1,-1
325,115,1112.63,332.11,52.94,130.02,0.1897,-1,-1,-1
326,2,829.61,164.66,167.73,542.03,0.8591,-1,-1,-1
326,73,-4.45,7.67,319.07,1061.25,0.8385,-1,-1,-1
326,92,974.09,193.68,113.23,429.07,0.7916,-1,-1,-1
326,100,1166.02,30.79,329.29,1039.98,0.9036,-1,-1,-1
326,101,712.09,250.49,113.88,321.15,0.8039,-1,-1,-1
326,110,560.32,303.76,42.72,154.98,0.2870,-1,-1,-1
327,2,830.34,167.29,166.76,543.51,0.8586,-1,-1,-1
327,73,12.83,8.57,235.72,1061.22,0.8002,-1,-1,-1
327,92,974.57,195.33,111.90,429.71,0.7992,-1,-1,-1
327,100,1175.90,21.94,338.27,1050.14,0.8797,-1,-1,-1
327,101,711.33,252.33,112.51,321.42,0.8079,-1,-1,-1
327,110,559.84,306.60,43.75,154.83,0.1609,-1,-1,-1
328,2,831.47,167.76,165.53,544.29,0.8502,-1,-1,-1
328,73,21.17,9.19,181.66,1057.40,0.5549,-1,-1,-1
328,92,975.35,195.60,111.09,430.13,0.7975,-1,-1,-1
328,100,1180.51,10.38,360.09,1063.55,0.8864,-1,-1,-1
328,101,713.24,251.26,108.43,319.18,0.8140,-1,-1,-1
328,107,1570.15,417.30,183.77,408.63,0.1680,-1,-1,-1
328,110,558.19,300.65,44.40,158.08,0.3055,-1,-1,-1
329,2,840.24,164.80,161.20,553.65,0.8462,-1,-1,-1
329,73,19.10,86.07,141.91,624.00,0.6067,-1,-1,-1
329,92,976.06,197.24,111.28,431.34,0.7787,-1,-1,-1
329,100,1193.12,4.08,367.61,1065.85,0.8870,-1,-1,-1
329,101,708.84,249.44,113.76,324.11,0.8104,-1,-1,-1
329,107,1572.49,417.59,187.68,401.29,0.2470,-1,-1,-1
329,110,558.53,299.50,47.37,160.27,0.4033,-1,-1,-1
329,114,501.52,295.72,46.82,161.25,0.4084,-1,-1,-1
329,115,1118.18,330.61,60.22,136.85,0.2402,-1,-1,-1
330,2,843.64,162.91,159.19,562.24,0.8464,-1,-1,-1
330,92,981.40,200.22,114.06,429.31,0.7863,-1,-1,-1
330,100,1212.00,2.45,367.47,1071.50,0.9026,-1,-1,-1
330,101,709.21,250.29,113.73,328.27,0.8106,-1,-1,-1
330,107,1577.05,418.48,182.23,399.17,0.1704,-1,-1,-1
330,110,557.76,299.70,50.24,162.15,0.3782,-1,-1,-1
330,114,504.52,301.92,48.91,155.34,0.2310,-1,-1,-1
330,117,826.66,229.23,58.91,189.27,0.2335,-1,-1,-1
331,2,846.22,172.96,158.46,558.49,0.8290,-1,-1,-1
331,92,985.58,202.85,113.43,431.21,0.7903,-1,-1,-1
331,100,1228.06,1.02,387.20,1065.15,0.9052,-1,-1,-1
331,101,711.09,251.36,111.47,331.54,0.7913,-1,-1,-1
331,107,1591.57,422.31,164.97,396.31,0.2622,-1,-1,-1
331,117,823.72,231.06,60.68,199.77,0.2963,-1,-1,-1
332,2,852.33,180.15,155.38,559.72,0.8329,-1,-1,-1
332,92,987.40,205.24,113.60,434.15,0.7774,-1,-1,-1
332,100,1241.80,1.23,396.50,1065.61,0.9068,-1,-1,-1
332,101,709.69,254.00,113.78,329.39,0.8187,-1,-1,-1
332,114,509.70,307.15,49.84,155.20,0.1512,-1,-1,-1
332,117,825.37,235.27,63.93,245.81,0.4838,-1,-1,-1
333,2,851.05,184.11,155.90,561.09,0.8346,-1,-1,-1
333,92,987.87,209.88,113.49,431.12,0.7656,-1,-1,-1
333,100,1263.15,1.33,404.70,1072.76,0.8980,-1,-1,-1
333,101,706.95,256.02,116.45,330.44,0.8162,-1,-1,-1
333,110,556.97,314.66,52.19,157.59,0.2645,-1,-1,-1
333,114,513.25,312.37,48.78,154.91,0.1641,-1,-1,-1
333,117,826.29,237.44,64.31,291.68,0.4403,-1,-1,-1
333,118,1179.91,317.05,46.21,81.51,0.1535,-1,-1,-1
334,2,848.54,190.24,158.87,561.04,0.8272,-1,-1,-1
334,92,988.52,216.78,116.70,430.62,0.7871,-1,-1,-1
334,100,1268.59,4.68,431.07,1062.90,0.8789,-1,-1,-1
334,101,703.95,256.33,119.27,336.49,0.8226,-1,-1,-1
334,110,554.48,315.90,54.61,160.14,0.3220,-1,-1,-1
334,114,504.07,313.29,58.23,163.40,0.2306,-1,-1,-1
334,115,1121.71,343.78,60.03,133.27,0.1529,-1,-1,-1
334,117,822.75,235.56,69.02,273.28,0.4468,-1,-1,-1
334,118,1177.85,322.69,47.39,78.80,0.2227,-1,-1,-1
335,2,848.94,194.57,155.68,556.47,0.8266,-1,-1,-1
335,92,991.46,220.88,115.43,430.92,0.7884,-1,-1,-1
335,100,1270.51,2.58,468.61,1064.43,0.8811,-1,-1,-1
335,101,702.17,257.52,119.82,339.12,0.8355,-1,-1,-1
335,110,557.19,315.13,47.26,164.60,0.1980,-1,-1,-1
335,114,502.04,311.32,56.56,165.05,0.2078,-1,-1,-1
335,115,1125.46,348.69,54.96,130.80,0.1795,-1,-1,-1
335,117,821.56,234.25,69.32,237.03,0.4003,-1,-1,-1
335,118,1176.47,327.95,46.85,76.37,0.2095,-1,-1,-1
335,119,1261.88,182.28,140.67,635.75,0.2607,-1,-1,-1
336,2,845.18,195.31,156.60,560.71,0.8175,-1,-1,-1
336,92,988.06,222.44,119.80,434.44,0.7756,-1,-1,-1
336,100,1314.43,3.09,471.79,1067.75,0.8623,-1,-1,-1
336,101,699.78,260.50,119.50,338.72,0.8282,-1,-1,-1
336,117,820.33,240.96,66.85,302.32,0.3791,-1,-1,-1
336,119,1253.86,164.43,181.09,650.95,0.7527,-1,-1,-1
337,2,842.20,197.43,159.01,557.77,0.8067,-1,-1,-1
337,92,983.20,224.33,118.40,434.31,0.7454,-1,-1,-1
337,100,1329.40,3.02,517.75,1072.98,0.8621,-1,-1,-1
337,101,693.01,259.09,121.54,348.19,0.8251,-1,-1,-1
337,115,1116.50,351.94,51.36,135.63,0.1736,-1,-1,-1
337,117,812.36,237.20,77.11,254.09,0.3204,-1,-1,-1
337,119,1243.50,166.67,191.96,639.70,0.8178,-1,-1,-1
338,2,832.01,198.36,167.04,557.66,0.8052,-1,-1,-1
338,92,980.21,227.65,124.91,438.39,0.7650,-1,-1,-1
338,100,1295.21,3.41,604.14,1069.87,0.8637,-1,-1,-1
338,101,688.47,265.58,122.74,345.02,0.8224,-1,-1,-1
338,115,1113.61,355.18,55.95,138.36,0.1826,-1,-1,-1
338,117,812.30,243.90,69.07,354.24,0.4613,-1,-1,-1
338,119,1234.26,165.73,203.49,666.11,0.7983,-1,-1,-1
339,2,826.50,190.33,171.35,553.78,0.8127,-1,-1,-1
339,92,978.48,230.15,124.07,438.01,0.7796,-1,-1,-1
339,100,1300.11,4.42,606.47,1063.81,0.8681,-1,-1,-1
339,101,684.97,267.67,123.26,351.48,0.8347,-1,-1,-1
339,115,1112.87,355.95,50.29,136.40,0.1806,-1,-1,-1
339,117,807.09,245.81,71.29,371.53,0.5019,-1,-1,-1
339,119,1234.45,163.51,200.78,693.43,0.7632,-1,-1,-1
340,2,822.48,189.02,175.27,548.87,0.8299,-1,-1,-1
340,92,978.51,229.09,124.08,438.02,0.7749,-1,-1,-1
340,100,1305.87,4.28,613.72,1064.37,0.9067,-1,-1,-1
340,101,682.98,268.31,121.21,352.27,0.8172,-1,-1,-1
340,115,1113.70,357.61,46.49,139.98,0.2128,-1,-1,-1
340,117,806.06,247.26,71.58,370.97,0.5427,-1,-1,-1
340,119,1292.51,153.63,173.71,714.34,0.1699,-1,-1,-1
341,2,823.20,189.34,175.25,546.65,0.8329,-1,-1,-1
341,92,982.25,226.14,124.19,440.14,0.7794,-1,-1,-1
341,100,1314.85,1.00,604.96,1066.96,0.7877,-1,-1,-1
341,101,679.78,267.14,121.78,357.07,0.8106,-1,-1,-1
341,110,539.84,324.65,54.19,171.29,0.2386,-1,-1,-1
341,115,1108.98,355.80,50.32,145.27,0.1652,-1,-1,-1
341,117,802.28,245.27,74.07,374.72,0.5482,-1,-1,-1
341,121,1235.07,159.57,214.68,703.49,0.8375,-1,-1,-1
342,2,815.58,187.98,183.86,548.90,0.8419,-1,-1,-1
342,92,983.77,225.12,121.78,439.34,0.7749,-1,-1,-1
342,100,1326.58,-0.90,591.47,1070.16,0.7159,-1,-1,-1
342,101,673.21,261.04,126.88,365.00,0.8044,-1,-1,-1
342,110,530.14,321.32,62.37,174.12,0.2608,-1,-1,-1
342,115,1107.96,358.30,50.05,140.55,0.2103,-1,-1,-1
342,117,801.11,241.33,73.03,376.02,0.4380,-1,-1,-1
342,121,1234.43,161.79,211.92,693.64,0.8678,-1,-1,-1
343,2,811.21,190.14,187.13,547.74,0.8423,-1,-1,-1
343,5,1231.46,160.33,213.83,692.80,0.8778,-1,-1,-1
343,92,978.62,224.76,128.11,438.68,0.7760,-1,-1,-1
343,100,1340.63,-0.20,578.50,1069.07,0.8627,-1,-1,-1
343,101,668.89,256.74,126.34,368.01,0.8070,-1,-1,-1
343,110,524.32,322.34,61.78,172.97,0.3132,-1,-1,-1
343,117,784.41,237.91,84.12,378.70,0.4807,-1,-1,-1
344,2,811.16,186.66,186.22,554.26,0.8404,-1,-1,-1
344,5,1227.18,158.74,213.21,699.52,0.8711,-1,-1,-1
344,92,979.48,223.33,125.25,438.73,0.7773,-1,-1,-1
344,100,1370.94,-0.65,546.26,1067.36,0.6460,-1,-1,-1
344,101,663.86,257.31,125.59,365.53,0.8224,-1,-1,-1
344,117,784.51,237.11,80.00,393.97,0.5842,-1,-1,-1
345,2,804.12,186.20,191.70,557.13,0.8191,-1,-1,-1
345,5,1222.00,145.37,224.09,711.38,0.8770,-1,-1,-1
345,92,982.11,221.98,123.03,432.72,0.7716,-1,-1,-1
345,100,1405.10,9.69,515.59,1015.13,0.2811,-1,-1,-1
345,101,660.53,254.17,124.09,372.66,0.8157,-1,-1,-1
345,117,782.48,234.40,78.78,397.75,0.6025,-1,-1,-1
346,2,796.57,187.29,193.44,557.10,0.8360,-1,-1,-1
346,5,1211.32,145.29,243.09,713.73,0.8883,-1,-1,-1
346,92,970.21,215.92,133.89,432.37,0.7808,-1,-1,-1
346,100,1455.24,20.30,469.18,887.04,0.4207,-1,-1,-1
346,101,655.41,249.61,124.10,372.91,0.8279,-1,-1,-1
346,110,507.84,317.82,54.41,172.36,0.2084,-1,-1,-1
346,117,775.35,232.15,80.81,394.39,0.5175,-1,-1,-1
346,125,429.43,345.62,48.93,151.35,0.3106,-1,-1,-1
347,2,798.43,188.67,185.41,555.94,0.8238,-1,-1,-1
347,5,1198.17,146.61,251.97,707.93,0.8845,-1,-1,-1
347,92,967.55,216.07,129.83,430.36,0.7901,-1,-1,-1
347,100,1506.58,9.05,412.18,928.25,0.7901,-1,-1,-1
347,101,645.69,248.09,126.02,373.94,0.8101,-1,-1,-1
347,110,499.18,315.35,54.09,171.81,0.1904,-1,-1,-1
347,117,767.49,231.88,87.06,390.11,0.5928,-1,-1,-1
347,125,424.35,356.18,47.31,136.85,0.2131,-1,-1,-1
347,126,772.72,233.47,79.56,202.15,0.2022,-1,-1,-1
347,127,1110.01,334.07,68.45,175.87,0.2152,-1,-1,-1
347,128,557.23,337.80,42.17,154.75,0.2922,-1,-1,-1
348,2,800.43,190.39,183.14,553.84,0.8369,-1,-1,-1
348,5,1193.78,142.81,255.02,706.93,0.8899,-1,-1,-1
348,92,967.71,213.60,128.20,430.07,0.7695,-1,-1,-1
348,100,1573.92,20.11,345.26,928.00,0.8304,-1,-1,-1
348,101,637.52,244.92,128.31,378.73,0.8074,-1,-1,-1
348,117,759.57,229.75,91.07,399.15,0.6788,-1,-1,-1
348,125,417.88,347.83,51.44,142.51,0.2162,-1,-1,-1
348,126,766.09,230.46,81.91,205.39,0.1893,-1,-1,-1
348,127,1102.93,334.05,75.65,167.14,0.3434,-1,-1,-1
349,2,800.91,190.41,182.51,554.78,0.8298,-1,-1,-1
349,5,1185.65,141.95,258.23,695.16,0.8937,-1,-1,-1
349,92,960.87,214.49,133.01,429.97,0.7843,-1,-1,-1
349,100,1643.44,54.47,277.45,824.09,0.6032,-1,-1,-1
349,101,629.23,236.65,132.27,390.33,0.8207,-1,-1,-1
349,110,487.93,302.52,55.27,176.32,0.3381,-1,-1,-1
349,117,760.05,225.50,88.41,404.36,0.6877,-1,-1,-1
349,125,435.58,310.53,50.62,172.39,0.1730,-1,-1,-1
349,126,761.68,226.95,83.26,211.64,0.2618,-1,-1,-1
349,127,1098.43,339.76,67.80,167.93,0.2370,-1,-1,-1
349,128,540.54,323.06,46.82,166.30,0.1672,-1,-1,-1
350,2,798.65,191.94,183.32,549.86,0.8518,-1,-1,-1
350,5,1178.97,142.62,260.69,691.36,0.9020,-1,-1,-1
350,92,962.80,216.50,126.61,430.35,0.7820,-1,-1,-1
350,100,1724.60,224.88,211.18,506.80,0.3140,-1,-1,-1
350,101,622.70,235.38,133.31,390.15,0.8174,-1,-1,-1
350,110,481.50,306.59,57.43,175.26,0.3305,-1,-1,-1
350,117,755.16,224.03,92.79,409.23,0.7411,-1,-1,-1
350,127,1093.42,328.03,69.04,181.01,0.3410,-1,-1,-1
351,2,795.89,191.52,186.54,546.20,0.8543,-1,-1,-1
351,5,1170.36,143.54,265.70,692.88,0.9033,-1,-1,-1
351,92,967.11,216.85,118.27,431.38,0.7618,-1,-1,-1
351,101,618.63,237.78,133.23,393.95,0.8098,-1,-1,-1
351,110,477.44,301.53,56.75,181.89,0.3725,-1,-1,-1
351,117,750.97,220.85,92.64,414.82,0.7203,-1,-1,-1
351,125,423.88,301.63,54.90,176.42,0.1981,-1,-1,-1
351,127,1087.83,328.90,68.43,181.79,0.4753,-1,-1,-1
352,2,801.02,190.32,180.49,548.33,0.8527,-1,-1,-1
352,5,1163.49,143.32,271.51,698.67,0.9016,-1,-1,-1
352,92,961.33,216.91,121.21,435.03,0.7864,-1,-1,-1
352,101,612.25,235.66,133.90,398.07,0.8198,-1,-1,-1
352,110,470.82,300.47,58.82,181.85,0.2702,-1,-1,-1
352,117,742.97,218.26,98.08,421.05,0.7621,-1,-1,-1
352,127,1080.80,328.59,68.61,183.05,0.4199,-1,-1,-1
352,128,530.56,323.45,45.23,165.59,0.1725,-1,-1,-1
353,2,802.45,188.69,180.94,549.97,0.8547,-1,-1,-1
353,5,1158.71,142.88,268.80,702.91,0.9065,-1,-1,-1
353,92,959.42,216.31,119.13,432.71,0.7832,-1,-1,-1
353,101,607.93,229.02,129.73,403.42,0.8320,-1,-1,-1
353,110,465.21,296.51,50.88,183.44,0.2530,-1,-1,-1
353,117,735.74,212.26,101.53,428.18,0.7587,-1,-1,-1
353,127,1071.92,321.62,64.73,184.76,0.2692,-1,-1,-1
354,2,798.08,191.19,179.91,539.03,0.8781,-1,-1,-1
354,5,1151.53,143.57,269.45,708.26,0.9107,-1,-1,-1
354,92,959.63,217.83,113.45,431.12,0.8021,-1,-1,-1
354,101,595.19,228.85,136.43,402.44,0.8390,-1,-1,-1
354,117,727.38,211.94,108.55,431.08,0.7822,-1,-1,-1
354,127,1053.81,321.62,75.87,185.25,0.4910,-1,-1,-1
355,2,797.87,189.67,175.42,533.60,0.8721,-1,-1,-1
355,5,1146.73,143.56,272.13,711.25,0.9113,-1,-1,-1
355,92,951.99,219.48,112.36,429.33,0.8018,-1,-1,-1
355,101,588.38,229.26,132.27,405.80,0.8492,-1,-1,-1
355,110,450.95,298.02,59.37,184.89,0.1982,-1,-1,-1
355,117,718.20,211.53,114.20,432.41,0.7991,-1,-1,-1
355,127,1046.18,318.37,79.28,187.86,0.6030,-1,-1,-1
356,2,795.93,186.86,174.38,530.36,0.8471,-1,-1,-1
356,5,1138.99,142.43,277.51,713.12,0.9122,-1,-1,-1
356,92,945.27,220.13,112.77,430.11,0.7969,-1,-1,-1
356,101,573.09,224.92,141.51,412.45,0.7439,-1,-1,-1
356,110,441.78,296.53,59.22,184.00,0.1964,-1,-1,-1
356,117,713.45,207.18,110.61,441.30,0.7955,-1,-1,-1
356,127,1039.64,315.90,75.23,189.17,0.4385,-1,-1,-1
357,2,794.64,188.64,171.70,525.86,0.8533,-1,-1,-1
357,5,1138.06,140.84,271.47,716.81,0.9100,-1,-1,-1
357,92,940.07,215.49,110.56,431.96,0.7728,-1,-1,-1
357,101,568.68,223.87,135.62,417.65,0.8214,-1,-1,-1
357,110,432.78,294.28,61.29,186.41,0.3413,-1,-1,-1
357,117,698.27,203.86,119.72,447.97,0.8150,-1,-1,-1
357,127,1036.70,323.05,64.61,183.14,0.5196,-1,-1,-1
358,2,786.42,183.93,170.78,538.30,0.8448,-1,-1,-1
358,5,1129.18,139.66,273.62,722.09,0.9097,-1,-1,-1
358,92,937.58,215.53,107.47,436.05,0.7529,-1,-1,-1
358,101,554.97,220.68,137.88,415.43,0.8384,-1,-1,-1
358,110,420.56,294.32,59.43,187.88,0.4852,-1,-1,-1
358,117,684.29,198.68,126.67,454.09,0.8259,-1,-1,-1
358,127,1025.67,319.46,67.52,182.87,0.6346,-1,-1,-1
359,2,788.50,180.91,161.83,540.89,0.8545,-1,-1,-1
359,5,1122.59,140.63,277.73,720.21,0.9082,-1,-1,-1
359,92,924.54,216.72,110.78,439.05,0.7770,-1,-1,-1
359,101,538.83,222.20,141.85,420.65,0.8254,-1,-1,-1
359,117,671.78,194.88,137.55,452.00,0.7884,-1,-1,-1
359,127,1016.02,314.72,69.60,189.53,0.4377,-1,-1,-1
360,2,780.72,178.58,163.63,546.39,0.8696,-1,-1,-1
360,5,1116.98,140.47,276.49,724.21,0.9105,-1,-1,-1
360,92,917.64,214.12,108.36,443.58,0.8044,-1,-1,-1
360,101,525.31,220.87,146.21,428.19,0.8221,-1,-1,-1
360,110,402.09,297.73,55.09,181.96,0.3038,-1,-1,-1
360,117,657.98,193.53,141.16,458.84,0.8505,-1,-1,-1
360,127,1005.79,316.10,69.95,187.92,0.5780,-1,-1,-1
360,128,459.70,325.33,49.11,164.84,0.3959,-1,-1,-1
361,2,773.42,179.23,163.80,546.12,0.8707,-1,-1,-1
361,5,1112.70,140.94,274.37,726.38,0.9074,-1,-1,-1
361,92,913.56,214.69,104.14,444.98,0.8193,-1,-1,-1
361,101,510.83,219.03,147.49,431.17,0.8104,-1,-1,-1
361,110,391.99,294.50,55.50,187.06,0.4433,-1,-1,-1
361,117,652.08,190.64,139.96,468.16,0.8314,-1,-1,-1
361,127,994.90,313.80,73.85,191.02,0.6054,-1,-1,-1
361,128,443.36,314.41,52.72,174.93,0.2514,-1,-1,-1
362,2,769.18,180.90,160.96,552.17,0.8691,-1,-1,-1
362,5,1108.46,141.30,272.01,724.69,0.9080,-1,-1,-1
362,92,905.81,216.41,103.43,439.57,0.7841,-1,-1,-1
362,101,492.11,223.43,152.36,430.80,0.8173,-1,-1,-1
362,110,383.22,298.60,54.88,189.08,0.3521,-1,-1,-1
362,117,632.61,192.13,153.29,465.10,0.8565,-1,-1,-1
362,127,989.81,319.44,74.22,186.10,0.6206,-1,-1,-1
362,128,437.07,315.31,56.76,177.94,0.2974,-1,-1,-1
363,2,764.37,185.39,158.10,548.25,0.8471,-1,-1,-1
363,5,1103.44,139.87,273.10,734.89,0.9077,-1,-1,-1
363,92,900.41,212.14,98.99,441.66,0.7354,-1,-1,-1
363,101,481.04,222.45,152.97,445.12,0.7927,-1,-1,-1
363,110,375.57,300.89,50.91,187.61,0.2854,-1,-1,-1
363,117,617.42,192.27,160.25,469.48,0.8526,-1,-1,-1
363,127,983.38,320.56,74.07,190.34,0.5512,-1,-1,-1
363,128,433.58,317.02,47.55,179.30,0.2057,-1,-1,-1
364,2,763.65,190.90,153.26,549.80,0.8127,-1,-1,-1
364,5,1103.39,136.72,270.36,736.86,0.9063,-1,-1,-1
364,92,897.37,210.27,97.50,440.81,0.7017,-1,-1,-1
364,101,463.46,218.77,161.12,457.91,0.7915,-1,-1,-1
364,110,366.94,298.95,57.43,191.41,0.2816,-1,-1,-1
364,117,605.95,189.48,168.38,480.77,0.8505,-1,-1,-1
364,127,972.40,312.12,80.33,197.59,0.5724,-1,-1,-1
364,128,426.56,315.53,48.30,180.21,0.1608,-1,-1,-1
365,2,762.66,193.91,157.50,548.02,0.8133,-1,-1,-1
365,5,1103.02,136.31,268.68,737.55,0.8991,-1,-1,-1
365,92,895.97,209.21,92.52,446.90,0.6426,-1,-1,-1
365,101,433.94,221.90,187.06,458.51,0.8294,-1,-1,-1
365,117,588.59,192.08,183.85,483.88,0.8198,-1,-1,-1
365,127,967.95,316.63,82.03,195.65,0.5216,-1,-1,-1
366,2,760.34,200.41,153.50,542.75,0.8149,-1,-1,-1
366,5,1100.78,138.36,267.00,728.63,0.9021,-1,-1,-1
366,92,894.25,212.46,89.03,440.29,0.6714,-1,-1,-1
366,101,443.78,222.59,168.33,461.24,0.8012,-1,-1,-1
366,110,357.94,303.93,61.76,189.19,0.3873,-1,-1,-1
366,117,587.69,197.67,180.55,481.63,0.8616,-1,-1,-1
366,127,963.86,323.25,84.18,192.77,0.4284,-1,-1,-1
366,128,414.92,337.41,51.20,162.08,0.4007,-1,-1,-1
367,2,759.74,198.28,152.48,543.82,0.8246,-1,-1,-1
367,5,1100.55,135.28,267.98,723.91,0.9026,-1,-1,-1
367,92,893.99,207.68,87.12,440.57,0.6689,-1,-1,-1
367,101,437.07,222.51,165.82,466.02,0.7959,-1,-1,-1
367,110,355.30,308.11,67.93,186.31,0.3294,-1,-1,-1
367,117,592.12,193.02,174.94,490.35,0.8699,-1,-1,-1
367,127,964.44,312.38,81.32,198.90,0.4045,-1,-1,-1
367,130,1099.83,305.23,60.86,269.16,0.1661,-1,-1,-1
368,2,759.08,197.53,154.83,546.37,0.8271,-1,-1,-1
368,5,1100.05,133.12,267.65,720.53,0.9022,-1,-1,-1
368,92,894.02,206.28,84.85,436.59,0.6257,-1,-1,-1
368,101,434.06,220.93,172.66,471.76,0.8174,-1,-1,-1
368,110,356.86,310.09,56.33,184.42,0.2376,-1,-1,-1
368,117,594.62,192.56,169.31,500.77,0.8601,-1,-1,-1
368,127,958.87,309.35,83.26,199.27,0.4053,-1,-1,-1
369,2,758.30,194.38,161.83,547.65,0.8544,-1,-1,-1
369,5,1103.22,133.37,265.00,714.56,0.9052,-1,-1,-1
369,92,894.96,203.84,83.73,437.73,0.5834,-1,-1,-1
369,101,427.24,220.58,172.48,473.59,0.8274,-1,-1,-1
369,110,354.90,307.59,55.09,188.22,0.2196,-1,-1,-1
369,117,591.95,190.44,166.51,506.31,0.8626,-1,-1,-1
369,127,959.42,315.05,85.86,197.26,0.4693,-1,-1,-1
369,131,41.01,298.07,92.26,233.85,0.1903,-1,-1,-1
370,2,758.16,193.28,165.85,539.90,0.8232,-1,-1,-1
370,5,1104.19,132.92,264.05,716.59,0.9059,-1,-1,-1
370,92,895.15,205.74,84.88,438.05,0.6344,-1,-1,-1
370,101,422.89,221.68,173.74,475.29,0.8259,-1,-1,-1
370,117,587.22,193.49,165.66,509.36,0.8548,-1,-1,-1
370,127,963.71,278.77,74.12,227.29,0.2551,-1,-1,-1
371,2,757.28,195.65,166.66,537.31,0.8462,-1,-1,-1
371,5,1106.43,133.20,259.70,722.10,0.9061,-1,-1,-1
371,92,897.41,207.87,84.68,440.76,0.6906,-1,-1,-1
371,101,419.19,224.13,177.45,478.29,0.8535,-1,-1,-1
371,117,584.10,195.23,166.78,517.68,0.8640,-1,-1,-1
371,127,962.84,306.73,82.60,207.45,0.2748,-1,-1,-1
372,2,761.47,194.83,163.77,539.52,0.8479,-1,-1,-1
372,5,1111.55,132.81,254.96,729.07,0.9058,-1,-1,-1
372,92,901.31,209.03,81.55,442.90,0.6805,-1,-1,-1
372,101,417.02,224.09,177.43,480.30,0.8714,-1,-1,-1
372,117,579.82,193.08,169.73,525.30,0.8653,-1,-1,-1
372,127,963.87,316.97,79.12,197.63,0.4397,-1,-1,-1
373,2,761.04,198.50,167.30,539.20,0.8568,-1,-1,-1
373,5,1113.11,137.57,253.80,731.05,0.8973,-1,-1,-1
373,92,901.37,210.25,81.58,438.66,0.6607,-1,-1,-1
373,101,413.88,225.56,176.24,482.47,0.8662,-1,-1,-1
373,117,572.87,192.70,175.85,528.82,0.8680,-1,-1,-1
373,127,965.66,323.86,82.92,194.76,0.4525,-1,-1,-1
374,2,762.41,197.48,168.51,541.03,0.8458,-1,-1,-1
374,5,1114.84,139.67,250.95,737.32,0.8926,-1,-1,-1
374,92,902.65,210.23,86.01,444.40,0.6784,-1,-1,-1
374,101,409.32,225.45,174.87,487.44,0.8636,-1,-1,-1
374,117,566.90,190.76,180.06,532.40,0.8705,-1,-1,-1
374,127,967.30,328.65,83.85,191.77,0.4848,-1,-1,-1
375,2,765.50,201.06,166.45,544.46,0.8537,-1,-1,-1
375,5,1118.39,140.90,245.92,743.36,0.8946,-1,-1,-1
375,92,906.51,210.28,82.07,447.57,0.6572,-1,-1,-1
375,101,403.22,230.09,174.31,487.67,0.8466,-1,-1,-1
375,117,559.45,190.95,188.72,542.78,0.8764,-1,-1,-1
375,127,967.25,330.07,81.49,195.96,0.5190,-1,-1,-1
376,2,769.39,203.54,164.20,548.03,0.8529,-1,-1,-1
376,5,1121.54,143.08,239.12,748.72,0.8953,-1,-1,-1
376,92,908.72,219.59,82.09,447.11,0.6482,-1,-1,-1
376,101,395.07,227.62,172.63,504.04,0.8486,-1,-1,-1
376,117,557.90,190.73,188.87,550.28,0.8626,-1,-1,-1
376,127,968.08,318.51,83.10,209.58,0.3961,-1,-1,-1
377,2,773.66,206.56,161.75,550.37,0.8864,-1,-1,-1
377,5,1121.26,153.29,239.42,746.85,0.8950,-1,-1,-1
377,92,913.82,224.08,76.62,446.56,0.7013,-1,-1,-1
377,101,393.90,224.20,171.58,517.44,0.8389,-1,-1,-1
377,117,549.00,187.15,196.24,553.39,0.8654,-1,-1,-1
377,127,971.63,336.13,82.71,198.90,0.4148,-1,-1,-1
377,134,924.06,221.98,141.21,424.55,0.2250,-1,-1,-1
378,2,781.54,212.08,156.88,547.88,0.8398,-1,-1,-1
378,5,1122.84,157.93,238.82,747.62,0.8986,-1,-1,-1
378,92,915.69,232.01,77.68,438.90,0.7263,-1,-1,-1
378,101,387.79,220.14,172.58,527.53,0.8221,-1,-1,-1
378,117,542.99,187.17,202.43,554.16,0.8600,-1,-1,-1
378,127,974.28,339.28,81.65,197.68,0.3670,-1,-1,-1
378,134,924.26,225.95,143.90,425.95,0.2183,-1,-1,-1
379,2,778.93,214.53,161.51,553.20,0.8418,-1,-1,-1
379,5,1123.93,156.93,236.83,755.44,0.8959,-1,-1,-1
379,92,918.11,237.34,75.99,434.27,0.6356,-1,-1,-1
379,101,386.45,221.94,166.36,533.95,0.8031,-1,-1,-1
379,117,536.21,190.19,207.25,560.14,0.8637,-1,-1,-1
379,127,972.12,339.00,83.53,200.82,0.4596,-1,-1,-1
379,134,927.73,227.95,141.60,422.35,0.3089,-1,-1,-1
379,135,737.08,318.89,51.64,196.99,0.4632,-1,-1,-1
379,136,776.25,300.56,45.30,223.77,0.1747,-1,-1,-1
380,2,783.32,217.47,159.61,548.72,0.8450,-1,-1,-1
380,5,1123.63,159.24,236.05,757.01,0.8913,-1,-1,-1
380,92,915.16,239.49,82.43,433.74,0.7177,-1,-1,-1
380,101,376.18,215.32,175.59,548.77,0.8124,-1,-1,-1
380,117,533.32,187.98,208.29,568.93,0.8700,-1,-1,-1
380,127,978.65,346.28,79.45,196.10,0.3402,-1,-1,-1
380,134,921.27,235.42,150.70,417.63,0.1525,-1,-1,-1
380,135,736.84,316.75,57.38,203.37,0.5934,-1,-1,-1
381,2,785.01,218.96,160.46,547.18,0.8388,-1,-1,-1
381,5,1120.61,157.76,235.73,754.78,0.8838,-1,-1,-1
381,92,916.15,243.08,81.61,432.70,0.7378,-1,-1,-1
381,101,374.96,211.92,174.73,558.74,0.8101,-1,-1,-1
381,117,522.64,184.04,214.04,579.44,0.8736,-1,-1,-1
381,127,981.12,343.32,77.81,198.60,0.4004,-1,-1,-1
381,135,735.09,316.17,59.53,210.78,0.6480,-1,-1,-1
382,2,784.39,219.76,159.87,544.49,0.8470,-1,-1,-1
382,5,1118.38,155.56,233.40,760.87,0.8811,-1,-1,-1
382,92,918.87,243.83,83.97,435.30,0.7013,-1,-1,-1
382,101,371.60,211.27,179.17,566.92,0.8096,-1,-1,-1
382,117,522.85,182.39,213.06,591.20,0.8721,-1,-1,-1
382,127,983.07,353.26,76.55,190.34,0.4917,-1,-1,-1
382,135,732.83,316.66,61.42,212.77,0.6507,-1,-1,-1
383,2,785.22,218.11,160.13,540.97,0.8417,-1,-1,-1
383,5,1112.28,153.93,234.77,761.96,0.8807,-1,-1,-1
383,92,919.38,244.11,84.20,437.60,0.6876,-1,-1,-1
383,101,364.92,208.47,177.19,569.23,0.8204,-1,-1,-1
383,117,513.11,180.05,221.36,601.81,0.8768,-1,-1,-1
383,127,984.19,354.18,73.79,189.33,0.4826,-1,-1,-1
383,135,731.86,318.01,60.39,208.42,0.6414,-1,-1,-1
384,2,785.92,217.46,162.27,540.22,0.8466,-1,-1,-1
384,5,1109.03,151.91,236.36,767.10,0.8833,-1,-1,-1
384,92,920.43,244.91,97.84,435.76,0.5759,-1,-1,-1
384,101,355.95,207.28,182.62,571.48,0.8216,-1,-1,-1
384,117,506.75,178.09,223.06,607.71,0.8643,-1,-1,-1
384,127,981.87,351.54,76.22,192.01,0.2818,-1,-1,-1
384,135,727.89,320.42,62.14,210.27,0.6513,-1,-1,-1
384,137,129.12,366.02,92.41,191.96,0.1777,-1,-1,-1
385,2,784.88,217.07,165.09,544.40,0.8421,-1,-1,-1
385,5,1105.54,155.99,242.29,760.85,0.8837,-1,-1,-1
385,92,918.66,245.55,101.03,435.48,0.5983,-1,-1,-1
385,101,347.28,209.73,191.04,572.89,0.8390,-1,-1,-1
385,117,508.03,176.38,220.37,617.07,0.8601,-1,-1,-1
385,127,978.89,350.66,76.16,195.85,0.2998,-1,-1,-1
385,135,726.59,321.89,64.56,212.26,0.6943,-1,-1,-1
386,2,779.86,215.76,167.48,534.22,0.8172,-1,-1,-1
386,5,1094.95,156.43,255.58,755.95,0.8872,-1,-1,-1
386,92,920.68,243.66,87.83,427.47,0.5504,-1,-1,-1
386,101,340.50,208.64,185.65,570.60,0.8317,-1,-1,-1
386,117,493.22,174.36,233.64,621.34,0.8632,-1,-1,-1
386,127,977.72,350.68,76.36,196.67,0.3364,-1,-1,-1
386,135,728.08,320.09,60.48,209.91,0.6563,-1,-1,-1
387,2,777.00,213.77,170.79,531.14,0.8362,-1,-1,-1
387,5,1084.39,156.71,266.46,749.25,0.8936,-1,-1,-1
387,92,918.68,244.86,80.65,430.22,0.6160,-1,-1,-1
387,101,331.20,201.40,188.35,585.97,0.8385,-1,-1,-1
387,117,484.83,169.54,237.44,632.22,0.8622,-1,-1,-1
387,127,978.14,349.48,76.30,198.20,0.3592,-1,-1,-1
387,135,721.62,317.91,65.60,212.03,0.6755,-1,-1,-1
388,2,777.91,211.60,171.32,532.21,0.8347,-1,-1,-1
388,5,1084.79,157.72,266.88,744.26,0.8875,-1,-1,-1
388,92,917.61,240.10,84.94,434.42,0.5132,-1,-1,-1
388,101,320.67,192.71,191.47,597.81,0.8476,-1,-1,-1
388,117,479.42,167.05,237.04,650.06,0.8648,-1,-1,-1
388,127,976.21,348.49,76.55,199.27,0.3891,-1,-1,-1
388,135,718.45,317.24,68.46,210.60,0.7070,-1,-1,-1
388,137,109.37,339.82,96.71,159.05,0.1515,-1,-1,-1
389,2,779.27,209.07,164.51,538.91,0.8414,-1,-1,-1
389,5,1082.92,157.29,268.70,748.34,0.8908,-1,-1,-1
389,92,916.10,242.53,83.40,434.35,0.5911,-1,-1,-1
389,101,315.31,184.80,190.24,606.28,0.8405,-1,-1,-1
389,117,479.17,161.62,233.82,659.15,0.8639,-1,-1,-1
389,127,975.09,331.17,80.08,218.17,0.3320,-1,-1,-1
389,135,717.60,316.91,68.58,212.30,0.6890,-1,-1,-1
390,2,777.79,210.41,163.08,541.04,0.8496,-1,-1,-1
390,5,1077.30,158.09,274.91,750.37,0.8843,-1,-1,-1
390,92,914.78,241.75,81.15,433.53,0.6557,-1,-1,-1
390,101,305.57,183.73,197.92,608.59,0.8355,-1,-1,-1
390,117,478.82,155.39,233.65,670.27,0.8711,-1,-1,-1
390,127,976.61,339.15,79.39,213.65,0.4062,-1,-1,-1
390,135,715.52,317.05,71.69,212.73,0.7295,-1,-1,-1
391,2,772.66,210.03,164.45,544.03,0.8502,-1,-1,-1
391,5,1067.56,157.57,286.02,756.75,0.8878,-1,-1,-1
391,92,910.43,236.85,84.74,437.46,0.6483,-1,-1,-1
391,101,294.10,181.38,202.49,613.57,0.8371,-1,-1,-1
391,117,477.09,148.47,236.25,679.00,0.8714,-1,-1,-1
391,127,977.09,343.62,74.07,209.00,0.6224,-1,-1,-1
391,135,711.11,316.55,74.91,213.26,0.7358,-1,-1,-1
392,2,771.45,212.03,162.65,547.37,0.8352,-1,-1,-1
392,5,1061.22,156.83,291.14,767.22,0.8941,-1,-1,-1
392,92,908.30,234.71,82.15,440.71,0.6581,-1,-1,-1
392,101,286.78,175.17,202.28,626.43,0.8494,-1,-1,-1
392,117,476.95,142.87,233.49,690.18,0.8752,-1,-1,-1
392,127,977.99,339.20,73.36,212.06,0.4866,-1,-1,-1
392,135,707.46,314.39,78.02,215.17,0.7616,-1,-1,-1
393,2,768.78,219.92,166.50,537.39,0.8220,-1,-1,-1
393,5,1058.63,156.94,293.64,770.94,0.8972,-1,-1,-1
393,92,905.64,239.79,84.84,435.51,0.6105,-1,-1,-1
393,101,271.53,171.85,210.84,634.50,0.8571,-1,-1,-1
393,117,473.59,139.19,231.98,695.85,0.8785,-1,-1,-1
393,127,974.23,329.92,75.28,219.94,0.5601,-1,-1,-1
393,135,706.68,313.92,77.61,217.11,0.7597,-1,-1,-1
394,2,767.52,219.89,160.36,538.34,0.8082,-1,-1,-1
394,5,1057.11,156.42,293.86,773.11,0.9047,-1,-1,-1
394,92,905.00,234.45,81.20,435.37,0.6184,-1,-1,-1
394,101,258.75,164.12,219.22,643.74,0.8622,-1,-1,-1
394,117,465.53,132.78,235.21,704.49,0.8821,-1,-1,-1
394,127,972.04,329.38,77.76,220.71,0.6007,-1,-1,-1
394,135,703.04,313.61,78.47,215.34,0.7504,-1,-1,-1
394,138,1031.60,379.06,43.92,171.21,0.2789,-1,-1,-1
394,139,1599.30,394.24,36.64,43.61,0.2306,-1,-1,-1
395,2,760.40,220.33,164.17,539.40,0.8031,-1,-1,-1
395,5,1053.47,155.96,296.48,778.01,0.9007,-1,-1,-1
395,92,901.00,232.04,81.27,437.20,0.6266,-1,-1,-1
395,101,221.51,159.47,248.13,648.40,0.8652,-1,-1,-1
395,117,461.91,126.28,232.53,715.00,0.8769,-1,-1,-1
395,127,970.32,342.16,73.50,206.83,0.6158,-1,-1,-1
395,135,701.12,311.19,77.60,217.54,0.7424,-1,-1,-1
395,138,1030.78,380.26,42.29,168.67,0.3958,-1,-1,-1
395,139,1600.67,394.20,34.59,43.42,0.1953,-1,-1,-1
396,2,758.95,222.94,161.41,534.01,0.8085,-1,-1,-1
396,5,1052.27,155.99,299.29,778.23,0.8995,-1,-1,-1
396,92,899.61,237.16,81.35,432.89,0.6884,-1,-1,-1
396,101,225.32,157.12,229.00,662.22,0.8676,-1,-1,-1
396,117,454.44,116.30,236.45,727.32,0.8798,-1,-1,-1
396,127,969.03,338.33,73.50,209.93,0.6437,-1,-1,-1
396,135,697.44,308.98,77.48,218.59,0.7354,-1,-1,-1
396,138,1027.74,378.52,44.62,169.82,0.3282,-1,-1,-1
396,139,1602.82,394.05,32.21,42.72,0.1696,-1,-1,-1
396,140,69.10,330.68,62.03,88.72,0.1659,-1,-1,-1
397,2,756.63,221.80,158.93,530.76,0.8133,-1,-1,-1
397,5,1052.27,155.87,297.88,780.00,0.8981,-1,-1,-1
397,92,896.58,238.83,81.81,428.52,0.6908,-1,-1,-1
397,101,192.40,156.44,255.93,669.61,0.8701,-1,-1,-1
397,117,443.65,109.17,243.07,737.01,0.8856,-1,-1,-1
397,127,967.73,336.81,76.01,210.20,0.6250,-1,-1,-1
397,135,696.15,309.34,73.18,219.99,0.7448,-1,-1,-1
397,138,1025.27,379.40,46.36,166.76,0.2251,-1,-1,-1
397,139,1602.11,393.43,34.42,41.56,0.1509,-1,-1,-1
398,2,751.30,217.34,159.13,538.57,0.8304,-1,-1,-1
398,5,1051.67,155.99,294.95,781.69,0.8984,-1,-1,-1
398,92,893.68,238.87,83.14,430.13,0.6804,-1,-1,-1
398,101,168.70,147.46,274.69,688.97,0.8849,-1,-1,-1
398,117,433.28,100.81,251.31,748.18,0.8949,-1,-1,-1
398,127,968.03,338.64,76.05,208.17,0.6058,-1,-1,-1
398,135,693.24,306.90,70.83,221.54,0.7570,-1,-1,-1
398,138,1025.25,379.63,46.91,165.32,0.2202,-1,-1,-1
399,2,745.97,214.92,158.78,538.60,0.8551,-1,-1,-1
399,5,1052.58,155.11,292.16,785.33,0.8966,-1,-1,-1
399,92,886.78,238.16,89.34,431.01,0.7192,-1,-1,-1
399,101,133.24,143.65,294.81,700.72,0.8967,-1,-1,-1
399,117,425.90,93.11,255.16,757.04,0.8930,-1,-1,-1
399,127,967.45,337.18,75.84,209.95,0.6217,-1,-1,-1
399,135,691.47,303.85,67.84,224.86,0.7857,-1,-1,-1
399,138,1025.70,378.67,45.10,163.43,0.2285,-1,-1,-1
400,2,738.84,215.94,159.78,529.35,0.8421,-1,-1,-1
400,5,1052.05,154.55,291.71,788.82,0.8989,-1,-1,-1
400,92,880.17,238.73,92.84,432.00,0.7502,-1,-1,-1
400,101,125.53,141.78,292.55,705.26,0.8947,-1,-1,-1
400,117,418.03,90.50,265.48,763.31,0.8949,-1,-1,-1
400,127,965.05,329.24,83.35,218.64,0.5407,-1,-1,-1
400,135,690.93,305.36,65.72,222.70,0.7721,-1,-1,-1
401,2,729.27,216.05,165.17,517.14,0.8634,-1,-1,-1
401,5,1053.12,154.35,287.99,782.60,0.8998,-1,-1,-1
401,92,876.93,234.26,93.89,440.15,0.7820,-1,-1,-1
401,101,116.95,140.47,290.34,718.88,0.8954,-1,-1,-1
401,117,412.40,84.92,272.19,775.43,0.8988,-1,-1,-1
401,127,964.84,329.73,84.51,217.91,0.6044,-1,-1,-1
401,135,687.00,304.03,65.77,223.07,0.7273,-1,-1,-1
402,2,727.31,212.36,165.63,520.46,0.8798,-1,-1,-1
402,5,1056.40,147.83,282.42,792.57,0.8972,-1,-1,-1
402,92,873.90,234.87,97.68,439.45,0.8047,-1,-1,-1
402,101,115.18,136.51,282.59,728.01,0.8980,-1,-1,-1
402,117,405.52,80.09,278.76,794.94,0.8986,-1,-1,-1
402,127,966.21,330.85,79.54,215.73,0.6062,-1,-1,-1
402,135,686.94,302.50,62.82,225.40,0.5661,-1,-1,-1
402,138,1022.31,369.79,49.23,165.19,0.1548,-1,-1,-1
403,2,725.18,211.88,165.70,522.78,0.8772,-1,-1,-1
403,5,1059.97,149.33,278.73,797.68,0.8962,-1,-1,-1
403,92,872.93,236.36,97.82,438.83,0.8048,-1,-1,-1
403,101,106.51,135.44,277.63,751.11,0.8968,-1,-1,-1
403,117,397.53,75.54,287.12,819.04,0.9082,-1,-1,-1
403,127,969.42,342.27,75.95,204.92,0.5836,-1,-1,-1
403,135,686.71,303.38,62.57,227.99,0.5802,-1,-1,-1
403,138,1026.03,373.16,47.41,163.34,0.2488,-1,-1,-1
404,2,723.25,212.13,166.18,525.54,0.8637,-1,-1,-1
404,5,1064.99,148.97,281.54,794.77,0.8900,-1,-1,-1
404,92,873.08,236.99,98.97,444.90,0.8007,-1,-1,-1
404,101,94.00,131.61,279.49,772.89,0.9011,-1,-1,-1
404,117,387.92,74.37,293.57,840.93,0.9091,-1,-1,-1
404,127,970.12,338.15,78.57,211.26,0.6460,-1,-1,-1
404,135,685.94,304.30,63.02,228.48,0.5487,-1,-1,-1
404,138,1029.69,375.88,48.65,163.50,0.1502,-1,-1,-1
405,2,726.27,214.75,162.69,525.63,0.8621,-1,-1,-1
405,5,1063.48,151.00,286.73,790.37,0.8885,-1,-1,-1
405,92,873.37,238.73,98.81,441.18,0.8022,-1,-1,-1
405,101,77.63,129.90,288.17,783.61,0.8909,-1,-1,-1
405,117,375.34,75.53,304.48,838.95,0.9084,-1,-1,-1
405,127,971.90,338.20,80.54,211.94,0.6623,-1,-1,-1
405,135,687.62,303.87,60.86,229.44,0.5171,-1,-1,-1
405,138,1032.11,376.55,47.83,163.40,0.1734,-1,-1,-1
406,2,723.09,216.47,167.31,526.74,0.8494,-1,-1,-1
406,5,1064.97,150.36,288.02,781.18,0.8775,-1,-1,-1
406,92,873.41,239.44,101.53,438.44,0.7964,-1,-1,-1
406,101,55.80,129.99,304.29,789.19,0.8921,-1,-1,-1
406,117,364.51,73.54,315.72,851.51,0.9056,-1,-1,-1
406,127,975.68,344.02,84.59,211.28,0.6691,-1,-1,-1
406,135,687.73,304.05,64.23,232.41,0.4743,-1,-1,-1
407,2,727.53,217.80,164.26,528.47,0.8581,-1,-1,-1
407,5,1072.56,149.28,282.24,777.71,0.8784,-1,-1,-1
407,92,873.76,238.82,102.33,441.92,0.7970,-1,-1,-1
407,101,59.58,121.05,298.24,805.19,0.8893,-1,-1,-1
407,117,355.07,74.61,328.85,859.35,0.9050,-1,-1,-1
407,127,978.23,346.82,84.69,208.19,0.6539,-1,-1,-1
407,135,689.85,305.71,64.56,235.68,0.5958,-1,-1,-1
408,2,725.39,220.15,167.84,528.82,0.8642,-1,-1,-1
408,5,1077.41,149.08,278.58,777.92,0.8892,-1,-1,-1
408,92,872.27,239.74,104.94,440.60,0.7918,-1,-1,-1
408,101,40.70,117.46,313.85,812.44,0.9035,-1,-1,-1
408,117,350.65,70.66,331.52,876.32,0.9039,-1,-1,-1
408,127,981.05,334.60,84.43,220.92,0.6139,-1,-1,-1
408,135,694.25,305.03,59.96,237.82,0.4713,-1,-1,-1
408,138,1043.46,372.58,53.80,140.11,0.1731,-1,-1,-1
409,2,729.22,220.96,166.42,534.21,0.8601,-1,-1,-1
409,5,1084.73,150.14,273.53,783.99,0.8948,-1,-1,-1
409,92,873.07,242.01,106.97,436.20,0.8017,-1,-1,-1
409,101,48.09,113.88,306.24,825.36,0.9047,-1,-1,-1
409,117,354.13,68.06,325.16,897.10,0.9089,-1,-1,-1
409,127,986.90,343.52,76.49,210.61,0.6587,-1,-1,-1
409,135,700.83,307.11,53.00,240.63,0.4837,-1,-1,-1
409,138,1049.75,375.00,50.87,169.97,0.2505,-1,-1,-1
410,2,731.97,224.06,165.48,534.38,0.8351,-1,-1,-1
410,5,1091.56,151.65,270.44,786.98,0.8923,-1,-1,-1
410,92,874.82,239.37,116.47,437.81,0.7910,-1,-1,-1
410,101,41.39,110.96,313.11,835.98,0.9032,-1,-1,-1
410,117,359.65,65.48,313.49,914.09,0.9161,-1,-1,-1
410,127,994.61,346.86,74.53,208.49,0.6293,-1,-1,-1
410,135,704.64,309.45,57.91,242.02,0.6095,-1,-1,-1
410,138,1054.58,379.13,53.59,162.16,0.1645,-1,-1,-1
411,2,733.51,225.07,170.14,535.36,0.8006,-1,-1,-1
411,5,1100.15,149.44,265.49,796.62,0.8894,-1,-1,-1
411,92,881.82,239.52,112.70,437.92,0.7884,-1,-1,-1
411,101,31.36,105.02,310.90,846.01,0.9077,-1,-1,-1
411,117,358.59,61.82,313.49,924.64,0.9161,-1,-1,-1
411,127,999.61,351.70,82.13,206.64,0.6666,-1,-1,-1
411,135,710.44,308.99,54.76,241.48,0.5881,-1,-1,-1
411,138,1061.41,378.55,52.42,161.10,0.1962,-1,-1,-1
411,142,652.26,338.75,50.40,192.95,0.5325,-1,-1,-1
412,2,736.37,226.57,172.18,531.09,0.8126,-1,-1,-1
412,5,1102.01,154.05,271.33,799.06,0.8923,-1,-1,-1
412,92,887.46,236.12,111.08,443.84,0.7533,-1,-1,-1
412,101,19.96,95.50,312.72,858.57,0.9166,-1,-1,-1
412,117,351.96,55.94,317.87,960.76,0.9131,-1,-1,-1
412,127,1003.15,346.07,83.78,212.46,0.7026,-1,-1,-1
412,135,716.22,308.36,55.83,239.53,0.5460,-1,-1,-1
412,138,1069.01,376.55,50.43,164.68,0.3528,-1,-1,-1
412,142,653.14,343.40,55.09,190.94,0.6272,-1,-1,-1
413,2,741.58,226.07,172.63,527.79,0.8184,-1,-1,-1
413,5,1103.42,153.96,276.85,803.73,0.8970,-1,-1,-1
413,92,890.98,229.57,114.50,445.97,0.7529,-1,-1,-1
413,101,2.39,89.37,322.64,867.80,0.9266,-1,-1,-1
413,117,343.91,48.00,325.74,980.02,0.9114,-1,-1,-1
413,127,1010.47,343.10,79.01,214.28,0.5952,-1,-1,-1
413,135,724.19,306.19,53.64,240.39,0.4560,-1,-1,-1
413,138,1075.36,378.06,49.80,174.21,0.1919,-1,-1,-1
413,142,652.46,346.17,58.88,187.03,0.6592,-1,-1,-1
414,2,752.20,227.18,166.59,524.85,0.8213,-1,-1,-1
414,5,1109.26,153.88,274.84,806.98,0.8894,-1,-1,-1
414,92,893.90,234.07,122.05,445.13,0.7828,-1,-1,-1
414,101,-0.33,82.53,319.76,878.88,0.9297,-1,-1,-1
414,117,335.90,37.38,326.50,997.43,0.9021,-1,-1,-1
414,127,1017.02,340.39,78.06,217.45,0.6404,-1,-1,-1
414,135,727.39,303.28,57.03,241.01,0.4811,-1,-1,-1
414,138,1079.94,378.16,53.06,164.73,0.1658,-1,-1,-1
414,142,654.35,341.54,64.68,197.87,0.6471,-1,-1,-1
415,2,753.47,223.42,168.77,528.57,0.8233,-1,-1,-1
415,5,1115.10,153.75,273.00,811.61,0.8866,-1,-1,-1
415,92,900.98,239.72,117.37,439.38,0.8099,-1,-1,-1
415,101,-0.69,77.77,316.79,883.88,0.9251,-1,-1,-1
415,117,326.08,24.93,338.67,1018.24,0.9127,-1,-1,-1
415,127,1019.94,349.67,84.07,211.25,0.6776,-1,-1,-1
415,135,731.01,302.01,57.52,236.82,0.4335,-1,-1,-1
415,138,1091.51,373.17,47.01,153.52,0.2024,-1,-1,-1
415,142,654.81,341.78,67.75,188.20,0.6460,-1,-1,-1
416,2,749.06,220.15,176.56,523.00,0.8429,-1,-1,-1
416,5,1119.90,151.55,271.94,814.50,0.8905,-1,-1,-1
416,92,905.53,237.30,119.27,445.72,0.7923,-1,-1,-1
416,101,-0.67,65.46,312.28,910.12,0.9216,-1,-1,-1
416,117,316.44,11.87,346.18,1037.33,0.9138,-1,-1,-1
416,127,1022.28,348.23,86.00,211.87,0.6003,-1,-1,-1
416,135,734.68,296.62,59.97,240.04,0.2725,-1,-1,-1
416,138,1092.24,374.86,47.93,149.42,0.2199,-1,-1,-1
416,142,656.47,341.03,67.25,186.97,0.6565,-1,-1,-1
417,2,746.65,221.40,181.38,521.20,0.8354,-1,-1,-1
417,5,1124.34,151.13,268.12,824.29,0.8917,-1,-1,-1
417,92,906.63,237.47,119.96,444.40,0.7984,-1,-1,-1
417,101,-0.83,55.96,308.45,952.28,0.9179,-1,-1,-1
417,117,292.75,4.13,366.26,1051.92,0.9087,-1,-1,-1
417,127,1028.94,343.42,81.84,214.37,0.6682,-1,-1,-1
417,135,735.31,296.34,60.13,240.09,0.2115,-1,-1,-1
417,138,1099.33,375.25,41.48,154.08,0.2465,-1,-1,-1
417,142,656.90,341.43,68.44,189.17,0.6665,-1,-1,-1
418,2,747.09,219.25,182.44,521.01,0.8436,-1,-1,-1
418,5,1127.62,147.85,267.15,826.88,0.8920,-1,-1,-1
418,92,910.78,233.73,122.21,444.59,0.7836,-1,-1,-1
418,101,1.11,48.60,277.03,985.45,0.9160,-1,-1,-1
418,117,275.89,1.95,378.87,1057.43,0.9151,-1,-1,-1
418,127,1031.42,334.57,83.14,220.68,0.6618,-1,-1,-1
418,138,1096.16,375.21,43.99,177.91,0.2281,-1,-1,-1
418,142,656.35,339.68,67.83,191.42,0.6691,-1,-1,-1
419,2,745.68,209.41,182.14,532.08,0.8545,-1,-1,-1
419,5,1126.65,146.46,268.89,824.01,0.8906,-1,-1,-1
419,92,911.41,234.04,119.33,442.86,0.7804,-1,-1,-1
419,101,-0.16,41.07,260.45,991.13,0.9104,-1,-1,-1
419,117,255.43,2.24,393.95,1062.93,0.9214,-1,-1,-1
419,127,1029.70,347.25,94.26,211.81,0.6293,-1,-1,-1
419,135,734.42,297.33,54.68,237.37,0.1529,-1,-1,-1
419,138,1097.95,372.41,41.38,181.63,0.2051,-1,-1,-1
419,142,653.29,337.31,67.62,200.79,0.6723,-1,-1,-1
420,2,742.81,207.64,183.68,534.30,0.8560,-1,-1,-1
420,5,1126.30,142.89,269.55,826.58,0.8898,-1,-1,-1
420,92,909.93,235.34,123.13,445.89,0.7869,-1,-1,-1
420,101,-0.27,38.54,245.21,1004.25,0.9035,-1,-1,-1
420,117,240.46,2.56,402.74,1069.80,0.9256,-1,-1,-1
420,127,1031.40,332.72,90.87,226.12,0.6379,-1,-1,-1
420,135,734.11,299.41,54.19,238.69,0.1762,-1,-1,-1
420,138,1100.49,371.40,38.07,185.34,0.1719,-1,-1,-1
420,142,650.21,336.92,67.42,206.04,0.6752,-1,-1,-1
421,2,742.85,211.01,185.26,530.28,0.8564,-1,-1,-1
421,5,1122.21,138.29,276.75,830.53,0.8918,-1,-1,-1
421,92,908.99,234.98,121.58,443.72,0.7927,-1,-1,-1
421,101,-0.35,26.91,229.94,978.57,0.9001,-1,-1,-1
421,117,221.15,3.48,416.65,1069.43,0.9259,-1,-1,-1
421,127,1031.50,336.01,91.05,222.70,0.6448,-1,-1,-1
421,135,733.78,302.85,53.87,238.64,0.2263,-1,-1,-1
421,142,649.66,336.73,68.71,204.89,0.6751,-1,-1,-1
422,2,741.21,211.93,182.52,541.01,0.8455,-1,-1,-1
422,5,1118.74,129.95,280.74,836.34,0.8867,-1,-1,-1
422,92,907.72,236.03,121.01,445.37,0.7910,-1,-1,-1
422,101,-0.12,16.20,211.96,984.15,0.8888,-1,-1,-1
422,117,201.16,2.02,425.27,1074.02,0.9194,-1,-1,-1
422,127,1031.40,340.59,88.92,218.00,0.5484,-1,-1,-1
422,135,731.81,305.76,51.86,234.78,0.2635,-1,-1,-1
422,142,644.50,333.89,69.20,209.52,0.6835,-1,-1,-1
423,2,739.00,211.72,176.57,537.11,0.8478,-1,-1,-1
423,5,1109.23,126.54,290.86,838.95,0.8931,-1,-1,-1
423,92,907.51,238.33,120.25,444.50,0.7756,-1,-1,-1
423,101,0.26,13.83,191.82,992.09,0.8906,-1,-1,-1
423,117,186.27,1.12,428.42,1076.14,0.9226,-1,-1,-1
423,127,1030.70,342.09,89.94,217.33,0.5610,-1,-1,-1
423,135,729.02,301.63,52.32,241.03,0.2861,-1,-1,-1
423,142,640.37,332.01,73.50,213.54,0.7169,-1,-1,-1
424,2,738.27,214.54,172.19,530.76,0.8381,-1,-1,-1
424,5,1105.64,126.70,297.42,837.01,0.9009,-1,-1,-1
424,92,902.48,241.16,127.96,441.23,0.7532,-1,-1,-1
424,101,0.07,10.78,171.71,1003.47,0.8765,-1,-1,-1
424,117,163.12,2.35,438.68,1075.84,0.9274,-1,-1,-1
424,127,1028.36,341.55,86.68,217.77,0.6022,-1,-1,-1
424,135,724.36,296.32,54.10,242.24,0.2096,-1,-1,-1
424,142,636.91,331.94,77.31,212.88,0.7009,-1,-1,-1
425,2,732.01,214.09,176.88,536.55,0.8372,-1,-1,-1
425,5,1100.19,126.41,302.63,827.68,0.9028,-1,-1,-1
425,92,899.42,239.34,127.66,439.73,0.7720,-1,-1,-1
425,101,0.93,8.99,146.13,1008.72,0.8436,-1,-1,-1
425,117,134.71,1.77,459.21,1072.92,0.9242,-1,-1,-1
425,127,1029.05,339.00,84.95,219.01,0.6199,-1,-1,-1
425,135,718.55,295.74,53.43,246.44,0.2935,-1,-1,-1
425,142,632.78,326.88,76.23,219.93,0.7014,-1,-1,-1
425,144,569.75,301.73,37.72,205.28,0.3682,-1,-1,-1
426,2,733.84,213.50,171.42,535.37,0.8395,-1,-1,-1
426,5,1091.67,127.41,313.02,814.05,0.9031,-1,-1,-1
426,92,897.29,236.44,130.99,440.54,0.7933,-1,-1,-1
426,101,-3.71,43.61,133.59,737.81,0.5702,-1,-1,-1
426,117,107.25,1.50,471.64,1071.62,0.9262,-1,-1,-1
426,127,1026.90,333.97,84.56,220.03,0.6259,-1,-1,-1
426,135,708.59,308.25,48.30,234.67,0.2900,-1,-1,-1
426,142,630.99,326.49,73.07,216.54,0.6835,-1,-1,-1
426,144,559.07,320.29,44.39,194.92,0.4499,-1,-1,-1
427,2,727.76,214.68,178.72,537.47,0.8301,-1,-1,-1
427,5,1085.98,129.08,317.94,809.79,0.9001,-1,-1,-1
427,92,898.20,235.75,131.03,442.93,0.7790,-1,-1,-1
427,101,2.81,145.49,95.44,534.68,0.7114,-1,-1,-1
427,117,69.84,1.95,494.45,1068.08,0.9220,-1,-1,-1
427,127,1025.27,331.94,84.32,223.56,0.5839,-1,-1,-1
427,135,710.08,295.11,55.49,251.31,0.2821,-1,-1,-1
427,142,626.35,326.86,72.74,221.17,0.7201,-1,-1,-1
427,144,548.80,332.19,53.62,181.30,0.5184,-1,-1,-1
428,2,718.20,219.70,183.16,529.88,0.8333,-1,-1,-1
428,5,1081.34,129.85,322.24,815.14,0.9039,-1,-1,-1
428,92,892.36,235.26,136.63,442.90,0.7979,-1,-1,-1
428,101,1.85,157.22,72.85,524.58,0.4366,-1,-1,-1
428,117,41.43,3.22,516.35,1066.91,0.9211,-1,-1,-1
428,127,1025.48,332.41,80.10,223.82,0.5009,-1,-1,-1
428,135,706.96,288.76,60.34,254.56,0.2238,-1,-1,-1
428,142,619.85,326.75,74.33,221.01,0.7188,-1,-1,-1
428,144,541.92,312.91,55.54,195.85,0.5843,-1,-1,-1
428,145,-15.63,160.03,101.88,834.93,0.4082,-1,-1,-1
429,2,709.48,215.07,187.24,543.33,0.8333,-1,-1,-1
429,5,1076.60,131.64,321.25,818.05,0.9048,-1,-1,-1
429,92,895.94,234.09,129.60,441.38,0.7741,-1,-1,-1
429,101,-18.08,178.13,97.15,492.28,0.2064,-1,-1,-1
429,117,3.39,2.62,540.00,1068.93,0.9301,-1,-1,-1
429,127,1029.57,330.37,75.61,228.09,0.4897,-1,-1,-1
429,142,615.52,328.58,69.74,222.14,0.7521,-1,-1,-1
429,144,538.45,322.65,56.20,193.10,0.5869,-1,-1,-1
430,2,703.21,214.22,175.51,547.01,0.8377,-1,-1,-1
430,5,1070.19,134.45,329.01,822.30,0.9092,-1,-1,-1
430,92,896.54,234.17,126.32,435.90,0.7812,-1,-1,-1
430,117,-0.86,3.28,536.28,1069.79,0.9266,-1,-1,-1
430,127,1033.20,329.46,74.05,224.12,0.4557,-1,-1,-1
430,142,612.67,324.82,70.67,224.79,0.7135,-1,-1,-1
430,144,533.25,334.66,53.88,175.28,0.4690,-1,-1,-1
431,2,694.49,211.39,172.03,554.46,0.8270,-1,-1,-1
431,5,1069.47,134.15,327.48,826.23,0.9047,-1,-1,-1
431,92,894.49,232.89,126.71,434.10,0.7843,-1,-1,-1
431,117,-0.69,2.88,524.17,1069.89,0.9298,-1,-1,-1
431,127,1036.47,328.92,71.43,225.47,0.3623,-1,-1,-1
431,142,606.15,326.48,76.60,228.69,0.6788,-1,-1,-1
431,144,528.29,336.59,53.33,181.75,0.4525,-1,-1,-1
431,146,840.30,337.04,56.51,205.19,0.3297,-1,-1,-1
431,147,993.98,314.18,79.82,237.18,0.4023,-1,-1,-1
432,2,683.80,207.94,175.71,571.12,0.8297,-1,-1,-1
432,5,1067.12,134.08,330.18,830.70,0.9042,-1,-1,-1
432,92,894.53,230.77,126.31,433.23,0.7900,-1,-1,-1
432,117,-0.59,4.78,516.96,1069.50,0.9352,-1,-1,-1
432,127,1036.57,327.74,71.73,225.21,0.3764,-1,-1,-1
432,142,603.77,326.77,72.82,228.36,0.6598,-1,-1,-1
432,144,523.38,344.78,55.55,176.86,0.4097,-1,-1,-1
432,146,834.79,334.27,65.97,205.15,0.2254,-1,-1,-1
432,147,996.10,315.33,76.57,236.34,0.4612,-1,-1,-1
433,2,679.05,205.22,179.77,556.88,0.8289,-1,-1,-1
433,5,1069.15,133.13,328.49,833.86,0.9034,-1,-1,-1
433,92,893.91,231.33,125.40,431.50,0.7967,-1,-1,-1
433,117,-0.13,6.16,503.67,1062.90,0.9355,-1,-1,-1
433,127,1037.29,326.12,71.73,226.15,0.2390,-1,-1,-1
433,142,600.29,324.84,74.46,228.04,0.6473,-1,-1,-1
433,144,519.83,342.89,54.05,178.83,0.4223,-1,-1,-1
433,146,861.00,335.94,47.06,196.84,0.1915,-1,-1,-1
433,147,998.41,309.96,75.53,241.59,0.5596,-1,-1,-1
433,148,1887.75,350.38,31.58,89.02,0.1844,-1,-1,-1
434,2,676.47,201.52,175.43,576.27,0.8411,-1,-1,-1
434,5,1072.16,131.01,326.23,834.25,0.9021,-1,-1,-1
434,92,892.62,227.95,126.14,432.59,0.7970,-1,-1,-1
434,117,0.16,3.93,493.73,1064.44,0.9385,-1,-1,-1
434,127,1043.56,323.49,65.78,231.11,0.3338,-1,-1,-1
434,142,597.46,321.00,71.47,232.28,0.6839,-1,-1,-1
434,144,518.89,327.74,54.60,185.08,0.4214,-1,-1,-1
434,146,829.39,327.27,71.62,210.64,0.1948,-1,-1,-1
434,147,1002.99,309.51,72.75,240.04,0.5183,-1,-1,-1
435,2,675.20,198.50,172.86,559.24,0.8267,-1,-1,-1
435,5,1072.69,128.08,326.67,837.29,0.9043,-1,-1,-1
435,92,890.43,225.54,128.90,431.89,0.7790,-1,-1,-1
435,117,0.60,2.70,483.93,1064.76,0.9397,-1,-1,-1
435,127,1046.94,322.05,61.24,237.76,0.3075,-1,-1,-1
435,142,595.57,319.50,73.52,233.06,0.6836,-1,-1,-1
435,144,516.74,311.05,53.36,195.58,0.6733,-1,-1,-1
435,146,823.51,317.27,78.84,219.02,0.2945,-1,-1,-1
435,147,999.92,304.44,73.73,241.26,0.5405,-1,-1,-1
436,2,672.90,196.04,174.47,550.55,0.8010,-1,-1,-1
436,5,1075.62,124.98,325.11,843.46,0.9070,-1,-1,-1
436,92,899.48,224.36,120.26,432.60,0.7703,-1,-1,-1
436,117,0.98,2.65,474.44,1066.49,0.9397,-1,-1,-1
436,127,1048.61,320.32,58.42,233.07,0.3003,-1,-1,-1
436,142,595.71,318.26,72.69,231.76,0.7058,-1,-1,-1
436,144,515.15,307.15,52.80,200.88,0.6225,-1,-1,-1
436,146,823.72,306.27,77.45,227.23,0.4089,-1,-1,-1
436,147,997.85,303.25,74.34,241.94,0.5374,-1,-1,-1
436,149,860.06,308.80,45.11,217.74,0.2779,-1,-1,-1
437,2,669.08,193.78,173.82,531.39,0.8129,-1,-1,-1
437,5,1080.21,120.12,322.72,845.86,0.9055,-1,-1,-1
437,92,901.59,223.68,118.63,432.51,0.7569,-1,-1,-1
437,117,1.47,2.26,458.68,1073.01,0.9357,-1,-1,-1
437,127,1047.58,313.52,64.11,233.81,0.4977,-1,-1,-1
437,142,591.07,312.89,75.90,231.40,0.7216,-1,-1,-1
437,144,514.40,344.72,52.23,161.78,0.5789,-1,-1,-1
437,146,819.36,300.07,81.40,230.70,0.6793,-1,-1,-1
437,147,995.40,301.24,71.63,241.16,0.5712,-1,-1,-1
438,2,662.95,194.66,176.55,527.59,0.8389,-1,-1,-1
438,5,1080.28,117.37,323.29,836.44,0.9009,-1,-1,-1
438,92,904.67,223.50,115.64,434.51,0.7560,-1,-1,-1
438,117,2.12,3.74,433.91,1068.54,0.9350,-1,-1,-1
438,127,1049.83,313.81,61.65,231.71,0.3857,-1,-1,-1
438,142,588.77,312.73,75.29,233.22,0.7291,-1,-1,-1
438,144,513.00,335.69,50.36,170.45,0.4252,-1,-1,-1
438,146,816.07,300.58,84.20,232.07,0.6704,-1,-1,-1
438,147,994.66,300.80,72.76,239.83,0.5711,-1,-1,-1
439,2,662.10,195.45,173.95,527.47,0.8554,-1,-1,-1
439,5,1085.78,114.47,318.99,840.41,0.9014,-1,-1,-1
439,92,905.78,223.65,113.50,436.43,0.7585,-1,-1,-1
439,117,1.68,3.67,410.06,1070.02,0.9276,-1,-1,-1
439,127,1050.50,312.50,67.08,232.53,0.4638,-1,-1,-1
439,142,584.89,312.64,76.13,233.88,0.7209,-1,-1,-1
439,144,510.65,327.89,51.41,175.89,0.4401,-1,-1,-1
439,146,812.04,299.22,85.70,237.75,0.7265,-1,-1,-1
439,147,994.95,301.14,72.83,236.74,0.6374,-1,-1,-1
440,2,657.00,194.35,175.91,527.75,0.8682,-1,-1,-1
440,5,1089.00,111.02,320.25,839.39,0.8843,-1,-1,-1
440,92,904.23,221.55,112.82,438.41,0.7689,-1,-1,-1
440,117,1.54,3.56,384.85,1064.06,0.9267,-1,-1,-1
440,127,1051.42,308.76,68.50,236.92,0.5665,-1,-1,-1
440,142,582.87,308.06,77.42,243.66,0.7670,-1,-1,-1
440,144,507.15,317.29,52.30,186.17,0.4170,-1,-1,-1
440,146,808.60,297.03,84.40,239.65,0.7025,-1,-1,-1
440,147,994.19,300.97,74.59,235.87,0.7048,-1,-1,-1
441,2,656.83,196.50,177.06,529.92,0.8643,-1,-1,-1
441,5,1093.41,106.04,321.16,841.77,0.8996,-1,-1,-1
441,92,906.46,222.69,111.56,438.07,0.7786,-1,-1,-1
441,117,1.50,3.10,356.14,1064.62,0.9200,-1,-1,-1
441,127,1050.98,308.15,70.79,241.78,0.6102,-1,-1,-1
441,142,583.32,305.47,76.13,247.41,0.7663,-1,-1,-1
441,144,506.62,310.96,53.82,193.64,0.4282,-1,-1,-1
441,146,808.96,296.23,83.13,241.45,0.6964,-1,-1,-1
441,147,994.68,297.36,75.78,239.62,0.7113,-1,-1,-1
442,2,658.59,199.21,176.03,530.62,0.8557,-1,-1,-1
442,5,1098.70,107.12,322.11,827.54,0.8973,-1,-1,-1
442,92,911.05,225.05,109.01,433.98,0.7330,-1,-1,-1
442,117,2.01,3.45,324.07,1064.19,0.9139,-1,-1,-1
442,127,1056.11,316.29,71.94,236.16,0.6565,-1,-1,-1
442,142,584.14,306.02,75.60,249.56,0.7714,-1,-1,-1
442,144,510.60,329.72,52.17,176.15,0.4302,-1,-1,-1
442,146,812.66,297.41,88.04,236.27,0.7291,-1,-1,-1
442,147,995.81,298.02,75.66,243.36,0.6815,-1,-1,-1
443,2,664.24,199.43,171.51,527.42,0.8509,-1,-1,-1
443,5,1104.65,112.49,323.36,815.62,0.8961,-1,-1,-1
443,92,909.78,225.22,110.24,435.32,0.7468,-1,-1,-1
443,117,2.69,4.23,292.94,1062.61,0.8934,-1,-1,-1
443,127,1060.92,314.55,69.83,238.57,0.6001,-1,-1,-1
443,142,584.01,310.00,79.23,248.43,0.7708,-1,-1,-1
443,144,514.10,337.17,50.62,171.21,0.4457,-1,-1,-1
443,146,814.86,300.36,87.35,230.09,0.7571,-1,-1,-1
443,147,998.44,295.41,80.99,243.90,0.6401,-1,-1,-1
444,2,669.90,202.06,167.22,519.26,0.8447,-1,-1,-1
444,5,1113.96,115.37,316.88,811.25,0.9003,-1,-1,-1
444,92,914.73,226.87,106.95,431.55,0.7099,-1,-1,-1
444,117,4.21,4.65,262.91,1061.12,0.8407,-1,-1,-1
444,127,1066.87,306.45,67.14,240.38,0.5762,-1,-1,-1
444,142,586.09,307.93,80.33,250.82,0.7612,-1,-1,-1
444,144,517.00,343.36,50.55,163.21,0.4833,-1,-1,-1
444,146,818.24,300.48,84.22,233.82,0.7729,-1,-1,-1
444,147,999.33,299.05,83.48,242.86,0.6382,-1,-1,-1
445,2,674.39,203.96,169.67,509.19,0.8421,-1,-1,-1
445,5,1120.55,121.52,314.94,820.20,0.8975,-1,-1,-1
445,92,909.64,221.82,116.75,441.13,0.7731,-1,-1,-1
445,117,10.70,4.86,231.16,1062.21,0.3636,-1,-1,-1
445,127,1071.32,304.11,72.52,241.73,0.5732,-1,-1,-1
445,142,585.09,308.06,83.27,250.74,0.7618,-1,-1,-1
445,144,522.03,332.40,50.07,173.97,0.4944,-1,-1,-1
445,146,820.45,298.28,88.36,236.00,0.7826,-1,-1,-1
445,147,1008.22,290.81,82.67,247.42,0.7139,-1,-1,-1
446,2,682.83,202.11,165.18,499.36,0.8352,-1,-1,-1
446,5,1129.32,127.01,314.22,819.66,0.9054,-1,-1,-1
446,92,907.49,220.36,121.57,448.91,0.8075,-1,-1,-1
446,117,-15.59,4.95,297.47,1063.19,0.7153,-1,-1,-1
446,127,1078.88,301.80,69.71,245.74,0.6536,-1,-1,-1
446,142,584.86,309.80,89.08,249.66,0.7398,-1,-1,-1
446,144,524.00,345.18,54.98,162.75,0.5334,-1,-1,-1
446,146,826.46,295.32,86.43,238.70,0.7902,-1,-1,-1
446,147,1013.12,296.38,79.68,248.57,0.7679,-1,-1,-1
447,2,685.32,200.41,171.72,511.83,0.8357,-1,-1,-1
447,5,1140.60,127.16,308.41,826.54,0.9060,-1,-1,-1
447,92,917.07,220.34,122.56,451.15,0.7630,-1,-1,-1
447,117,35.19,29.49,173.82,941.57,0.2847,-1,-1,-1
447,127,1086.82,300.58,67.78,249.64,0.6918,-1,-1,-1
447,142,588.95,311.49,88.84,247.57,0.6900,-1,-1,-1
447,144,530.62,355.17,52.18,150.64,0.4963,-1,-1,-1
447,146,834.40,295.85,88.04,239.08,0.7574,-1,-1,-1
447,147,1017.63,292.49,84.37,250.45,0.7647,-1,-1,-1
448,2,688.85,200.86,178.85,523.85,0.8422,-1,-1,-1
448,5,1146.86,139.32,314.13,824.48,0.9051,-1,-1,-1
448,92,923.02,219.00,124.27,454.65,0.7444,-1,-1,-1
448,127,1094.79,304.54,69.89,247.31,0.6794,-1,-1,-1
448,142,589.29,312.84,90.51,247.92,0.6949,-1,-1,-1
448,144,536.53,329.33,51.37,179.99,0.4939,-1,-1,-1
448,146,841.66,296.85,84.58,239.11,0.7955,-1,-1,-1
448,147,1027.45,297.13,80.64,250.54,0.7424,-1,-1,-1
449,2,700.43,203.04,171.81,519.50,0.8172,-1,-1,-1
449,5,1152.50,143.21,315.79,824.61,0.9074,-1,-1,-1
449,92,932.49,216.69,116.24,454.06,0.7742,-1,-1,-1
449,127,1101.76,316.83,70.94,237.05,0.6707,-1,-1,-1
449,142,602.34,315.84,84.92,251.02,0.7443,-1,-1,-1
449,144,540.99,316.45,56.42,196.01,0.5336,-1,-1,-1
449,146,846.27,297.65,86.04,239.04,0.7513,-1,-1,-1
449,147,1038.80,297.16,76.47,249.55,0.7136,-1,-1,-1
450,2,706.68,201.91,172.66,512.86,0.8140,-1,-1,-1
450,5,1161.85,148.24,308.21,828.96,0.9099,-1,-1,-1
450,92,928.71,219.20,119.87,452.34,0.7819,-1,-1,-1
450,127,1106.80,315.02,71.71,240.02,0.7051,-1,-1,-1
450,142,606.88,315.25,83.47,250.66,0.7184,-1,-1,-1
450,144,545.82,325.24,54.84,185.77,0.4922,-1,-1,-1
450,146,851.87,298.80,82.60,234.56,0.7151,-1,-1,-1
450,147,1038.96,299.81,80.02,246.59,0.7018,-1,-1,-1
451,2,709.41,201.24,173.37,512.97,0.8252,-1,-1,-1
451,5,1170.01,151.65,306.40,832.80,0.9029,-1,-1,-1
451,92,940.60,221.19,116.32,444.46,0.7803,-1,-1,-1
451,127,1116.52,320.87,71.16,234.55,0.6996,-1,-1,-1
451,142,603.74,314.91,88.64,254.28,0.7406,-1,-1,-1
451,144,552.22,316.80,54.60,192.25,0.4656,-1,-1,-1
451,146,855.66,293.55,91.75,242.07,0.7253,-1,-1,-1
451,147,1052.38,288.55,72.20,254.81,0.6910,-1,-1,-1
452,2,719.89,200.21,165.36,511.34,0.8414,-1,-1,-1
452,5,1176.86,153.92,307.83,836.50,0.9045,-1,-1,-1
452,92,947.03,220.39,122.06,437.95,0.7665,-1,-1,-1
452,127,1124.12,315.69,71.42,242.45,0.6768,-1,-1,-1
452,135,708.10,256.27,62.71,300.06,0.4151,-1,-1,-1
452,142,605.98,314.90,90.41,253.22,0.7320,-1,-1,-1
452,144,558.02,318.68,52.98,185.71,0.4474,-1,-1,-1
452,146,856.89,298.85,92.53,236.73,0.7780,-1,-1,-1
452,147,1056.72,294.61,80.58,250.16,0.7442,-1,-1,-1
453,2,726.28,203.37,163.69,513.92,0.8444,-1,-1,-1
453,5,1184.01,157.39,305.25,840.67,0.9094,-1,-1,-1
453,92,951.36,216.70,123.97,441.99,0.7951,-1,-1,-1
453,127,1131.57,317.52,69.28,241.26,0.7226,-1,-1,-1
453,135,710.20,256.50,63.52,302.47,0.3822,-1,-1,-1
453,142,616.50,314.58,81.68,256.78,0.7711,-1,-1,-1
453,144,565.25,312.48,55.12,192.36,0.5440,-1,-1,-1
453,146,872.79,297.18,81.38,242.32,0.7878,-1,-1,-1
453,147,1065.37,299.53,77.00,252.38,0.7414,-1,-1,-1
454,2,733.13,202.36,166.34,514.04,0.8185,-1,-1,-1
454,5,1191.37,159.20,305.18,843.34,0.9114,-1,-1,-1
454,92,952.11,219.47,133.33,441.98,0.7829,-1,-1,-1
454,127,1140.05,311.97,70.71,247.13,0.6234,-1,-1,-1
454,135,709.41,257.12,67.52,314.58,0.6275,-1,-1,-1
454,142,618.65,308.55,86.14,258.99,0.7520,-1,-1,-1
454,144,572.15,320.89,52.70,187.17,0.3992,-1,-1,-1
454,146,879.26,299.01,83.78,242.45,0.7310,-1,-1,-1
454,147,1075.08,300.23,77.51,251.08,0.7129,-1,-1,-1
455,2,737.14,198.32,170.52,522.91,0.8359,-1,-1,-1
455,5,1194.68,157.49,308.86,844.88,0.9119,-1,-1,-1
455,92,961.77,221.51,127.57,435.82,0.7796,-1,-1,-1
455,127,1153.29,313.43,65.67,246.19,0.6121,-1,-1,-1
455,135,716.27,257.71,66.95,310.61,0.5791,-1,-1,-1
455,142,625.99,302.17,82.72,268.35,0.7672,-1,-1,-1
455,144,580.16,314.77,54.63,191.76,0.5607,-1,-1,-1
455,146,885.73,304.97,84.76,232.28,0.6928,-1,-1,-1
455,147,1082.77,301.17,74.58,251.29,0.7147,-1,-1,-1
456,2,752.74,199.13,161.89,520.91,0.8256,-1,-1,-1
456,5,1199.43,157.19,312.21,835.54,0.9044,-1,-1,-1
456,92,965.85,211.80,127.20,445.26,0.7550,-1,-1,-1
456,127,1156.58,313.72,66.53,245.49,0.5425,-1,-1,-1
456,135,720.56,254.73,74.11,317.70,0.6264,-1,-1,-1
456,142,630.54,300.75,84.91,269.74,0.7507,-1,-1,-1
456,144,581.56,317.50,57.61,192.44,0.5184,-1,-1,-1
456,146,896.00,299.87,78.90,239.52,0.6626,-1,-1,-1
456,147,1089.53,299.16,74.45,247.23,0.7149,-1,-1,-1
457,2,761.69,202.08,162.54,519.49,0.8125,-1,-1,-1
457,5,1204.26,155.40,316.40,835.26,0.9002,-1,-1,-1
457,92,975.17,212.97,122.34,442.40,0.7720,-1,-1,-1
457,127,1158.48,309.34,68.97,249.64,0.3922,-1,-1,-1
457,135,725.76,251.09,75.95,321.12,0.6755,-1,-1,-1
457,142,630.71,299.80,91.62,267.80,0.7409,-1,-1,-1
457,144,589.01,307.26,56.17,203.19,0.5319,-1,-1,-1
457,146,901.09,298.04,81.82,240.54,0.6748,-1,-1,-1
457,147,1093.68,297.08,77.40,250.95,0.6792,-1,-1,-1
458,2,770.01,199.82,160.23,518.19,0.8170,-1,-1,-1
458,5,1205.86,153.70,319.52,834.83,0.8967,-1,-1,-1
458,92,993.65,211.45,117.81,440.73,0.7760,-1,-1,-1
458,135,727.70,249.72,75.95,318.12,0.7553,-1,-1,-1
458,142,633.73,296.75,91.56,271.50,0.7160,-1,-1,-1
458,144,596.81,307.05,54.43,198.71,0.4850,-1,-1,-1
458,146,907.47,298.05,89.03,240.16,0.7456,-1,-1,-1
458,147,1102.63,291.44,72.67,257.73,0.7100,-1,-1,-1
459,2,775.84,205.23,159.68,516.42,0.8489,-1,-1,-1
459,5,1202.68,147.51,334.91,842.56,0.9081,-1,-1,-1
459,92,997.59,205.49,121.92,445.77,0.8081,-1,-1,-1
459,135,729.44,250.45,76.87,322.43,0.7677,-1,-1,-1
459,142,639.27,296.80,91.21,272.79,0.7252,-1,-1,-1
459,144,598.12,301.94,56.00,203.34,0.4736,-1,-1,-1
459,146,912.57,296.91,82.23,238.10,0.7834,-1,-1,-1
459,147,1105.17,293.37,81.86,257.67,0.7431,-1,-1,-1
460,2,783.73,203.13,155.02,511.91,0.8529,-1,-1,-1
460,5,1201.79,140.43,344.95,834.96,0.9096,-1,-1,-1
460,92,995.34,208.44,132.74,444.98,0.7895,-1,-1,-1
460,135,732.62,246.58,79.46,329.43,0.7715,-1,-1,-1
460,142,639.71,296.17,92.38,271.95,0.7326,-1,-1,-1
460,144,603.14,302.57,53.73,199.51,0.2877,-1,-1,-1
460,146,921.13,296.11,79.73,238.18,0.7885,-1,-1,-1
460,147,1108.38,295.78,80.67,255.03,0.7265,-1,-1,-1
461,2,785.57,203.16,158.76,508.41,0.8313,-1,-1,-1
461,5,1201.46,135.69,349.78,832.15,0.9071,-1,-1,-1
461,92,1004.50,211.25,124.12,445.34,0.7837,-1,-1,-1
461,135,735.22,242.28,80.98,331.50,0.7553,-1,-1,-1
461,142,642.23,294.09,91.86,276.67,0.7405,-1,-1,-1
461,144,611.90,291.10,52.37,205.62,0.2438,-1,-1,-1
461,146,928.68,296.52,78.49,236.68,0.7523,-1,-1,-1
461,147,1109.61,293.77,86.49,252.97,0.7250,-1,-1,-1
462,2,786.98,200.73,158.89,507.71,0.8080,-1,-1,-1
462,5,1201.78,130.83,354.06,828.23,0.9071,-1,-1,-1
462,92,1002.16,208.75,128.43,452.74,0.7928,-1,-1,-1
462,135,737.37,241.90,81.83,327.89,0.7592,-1,-1,-1
462,142,643.49,292.26,91.18,278.63,0.7786,-1,-1,-1
462,144,615.99,292.58,47.03,199.97,0.3902,-1,-1,-1
462,146,932.35,295.00,80.12,234.77,0.7289,-1,-1,-1
462,147,1114.11,294.42,83.23,253.81,0.6621,-1,-1,-1
463,2,785.46,197.47,161.92,513.67,0.8206,-1,-1,-1
463,5,1203.42,131.91,353.16,819.47,0.9066,-1,-1,-1
463,92,1001.66,207.85,132.20,451.93,0.8001,-1,-1,-1
463,135,736.61,239.08,80.63,333.94,0.7511,-1,-1,-1
463,142,642.31,292.85,91.53,279.04,0.7671,-1,-1,-1
463,144,617.00,293.20,47.47,199.14,0.2860,-1,-1,-1
463,146,935.82,289.24,79.43,236.52,0.7363,-1,-1,-1
463,147,1118.80,292.10,81.83,251.23,0.6599,-1,-1,-1
464,2,781.38,189.77,165.57,510.80,0.8145,-1,-1,-1
464,5,1210.81,128.48,346.13,824.63,0.9035,-1,-1,-1
464,92,1001.79,206.70,134.92,451.85,0.8022,-1,-1,-1
464,135,734.59,239.47,81.77,332.23,0.7735,-1,-1,-1
464,142,638.85,290.13,90.22,276.22,0.7698,-1,-1,-1
464,144,617.11,289.86,47.26,202.87,0.4165,-1,-1,-1
464,146,933.95,284.27,80.93,236.84,0.7350,-1,-1,-1
464,147,1117.64,287.39,81.80,253.98,0.6600,-1,-1,-1
465,2,778.47,184.86,167.90,512.70,0.8158,-1,-1,-1
465,5,1212.18,122.83,342.95,832.11,0.9071,-1,-1,-1
465,92,1002.94,207.20,135.11,449.96,0.7839,-1,-1,-1
465,135,728.41,232.52,85.45,336.95,0.7626,-1,-1,-1
465,142,635.87,284.00,91.09,284.32,0.7538,-1,-1,-1
465,144,615.31,287.57,46.96,204.15,0.2724,-1,-1,-1
465,146,933.69,279.66,80.15,239.91,0.7192,-1,-1,-1
465,147,1126.63,288.24,74.07,250.72,0.6038,-1,-1,-1
466,2,773.07,179.95,172.24,513.04,0.8034,-1,-1,-1
466,5,1208.94,119.62,346.90,840.73,0.9070,-1,-1,-1
466,92,1003.44,205.17,136.06,445.63,0.7733,-1,-1,-1
466,135,725.82,227.82,85.08,340.40,0.7373,-1,-1,-1
466,142,632.85,282.67,89.85,284.97,0.7088,-1,-1,-1
466,144,612.96,289.68,48.47,204.41,0.2225,-1,-1,-1
466,146,933.33,275.64,81.11,242.14,0.7301,-1,-1,-1
466,147,1128.74,286.15,68.99,250.92,0.5908,-1,-1,-1
467,2,769.04,181.09,180.65,507.36,0.8185,-1,-1,-1
467,5,1203.78,119.36,352.47,845.40,0.9088,-1,-1,-1
467,92,1003.67,204.68,132.79,449.75,0.7796,-1,-1,-1
467,135,718.09,223.92,89.58,344.51,0.7110,-1,-1,-1
467,142,622.88,276.29,95.83,294.35,0.7155,-1,-1,-1
467,146,931.37,275.17,83.59,242.51,0.7586,-1,-1,-1
467,147,1126.15,282.92,71.97,254.12,0.6227,-1,-1,-1
468,2,767.56,179.57,176.60,509.73,0.8270,-1,-1,-1
468,5,1196.45,118.04,357.76,855.25,0.9127,-1,-1,-1
468,92,1001.69,204.61,130.73,443.82,0.7732,-1,-1,-1
468,135,713.85,219.42,87.94,353.82,0.7288,-1,-1,-1
468,142,617.86,274.76,95.14,296.92,0.7489,-1,-1,-1
468,146,929.97,275.14,82.64,242.45,0.7660,-1,-1,-1
468,147,1120.18,280.01,76.61,253.58,0.5552,-1,-1,-1
469,2,764.85,180.37,174.08,506.80,0.8289,-1,-1,-1
469,5,1194.06,118.24,358.73,863.76,0.9112,-1,-1,-1
469,92,999.34,203.49,128.69,443.28,0.7851,-1,-1,-1
469,135,707.07,218.15,85.89,354.73,0.7486,-1,-1,-1
469,142,613.26,268.60,90.77,303.01,0.8052,-1,-1,-1
469,146,925.12,272.80,85.29,243.90,0.7733,-1,-1,-1
469,147,1111.46,280.05,85.69,254.62,0.5817,-1,-1,-1
470,2,763.21,176.04,177.09,515.91,0.8398,-1,-1,-1
470,5,1191.47,119.29,356.66,866.70,0.9143,-1,-1,-1
470,92,996.66,198.79,131.84,448.19,0.7978,-1,-1,-1
470,135,703.24,215.62,89.49,357.40,0.7723,-1,-1,-1
470,142,600.83,267.35,99.79,302.93,0.7815,-1,-1,-1
470,146,922.60,273.09,81.70,242.86,0.7863,-1,-1,-1
470,147,1111.53,277.82,82.37,257.87,0.6220,-1,-1,-1
471,2,761.68,174.88,174.09,513.21,0.8412,-1,-1,-1
471,5,1182.78,118.73,365.10,877.44,0.9088,-1,-1,-1
471,92,994.73,195.45,130.18,451.09,0.7971,-1,-1,-1
471,135,692.77,212.70,92.83,359.24,0.7406,-1,-1,-1
471,142,595.36,264.57,97.66,307.74,0.7758,-1,-1,-1
471,146,917.85,273.02,84.82,243.50,0.8017,-1,-1,-1
471,147,1105.88,273.05,80.83,260.52,0.5661,-1,-1,-1
472,2,757.05,173.06,174.83,513.33,0.8631,-1,-1,-1
472,5,1186.17,119.32,356.79,875.54,0.9107,-1,-1,-1
472,92,991.26,197.00,131.20,449.69,0.7837,-1,-1,-1
472,135,686.01,208.98,97.32,361.85,0.7868,-1,-1,-1
472,142,591.15,264.90,98.44,307.45,0.8212,-1,-1,-1
472,146,917.45,271.95,82.46,243.07,0.8051,-1,-1,-1
472,147,1103.88,271.61,82.50,265.27,0.6620,-1,-1,-1
473,2,757.39,174.40,174.63,514.45,0.8755,-1,-1,-1
473,5,1185.51,117.89,354.67,872.22,0.9101,-1,-1,-1
473,92,989.14,196.40,127.28,450.78,0.7741,-1,-1,-1
473,135,680.54,205.63,100.82,365.19,0.8147,-1,-1,-1
473,142,586.04,262.19,97.73,310.33,0.8216,-1,-1,-1
473,146,917.24,272.86,81.05,242.38,0.7930,-1,-1,-1
473,147,1104.84,271.15,84.75,266.30,0.6918,-1,-1,-1
474,2,759.54,175.96,172.55,513.81,0.8767,-1,-1,-1
474,5,1188.00,114.61,347.42,863.63,0.9117,-1,-1,-1
474,92,986.96,195.41,126.72,450.11,0.7782,-1,-1,-1
474,135,675.61,205.57,104.13,369.25,0.8076,-1,-1,-1
474,142,582.13,261.75,94.49,310.06,0.8544,-1,-1,-1
474,146,916.73,274.79,78.82,242.68,0.7570,-1,-1,-1
474,147,1100.89,269.38,81.54,268.21,0.7434,-1,-1,-1
474,155,1787.16,347.07,70.08,51.57,0.1902,-1,-1,-1
475,2,759.58,175.95,174.49,514.52,0.8660,-1,-1,-1
475,5,1186.73,111.94,348.67,859.62,0.9118,-1,-1,-1
475,92,988.51,196.34,116.10,437.50,0.7673,-1,-1,-1
475,135,667.74,203.62,107.69,371.20,0.8235,-1,-1,-1
475,142,575.09,259.77,97.25,311.54,0.8380,-1,-1,-1
475,146,917.09,277.53,79.16,237.46,0.7594,-1,-1,-1
475,147,1096.71,266.93,79.99,267.81,0.7498,-1,-1,-1
476,2,760.54,176.33,176.20,512.19,0.8647,-1,-1,-1
476,5,1189.08,106.37,346.95,860.61,0.9088,-1,-1,-1
476,92,984.43,194.45,115.66,434.11,0.7682,-1,-1,-1
476,135,662.81,202.74,110.59,374.54,0.8287,-1,-1,-1
476,142,571.38,258.07,94.15,313.70,0.8262,-1,-1,-1
476,146,919.27,277.35,73.75,234.13,0.7504,-1,-1,-1
476,147,1098.78,263.63,75.55,271.08,0.7586,-1,-1,-1
477,2,765.01,178.01,173.85,510.85,0.8646,-1,-1,-1
477,5,1191.36,103.01,344.82,855.54,0.9085,-1,-1,-1
477,92,983.52,194.23,115.31,433.92,0.7660,-1,-1,-1
477,135,658.03,203.72,114.75,379.07,0.8361,-1,-1,-1
477,142,570.52,261.23,94.14,315.30,0.8302,-1,-1,-1
477,146,919.51,280.37,73.10,232.78,0.7578,-1,-1,-1
477,147,1099.01,264.03,75.43,271.82,0.7595,-1,-1,-1
478,2,769.85,179.44,172.61,509.44,0.8520,-1,-1,-1
478,5,1190.91,101.76,348.41,844.10,0.9094,-1,-1,-1
478,92,980.99,195.72,117.52,434.53,0.7670,-1,-1,-1
478,135,654.73,206.13,117.13,384.72,0.8425,-1,-1,-1
478,142,559.02,264.10,100.87,322.49,0.8101,-1,-1,-1
478,146,921.27,279.77,71.50,236.07,0.6717,-1,-1,-1
478,147,1096.37,266.13,77.74,271.91,0.7675,-1,-1,-1
479,2,775.05,179.39,172.33,506.74,0.8618,-1,-1,-1
479,5,1192.41,101.37,349.26,839.46,0.9122,-1,-1,-1
479,92,980.30,194.59,121.17,442.53,0.7529,-1,-1,-1
479,135,652.59,206.05,120.61,387.34,0.8341,-1,-1,-1
479,142,550.89,262.45,108.43,324.90,0.8066,-1,-1,-1
479,146,918.56,243.23,79.76,274.38,0.5562,-1,-1,-1
479,147,1097.16,266.19,76.53,273.08,0.7656,-1,-1,-1
479,155,1791.06,349.52,69.35,47.05,0.2088,-1,-1,-1
480,2,777.37,180.72,174.86,503.35,0.8569,-1,-1,-1
480,5,1194.55,101.31,349.21,843.67,0.9092,-1,-1,-1
480,92,979.29,194.60,121.36,445.07,0.7604,-1,-1,-1
480,135,648.25,206.32,128.05,389.84,0.8158,-1,-1,-1
480,142,547.61,264.48,107.19,327.94,0.8068,-1,-1,-1
480,146,921.66,270.79,74.69,247.32,0.4799,-1,-1,-1
480,147,1097.10,266.61,77.57,276.33,0.7611,-1,-1,-1
480,155,1797.87,348.05,63.25,49.06,0.1565,-1,-1,-1
481,2,781.50,182.61,171.81,499.87,0.8589,-1,-1,-1
481,5,1196.84,102.93,350.65,852.64,0.9124,-1,-1,-1
481,92,979.04,195.68,124.18,449.88,0.7732,-1,-1,-1
481,135,647.88,208.07,132.01,393.80,0.8174,-1,-1,-1
481,142,544.92,268.14,108.25,329.35,0.8058,-1,-1,-1
481,146,926.11,277.70,71.10,239.43,0.4006,-1,-1,-1
481,147,1096.85,272.76,80.23,271.30,0.7874,-1,-1,-1
481,155,1803.16,349.76,65.26,52.35,0.2259,-1,-1,-1
482,2,785.37,186.79,176.61,502.41,0.8525,-1,-1,-1
482,5,1199.91,107.84,355.06,858.00,0.9113,-1,-1,-1
482,92,978.78,200.18,125.67,442.96,0.7653,-1,-1,-1
482,135,650.49,212.01,132.17,394.60,0.8230,-1,-1,-1
482,142,544.52,273.69,108.19,328.42,0.7942,-1,-1,-1
482,146,930.89,229.73,77.87,285.31,0.1717,-1,-1,-1
482,147,1097.66,276.53,80.68,270.36,0.7675,-1,-1,-1
483,2,789.06,183.33,177.16,507.70,0.8521,-1,-1,-1
483,5,1201.67,109.07,356.03,863.41,0.9091,-1,-1,-1
483,92,982.54,201.14,130.01,446.96,0.7996,-1,-1,-1
483,135,650.32,210.42,136.30,397.79,0.8171,-1,-1,-1
483,142,546.46,271.53,105.12,331.72,0.7784,-1,-1,-1
483,146,938.15,219.57,87.23,296.96,0.1872,-1,-1,-1
483,147,1101.15,274.89,85.33,275.06,0.7731,-1,-1,-1
484,2,799.42,183.05,170.13,509.78,0.8533,-1,-1,-1
484,5,1204.21,113.08,354.57,868.20,0.9080,-1,-1,-1
484,92,987.54,203.77,125.90,448.85,0.8214,-1,-1,-1
484,135,651.44,208.96,130.92,404.44,0.8127,-1,-1,-1
484,142,547.38,269.93,103.03,338.58,0.7717,-1,-1,-1
484,146,934.66,272.02,75.29,247.07,0.2300,-1,-1,-1
484,147,1102.62,275.92,88.17,274.22,0.7839,-1,-1,-1
485,2,805.85,190.68,171.93,500.30,0.8432,-1,-1,-1
485,5,1208.16,114.59,355.01,880.99,0.9015,-1,-1,-1
485,92,994.02,207.78,122.42,449.63,0.8212,-1,-1,-1
485,135,653.03,208.20,128.43,412.27,0.8032,-1,-1,-1
485,142,545.00,272.06,107.77,342.21,0.7952,-1,-1,-1
485,147,1104.77,275.20,86.36,279.09,0.7930,-1,-1,-1
486,2,811.67,191.99,171.51,506.28,0.8443,-1,-1,-1
486,5,1214.99,118.73,349.87,892.39,0.9050,-1,-1,-1
486,92,998.80,211.50,121.19,448.11,0.8150,-1,-1,-1
486,135,655.22,207.91,136.04,412.66,0.8127,-1,-1,-1
486,142,545.77,271.58,109.87,346.01,0.7980,-1,-1,-1
486,147,1104.85,279.74,97.72,276.60,0.7857,-1,-1,-1
487,2,819.46,195.13,171.40,512.76,0.8602,-1,-1,-1
487,5,1223.07,130.64,348.62,891.71,0.9046,-1,-1,-1
487,92,1005.16,217.93,121.11,448.50,0.7951,-1,-1,-1
487,135,657.28,208.93,148.48,418.18,0.8047,-1,-1,-1
487,142,542.70,269.26,112.73,352.14,0.8126,-1,-1,-1
487,147,1113.38,283.25,92.78,279.85,0.7860,-1,-1,-1
488,2,824.64,203.02,174.69,509.85,0.8581,-1,-1,-1
488,5,1226.34,139.01,347.83,889.61,0.9040,-1,-1,-1
488,92,1005.29,222.23,126.35,448.86,0.8013,-1,-1,-1
488,135,660.24,211.41,146.98,418.93,0.8036,-1,-1,-1
488,142,543.29,271.73,113.67,354.91,0.8069,-1,-1,-1
488,147,1118.70,285.59,93.20,278.05,0.7816,-1,-1,-1
488,155,1843.13,366.51,76.02,71.27,0.1954,-1,-1,-1
489,2,833.35,206.90,178.63,510.40,0.8520,-1,-1,-1
489,5,1227.74,141.61,348.08,892.71,0.9076,-1,-1,-1
489,92,1012.15,228.73,121.30,441.38,0.7783,-1,-1,-1
489,135,662.61,211.46,153.91,421.49,0.8041,-1,-1,-1
489,142,541.76,270.15,118.72,360.39,0.7885,-1,-1,-1
489,147,1129.75,292.75,88.05,277.26,0.7970,-1,-1,-1
489,155,1850.77,373.63,68.86,72.88,0.2384,-1,-1,-1
490,2,839.12,214.15,177.67,508.44,0.8664,-1,-1,-1
490,5,1230.09,143.04,350.94,889.91,0.9106,-1,-1,-1
490,92,1014.91,229.20,123.63,447.92,0.7745,-1,-1,-1
490,135,664.48,213.13,153.33,426.67,0.7987,-1,-1,-1
490,142,535.54,272.07,130.55,362.85,0.7828,-1,-1,-1
490,147,1133.07,296.77,90.68,273.64,0.8018,-1,-1,-1
490,155,1852.84,377.48,66.03,77.91,0.3183,-1,-1,-1
491,2,843.90,218.71,178.64,508.38,0.8636,-1,-1,-1
491,5,1228.02,142.50,356.16,894.26,0.9102,-1,-1,-1
491,92,1015.78,228.03,123.48,448.21,0.7794,-1,-1,-1
491,135,664.52,213.37,159.45,430.21,0.8144,-1,-1,-1
491,142,531.06,272.95,133.62,365.39,0.7798,-1,-1,-1
491,147,1135.72,299.83,92.79,273.49,0.8193,-1,-1,-1
492,2,847.94,224.76,177.39,507.23,0.8459,-1,-1,-1
492,5,1224.97,141.32,367.34,894.45,0.9080,-1,-1,-1
492,92,1013.87,231.55,126.41,452.14,0.7870,-1,-1,-1
492,135,666.15,213.58,157.58,432.18,0.8286,-1,-1,-1
492,142,526.61,273.33,142.36,366.56,0.8082,-1,-1,-1
492,147,1136.15,304.41,96.46,275.16,0.8236,-1,-1,-1
492,155,1867.37,382.99,51.85,83.53,0.1985,-1,-1,-1
492,157,333.51,306.34,61.71,218.65,0.2388,-1,-1,-1
493,2,850.87,231.08,172.81,505.11,0.8319,-1,-1,-1
493,5,1222.94,136.05,360.72,903.63,0.8984,-1,-1,-1
493,92,1015.16,232.33,128.34,452.81,0.8117,-1,-1,-1
493,135,660.58,213.42,159.70,436.23,0.8143,-1,-1,-1
493,142,523.49,274.37,143.62,369.05,0.8008,-1,-1,-1
493,147,1135.57,309.27,100.19,272.45,0.8215,-1,-1,-1
493,157,333.69,305.31,61.59,224.79,0.4200,-1,-1,-1
494,2,855.27,230.48,173.71,494.85,0.8312,-1,-1,-1
494,5,1217.97,133.59,352.38,891.79,0.8984,-1,-1,-1
494,92,1014.38,232.90,127.63,448.57,0.8177,-1,-1,-1
494,135,660.02,213.11,157.26,444.15,0.8274,-1,-1,-1
494,142,520.13,275.63,144.72,376.37,0.8220,-1,-1,-1
494,147,1133.88,310.90,102.91,271.87,0.7891,-1,-1,-1
494,157,330.87,308.09,62.93,222.69,0.1956,-1,-1,-1
495,2,858.72,229.98,171.53,496.37,0.8389,-1,-1,-1
495,5,1212.99,131.32,354.82,884.97,0.9053,-1,-1,-1
495,92,1009.18,234.24,129.48,447.21,0.8095,-1,-1,-1
495,135,655.00,213.06,162.18,451.75,0.8192,-1,-1,-1
495,142,516.14,278.00,145.61,380.02,0.7907,-1,-1,-1
495,147,1136.91,312.41,99.07,274.20,0.7834,-1,-1,-1
495,157,326.28,312.84,64.94,219.27,0.1875,-1,-1,-1
496,2,859.42,229.61,173.21,496.01,0.8133,-1,-1,-1
496,5,1214.30,127.48,351.34,879.86,0.9088,-1,-1,-1
496,92,1010.34,234.63,128.93,445.12,0.8069,-1,-1,-1
496,135,644.70,216.07,176.43,454.33,0.8369,-1,-1,-1
496,142,512.97,281.63,143.44,381.88,0.8001,-1,-1,-1
496,147,1141.63,312.86,96.50,275.38,0.7683,-1,-1,-1
496,157,322.57,313.37,66.36,221.97,0.3201,-1,-1,-1
497,2,859.65,229.35,175.81,468.40,0.8124,-1,-1,-1
497,5,1212.35,121.44,351.94,887.24,0.9161,-1,-1,-1
497,92,1009.18,234.11,129.30,446.49,0.8096,-1,-1,-1
497,135,637.35,213.48,179.01,456.22,0.8457,-1,-1,-1
497,142,509.52,283.53,143.00,384.11,0.8177,-1,-1,-1
497,147,1142.22,312.75,96.56,278.50,0.7480,-1,-1,-1
498,2,859.33,228.80,177.70,456.65,0.8137,-1,-1,-1
498,5,1210.39,118.27,352.58,897.69,0.9118,-1,-1,-1
498,92,1008.00,235.23,129.96,447.30,0.8244,-1,-1,-1
498,135,634.41,212.76,177.22,460.44,0.8757,-1,-1,-1
498,142,507.72,286.24,136.97,382.67,0.8274,-1,-1,-1
498,147,1141.92,312.51,96.98,279.51,0.7726,-1,-1,-1
499,2,859.23,227.37,178.28,490.60,0.8201,-1,-1,-1
499,5,1211.56,115.57,351.18,907.85,0.9122,-1,-1,-1
499,92,1007.98,232.98,129.15,449.82,0.8067,-1,-1,-1
499,135,629.54,214.64,173.12,463.55,0.8772,-1,-1,-1
499,142,498.76,287.53,143.90,387.15,0.8102,-1,-1,-1
499,147,1143.73,312.09,95.08,283.20,0.7382,-1,-1,-1
500,2,859.38,226.41,176.58,488.13,0.8319,-1,-1,-1
500,5,1208.02,114.37,354.94,919.07,0.9102,-1,-1,-1
500,92,1008.64,232.39,125.39,453.77,0.8016,-1,-1,-1
500,135,624.80,213.93,171.01,472.87,0.8407,-1,-1,-1
500,142,493.70,290.06,142.03,390.95,0.8259,-1,-1,-1
500,147,1141.73,312.53,97.12,285.46,0.7378,-1,-1,-1
501,2,857.29,226.92,179.58,492.17,0.8417,-1,-1,-1
501,5,1208.12,114.40,353.97,926.65,0.9114,-1,-1,-1
501,92,1007.53,233.49,127.19,453.76,0.8126,-1,-1,-1
501,135,621.95,212.03,169.30,482.51,0.8412,-1,-1,-1
501,142,486.69,283.48,143.25,399.85,0.8331,-1,-1,-1
501,147,1143.43,311.91,95.13,284.49,0.7582,-1,-1,-1
502,2,858.14,227.51,180.62,488.93,0.8477,-1,-1,-1
502,5,1208.94,114.97,352.25,931.14,0.9147,-1,-1,-1
502,92,1004.14,235.43,128.84,453.12,0.8171,-1,-1,-1
502,135,615.85,213.24,174.76,484.67,0.8373,-1,-1,-1
502,142,480.58,283.02,140.49,405.68,0.8260,-1,-1,-1
502,147,1141.44,311.41,97.30,283.34,0.7960,-1,-1,-1
503,2,855.21,225.57,179.60,496.82,0.8421,-1,-1,-1
503,5,1208.61,116.26,351.57,933.56,0.9154,-1,-1,-1
503,92,1001.90,235.43,130.97,449.00,0.8112,-1,-1,-1
503,135,609.03,206.40,164.19,487.78,0.8473,-1,-1,-1
503,142,470.71,277.40,142.34,411.32,0.8169,-1,-1,-1
503,147,1138.33,309.25,97.21,284.96,0.8153,-1,-1,-1
504,2,851.95,224.84,183.48,492.23,0.8397,-1,-1,-1
504,5,1206.92,117.06,352.84,937.83,0.9171,-1,-1,-1
504,92,1001.94,233.60,128.99,448.11,0.8084,-1,-1,-1
504,135,601.60,196.51,168.38,500.44,0.8537,-1,-1,-1
504,142,462.16,274.81,144.72,414.99,0.8135,-1,-1,-1
504,147,1137.13,305.48,98.72,288.95,0.8090,-1,-1,-1
505,2,854.77,225.06,183.61,496.69,0.8227,-1,-1,-1
505,5,1208.33,116.07,352.38,942.28,0.9196,-1,-1,-1
505,92,1007.14,230.31,118.52,446.11,0.7636,-1,-1,-1
505,135,590.24,195.08,173.91,504.14,0.8639,-1,-1,-1
505,142,451.74,269.33,144.58,422.62,0.8096,-1,-1,-1
505,147,1135.83,302.31,97.26,288.33,0.8112,-1,-1,-1
506,2,854.50,224.14,183.27,503.78,0.8207,-1,-1,-1
506,5,1208.04,114.35,353.21,944.95,0.9161,-1,-1,-1
506,92,1002.76,232.44,118.84,439.64,0.7533,-1,-1,-1
506,135,583.39,187.50,169.47,505.94,0.8500,-1,-1,-1
506,142,440.73,266.32,152.79,427.91,0.8200,-1,-1,-1
506,147,1129.13,299.18,105.02,290.24,0.8064,-1,-1,-1
507,2,856.49,224.93,180.10,505.82,0.8121,-1,-1,-1
507,5,1211.23,112.15,350.70,933.89,0.9159,-1,-1,-1
507,92,1000.70,232.99,118.16,440.52,0.7585,-1,-1,-1
507,135,572.94,186.70,169.57,507.36,0.8499,-1,-1,-1
507,142,432.12,262.31,150.09,435.21,0.8503,-1,-1,-1
507,147,1129.20,297.37,102.63,290.82,0.8138,-1,-1,-1
508,2,854.42,229.43,175.94,498.36,0.8233,-1,-1,-1
508,5,1212.06,108.00,348.51,932.72,0.9174,-1,-1,-1
508,92,997.62,231.54,110.48,439.91,0.7316,-1,-1,-1
508,135,562.60,180.38,169.24,519.72,0.8467,-1,-1,-1
508,142,418.20,258.77,149.54,439.82,0.8392,-1,-1,-1
508,147,1133.06,296.17,96.82,290.18,0.7952,-1,-1,-1
508,162,1087.36,313.77,41.76,208.37,0.2238,-1,-1,-1
509,2,853.88,229.00,173.90,492.46,0.8017,-1,-1,-1
509,5,1210.32,104.43,348.19,934.06,0.9156,-1,-1,-1
509,92,1002.47,227.15,96.81,449.66,0.7404,-1,-1,-1
509,135,550.10,174.74,173.08,526.89,0.8642,-1,-1,-1
509,142,408.74,255.09,149.09,444.01,0.8444,-1,-1,-1
509,147,1127.65,295.38,96.13,289.58,0.7925,-1,-1,-1
509,162,1084.81,312.69,52.47,207.37,0.3433,-1,-1,-1
510,2,850.98,228.28,172.50,489.05,0.7941,-1,-1,-1
510,5,1208.23,100.69,355.69,932.70,0.9111,-1,-1,-1
510,92,998.38,227.57,97.73,448.54,0.7123,-1,-1,-1
510,135,535.95,170.24,179.08,535.55,0.8795,-1,-1,-1
510,142,393.56,253.88,149.40,451.00,0.8391,-1,-1,-1
510,147,1121.53,293.43,98.22,290.71,0.8059,-1,-1,-1
510,162,1077.42,309.98,50.36,207.47,0.4557,-1,-1,-1
510,165,1863.67,405.25,55.51,87.81,0.3687,-1,-1,-1
510,166,843.47,306.99,59.54,257.87,0.2534,-1,-1,-1
511,2,859.48,225.69,160.56,484.80,0.7530,-1,-1,-1
511,5,1204.90,94.33,358.72,920.84,0.9119,-1,-1,-1
511,92,993.23,219.79,100.40,459.47,0.6834,-1,-1,-1
511,135,523.34,170.94,178.11,536.60,0.8649,-1,-1,-1
511,142,375.43,251.41,159.13,461.62,0.8523,-1,-1,-1
511,147,1119.29,289.38,96.84,295.11,0.8114,-1,-1,-1
511,162,1071.31,310.92,58.55,204.63,0.5227,-1,-1,-1
511,165,1858.67,392.26,60.16,95.76,0.1817,-1,-1,-1
511,166,839.77,300.35,61.46,264.12,0.3044,-1,-1,-1
512,2,856.84,219.49,159.94,481.71,0.7462,-1,-1,-1
512,5,1205.42,87.32,353.92,906.68,0.9076,-1,-1,-1
512,92,990.32,216.87,102.59,464.51,0.6854,-1,-1,-1
512,135,511.32,168.38,183.64,547.25,0.8671,-1,-1,-1
512,142,363.01,251.38,159.48,470.42,0.8264,-1,-1,-1
512,147,1114.68,285.09,97.60,297.32,0.7829,-1,-1,-1
512,162,1071.39,304.72,53.78,202.62,0.4372,-1,-1,-1
512,165,1856.25,387.96,63.45,96.46,0.2150,-1,-1,-1
512,166,843.44,250.45,68.50,304.55,0.2029,-1,-1,-1
513,2,851.48,214.58,161.69,483.39,0.8222,-1,-1,-1
513,5,1207.23,82.98,351.38,899.14,0.9024,-1,-1,-1
513,92,988.91,221.53,84.56,453.14,0.6105,-1,-1,-1
513,135,500.96,161.46,189.21,560.57,0.8579,-1,-1,-1
513,142,350.47,246.28,161.79,481.22,0.8544,-1,-1,-1
513,147,1111.81,283.82,97.49,296.42,0.7453,-1,-1,-1
513,162,1061.06,308.35,62.97,204.44,0.5006,-1,-1,-1
513,165,1853.45,381.19,66.14,98.89,0.2449,-1,-1,-1
513,166,834.44,298.17,68.97,263.76,0.1928,-1,-1,-1
514,2,851.07,205.25,159.05,488.62,0.7751,-1,-1,-1
514,5,1211.36,74.36,347.89,899.24,0.9055,-1,-1,-1
514,92,987.43,213.03,89.35,451.67,0.6762,-1,-1,-1
514,135,488.08,157.76,197.01,572.04,0.8478,-1,-1,-1
514,142,341.39,247.04,164.55,475.87,0.8292,-1,-1,-1
514,147,1108.49,278.02,100.29,297.21,0.7836,-1,-1,-1
514,162,1059.78,300.19,61.66,212.33,0.4237,-1,-1,-1
514,165,1852.68,373.17,66.69,102.30,0.2800,-1,-1,-1
514,166,834.24,319.32,63.25,243.83,0.2879,-1,-1,-1
515,2,850.18,204.29,158.31,486.50,0.7924,-1,-1,-1
515,5,1214.10,68.27,345.51,905.89,0.9067,-1,-1,-1
515,92,987.74,210.68,89.68,452.31,0.6674,-1,-1,-1
515,135,480.94,155.12,197.19,580.48,0.8482,-1,-1,-1
515,142,329.41,245.66,169.15,480.85,0.8538,-1,-1,-1
515,147,1105.10,274.49,101.77,298.81,0.8050,-1,-1,-1
515,162,1057.28,293.61,57.54,221.12,0.4554,-1,-1,-1
515,165,1852.92,370.70,66.89,101.72,0.3194,-1,-1,-1
515,166,832.71,326.89,61.06,231.02,0.3483,-1,-1,-1
516,2,848.39,201.60,159.18,487.26,0.8175,-1,-1,-1
516,5,1217.54,62.63,341.69,911.91,0.9068,-1,-1,-1
516,92,987.62,205.49,88.59,448.23,0.6730,-1,-1,-1
516,135,470.12,151.85,205.81,585.23,0.8649,-1,-1,-1
516,142,318.10,244.70,173.17,491.68,0.8640,-1,-1,-1
516,147,1105.25,273.39,100.31,298.68,0.8164,-1,-1,-1
516,162,1054.11,295.39,61.35,217.05,0.4596,-1,-1,-1
516,165,1851.45,365.98,68.01,103.89,0.2687,-1,-1,-1
516,166,831.97,326.82,61.56,227.27,0.2810,-1,-1,-1
517,2,850.93,198.78,155.28,490.02,0.8169,-1,-1,-1
517,5,1219.66,59.71,340.74,921.14,0.9086,-1,-1,-1
517,92,987.92,203.87,85.10,438.45,0.6637,-1,-1,-1
517,135,465.71,151.12,208.61,595.81,0.8869,-1,-1,-1
517,142,309.15,239.87,171.06,505.41,0.8543,-1,-1,-1
517,147,1106.13,271.07,100.80,300.63,0.8196,-1,-1,-1
517,162,1055.03,295.48,61.42,213.62,0.5301,-1,-1,-1
517,165,1851.60,364.11,67.95,105.39,0.1927,-1,-1,-1
517,166,832.43,326.48,59.72,226.26,0.2980,-1,-1,-1
518,2,852.11,197.41,153.22,493.38,0.7894,-1,-1,-1
518,5,1220.05,57.59,341.46,932.32,0.9092,-1,-1,-1
518,92,988.53,203.30,82.56,434.92,0.6656,-1,-1,-1
518,135,459.49,147.08,213.16,605.80,0.8798,-1,-1,-1
518,142,299.31,234.55,173.70,518.66,0.8632,-1,-1,-1
518,147,1103.52,268.74,104.84,305.22,0.8094,-1,-1,-1
518,162,1053.57,288.37,56.64,218.58,0.5081,-1,-1,-1
518,165,1857.89,355.24,61.17,112.56,0.3112,-1,-1,-1
518,166,832.71,327.24,59.87,226.97,0.3254,-1,-1,-1
519,2,850.98,196.53,155.16,494.33,0.7931,-1,-1,-1
519,5,1220.59,57.48,341.24,935.37,0.9033,-1,-1,-1
519,92,987.72,199.52,81.62,436.23,0.6393,-1,-1,-1
519,135,452.09,143.81,218.37,615.35,0.8656,-1,-1,-1
519,142,290.58,229.95,177.24,530.34,0.8641,-1,-1,-1
519,147,1100.81,264.21,107.61,308.48,0.8081,-1,-1,-1
519,162,1055.77,290.39,57.24,220.84,0.5583,-1,-1,-1
519,165,1852.69,355.65,66.64,115.95,0.1524,-1,-1,-1
519,166,831.57,324.14,62.35,225.66,0.1996,-1,-1,-1
519,168,1196.49,309.78,48.38,204.55,0.2784,-1,-1,-1
520,2,853.24,193.87,153.20,496.28,0.7836,-1,-1,-1
520,5,1226.65,55.99,337.39,943.91,0.9022,-1,-1,-1
520,92,987.50,196.62,81.68,439.23,0.6317,-1,-1,-1
520,135,448.14,140.01,222.87,623.36,0.8581,-1,-1,-1
520,142,278.61,225.40,183.26,535.44,0.8723,-1,-1,-1
520,147,1102.55,264.91,107.68,304.84,0.8019,-1,-1,-1
520,162,1056.32,285.37,53.94,222.33,0.5540,-1,-1,-1
520,165,1834.72,352.29,83.71,127.15,0.2487,-1,-1,-1
520,166,832.76,320.74,62.57,229.52,0.1910,-1,-1,-1
520,168,1198.27,308.25,49.27,202.59,0.2045,-1,-1,-1
521,2,856.69,197.55,151.33,496.16,0.7862,-1,-1,-1
521,5,1231.12,59.66,336.23,948.53,0.9018,-1,-1,-1
521,92,989.84,197.05,82.06,440.11,0.6687,-1,-1,-1
521,135,447.08,135.69,225.47,630.80,0.8571,-1,-1,-1
521,142,273.31,228.41,185.16,535.71,0.8840,-1,-1,-1
521,147,1108.64,264.70,108.67,306.86,0.7966,-1,-1,-1
521,162,1059.90,295.83,57.10,213.01,0.5846,-1,-1,-1
521,165,1867.95,357.95,54.12,108.80,0.1937,-1,-1,-1
521,166,852.24,229.45,58.22,315.05,0.1934,-1,-1,-1
521,168,1200.44,304.91,50.80,165.14,0.2084,-1,-1,-1
522,2,858.43,198.48,151.18,492.53,0.8070,-1,-1,-1
522,5,1233.52,57.91,330.18,956.95,0.9046,-1,-1,-1
522,92,989.78,195.64,81.99,441.87,0.6462,-1,-1,-1
522,135,443.55,130.05,228.88,638.78,0.8668,-1,-1,-1
522,142,266.03,223.53,187.89,544.04,0.8774,-1,-1,-1
522,147,1108.68,262.08,106.55,306.53,0.7990,-1,-1,-1
522,162,1059.57,284.19,56.56,215.59,0.5795,-1,-1,-1
522,165,1870.24,360.08,49.91,104.27,0.1684,-1,-1,-1
523,2,862.88,197.58,148.69,492.43,0.8150,-1,-1,-1
523,5,1234.07,55.15,325.85,965.31,0.9075,-1,-1,-1
523,92,990.09,193.36,82.83,446.84,0.6651,-1,-1,-1
523,135,436.83,117.65,234.42,655.39,0.8742,-1,-1,-1
523,142,254.47,217.36,198.55,552.54,0.8782,-1,-1,-1
523,147,1107.69,259.58,109.61,305.61,0.7885,-1,-1,-1
523,162,1059.75,284.94,60.06,215.04,0.6405,-1,-1,-1
523,166,859.89,209.75,56.44,338.72,0.2547,-1,-1,-1
524,2,869.02,199.21,145.58,491.59,0.8333,-1,-1,-1
524,5,1236.15,53.71,323.61,962.23,0.9070,-1,-1,-1
524,92,993.56,198.06,80.00,450.79,0.6156,-1,-1,-1
524,135,433.22,117.90,237.82,658.44,0.8759,-1,-1,-1
524,142,248.35,215.82,201.73,561.94,0.8796,-1,-1,-1
524,147,1105.76,258.18,114.18,307.21,0.7985,-1,-1,-1
524,162,1059.77,281.99,62.04,216.93,0.6660,-1,-1,-1
525,2,872.86,200.22,149.71,490.51,0.8535,-1,-1,-1
525,5,1235.52,48.89,328.51,965.81,0.9050,-1,-1,-1
525,92,993.29,196.58,82.96,443.92,0.5446,-1,-1,-1
525,135,432.90,112.92,241.53,666.53,0.8757,-1,-1,-1
525,142,240.61,212.71,203.41,566.47,0.8769,-1,-1,-1
525,147,1111.38,256.61,114.57,307.37,0.8086,-1,-1,-1
525,162,1065.04,280.29,61.80,219.16,0.6522,-1,-1,-1
525,166,868.98,211.31,54.09,334.83,0.2117,-1,-1,-1
526,2,877.48,199.18,149.87,493.99,0.8615,-1,-1,-1
526,5,1239.26,48.06,328.70,964.26,0.9022,-1,-1,-1
526,92,996.37,201.94,87.95,445.87,0.5454,-1,-1,-1
526,135,429.58,110.91,248.07,670.65,0.8778,-1,-1,-1
526,142,232.42,209.77,205.90,574.05,0.8664,-1,-1,-1
526,147,1114.19,255.62,117.73,311.41,0.8282,-1,-1,-1
526,162,1069.85,276.83,59.40,221.52,0.7087,-1,-1,-1
527,2,879.89,200.70,152.07,491.43,0.8377,-1,-1,-1
527,5,1244.52,49.83,326.53,961.68,0.9085,-1,-1,-1
527,92,997.10,203.77,91.40,448.11,0.6110,-1,-1,-1
527,135,424.80,111.26,255.55,673.20,0.8739,-1,-1,-1
527,142,224.89,205.44,206.87,584.24,0.8567,-1,-1,-1
527,147,1116.79,259.02,120.25,309.23,0.8436,-1,-1,-1
527,162,1072.07,278.68,63.04,225.67,0.7500,-1,-1,-1
528,2,877.88,199.69,157.71,493.01,0.8250,-1,-1,-1
528,5,1242.44,46.65,332.76,963.53,0.9094,-1,-1,-1
528,92,999.55,203.23,93.22,450.84,0.5936,-1,-1,-1
528,135,420.35,108.54,260.30,680.76,0.8846,-1,-1,-1
528,142,223.89,206.03,209.07,589.61,0.8459,-1,-1,-1
528,147,1126.43,260.14,111.14,310.69,0.8387,-1,-1,-1
528,162,1078.25,277.73,62.86,226.26,0.7211,-1,-1,-1
529,2,875.47,198.48,158.79,489.69,0.8111,-1,-1,-1
529,5,1241.87,47.84,335.73,953.72,0.9105,-1,-1,-1
529,92,1002.14,203.19,90.30,452.49,0.6180,-1,-1,-1
529,135,415.74,104.26,269.18,693.39,0.8813,-1,-1,-1
529,142,222.53,205.85,209.50,608.55,0.8260,-1,-1,-1
529,147,1133.13,261.59,108.35,311.59,0.8122,-1,-1,-1
529,162,1085.13,283.64,58.34,226.89,0.7227,-1,-1,-1
530,2,890.11,196.66,143.12,490.67,0.7816,-1,-1,-1
530,5,1246.94,49.30,342.27,938.84,0.9055,-1,-1,-1
530,92,1008.77,208.35,87.13,451.73,0.7048,-1,-1,-1
530,135,403.13,101.18,282.25,713.23,0.8808,-1,-1,-1
530,142,213.12,206.02,218.42,630.32,0.8283,-1,-1,-1
530,147,1137.62,262.03,107.27,313.81,0.8009,-1,-1,-1
530,162,1089.03,294.43,61.01,211.08,0.6539,-1,-1,-1
531,2,877.60,195.49,159.55,491.18,0.7958,-1,-1,-1
531,5,1247.93,48.92,345.44,937.49,0.9107,-1,-1,-1
531,92,1010.64,206.92,92.91,458.47,0.7155,-1,-1,-1
531,135,401.31,93.47,283.19,743.07,0.8823,-1,-1,-1
531,142,208.51,208.64,218.11,635.44,0.8440,-1,-1,-1
531,147,1144.01,264.88,105.92,311.64,0.8071,-1,-1,-1
531,162,1094.19,293.18,63.85,213.47,0.7246,-1,-1,-1
532,2,887.03,198.21,156.88,486.37,0.8205,-1,-1,-1
532,5,1250.76,47.18,348.86,949.16,0.9081,-1,-1,-1
532,92,1013.89,201.98,92.31,462.67,0.6416,-1,-1,-1
532,135,396.76,92.20,288.58,757.94,0.8875,-1,-1,-1
532,142,203.10,211.77,222.37,634.18,0.8566,-1,-1,-1
532,147,1146.78,265.11,105.86,313.62,0.8129,-1,-1,-1
532,162,1099.59,293.81,60.49,216.45,0.7337,-1,-1,-1
533,2,892.87,200.44,153.45,485.82,0.8363,-1,-1,-1
533,5,1253.25,48.02,355.08,955.67,0.9000,-1,-1,-1
533,92,1015.63,202.78,92.58,460.67,0.7148,-1,-1,-1
533,135,387.15,91.10,298.16,763.53,0.8828,-1,-1,-1
533,142,197.32,214.29,221.33,640.88,0.8666,-1,-1,-1
533,147,1151.50,269.44,105.60,315.02,0.8025,-1,-1,-1
533,162,1103.13,285.56,61.73,225.21,0.6589,-1,-1,-1
534,2,895.95,201.60,153.08,496.30,0.8363,-1,-1,-1
534,5,1260.49,44.58,358.21,966.55,0.9041,-1,-1,-1
534,92,1015.96,198.39,91.95,466.25,0.6661,-1,-1,-1
534,135,380.37,90.66,303.85,764.13,0.8864,-1,-1,-1
534,142,188.98,216.78,221.32,641.89,0.8750,-1,-1,-1
534,147,1154.25,270.42,106.57,316.24,0.7666,-1,-1,-1
534,162,1106.33,287.13,64.12,231.70,0.6017,-1,-1,-1
535,2,895.95,204.93,153.98,492.93,0.8416,-1,-1,-1
535,5,1263.49,43.25,358.13,978.29,0.9080,-1,-1,-1
535,92,1017.57,199.46,94.88,471.91,0.6875,-1,-1,-1
535,135,373.53,87.04,303.73,778.05,0.8745,-1,-1,-1
535,142,178.95,210.54,227.99,676.00,0.8807,-1,-1,-1
535,147,1152.97,269.93,113.35,317.14,0.7876,-1,-1,-1
535,162,1105.99,289.06,60.26,231.98,0.4058,-1,-1,-1
536,2,900.53,205.35,151.97,494.71,0.8325,-1,-1,-1
536,5,1262.99,41.57,367.07,987.99,0.9049,-1,-1,-1
536,92,1019.06,196.99,93.03,468.44,0.7112,-1,-1,-1
536,135,370.94,82.54,300.11,808.34,0.8699,-1,-1,-1
536,142,167.16,208.62,234.25,683.23,0.8808,-1,-1,-1
536,147,1155.07,269.46,111.77,317.79,0.8014,-1,-1,-1
536,162,1108.90,292.84,59.84,226.44,0.3639,-1,-1,-1
537,2,902.94,209.89,150.88,492.95,0.8225,-1,-1,-1
537,5,1263.96,40.84,371.20,994.47,0.9052,-1,-1,-1
537,92,1019.82,198.72,92.56,462.90,0.6954,-1,-1,-1
537,135,362.64,78.93,301.63,830.28,0.8744,-1,-1,-1
537,142,151.24,205.17,241.51,694.63,0.8765,-1,-1,-1
537,147,1155.72,269.99,111.18,317.99,0.7672,-1,-1,-1
537,162,1113.11,284.83,65.42,241.13,0.3764,-1,-1,-1
537,171,1628.93,319.82,46.70,118.15,0.2852,-1,-1,-1
538,2,904.15,212.38,151.95,490.54,0.8179,-1,-1,-1
538,5,1267.28,41.25,375.36,1000.40,0.9050,-1,-1,-1
538,92,1020.06,200.31,99.99,459.53,0.7017,-1,-1,-1
538,135,350.54,67.08,298.68,848.98,0.8848,-1,-1,-1
538,142,136.11,198.82,244.59,708.79,0.8732,-1,-1,-1
538,147,1158.56,268.49,109.55,321.16,0.8020,-1,-1,-1
538,162,1114.85,282.23,63.67,246.01,0.3633,-1,-1,-1
538,171,1632.21,316.83,51.55,121.56,0.2362,-1,-1,-1
539,2,903.13,211.55,150.78,491.78,0.8154,-1,-1,-1
539,5,1269.00,40.07,377.27,1007.75,0.9046,-1,-1,-1
539,92,1020.44,199.78,102.90,451.10,0.7176,-1,-1,-1
539,135,342.04,53.50,306.62,865.66,0.8808,-1,-1,-1
539,142,111.83,188.18,251.34,721.70,0.8698,-1,-1,-1
539,147,1155.12,265.29,109.92,323.41,0.7904,-1,-1,-1
539,162,1116.44,274.94,62.32,253.57,0.3044,-1,-1,-1
539,171,1635.62,314.25,57.38,121.99,0.1644,-1,-1,-1
540,2,903.46,212.30,151.57,490.77,0.8078,-1,-1,-1
540,5,1273.33,41.63,373.78,1014.42,0.9043,-1,-1,-1
540,92,1021.38,198.59,91.38,453.77,0.6203,-1,-1,-1
540,135,326.59,50.95,310.02,872.50,0.8754,-1,-1,-1
540,142,99.03,179.02,242.92,736.09,0.8849,-1,-1,-1
540,147,1151.57,266.11,109.03,322.40,0.7973,-1,-1,-1
540,162,1112.08,292.23,51.28,234.28,0.2324,-1,-1,-1
540,171,1638.42,312.26,60.14,124.29,0.1670,-1,-1,-1
541,2,903.46,213.17,149.90,485.56,0.8044,-1,-1,-1
541,5,1271.96,51.18,377.17,1010.59,0.9004,-1,-1,-1
541,92,1018.12,200.17,95.68,454.21,0.7064,-1,-1,-1
541,135,303.44,42.35,310.25,887.07,0.8855,-1,-1,-1
541,142,76.10,180.04,252.91,744.18,0.8952,-1,-1,-1
541,147,1134.87,268.56,119.21,321.35,0.7773,-1,-1,-1
541,171,1642.19,300.16,58.67,138.28,0.2030,-1,-1,-1
541,172,588.92,293.87,68.80,239.60,0.4137,-1,-1,-1
542,2,896.59,211.59,150.91,488.61,0.7958,-1,-1,-1
542,5,1272.40,53.51,377.69,1005.66,0.8952,-1,-1,-1
542,92,1017.47,196.53,85.12,455.15,0.6637,-1,-1,-1
542,135,289.50,34.05,305.05,901.87,0.8869,-1,-1,-1
542,142,52.86,167.41,257.68,754.33,0.8864,-1,-1,-1
542,147,1140.12,266.82,110.70,323.52,0.8202,-1,-1,-1
542,162,1109.88,302.80,50.68,221.67,0.2025,-1,-1,-1
542,171,1640.14,290.84,63.69,148.28,0.2757,-1,-1,-1
542,172,584.71,291.85,70.15,250.09,0.6278,-1,-1,-1
543,2,891.62,208.75,152.89,489.85,0.8215,-1,-1,-1
543,5,1276.72,51.97,375.11,1001.42,0.8986,-1,-1,-1
543,92,1017.25,194.47,82.48,455.61,0.6285,-1,-1,-1
543,135,257.79,19.97,325.71,919.36,0.8771,-1,-1,-1
543,142,29.57,159.20,262.28,771.00,0.8902,-1,-1,-1
543,147,1132.79,265.13,110.23,321.49,0.7954,-1,-1,-1
543,162,1105.52,293.14,58.61,228.37,0.1812,-1,-1,-1
543,171,1636.14,287.74,65.54,152.46,0.3220,-1,-1,-1
543,172,581.58,288.23,75.39,254.90,0.6068,-1,-1,-1
544,2,891.19,204.94,152.29,486.37,0.8176,-1,-1,-1
544,5,1278.47,52.46,373.88,1006.36,0.8984,-1,-1,-1
544,92,1014.83,191.13,85.57,460.76,0.5620,-1,-1,-1
544,135,253.86,11.15,311.60,937.10,0.8987,-1,-1,-1
544,142,4.71,154.53,271.68,781.48,0.8876,-1,-1,-1
544,147,1116.71,264.52,121.92,325.77,0.8336,-1,-1,-1
544,171,1637.06,286.97,64.08,155.39,0.3302,-1,-1,-1
544,172,579.18,286.68,74.52,258.12,0.6387,-1,-1,-1
545,2,889.74,203.85,151.34,483.29,0.8102,-1,-1,-1
545,5,1280.65,54.18,372.18,1000.28,0.9041,-1,-1,-1
545,92,1011.98,199.94,85.97,458.92,0.6125,-1,-1,-1
545,135,220.61,4.22,330.14,950.24,0.8910,-1,-1,-1
545,142,-1.41,146.68,254.66,802.18,0.8811,-1,-1,-1
545,147,1109.07,264.72,125.52,328.47,0.8424,-1,-1,-1
545,171,1638.06,289.62,63.74,156.50,0.3011,-1,-1,-1
545,172,577.61,289.64,72.71,255.28,0.6489,-1,-1,-1
546,2,884.40,202.34,156.54,484.37,0.8084,-1,-1,-1
546,5,1279.49,54.49,372.61,999.88,0.9044,-1,-1,-1
546,92,1009.18,199.39,94.13,446.01,0.4979,-1,-1,-1
546,135,201.08,5.21,339.21,959.21,0.9039,-1,-1,-1
546,142,-2.70,141.68,236.88,825.08,0.8870,-1,-1,-1
546,147,1110.72,269.03,118.79,324.10,0.8206,-1,-1,-1
546,171,1637.85,300.49,61.54,148.92,0.3404,-1,-1,-1
546,172,574.25,288.47,70.75,253.61,0.6944,-1,-1,-1
547,2,878.38,201.25,155.72,485.08,0.8097,-1,-1,-1
547,5,1278.76,53.55,369.95,991.93,0.9080,-1,-1,-1
547,92,1001.92,200.95,105.95,449.38,0.6102,-1,-1,-1
547,135,181.12,2.48,347.04,967.16,0.8973,-1,-1,-1
547,142,-3.29,132.35,219.50,839.76,0.8790,-1,-1,-1
547,147,1112.89,268.55,109.42,323.07,0.7758,-1,-1,-1
547,171,1637.55,299.62,59.39,150.32,0.3182,-1,-1,-1
547,172,568.33,289.56,61.40,254.70,0.6317,-1,-1,-1
548,2,873.64,202.50,156.14,486.38,0.8158,-1,-1,-1
548,5,1278.58,52.69,367.48,977.90,0.9041,-1,-1,-1
548,92,1000.25,202.92,117.40,447.91,0.6294,-1,-1,-1
548,135,158.92,3.10,362.29,987.68,0.8994,-1,-1,-1
548,142,-3.91,125.54,203.29,841.50,0.8609,-1,-1,-1
548,147,1097.60,269.73,116.36,325.85,0.8076,-1,-1,-1
548,171,1631.65,291.68,61.78,158.32,0.3779,-1,-1,-1
548,172,562.99,287.60,61.93,259.36,0.6747,-1,-1,-1
549,2,868.61,202.28,150.79,490.74,0.8359,-1,-1,-1
549,5,1277.86,50.19,364.18,967.69,0.9044,-1,-1,-1
549,92,994.37,216.73,132.16,431.69,0.6843,-1,-1,-1
549,135,113.83,0.90,403.21,1028.07,0.8788,-1,-1,-1
549,142,-5.46,127.86,194.95,847.18,0.8499,-1,-1,-1
549,147,1097.43,271.77,111.77,323.29,0.8199,-1,-1,-1
549,171,1629.46,295.10,60.59,157.83,0.4308,-1,-1,-1
549,172,555.13,291.29,64.21,254.47,0.6630,-1,-1,-1
550,2,866.43,203.94,152.49,492.93,0.8395,-1,-1,-1
550,5,1277.48,48.47,361.37,971.81,0.9036,-1,-1,-1
550,92,988.28,208.80,82.13,445.18,0.4644,-1,-1,-1
550,135,90.65,2.16,398.97,1065.01,0.8851,-1,-1,-1
550,142,1.45,160.12,153.03,821.81,0.8177,-1,-1,-1
550,147,1097.84,272.33,103.06,323.58,0.8071,-1,-1,-1
550,171,1624.39,291.75,62.00,163.28,0.4800,-1,-1,-1
550,172,546.31,286.04,72.27,260.98,0.6654,-1,-1,-1
550,174,1047.89,284.17,69.32,248.64,0.2228,-1,-1,-1
551,2,865.06,208.09,147.80,487.66,0.8461,-1,-1,-1
551,5,1276.39,47.78,361.64,984.95,0.9001,-1,-1,-1
551,92,983.66,207.74,81.72,434.56,0.3047,-1,-1,-1
551,135,64.28,1.44,404.83,1073.80,0.8878,-1,-1,-1
551,142,-2.70,251.65,143.98,734.49,0.8397,-1,-1,-1
551,147,1094.38,274.33,103.50,320.99,0.7981,-1,-1,-1
551,171,1620.93,285.23,64.51,170.66,0.4939,-1,-1,-1
551,172,541.07,280.17,63.13,268.57,0.7281,-1,-1,-1
551,174,1046.27,286.95,72.94,248.86,0.2793,-1,-1,-1
551,175,1023.47,287.65,111.25,339.17,0.6769,-1,-1,-1
552,2,858.94,212.88,147.78,480.16,0.8416,-1,-1,-1
552,5,1276.41,48.53,359.27,992.06,0.8990,-1,-1,-1
552,92,975.56,211.09,88.21,410.53,0.4436,-1,-1,-1
552,135,25.33,3.80,425.12,1069.02,0.9074,-1,-1,-1
552,142,-1.92,240.48,125.07,751.75,0.7954,-1,-1,-1
552,147,1094.48,277.07,97.47,320.48,0.7463,-1,-1,-1
552,171,1618.69,280.01,66.63,176.87,0.3637,-1,-1,-1
552,172,533.92,283.36,69.73,267.15,0.7335,-1,-1,-1
552,175,1013.72,283.07,124.21,348.41,0.6554,-1,-1,-1
553,2,852.15,216.17,146.11,480.31,0.8143,-1,-1,-1
553,5,1280.32,47.33,354.01,999.14,0.8952,-1,-1,-1
553,92,972.86,212.56,85.58,421.05,0.5718,-1,-1,-1
553,135,0.65,2.16,437.81,1065.23,0.9052,-1,-1,-1
553,142,-5.56,237.18,115.21,762.53,0.4689,-1,-1,-1
553,147,1097.26,275.96,87.72,319.81,0.7438,-1,-1,-1
553,171,1615.27,280.56,68.36,178.74,0.3014,-1,-1,-1
553,172,529.53,290.60,70.26,261.35,0.7059,-1,-1,-1
553,174,1048.88,282.19,68.01,274.54,0.1632,-1,-1,-1
553,175,1014.53,271.83,122.87,363.57,0.6202,-1,-1,-1
554,2,851.68,221.28,137.16,480.28,0.8394,-1,-1,-1
554,5,1274.85,47.33,352.41,1004.87,0.9028,-1,-1,-1
554,92,964.64,213.54,84.70,464.15,0.6277,-1,-1,-1
554,135,-1.60,4.16,429.90,1062.59,0.9106,-1,-1,-1
554,142,-23.03,577.05,134.23,413.52,0.2203,-1,-1,-1
554,147,1096.35,277.69,89.84,328.16,0.6839,-1,-1,-1
554,171,1612.29,287.26,72.03,171.88,0.5674,-1,-1,-1
554,172,527.13,286.07,70.23,268.84,0.7204,-1,-1,-1
554,175,1018.19,268.25,117.60,371.37,0.6196,-1,-1,-1
555,2,852.92,222.24,132.41,482.93,0.8486,-1,-1,-1
555,5,1268.74,50.53,353.17,1008.19,0.9050,-1,-1,-1
555,92,960.44,215.11,86.96,464.72,0.6487,-1,-1,-1
555,135,1.56,3.13,382.10,1062.46,0.8842,-1,-1,-1
555,142,-4.67,772.91,84.11,247.19,0.2427,-1,-1,-1
555,147,1098.20,279.41,82.44,335.15,0.4586,-1,-1,-1
555,171,1605.70,291.06,77.53,169.68,0.6569,-1,-1,-1
555,172,523.00,288.70,73.74,268.46,0.7450,-1,-1,-1
555,175,1016.57,268.30,121.49,375.26,0.6384,-1,-1,-1
556,2,849.91,222.31,133.95,482.30,0.8434,-1,-1,-1
556,5,1266.92,53.79,352.54,1014.79,0.8999,-1,-1,-1
556,92,960.98,216.57,91.32,465.13,0.7285,-1,-1,-1
556,135,0.18,5.84,350.60,1058.12,0.9231,-1,-1,-1
556,171,1607.03,291.94,76.52,171.63,0.6439,-1,-1,-1
556,172,520.61,289.81,70.55,270.25,0.7286,-1,-1,-1
556,175,1018.70,261.62,125.31,383.67,0.6037,-1,-1,-1
557,2,845.40,220.35,136.59,484.53,0.8356,-1,-1,-1
557,5,1270.89,55.59,345.40,1013.26,0.8958,-1,-1,-1
557,92,960.36,213.27,93.88,464.57,0.7582,-1,-1,-1
557,135,-1.26,4.50,338.92,1062.55,0.9185,-1,-1,-1
557,171,1605.86,288.49,77.56,176.10,0.5166,-1,-1,-1
557,172,516.70,292.63,71.15,269.60,0.7240,-1,-1,-1
557,175,1044.19,260.93,121.51,378.64,0.7539,-1,-1,-1
558,2,838.31,218.74,142.18,488.65,0.8379,-1,-1,-1
558,5,1277.62,56.38,334.04,1015.21,0.8938,-1,-1,-1
558,92,960.84,216.26,93.38,459.87,0.8000,-1,-1,-1
558,135,-2.26,4.62,330.30,1062.86,0.8767,-1,-1,-1
558,171,1605.12,287.93,83.10,176.85,0.4598,-1,-1,-1
558,172,516.01,293.08,72.33,270.54,0.7391,-1,-1,-1
558,175,1050.05,256.09,116.41,388.92,0.7898,-1,-1,-1
559,2,831.68,220.65,149.86,483.11,0.8346,-1,-1,-1
559,5,1284.87,57.37,324.88,1011.89,0.9024,-1,-1,-1
559,92,957.62,213.76,99.54,454.99,0.7962,-1,-1,-1
559,135,-4.50,7.10,354.42,1063.56,0.8967,-1,-1,-1
559,171,1603.75,291.60,94.20,175.94,0.5000,-1,-1,-1
559,172,520.14,289.43,69.20,278.07,0.7447,-1,-1,-1
559,175,1047.86,255.84,120.72,391.77,0.7930,-1,-1,-1
560,2,823.68,224.75,159.08,475.52,0.8444,-1,-1,-1
560,5,1289.28,59.90,315.70,1007.76,0.8908,-1,-1,-1
560,92,955.78,219.86,103.70,444.82,0.7656,-1,-1,-1
560,135,-4.17,5.13,350.26,1063.50,0.7897,-1,-1,-1
560,171,1601.93,293.43,103.14,175.08,0.6257,-1,-1,-1
560,172,520.56,291.76,71.07,277.99,0.7419,-1,-1,-1
560,175,1062.20,262.57,111.57,384.63,0.7195,-1,-1,-1
561,2,822.11,221.64,160.62,474.78,0.8459,-1,-1,-1
561,5,1293.79,56.38,318.45,1012.06,0.8951,-1,-1,-1
561,92,956.02,217.20,109.64,446.36,0.7848,-1,-1,-1
561,135,0.58,6.53,335.27,1061.58,0.8626,-1,-1,-1
561,171,1606.84,283.64,118.92,182.80,0.5842,-1,-1,-1
561,172,523.20,287.19,76.01,281.91,0.7203,-1,-1,-1
561,175,1080.63,272.30,112.49,370.63,0.7029,-1,-1,-1
562,2,818.01,218.37,164.21,472.01,0.8422,-1,-1,-1
562,5,1297.63,54.53,313.48,1019.03,0.9002,-1,-1,-1
562,92,954.24,213.95,114.45,453.70,0.7989,-1,-1,-1
562,135,0.25,12.45,332.21,1055.06,0.8335,-1,-1,-1
562,171,1617.14,285.91,110.88,181.58,0.6955,-1,-1,-1
562,172,524.67,288.96,74.74,279.18,0.6960,-1,-1,-1
562,175,1092.77,270.74,113.22,381.11,0.7589,-1,-1,-1
563,2,818.03,218.70,165.95,476.09,0.8460,-1,-1,-1
563,5,1302.02,58.29,324.31,1015.96,0.8951,-1,-1,-1
563,92,957.73,216.14,114.19,454.43,0.8115,-1,-1,-1
563,135,2.43,7.40,315.99,1060.53,0.8743,-1,-1,-1
563,171,1630.14,283.95,112.87,184.83,0.6137,-1,-1,-1
563,172,527.53,289.76,73.53,280.78,0.7379,-1,-1,-1
563,175,1102.14,270.91,129.76,383.08,0.7875,-1,-1,-1
564,2,822.00,219.19,165.91,480.73,0.8579,-1,-1,-1
564,5,1304.95,52.81,339.84,1021.57,0.8990,-1,-1,-1
564,92,962.97,214.35,116.52,461.99,0.7959,-1,-1,-1
564,135,3.50,6.64,304.56,1063.41,0.8571,-1,-1,-1
564,147,1068.98,271.84,93.54,344.96,0.5415,-1,-1,-1
564,171,1645.34,278.90,106.23,190.76,0.6519,-1,-1,-1
564,172,534.22,294.34,72.17,279.18,0.7465,-1,-1,-1
564,175,1113.26,270.27,148.42,388.14,0.7522,-1,-1,-1
565,2,833.24,224.67,161.53,478.39,0.8556,-1,-1,-1
565,5,1306.94,53.36,358.19,1025.91,0.9027,-1,-1,-1
565,92,972.06,217.15,117.92,463.68,0.7975,-1,-1,-1
565,135,8.34,11.69,285.85,1055.08,0.7562,-1,-1,-1
565,147,1083.09,274.93,92.37,339.05,0.6698,-1,-1,-1
565,171,1658.86,280.91,113.80,196.47,0.6548,-1,-1,-1
565,172,542.91,302.88,72.91,272.78,0.7135,-1,-1,-1
565,175,1131.24,270.24,166.13,391.82,0.8019,-1,-1,-1
566,2,840.13,226.74,160.10,478.03,0.8488,-1,-1,-1
566,5,1315.44,53.80,365.60,1013.60,0.8970,-1,-1,-1
566,92,975.70,215.70,122.23,462.16,0.7560,-1,-1,-1
566,135,7.58,8.95,266.48,1059.66,0.7975,-1,-1,-1
566,147,1086.86,273.45,103.93,341.32,0.6546,-1,-1,-1
566,171,1675.38,281.55,101.96,195.44,0.7190,-1,-1,-1
566,172,548.58,303.94,72.32,272.47,0.7238,-1,-1,-1
566,175,1137.73,274.01,184.59,394.60,0.7213,-1,-1,-1
567,2,846.60,231.53,162.00,479.49,0.8360,-1,-1,-1
567,5,1320.94,53.89,382.33,1006.18,0.9168,-1,-1,-1
567,92,981.34,223.18,117.62,447.69,0.7673,-1,-1,-1
567,135,8.68,5.58,246.19,1063.40,0.7279,-1,-1,-1
567,147,1092.44,273.32,108.16,351.26,0.7406,-1,-1,-1
567,171,1692.20,281.70,104.54,193.90,0.6502,-1,-1,-1
567,172,553.13,304.64,74.05,272.53,0.7418,-1,-1,-1
567,175,1142.34,270.68,209.02,400.59,0.7968,-1,-1,-1
568,2,849.70,230.78,164.61,480.34,0.8455,-1,-1,-1
568,5,1311.96,54.13,404.05,1016.25,0.9161,-1,-1,-1
568,92,987.12,225.77,121.80,452.44,0.8197,-1,-1,-1
568,135,15.40,11.67,220.60,1053.92,0.3207,-1,-1,-1
568,147,1095.84,271.67,114.97,354.10,0.7443,-1,-1,-1
568,171,1704.75,283.11,104.91,197.09,0.6244,-1,-1,-1
568,172,558.74,300.63,76.96,276.19,0.7530,-1,-1,-1
568,175,1150.39,281.94,192.53,393.94,0.8630,-1,-1,-1
569,2,854.98,232.41,162.55,480.90,0.8503,-1,-1,-1
569,5,1321.11,54.78,408.91,1016.93,0.9099,-1,-1,-1
569,92,997.72,227.10,118.43,462.25,0.8190,-1,-1,-1
569,147,1104.19,275.63,111.66,353.71,0.7730,-1,-1,-1
569,171,1717.09,286.01,102.81,198.80,0.6667,-1,-1,-1
569,172,564.25,300.53,78.85,278.86,0.7628,-1,-1,-1
569,175,1153.85,284.57,195.44,395.07,0.8655,-1,-1,-1
570,2,863.64,242.47,156.79,474.32,0.8614,-1,-1,-1
570,5,1317.02,52.92,427.79,1021.76,0.9016,-1,-1,-1
570,92,1008.42,231.85,114.18,461.29,0.8223,-1,-1,-1
570,147,1110.46,276.21,118.16,352.01,0.7835,-1,-1,-1
570,171,1729.41,290.20,102.54,197.65,0.6634,-1,-1,-1
570,172,567.58,294.94,80.20,285.44,0.7619,-1,-1,-1
570,175,1166.19,281.18,196.68,403.03,0.8474,-1,-1,-1
571,2,870.00,245.25,156.69,473.40,0.8509,-1,-1,-1
571,5,1327.58,54.06,421.53,1020.08,0.9146,-1,-1,-1
571,92,1012.47,233.59,111.92,464.14,0.7996,-1,-1,-1
571,147,1109.99,273.58,129.18,357.61,0.8045,-1,-1,-1
571,171,1740.09,289.61,104.04,201.22,0.5959,-1,-1,-1
571,172,571.02,303.55,78.91,282.30,0.7926,-1,-1,-1
571,175,1170.88,279.51,201.81,411.98,0.8306,-1,-1,-1
572,2,875.09,238.78,156.56,476.97,0.8192,-1,-1,-1
572,5,1326.90,53.57,431.42,1021.79,0.9047,-1,-1,-1
572,92,1014.84,233.59,115.39,461.46,0.7815,-1,-1,-1
572,147,1118.62,274.70,130.01,360.25,0.7894,-1,-1,-1
572,171,1751.10,289.61,105.44,201.94,0.5677,-1,-1,-1
572,172,576.36,305.53,76.03,279.18,0.8192,-1,-1,-1
572,175,1193.99,281.26,188.01,410.91,0.8300,-1,-1,-1
573,2,880.26,238.82,153.17,476.43,0.8279,-1,-1,-1
573,5,1332.45,55.08,440.80,1020.59,0.8939,-1,-1,-1
573,92,1022.07,233.37,114.79,458.27,0.7562,-1,-1,-1
573,147,1122.59,276.31,132.90,359.35,0.8227,-1,-1,-1
573,171,1761.39,293.04,104.15,200.86,0.6108,-1,-1,-1
573,172,580.16,308.50,74.26,278.86,0.7792,-1,-1,-1
573,175,1214.89,284.76,172.96,409.98,0.8161,-1,-1,-1
574,2,884.13,239.51,158.42,477.20,0.8412,-1,-1,-1
574,5,1340.51,54.13,442.02,1019.72,0.9080,-1,-1,-1
574,92,1025.51,236.38,115.99,455.21,0.7612,-1,-1,-1
574,147,1127.91,278.91,131.82,361.33,0.8305,-1,-1,-1
574,171,1774.07,294.15,106.97,203.85,0.5568,-1,-1,-1
574,172,584.85,306.65,75.44,280.50,0.7092,-1,-1,-1
574,175,1235.22,283.42,163.47,414.49,0.7730,-1,-1,-1
575,2,886.61,239.14,157.88,474.90,0.8421,-1,-1,-1
575,5,1349.71,57.20,435.25,1013.57,0.9102,-1,-1,-1
575,92,1030.53,235.87,112.51,460.20,0.7704,-1,-1,-1
575,147,1134.43,278.40,130.58,364.43,0.8404,-1,-1,-1
575,171,1789.82,295.14,98.72,201.15,0.2736,-1,-1,-1
575,172,588.96,304.65,75.11,281.71,0.6911,-1,-1,-1
575,175,1250.70,282.86,154.42,417.95,0.7058,-1,-1,-1
576,2,889.39,238.67,156.33,472.74,0.8257,-1,-1,-1
576,5,1357.07,60.61,433.06,1009.06,0.9127,-1,-1,-1
576,92,1030.16,236.33,113.22,455.75,0.7827,-1,-1,-1
576,147,1139.85,274.49,132.36,369.17,0.8374,-1,-1,-1
576,171,1786.62,296.13,114.69,204.74,0.5497,-1,-1,-1
576,172,591.77,315.10,74.17,273.48,0.7097,-1,-1,-1
576,175,1271.56,280.78,140.62,423.63,0.7393,-1,-1,-1
577,2,892.91,236.76,154.11,470.81,0.8201,-1,-1,-1
577,5,1360.62,60.72,433.69,1009.10,0.9073,-1,-1,-1
577,92,1030.33,226.63,112.48,474.50,0.7907,-1,-1,-1
577,147,1140.78,274.19,134.73,370.78,0.8288,-1,-1,-1
577,171,1795.01,295.39,115.50,201.68,0.6012,-1,-1,-1
577,172,587.75,316.78,79.04,272.17,0.6688,-1,-1,-1
577,175,1293.56,287.93,137.44,424.19,0.7623,-1,-1,-1
578,2,893.47,236.61,153.84,471.16,0.8289,-1,-1,-1
578,5,1367.81,63.26,436.36,1006.73,0.9025,-1,-1,-1
578,92,1030.61,224.51,113.02,477.00,0.7905,-1,-1,-1
578,147,1143.97,274.51,124.49,372.67,0.8217,-1,-1,-1
578,171,1798.18,299.34,117.04,201.70,0.5962,-1,-1,-1
578,172,589.84,315.64,77.68,274.34,0.6977,-1,-1,-1
578,175,1317.92,282.22,122.51,431.87,0.7329,-1,-1,-1
579,2,889.87,240.26,154.23,471.55,0.8393,-1,-1,-1
579,5,1385.62,71.15,423.78,997.24,0.9035,-1,-1,-1
579,92,1027.37,231.98,115.30,471.84,0.7850,-1,-1,-1
579,147,1142.79,276.55,129.08,377.22,0.8304,-1,-1,-1
579,171,1801.28,304.33,117.91,208.82,0.6269,-1,-1,-1
579,172,589.56,307.79,73.89,290.14,0.7359,-1,-1,-1
579,175,1329.81,283.89,123.84,442.93,0.7826,-1,-1,-1
579,178,1230.00,335.05,60.41,260.36,0.1650,-1,-1,-1
580,2,892.53,242.48,148.59,467.61,0.8434,-1,-1,-1
580,5,1395.34,72.68,420.64,995.67,0.9026,-1,-1,-1
580,92,1022.44,235.05,119.81,466.29,0.7746,-1,-1,-1
580,147,1141.49,275.33,128.79,380.12,0.8014,-1,-1,-1
580,171,1808.06,304.56,111.29,212.61,0.6582,-1,-1,-1
580,172,585.22,304.32,75.23,295.72,0.6821,-1,-1,-1
580,175,1332.58,284.40,127.52,449.81,0.7684,-1,-1,-1
580,178,1230.57,335.74,60.49,261.28,0.2273,-1,-1,-1
581,2,886.73,242.91,149.98,465.74,0.8362,-1,-1,-1
581,5,1411.76,69.67,413.49,995.67,0.9018,-1,-1,-1
581,92,1019.53,235.05,122.92,461.78,0.7776,-1,-1,-1
581,147,1146.24,285.62,119.91,369.83,0.7873,-1,-1,-1
581,171,1817.25,305.21,102.13,215.72,0.5971,-1,-1,-1
581,172,583.58,307.64,72.02,292.82,0.7300,-1,-1,-1
581,175,1334.53,283.49,150.08,454.56,0.7718,-1,-1,-1
581,178,1232.67,314.75,58.55,277.37,0.4253,-1,-1,-1
582,2,885.95,245.93,145.30,464.51,0.8434,-1,-1,-1
582,5,1425.32,71.30,411.80,1002.27,0.9085,-1,-1,-1
582,92,1016.55,234.40,125.88,461.21,0.7846,-1,-1,-1
582,147,1147.90,285.95,117.51,369.46,0.7749,-1,-1,-1
582,171,1827.92,305.54,91.59,215.86,0.5259,-1,-1,-1
582,172,581.91,308.25,72.08,293.22,0.7587,-1,-1,-1
582,175,1335.75,285.98,169.17,450.93,0.8241,-1,-1,-1
582,178,1230.01,310.59,63.38,282.70,0.4537,-1,-1,-1
583,2,882.80,248.98,143.94,473.08,0.8498,-1,-1,-1
583,5,1430.47,72.69,415.90,1000.99,0.9083,-1,-1,-1
583,92,1013.03,232.75,129.31,464.11,0.7663,-1,-1,-1
583,147,1143.62,283.57,118.00,375.66,0.7819,-1,-1,-1
583,171,1837.38,307.05,82.02,217.89,0.5330,-1,-1,-1
583,172,576.85,311.01,74.21,292.53,0.7633,-1,-1,-1
583,175,1339.85,286.60,166.33,450.06,0.8009,-1,-1,-1
583,178,1232.92,311.70,62.34,284.09,0.5561,-1,-1,-1
584,2,875.26,249.74,146.79,477.55,0.8477,-1,-1,-1
584,5,1438.95,70.07,416.86,1002.81,0.9092,-1,-1,-1
584,92,1013.78,234.27,129.05,468.04,0.7633,-1,-1,-1
584,147,1142.67,284.60,121.15,376.88,0.7718,-1,-1,-1
584,171,1841.19,308.08,78.08,224.30,0.5653,-1,-1,-1
584,172,574.81,304.90,74.27,294.57,0.7633,-1,-1,-1
584,175,1339.36,281.48,167.96,456.76,0.7971,-1,-1,-1
584,178,1231.97,311.59,64.24,283.38,0.5491,-1,-1,-1
585,2,866.85,251.67,146.19,476.46,0.8622,-1,-1,-1
585,5,1444.22,72.03,416.53,996.52,0.9090,-1,-1,-1
585,92,1006.97,233.49,132.73,470.23,0.7861,-1,-1,-1
585,147,1141.78,284.47,121.00,379.51,0.7771,-1,-1,-1
585,171,1849.30,304.42,70.09,228.36,0.5205,-1,-1,-1
585,172,573.10,309.02,71.06,291.08,0.7803,-1,-1,-1
585,175,1339.56,282.22,164.12,451.49,0.7654,-1,-1,-1
585,178,1229.71,309.73,64.78,276.90,0.4760,-1,-1,-1
586,2,861.73,253.14,146.51,474.79,0.8467,-1,-1,-1
586,5,1453.74,70.83,412.51,1002.69,0.9038,-1,-1,-1
586,92,1008.48,234.55,127.08,470.04,0.8053,-1,-1,-1
586,147,1140.72,284.40,125.98,378.51,0.7466,-1,-1,-1
586,171,1851.81,306.63,67.63,230.78,0.4477,-1,-1,-1
586,172,567.81,297.38,72.69,304.37,0.7588,-1,-1,-1
586,175,1340.75,284.34,166.96,451.54,0.7421,-1,-1,-1
586,178,1228.19,308.98,64.27,275.37,0.2474,-1,-1,-1
587,2,861.85,253.67,143.72,472.41,0.8497,-1,-1,-1
587,5,1459.83,66.67,409.73,1008.80,0.8981,-1,-1,-1
587,92,1008.46,236.54,122.13,468.72,0.8082,-1,-1,-1
587,147,1141.37,282.72,125.23,382.08,0.7581,-1,-1,-1
587,171,1853.65,308.88,65.92,228.14,0.4789,-1,-1,-1
587,172,564.08,304.83,72.36,298.26,0.7185,-1,-1,-1
587,175,1341.80,283.70,176.31,459.24,0.7556,-1,-1,-1
587,178,1227.81,316.44,64.16,211.36,0.2366,-1,-1,-1
588,2,859.75,254.25,140.32,472.15,0.8399,-1,-1,-1
588,5,1465.72,65.41,404.48,1008.70,0.9020,-1,-1,-1
588,92,1002.18,239.53,123.41,465.97,0.7901,-1,-1,-1
588,147,1141.57,285.46,127.01,380.01,0.7189,-1,-1,-1
588,171,1856.53,308.64,63.03,225.72,0.5379,-1,-1,-1
588,172,556.01,316.75,73.02,288.95,0.7277,-1,-1,-1
588,175,1340.72,283.79,184.93,461.23,0.7536,-1,-1,-1
589,2,854.81,252.96,136.63,474.65,0.8397,-1,-1,-1
589,5,1468.68,63.01,407.53,1012.82,0.9034,-1,-1,-1
589,92,996.89,237.39,128.26,469.77,0.8014,-1,-1,-1
589,147,1140.75,283.40,135.32,384.49,0.7704,-1,-1,-1
589,171,1860.32,311.56,59.30,222.44,0.4598,-1,-1,-1
589,172,552.27,322.45,69.89,282.77,0.7153,-1,-1,-1
589,175,1340.90,283.27,195.27,468.74,0.7710,-1,-1,-1
590,2,849.50,251.49,137.35,477.47,0.8386,-1,-1,-1
590,5,1466.48,62.18,414.66,1014.37,0.9076,-1,-1,-1
590,92,980.24,239.88,140.26,467.77,0.8107,-1,-1,-1
590,147,1139.32,284.78,141.11,387.22,0.8105,-1,-1,-1
590,171,1864.38,313.67,55.15,221.65,0.3951,-1,-1,-1
590,172,548.86,317.03,71.81,288.74,0.7138,-1,-1,-1
590,175,1351.80,278.90,191.67,477.74,0.7312,-1,-1,-1
591,2,835.50,249.58,148.32,473.91,0.8409,-1,-1,-1
591,5,1466.73,60.96,418.12,1011.61,0.9094,-1,-1,-1
591,92,982.99,240.96,133.36,464.63,0.8043,-1,-1,-1
591,147,1140.13,281.62,138.75,390.91,0.8225,-1,-1,-1
591,171,1867.73,315.95,51.78,219.31,0.3579,-1,-1,-1
591,172,542.67,318.82,74.74,288.68,0.7386,-1,-1,-1
591,175,1378.80,278.81,166.20,480.49,0.7133,-1,-1,-1
592,2,827.81,249.88,149.39,468.78,0.8348,-1,-1,-1
592,5,1466.36,59.66,420.99,1011.70,0.9062,-1,-1,-1
592,92,983.70,239.52,130.43,469.29,0.8113,-1,-1,-1
592,147,1141.79,278.13,135.33,394.97,0.8051,-1,-1,-1
592,171,1870.46,333.46,49.43,198.50,0.3231,-1,-1,-1
592,172,539.29,309.17,78.85,301.19,0.7307,-1,-1,-1
592,175,1403.46,275.80,142.98,484.04,0.5697,-1,-1,-1
592,182,1108.57,319.21,50.68,240.76,0.4850,-1,-1,-1
592,183,1453.25,273.51,76.46,342.79,0.2394,-1,-1,-1
593,2,824.38,249.80,148.14,464.76,0.8354,-1,-1,-1
593,5,1463.85,60.38,425.66,1012.49,0.8951,-1,-1,-1
593,92,984.11,239.04,127.39,471.73,0.8155,-1,-1,-1
593,147,1142.73,280.67,134.43,396.59,0.8276,-1,-1,-1
593,171,1873.26,346.78,46.48,182.58,0.2321,-1,-1,-1
593,172,537.91,304.85,78.99,308.80,0.7092,-1,-1,-1
593,175,1418.76,305.01,139.77,455.25,0.4377,-1,-1,-1
593,182,1107.71,317.54,53.02,243.44,0.6247,-1,-1,-1
594,2,814.11,250.69,157.47,463.14,0.8359,-1,-1,-1
594,5,1471.55,61.87,416.86,1013.73,0.8957,-1,-1,-1
594,92,982.53,241.43,125.79,472.48,0.8120,-1,-1,-1
594,147,1146.68,282.47,130.62,396.84,0.8040,-1,-1,-1
594,171,1874.99,357.73,44.54,169.60,0.2505,-1,-1,-1
594,172,533.99,312.18,77.60,304.44,0.7287,-1,-1,-1
594,175,1430.50,319.78,129.11,443.53,0.2288,-1,-1,-1
594,182,1108.54,318.44,54.37,243.59,0.6120,-1,-1,-1
595,2,808.49,250.33,159.43,464.49,0.8522,-1,-1,-1
595,5,1482.05,63.17,410.91,1010.84,0.9085,-1,-1,-1
595,92,983.05,243.40,125.88,472.15,0.8037,-1,-1,-1
595,147,1148.51,282.17,129.70,398.50,0.7969,-1,-1,-1
595,172,530.60,307.12,82.13,312.18,0.7638,-1,-1,-1
595,182,1106.03,314.28,57.83,248.20,0.6596,-1,-1,-1
596,2,803.36,250.69,163.69,464.78,0.8468,-1,-1,-1
596,5,1488.84,59.50,401.10,1015.38,0.9157,-1,-1,-1
596,92,976.98,243.39,134.80,472.98,0.8129,-1,-1,-1
596,147,1148.54,277.74,131.33,403.97,0.7745,-1,-1,-1
596,172,529.51,309.66,82.66,310.93,0.7554,-1,-1,-1
596,182,1106.29,312.41,58.83,250.43,0.5442,-1,-1,-1
597,2,801.59,247.93,162.63,468.86,0.8444,-1,-1,-1
597,5,1499.32,54.13,390.64,1020.72,0.9159,-1,-1,-1
597,92,977.02,243.72,137.79,473.82,0.8098,-1,-1,-1
597,147,1153.07,276.80,138.72,403.88,0.7707,-1,-1,-1
597,172,531.10,305.38,77.75,313.33,0.7621,-1,-1,-1
597,182,1105.50,314.09,60.50,249.91,0.5774,-1,-1,-1
598,2,801.32,251.33,164.26,475.64,0.8462,-1,-1,-1
598,5,1508.62,57.26,380.86,1016.21,0.9144,-1,-1,-1
598,92,981.13,250.03,139.39,481.81,0.8218,-1,-1,-1
598,147,1151.91,282.71,149.98,402.89,0.8038,-1,-1,-1
598,172,531.04,305.14,76.34,317.52,0.7481,-1,-1,-1
598,182,1108.48,317.86,60.17,243.36,0.4705,-1,-1,-1
599,2,801.62,254.54,165.06,474.36,0.8506,-1,-1,-1
599,5,1509.39,58.25,383.71,1018.11,0.9194,-1,-1,-1
599,92,987.54,251.80,136.76,479.08,0.8182,-1,-1,-1
599,147,1154.81,284.94,153.31,402.60,0.8030,-1,-1,-1
599,172,531.08,312.29,84.94,316.93,0.7523,-1,-1,-1
599,182,1107.29,317.14,61.86,248.69,0.3284,-1,-1,-1
600,2,806.40,256.49,161.05,475.54,0.8414,-1,-1,-1
600,5,1510.93,55.19,390.98,1023.41,0.9232,-1,-1,-1
600,92,993.33,250.84,134.70,484.08,0.8014,-1,-1,-1
600,147,1162.13,288.37,151.73,400.39,0.8244,-1,-1,-1
600,172,534.46,312.09,87.33,318.42,0.7335,-1,-1,-1
600,182,1111.52,318.67,61.47,246.18,0.2362,-1,-1,-1
601,2,810.32,259.50,156.08,477.20,0.8464,-1,-1,-1
601,5,1510.14,55.89,403.28,1022.99,0.9236,-1,-1,-1
601,92,995.98,251.08,133.27,483.03,0.7931,-1,-1,-1
601,147,1166.37,282.31,154.97,407.87,0.7855,-1,-1,-1
601,172,537.06,313.49,83.26,318.63,0.7282,-1,-1,-1
601,182,1117.55,326.64,62.03,237.99,0.3716,-1,-1,-1
601,185,946.47,359.52,51.97,171.62,0.3958,-1,-1,-1
602,2,815.65,264.20,157.05,477.41,0.8405,-1,-1,-1
602,5,1509.41,58.08,409.89,1017.18,0.9214,-1,-1,-1
602,92,995.41,251.53,136.08,485.85,0.7930,-1,-1,-1
602,147,1186.98,280.77,140.70,414.04,0.7385,-1,-1,-1
602,172,540.45,318.74,84.29,315.42,0.7168,-1,-1,-1
602,182,1120.19,330.88,65.73,242.84,0.5162,-1,-1,-1
602,185,949.14,362.14,54.79,175.16,0.2041,-1,-1,-1
603,2,825.27,270.28,150.79,474.55,0.8144,-1,-1,-1
603,5,1517.01,61.20,402.83,1015.04,0.9261,-1,-1,-1
603,92,1005.25,256.73,126.53,479.71,0.7878,-1,-1,-1
603,147,1194.45,285.47,144.04,419.83,0.7111,-1,-1,-1
603,172,543.56,328.61,81.71,312.19,0.7372,-1,-1,-1
603,182,1125.07,346.01,65.25,230.70,0.5812,-1,-1,-1
603,186,1183.06,312.24,81.46,373.79,0.3721,-1,-1,-1
604,2,827.81,275.90,153.77,469.22,0.8234,-1,-1,-1
604,5,1522.94,63.03,397.00,1013.31,0.9279,-1,-1,-1
604,92,1011.04,261.41,124.50,476.54,0.8129,-1,-1,-1
604,147,1204.13,288.24,144.30,420.82,0.7582,-1,-1,-1
604,172,550.62,334.24,82.85,311.39,0.7044,-1,-1,-1
604,182,1132.85,349.77,62.38,231.28,0.6600,-1,-1,-1
604,185,957.74,361.79,56.88,177.60,0.2007,-1,-1,-1
604,186,1189.96,314.21,83.65,293.89,0.4521,-1,-1,-1
605,2,836.47,276.47,153.76,470.68,0.8321,-1,-1,-1
605,5,1524.54,61.71,395.44,1016.46,0.9180,-1,-1,-1
605,92,1014.42,259.33,126.91,469.74,0.8090,-1,-1,-1
605,147,1210.05,289.16,145.46,421.62,0.7432,-1,-1,-1
605,172,554.56,334.40,79.68,313.60,0.7406,-1,-1,-1
605,182,1135.73,350.96,66.06,232.86,0.6527,-1,-1,-1
605,186,1198.11,327.87,78.99,272.57,0.3809,-1,-1,-1
606,2,845.32,277.42,151.91,474.29,0.8168,-1,-1,-1
606,5,1534.75,63.45,385.20,1010.96,0.9221,-1,-1,-1
606,92,1016.63,260.05,126.94,468.59,0.7894,-1,-1,-1
606,147,1223.14,289.96,146.37,425.33,0.6550,-1,-1,-1
606,172,560.27,327.80,78.33,321.09,0.7149,-1,-1,-1
606,182,1142.02,352.45,67.53,234.33,0.6466,-1,-1,-1
606,186,1206.07,323.14,75.60,284.77,0.5158,-1,-1,-1
607,2,853.78,279.32,147.40,470.87,0.8376,-1,-1,-1
607,5,1542.99,65.66,376.85,1006.68,0.9134,-1,-1,-1
607,92,1029.42,261.90,119.41,468.68,0.8070,-1,-1,-1
607,147,1238.09,291.58,138.99,424.16,0.6732,-1,-1,-1
607,172,566.90,326.33,85.09,324.07,0.8061,-1,-1,-1
607,182,1150.88,340.20,66.13,245.71,0.6639,-1,-1,-1
607,186,1217.12,329.48,72.65,358.15,0.4774,-1,-1,-1
608,2,854.38,277.50,152.89,465.32,0.8289,-1,-1,-1
608,5,1552.72,67.43,367.20,1001.72,0.9174,-1,-1,-1
608,92,1035.82,264.15,126.70,462.86,0.7962,-1,-1,-1
608,147,1245.56,291.23,148.32,429.97,0.5354,-1,-1,-1
608,172,571.64,329.38,82.53,321.22,0.7624,-1,-1,-1
608,182,1156.35,345.11,68.38,241.53,0.7134,-1,-1,-1
608,186,1222.60,316.07,92.90,341.33,0.5481,-1,-1,-1
609,2,862.41,276.13,147.26,464.95,0.8196,-1,-1,-1
609,5,1561.58,69.84,358.10,1001.67,0.9200,-1,-1,-1
609,92,1037.79,261.10,134.67,470.68,0.8245,-1,-1,-1
609,147,1259.71,284.98,138.39,438.61,0.7238,-1,-1,-1
609,172,575.11,331.00,84.26,323.40,0.7851,-1,-1,-1
609,182,1161.00,349.94,72.50,239.47,0.6201,-1,-1,-1
609,185,988.29,387.89,54.31,163.99,0.1556,-1,-1,-1
609,186,1231.41,324.95,88.34,309.02,0.5623,-1,-1,-1
610,2,872.50,277.45,141.87,462.53,0.8261,-1,-1,-1
610,5,1568.74,72.96,350.72,1001.02,0.9222,-1,-1,-1
610,92,1042.36,264.17,133.26,473.02,0.8222,-1,-1,-1
610,147,1273.79,286.10,142.84,434.33,0.7595,-1,-1,-1
610,172,579.24,328.82,89.39,327.87,0.7534,-1,-1,-1
610,182,1166.07,349.66,71.56,239.66,0.5497,-1,-1,-1
610,186,1237.76,328.21,86.40,311.79,0.5970,-1,-1,-1
611,2,874.72,277.67,144.14,464.33,0.8172,-1,-1,-1
611,5,1582.56,69.29,336.87,1006.52,0.9176,-1,-1,-1
611,92,1041.53,268.57,134.37,469.78,0.7850,-1,-1,-1
611,147,1283.36,289.50,135.04,439.50,0.6832,-1,-1,-1
611,172,584.18,331.72,83.41,325.54,0.7430,-1,-1,-1
611,182,1166.32,347.36,71.81,242.00,0.6899,-1,-1,-1
611,186,1243.63,333.74,83.95,305.73,0.5941,-1,-1,-1
612,2,878.66,281.59,141.33,458.65,0.8337,-1,-1,-1
612,5,1599.30,75.53,319.78,1004.05,0.9148,-1,-1,-1
612,92,1030.64,275.06,145.36,471.02,0.8114,-1,-1,-1
612,147,1288.87,292.12,139.55,428.48,0.6930,-1,-1,-1
612,172,586.86,334.06,77.81,321.81,0.7759,-1,-1,-1
612,182,1171.53,347.40,71.22,247.19,0.6520,-1,-1,-1
612,186,1244.61,340.70,81.11,297.97,0.6036,-1,-1,-1
613,2,877.87,282.85,146.08,461.03,0.8364,-1,-1,-1
613,5,1609.94,78.14,309.32,995.37,0.9118,-1,-1,-1
613,92,1029.55,276.49,152.47,477.77,0.8438,-1,-1,-1
613,147,1299.14,296.32,133.73,439.38,0.6199,-1,-1,-1
613,172,587.20,334.82,79.56,322.18,0.7667,-1,-1,-1
613,182,1175.76,353.86,71.04,238.46,0.6583,-1,-1,-1
613,186,1246.36,334.91,85.71,312.54,0.5541,-1,-1,-1
614,2,883.89,287.30,144.27,465.88,0.8314,-1,-1,-1
614,5,1622.34,80.34,296.71,996.11,0.9146,-1,-1,-1
614,92,1031.13,277.53,158.96,480.37,0.8485,-1,-1,-1
614,147,1308.92,297.92,130.54,448.35,0.6633,-1,-1,-1
614,172,587.40,335.35,79.15,325.97,0.7671,-1,-1,-1
614,182,1181.70,360.17,66.80,239.94,0.6007,-1,-1,-1
614,186,1258.64,323.27,90.59,338.85,0.4778,-1,-1,-1
615,2,886.93,288.70,145.77,466.22,0.8356,-1,-1,-1
615,5,1637.38,82.18,282.15,992.56,0.9021,-1,-1,-1
615,92,1031.52,279.58,157.44,478.63,0.8326,-1,-1,-1
615,147,1319.27,294.22,118.81,456.91,0.7323,-1,-1,-1
615,172,589.38,345.84,81.38,320.77,0.7310,-1,-1,-1
615,182,1182.58,359.88,68.15,242.81,0.6234,-1,-1,-1
615,186,1266.22,322.00,92.70,349.55,0.5925,-1,-1,-1
616,2,885.29,294.75,150.62,462.07,0.8302,-1,-1,-1
616,5,1644.35,81.33,274.89,996.05,0.8906,-1,-1,-1
616,92,1032.45,282.97,165.05,479.13,0.8227,-1,-1,-1
616,147,1324.57,299.97,120.01,457.64,0.7262,-1,-1,-1
616,172,591.04,345.77,105.82,322.79,0.7201,-1,-1,-1
616,182,1187.32,361.64,65.32,238.46,0.5749,-1,-1,-1
616,186,1270.38,321.06,90.58,355.52,0.6094,-1,-1,-1
617,2,884.62,294.80,152.98,468.52,0.8438,-1,-1,-1
617,5,1659.57,93.69,260.02,982.74,0.8853,-1,-1,-1
617,92,1030.09,285.98,168.93,478.95,0.8448,-1,-1,-1
617,147,1328.69,300.05,118.49,462.83,0.7283,-1,-1,-1
617,172,590.00,341.06,93.30,330.16,0.7303,-1,-1,-1
617,182,1187.66,370.61,64.97,233.59,0.6053,-1,-1,-1
617,186,1273.04,323.82,91.31,363.29,0.5948,-1,-1,-1
618,2,886.33,298.58,151.27,469.66,0.8362,-1,-1,-1
618,5,1667.54,103.27,252.07,972.81,0.8810,-1,-1,-1
618,92,1030.44,288.04,174.13,481.76,0.8490,-1,-1,-1
618,147,1328.40,300.61,121.31,465.91,0.7396,-1,-1,-1
618,172,589.30,333.99,82.78,339.16,0.7866,-1,-1,-1
618,182,1189.04,372.39,65.06,241.28,0.5577,-1,-1,-1
618,186,1273.61,327.63,93.65,365.94,0.5759,-1,-1,-1
618,191,1244.61,358.56,71.90,309.69,0.4867,-1,-1,-1
619,2,883.57,301.36,147.45,466.54,0.8349,-1,-1,-1
619,5,1667.30,106.75,252.01,968.61,0.8953,-1,-1,-1
619,92,1027.91,289.53,173.28,482.91,0.8128,-1,-1,-1
619,147,1328.87,302.36,132.26,466.25,0.7378,-1,-1,-1
619,172,586.83,336.17,80.91,338.32,0.7619,-1,-1,-1
619,182,1186.71,368.61,67.32,247.35,0.5311,-1,-1,-1
619,186,1273.94,328.68,98.94,371.90,0.6012,-1,-1,-1
619,191,1242.83,359.27,72.59,312.26,0.4354,-1,-1,-1
620,2,880.62,303.55,139.52,464.71,0.8218,-1,-1,-1
620,5,1681.59,113.62,238.30,962.17,0.8859,-1,-1,-1
620,92,1028.30,288.60,174.76,481.90,0.7877,-1,-1,-1
620,147,1330.57,302.23,123.93,468.81,0.7549,-1,-1,-1
620,172,580.78,339.00,85.06,342.01,0.6993,-1,-1,-1
620,182,1184.28,373.02,65.17,234.52,0.5858,-1,-1,-1
620,186,1266.61,328.99,103.61,378.76,0.6097,-1,-1,-1
620,191,1243.82,358.86,72.79,319.67,0.4121,-1,-1,-1
621,2,874.73,301.99,135.16,461.07,0.8241,-1,-1,-1
621,5,1688.19,123.58,230.59,952.04,0.8787,-1,-1,-1
621,92,1027.68,287.55,157.87,480.98,0.6816,-1,-1,-1
621,147,1329.61,304.60,123.16,464.62,0.7433,-1,-1,-1
621,172,578.53,336.26,81.21,346.13,0.7226,-1,-1,-1
621,182,1183.44,375.84,65.86,226.80,0.5135,-1,-1,-1
621,185,991.31,405.03,44.25,170.10,0.1595,-1,-1,-1
621,186,1266.07,330.17,106.47,381.05,0.6277,-1,-1,-1
621,191,1242.32,359.94,69.28,325.63,0.2891,-1,-1,-1
622,2,868.20,302.40,150.53,461.26,0.8001,-1,-1,-1
622,5,1687.72,120.00,231.91,956.00,0.8935,-1,-1,-1
622,92,1025.81,287.03,141.21,479.09,0.7523,-1,-1,-1
622,147,1330.25,304.08,123.14,473.37,0.6623,-1,-1,-1
622,172,574.91,343.10,77.93,339.04,0.7714,-1,-1,-1
622,182,1185.22,375.62,63.67,196.98,0.3893,-1,-1,-1
622,186,1258.86,329.23,111.59,390.77,0.5680,-1,-1,-1
622,191,1240.57,360.03,69.45,323.76,0.3448,-1,-1,-1
622,192,1127.52,327.17,92.49,359.71,0.6469,-1,-1,-1
623,2,861.79,302.37,146.23,464.20,0.7998,-1,-1,-1
623,5,1692.37,118.88,227.42,958.27,0.8978,-1,-1,-1
623,92,1017.76,288.09,143.77,479.25,0.7772,-1,-1,-1
623,147,1328.84,306.64,125.86,475.56,0.6624,-1,-1,-1
623,172,569.23,340.41,86.59,344.15,0.7405,-1,-1,-1
623,182,1182.36,381.09,63.34,190.50,0.3166,-1,-1,-1
623,186,1253.97,330.91,114.59,393.76,0.5245,-1,-1,-1
623,191,1240.92,359.40,65.53,325.18,0.2627,-1,-1,-1
623,192,1119.74,329.44,96.75,373.38,0.7136,-1,-1,-1
624,2,852.41,304.54,158.43,459.37,0.8458,-1,-1,-1
624,5,1696.50,114.43,223.35,961.47,0.8975,-1,-1,-1
624,92,1015.14,288.08,138.30,476.17,0.8128,-1,-1,-1
624,147,1327.59,308.78,123.15,471.03,0.7107,-1,-1,-1
624,172,565.09,340.87,85.73,341.37,0.7600,-1,-1,-1
624,182,1179.70,377.29,61.34,193.69,0.2764,-1,-1,-1
624,186,1255.80,330.72,107.89,399.68,0.5982,-1,-1,-1
624,192,1120.11,332.88,95.32,384.01,0.6813,-1,-1,-1
625,2,850.50,304.34,155.57,455.13,0.8478,-1,-1,-1
625,5,1698.87,111.25,220.96,963.44,0.9026,-1,-1,-1
625,92,1009.51,283.72,135.05,472.97,0.7911,-1,-1,-1
625,147,1330.06,305.09,118.23,476.43,0.7290,-1,-1,-1
625,172,558.37,342.36,85.40,343.52,0.7345,-1,-1,-1
625,182,1179.09,381.87,57.32,187.30,0.3149,-1,-1,-1
625,186,1243.03,332.18,115.62,403.50,0.6443,-1,-1,-1
625,192,1116.58,334.15,93.49,397.51,0.7347,-1,-1,-1
626,2,847.89,303.17,151.58,456.25,0.8220,-1,-1,-1
626,5,1702.81,115.59,217.01,958.45,0.9059,-1,-1,-1
626,92,1004.26,286.14,134.61,474.89,0.7881,-1,-1,-1
626,147,1326.80,304.75,121.43,477.97,0.7760,-1,-1,-1
626,172,552.38,345.28,81.86,344.55,0.7156,-1,-1,-1
626,182,1179.31,392.71,56.02,164.21,0.2077,-1,-1,-1
626,186,1241.90,332.37,116.16,406.20,0.6945,-1,-1,-1
626,192,1108.96,334.89,95.35,396.56,0.7474,-1,-1,-1
627,2,839.77,301.25,157.09,459.04,0.8348,-1,-1,-1
627,5,1704.62,118.98,215.00,953.67,0.9035,-1,-1,-1
627,92,995.80,278.19,138.76,483.50,0.7869,-1,-1,-1
627,147,1325.87,304.70,121.88,477.74,0.7649,-1,-1,-1
627,172,545.57,342.77,83.23,351.45,0.7479,-1,-1,-1
627,182,1177.80,396.33,54.67,157.92,0.1707,-1,-1,-1
627,186,1235.79,330.94,117.06,409.88,0.6748,-1,-1,-1
627,192,1107.59,334.23,91.50,399.03,0.7327,-1,-1,-1
628,2,826.27,300.85,166.25,457.42,0.8433,-1,-1,-1
628,5,1700.39,115.15,219.18,956.38,0.9049,-1,-1,-1
628,92,988.34,279.54,151.59,478.02,0.7561,-1,-1,-1
628,147,1324.34,302.20,121.34,480.10,0.7805,-1,-1,-1
628,172,540.73,337.65,81.47,355.62,0.7757,-1,-1,-1
628,186,1236.75,330.63,111.51,411.34,0.6812,-1,-1,-1
628,192,1099.90,329.48,100.56,411.73,0.7142,-1,-1,-1
629,2,826.33,300.75,164.77,455.72,0.8509,-1,-1,-1
629,5,1676.21,111.27,243.39,959.05,0.8848,-1,-1,-1
629,92,982.77,283.21,128.42,475.17,0.7740,-1,-1,-1
629,147,1323.35,300.82,121.11,481.65,0.7746,-1,-1,-1
629,172,536.14,342.48,91.93,353.04,0.6952,-1,-1,-1
629,186,1233.97,330.21,109.21,416.89,0.6624,-1,-1,-1
629,192,1091.10,327.65,109.28,418.38,0.7549,-1,-1,-1
630,2,824.39,302.76,162.47,453.60,0.8440,-1,-1,-1
630,5,1622.61,114.88,296.98,956.37,0.8868,-1,-1,-1
630,92,974.14,280.91,130.86,475.58,0.8165,-1,-1,-1
630,147,1322.94,300.51,120.34,483.88,0.7812,-1,-1,-1
630,172,530.39,339.08,87.38,360.44,0.7635,-1,-1,-1
630,186,1242.89,326.47,99.33,421.54,0.6421,-1,-1,-1
630,192,1086.02,325.92,116.01,421.81,0.7896,-1,-1,-1
631,2,821.38,304.17,164.33,454.82,0.8504,-1,-1,-1
631,5,1691.82,109.44,227.52,961.93,0.8918,-1,-1,-1
631,92,971.91,280.81,129.78,474.54,0.8289,-1,-1,-1
631,147,1323.59,301.21,120.69,483.13,0.7567,-1,-1,-1
631,172,526.91,344.99,83.70,351.44,0.7317,-1,-1,-1
631,186,1236.59,329.63,106.91,421.50,0.6376,-1,-1,-1
631,192,1083.46,326.68,125.06,421.30,0.8127,-1,-1,-1
632,2,815.55,306.05,167.16,456.40,0.8553,-1,-1,-1
632,5,1700.59,107.53,218.75,964.92,0.9016,-1,-1,-1
632,92,970.97,281.24,126.43,474.36,0.7889,-1,-1,-1
632,147,1325.55,303.06,124.78,483.56,0.7637,-1,-1,-1
632,172,524.91,345.27,82.45,353.98,0.7624,-1,-1,-1
632,186,1238.16,326.41,108.94,426.60,0.6646,-1,-1,-1
632,192,1083.12,325.83,125.37,424.27,0.8175,-1,-1,-1
633,2,813.81,308.62,168.83,456.63,0.8613,-1,-1,-1
633,5,1711.64,101.12,207.97,971.66,0.9037,-1,-1,-1
633,92,972.53,281.96,125.94,477.67,0.7696,-1,-1,-1
633,147,1328.22,300.57,122.77,486.83,0.7740,-1,-1,-1
633,172,523.21,340.96,85.15,360.84,0.7679,-1,-1,-1
633,186,1238.40,322.13,110.80,428.68,0.6779,-1,-1,-1
633,192,1088.49,326.23,120.19,428.21,0.8152,-1,-1,-1
634,2,813.00,309.91,169.64,457.72,0.8613,-1,-1,-1
634,5,1722.87,89.14,196.80,983.92,0.9049,-1,-1,-1
634,92,970.36,282.50,128.37,473.70,0.7826,-1,-1,-1
634,147,1332.81,303.71,122.85,488.01,0.7371,-1,-1,-1
634,172,521.63,348.17,87.32,359.52,0.7837,-1,-1,-1
634,186,1237.61,321.04,116.44,431.89,0.6735,-1,-1,-1
634,192,1092.80,328.01,121.75,430.87,0.8316,-1,-1,-1
635,2,812.93,310.67,172.15,460.28,0.8560,-1,-1,-1
635,5,1723.17,88.20,195.84,979.09,0.8873,-1,-1,-1
635,92,978.11,283.28,122.49,480.38,0.7789,-1,-1,-1
635,147,1335.81,299.77,125.02,492.65,0.6894,-1,-1,-1
635,172,521.11,350.88,86.81,360.75,0.7924,-1,-1,-1
635,186,1246.91,320.68,109.53,430.73,0.5801,-1,-1,-1
635,191,1235.76,346.87,72.33,380.81,0.3840,-1,-1,-1
635,192,1096.73,324.95,124.52,437.83,0.8295,-1,-1,-1
636,2,814.04,313.92,173.84,457.23,0.8376,-1,-1,-1
636,5,1718.73,85.47,200.84,988.35,0.8780,-1,-1,-1
636,92,983.34,284.74,124.86,485.64,0.7954,-1,-1,-1
636,147,1340.00,302.38,130.64,492.82,0.7315,-1,-1,-1
636,172,520.42,354.56,85.60,363.46,0.7748,-1,-1,-1
636,186,1248.79,316.47,112.88,436.02,0.5974,-1,-1,-1
636,191,1239.29,335.67,67.68,392.21,0.3296,-1,-1,-1
636,192,1101.91,327.23,122.75,440.22,0.8233,-1,-1,-1
637,2,820.20,318.97,170.57,445.73,0.8476,-1,-1,-1
637,5,1719.49,86.95,200.16,984.46,0.8705,-1,-1,-1
637,92,990.70,294.10,117.09,484.18,0.7991,-1,-1,-1
637,147,1342.93,304.48,131.18,497.24,0.7881,-1,-1,-1
637,172,519.60,359.86,89.16,360.85,0.7452,-1,-1,-1
637,186,1251.87,319.19,113.48,428.76,0.6365,-1,-1,-1
637,191,1233.62,351.62,75.54,378.97,0.4486,-1,-1,-1
637,192,1104.23,327.02,118.20,440.83,0.8145,-1,-1,-1
638,2,829.99,318.47,161.78,444.24,0.8626,-1,-1,-1
638,5,1711.66,85.67,207.25,985.81,0.8833,-1,-1,-1
638,92,990.71,294.96,117.00,479.87,0.8012,-1,-1,-1
638,147,1346.33,304.47,129.29,498.83,0.7828,-1,-1,-1
638,172,518.43,351.81,90.44,369.59,0.7351,-1,-1,-1
638,186,1256.16,315.77,109.56,432.91,0.6141,-1,-1,-1
638,191,1232.88,352.48,77.36,379.53,0.4991,-1,-1,-1
638,192,1104.67,331.18,125.14,436.12,0.8113,-1,-1,-1
639,2,837.83,319.08,154.46,452.12,0.8571,-1,-1,-1
639,5,1708.33,84.29,211.28,989.68,0.8778,-1,-1,-1
639,92,993.25,300.23,112.46,475.29,0.7966,-1,-1,-1
639,147,1354.40,304.49,129.37,500.58,0.7286,-1,-1,-1
639,172,519.11,366.25,93.45,357.79,0.7406,-1,-1,-1
639,186,1256.39,314.41,120.50,446.63,0.6886,-1,-1,-1
639,191,1237.26,352.62,69.44,377.63,0.4368,-1,-1,-1
639,192,1107.91,332.03,132.75,437.50,0.8278,-1,-1,-1
640,2,842.94,318.39,152.96,451.20,0.8471,-1,-1,-1
640,5,1703.20,77.18,215.43,996.70,0.8780,-1,-1,-1
640,92,998.32,301.99,112.81,475.96,0.7995,-1,-1,-1
640,147,1363.32,299.55,126.69,512.92,0.7261,-1,-1,-1
640,172,519.99,367.25,92.03,360.82,0.7234,-1,-1,-1
640,186,1257.39,316.39,124.24,457.58,0.7244,-1,-1,-1
640,191,1241.48,349.99,72.27,379.35,0.4175,-1,-1,-1
640,192,1109.48,331.39,138.99,440.88,0.8108,-1,-1,-1
641,2,848.77,320.21,151.76,447.65,0.8329,-1,-1,-1
641,5,1701.01,80.70,218.08,990.02,0.8734,-1,-1,-1
641,92,1002.62,305.48,111.53,468.64,0.7950,-1,-1,-1
641,147,1369.87,299.98,127.24,506.03,0.7780,-1,-1,-1
641,172,520.63,359.52,94.50,369.81,0.7324,-1,-1,-1
641,186,1257.58,311.97,128.95,463.37,0.7402,-1,-1,-1
641,191,1246.33,338.25,78.64,384.69,0.1773,-1,-1,-1
641,192,1114.47,329.60,146.90,443.63,0.7946,-1,-1,-1
642,2,852.89,321.37,154.83,448.84,0.8223,-1,-1,-1
642,5,1698.49,89.53,220.62,982.36,0.8823,-1,-1,-1
642,92,1004.58,308.30,117.28,471.14,0.7901,-1,-1,-1
642,147,1377.93,303.56,128.23,511.02,0.7986,-1,-1,-1
642,172,525.75,358.37,105.11,375.63,0.7042,-1,-1,-1
642,186,1265.63,316.63,129.50,470.28,0.7755,-1,-1,-1
642,192,1121.28,331.20,149.63,446.85,0.7797,-1,-1,-1
643,2,856.91,321.44,154.20,444.83,0.8647,-1,-1,-1
643,5,1689.66,92.46,230.01,975.47,0.8826,-1,-1,-1
643,92,1005.84,308.54,118.81,482.65,0.8066,-1,-1,-1
643,147,1381.01,303.58,133.13,514.47,0.7872,-1,-1,-1
643,172,527.21,362.30,103.55,373.33,0.7193,-1,-1,-1
643,186,1277.38,316.54,124.62,473.41,0.6636,-1,-1,-1
643,191,1256.20,336.51,81.58,384.35,0.2448,-1,-1,-1
643,192,1124.41,328.30,150.87,457.77,0.8037,-1,-1,-1
644,2,862.86,322.50,153.47,449.26,0.8757,-1,-1,-1
644,5,1686.42,99.29,232.72,974.92,0.8598,-1,-1,-1
644,92,1009.74,308.24,114.44,485.59,0.7890,-1,-1,-1
644,147,1390.38,299.27,135.64,524.44,0.8027,-1,-1,-1
644,172,528.22,363.12,103.34,378.47,0.7457,-1,-1,-1
644,186,1286.69,319.48,120.58,474.97,0.6615,-1,-1,-1
644,191,1278.96,337.24,80.17,398.60,0.2911,-1,-1,-1
644,192,1132.38,321.81,153.04,470.76,0.8328,-1,-1,-1
645,2,868.06,323.91,153.95,451.33,0.8724,-1,-1,-1
645,5,1683.91,247.74,236.33,825.30,0.8225,-1,-1,-1
645,92,1010.27,309.47,119.92,488.30,0.7794,-1,-1,-1
645,147,1394.30,296.40,138.25,526.34,0.7455,-1,-1,-1
645,172,532.56,364.75,99.82,377.15,0.7621,-1,-1,-1
645,186,1298.00,312.70,115.50,482.14,0.6770,-1,-1,-1
645,191,1281.37,335.79,68.56,401.59,0.3036,-1,-1,-1
645,192,1134.59,318.61,155.70,480.29,0.8496,-1,-1,-1
646,2,874.10,324.78,149.87,456.40,0.8636,-1,-1,-1
646,5,1687.41,258.17,232.35,800.85,0.8079,-1,-1,-1
646,92,1006.58,308.22,127.67,486.87,0.8043,-1,-1,-1
646,147,1404.99,294.69,130.95,528.36,0.7557,-1,-1,-1
646,172,532.54,363.66,100.60,381.16,0.7657,-1,-1,-1
646,186,1298.27,312.08,124.88,485.98,0.7226,-1,-1,-1
646,191,1273.77,342.64,75.19,418.99,0.3138,-1,-1,-1
646,192,1133.84,317.97,160.73,482.79,0.8526,-1,-1,-1
646,195,828.79,401.15,53.50,204.61,0.2540,-1,-1,-1
647,2,875.48,325.89,152.14,456.83,0.8581,-1,-1,-1
647,5,1684.85,275.52,234.92,794.65,0.8317,-1,-1,-1
647,92,1017.14,307.91,123.69,485.42,0.7974,-1,-1,-1
647,147,1411.70,291.65,129.87,540.86,0.7706,-1,-1,-1
647,172,533.86,362.80,100.48,383.41,0.7430,-1,-1,-1
647,186,1309.11,307.33,119.79,494.05,0.6990,-1,-1,-1
647,191,1277.05,343.82,74.76,414.89,0.5024,-1,-1,-1
647,192,1135.36,321.17,166.53,485.70,0.8492,-1,-1,-1
647,195,827.38,395.17,55.38,218.92,0.2997,-1,-1,-1
648,2,879.66,330.14,146.20,451.20,0.8507,-1,-1,-1
648,5,1688.17,282.54,231.61,790.47,0.8627,-1,-1,-1
648,92,1021.70,308.14,117.82,484.12,0.7952,-1,-1,-1
648,147,1416.29,295.08,131.81,539.36,0.7623,-1,-1,-1
648,172,533.78,360.78,99.60,387.62,0.7399,-1,-1,-1
648,186,1307.11,308.60,127.30,498.93,0.7382,-1,-1,-1
648,191,1280.59,343.73,69.76,414.13,0.4341,-1,-1,-1
648,192,1135.38,317.31,172.10,491.40,0.8562,-1,-1,-1
648,195,826.91,393.79,61.34,225.64,0.3918,-1,-1,-1
649,2,880.12,332.81,146.33,449.71,0.8454,-1,-1,-1
649,5,1695.44,288.34,224.54,780.12,0.8503,-1,-1,-1
649,92,1021.55,308.68,118.17,478.60,0.8059,-1,-1,-1
649,147,1423.54,294.11,132.49,540.06,0.7922,-1,-1,-1
649,172,534.17,360.94,101.10,388.62,0.7419,-1,-1,-1
649,186,1305.42,307.07,133.06,497.08,0.7503,-1,-1,-1
649,191,1283.86,344.05,66.09,418.03,0.3244,-1,-1,-1
649,192,1134.73,325.76,178.57,488.89,0.8707,-1,-1,-1
649,195,831.85,402.16,54.64,222.59,0.5071,-1,-1,-1
650,2,880.19,334.88,152.28,448.74,0.8340,-1,-1,-1
650,5,1706.79,288.61,212.97,778.26,0.8028,-1,-1,-1
650,92,1028.05,308.18,113.52,475.76,0.8101,-1,-1,-1
650,147,1427.20,293.46,137.64,543.61,0.8075,-1,-1,-1
650,172,533.45,361.18,105.37,390.24,0.7381,-1,-1,-1
650,186,1304.10,306.12,139.07,500.63,0.7595,-1,-1,-1
650,191,1286.29,343.56,66.42,416.01,0.1561,-1,-1,-1
650,192,1133.89,317.65,184.33,507.23,0.8686,-1,-1,-1
650,195,828.84,401.72,60.07,223.46,0.4763,-1,-1,-1
651,2,879.48,334.77,157.99,449.14,0.8463,-1,-1,-1
651,5,1713.81,288.29,205.20,784.27,0.5811,-1,-1,-1
651,92,1030.17,306.19,113.32,474.55,0.7964,-1,-1,-1
651,147,1431.11,291.92,143.76,549.50,0.8433,-1,-1,-1
651,172,533.05,360.92,106.37,390.89,0.7297,-1,-1,-1
651,186,1309.68,305.19,138.70,506.89,0.7856,-1,-1,-1
651,191,1284.52,344.30,70.81,411.09,0.1718,-1,-1,-1
651,192,1132.98,320.85,187.54,507.37,0.8495,-1,-1,-1
651,195,827.00,406.17,62.75,220.52,0.5646,-1,-1,-1
652,2,875.79,339.06,163.33,446.14,0.8389,-1,-1,-1
652,5,1727.11,291.20,193.90,633.32,0.6907,-1,-1,-1
652,92,1030.25,306.16,114.17,476.40,0.8044,-1,-1,-1
652,147,1433.58,296.58,145.46,546.39,0.8194,-1,-1,-1
652,172,531.52,363.19,115.10,389.26,0.7136,-1,-1,-1
652,186,1312.51,301.56,141.68,509.21,0.7721,-1,-1,-1
652,192,1130.69,320.43,192.44,513.69,0.8327,-1,-1,-1
652,195,818.66,406.65,68.80,221.84,0.6284,-1,-1,-1
653,2,873.84,338.46,165.30,440.56,0.8443,-1,-1,-1
653,5,1737.77,290.19,181.91,622.67,0.7904,-1,-1,-1
653,92,1031.22,305.85,114.40,478.53,0.8004,-1,-1,-1
653,147,1439.11,292.79,143.27,555.81,0.7692,-1,-1,-1
653,172,529.41,361.42,114.65,393.37,0.7047,-1,-1,-1
653,186,1311.92,307.55,146.19,504.57,0.7707,-1,-1,-1
653,191,1286.42,347.45,71.22,408.23,0.2363,-1,-1,-1
653,192,1127.92,314.95,193.99,529.76,0.8395,-1,-1,-1
653,195,814.58,403.18,70.48,230.37,0.6551,-1,-1,-1
654,2,870.30,335.39,166.51,441.13,0.8412,-1,-1,-1
654,5,1751.57,287.21,167.80,675.55,0.7735,-1,-1,-1
654,92,1030.05,303.70,114.61,479.70,0.7958,-1,-1,-1
654,147,1441.02,293.44,145.84,551.58,0.7599,-1,-1,-1
654,172,527.61,358.96,100.92,397.20,0.7339,-1,-1,-1
654,186,1313.69,304.81,146.20,508.70,0.7869,-1,-1,-1
654,191,1289.93,336.33,79.00,408.42,0.1591,-1,-1,-1
654,192,1124.46,310.73,198.50,539.57,0.8520,-1,-1,-1
654,195,808.91,402.18,76.17,230.14,0.6970,-1,-1,-1
655,2,867.48,332.83,167.74,446.33,0.8412,-1,-1,-1
655,5,1758.11,286.20,161.27,721.29,0.7610,-1,-1,-1
655,92,1028.27,303.33,116.59,477.85,0.7777,-1,-1,-1
655,147,1446.48,293.98,144.39,552.71,0.7382,-1,-1,-1
655,172,523.87,357.67,120.40,397.46,0.7660,-1,-1,-1
655,186,1316.75,294.87,144.76,523.11,0.8089,-1,-1,-1
655,191,1286.23,331.06,78.40,380.18,0.2229,-1,-1,-1
655,192,1119.90,310.33,203.88,543.40,0.8415,-1,-1,-1
655,195,807.51,401.93,70.84,229.36,0.6966,-1,-1,-1
655,196,759.33,412.98,39.23,160.91,0.1648,-1,-1,-1
656,2,865.42,332.52,164.86,443.03,0.8483,-1,-1,-1
656,5,1768.84,283.70,150.74,752.63,0.7914,-1,-1,-1
656,92,1026.94,305.15,115.99,476.37,0.7907,-1,-1,-1
656,147,1449.31,292.49,144.42,559.24,0.7547,-1,-1,-1
656,172,517.74,359.56,110.52,402.49,0.7324,-1,-1,-1
656,186,1316.32,296.70,146.21,527.39,0.8174,-1,-1,-1
656,191,1283.34,337.50,79.18,358.84,0.2119,-1,-1,-1
656,192,1116.31,311.50,202.73,543.22,0.8412,-1,-1,-1
656,195,807.33,405.48,67.43,228.20,0.7185,-1,-1,-1
657,2,859.61,336.44,167.07,437.22,0.8641,-1,-1,-1
657,5,1779.87,295.25,140.04,748.86,0.7590,-1,-1,-1
657,92,1026.03,307.07,114.09,481.74,0.7666,-1,-1,-1
657,147,1450.26,292.74,146.16,559.67,0.7541,-1,-1,-1
657,172,515.18,360.34,114.67,405.55,0.7425,-1,-1,-1
657,186,1314.72,298.08,149.07,533.15,0.8101,-1,-1,-1
657,191,1284.17,341.57,77.92,377.49,0.1911,-1,-1,-1
657,192,1113.88,312.33,202.12,539.21,0.8435,-1,-1,-1
657,195,803.91,400.39,65.07,237.41,0.6979,-1,-1,-1
657,197,1288.94,345.27,58.98,135.47,0.1693,-1,-1,-1
657,198,1747.66,412.40,55.32,76.09,0.1907,-1,-1,-1
658,2,854.55,331.59,169.95,447.05,0.8726,-1,-1,-1
658,5,1790.37,290.31,129.41,765.44,0.7521,-1,-1,-1
658,92,1023.76,306.40,114.27,479.25,0.7665,-1,-1,-1
658,147,1452.92,290.64,145.16,561.26,0.7756,-1,-1,-1
658,172,510.29,360.04,119.47,404.76,0.7995,-1,-1,-1
658,186,1312.21,296.07,152.19,537.57,0.8129,-1,-1,-1
658,191,1279.50,335.40,77.36,347.75,0.2082,-1,-1,-1
658,192,1112.17,310.58,202.26,530.92,0.8416,-1,-1,-1
658,195,797.64,407.29,67.80,231.25,0.6544,-1,-1,-1
659,2,852.75,330.12,170.05,444.26,0.8724,-1,-1,-1
659,5,1800.36,289.09,119.52,768.96,0.7313,-1,-1,-1
659,92,1020.48,306.05,113.66,479.58,0.7728,-1,-1,-1
659,147,1455.07,287.96,145.44,564.72,0.7863,-1,-1,-1
659,172,505.50,363.13,100.83,399.82,0.6621,-1,-1,-1
659,186,1310.02,295.99,156.13,540.36,0.8334,-1,-1,-1
659,191,1267.19,334.20,83.58,402.02,0.1702,-1,-1,-1
659,192,1109.14,307.16,207.20,549.72,0.8465,-1,-1,-1
659,195,792.31,404.25,70.92,227.80,0.6911,-1,-1,-1
660,2,850.64,328.60,170.07,442.76,0.8652,-1,-1,-1
660,5,1806.89,282.71,112.91,784.75,0.7414,-1,-1,-1
660,92,1017.26,306.68,114.52,482.51,0.7700,-1,-1,-1
660,147,1455.93,286.73,147.01,567.77,0.7917,-1,-1,-1
660,172,500.40,363.52,100.07,398.56,0.7042,-1,-1,-1
660,186,1307.41,292.00,159.96,546.72,0.8378,-1,-1,-1
660,191,1263.97,330.32,85.44,426.92,0.3553,-1,-1,-1
660,192,1105.84,302.75,209.04,557.24,0.8479,-1,-1,-1
660,195,788.66,395.96,72.81,234.42,0.7134,-1,-1,-1
661,2,848.35,327.43,168.18,447.33,0.8631,-1,-1,-1
661,5,1811.12,282.26,108.61,791.58,0.7549,-1,-1,-1
661,92,1013.31,306.17,114.64,488.73,0.7681,-1,-1,-1
661,147,1455.40,285.37,147.31,572.97,0.7934,-1,-1,-1
661,172,495.73,361.63,127.02,407.47,0.7416,-1,-1,-1
661,186,1306.51,289.79,162.31,554.28,0.8149,-1,-1,-1
661,191,1265.16,328.28,78.91,435.06,0.3246,-1,-1,-1
661,192,1104.24,298.57,207.81,563.96,0.8697,-1,-1,-1
661,195,787.24,393.85,68.67,241.27,0.7384,-1,-1,-1
662,2,847.66,328.47,167.03,453.05,0.8508,-1,-1,-1
662,5,1812.00,284.66,107.54,790.30,0.7530,-1,-1,-1
662,92,1015.10,312.28,106.74,485.62,0.7684,-1,-1,-1
662,147,1454.16,285.93,151.67,574.93,0.7984,-1,-1,-1
662,172,490.50,360.37,106.32,408.68,0.7776,-1,-1,-1
662,186,1303.72,286.31,166.09,560.16,0.8091,-1,-1,-1
662,191,1266.43,322.32,70.38,368.73,0.1999,-1,-1,-1
662,192,1099.10,300.01,208.76,566.84,0.8830,-1,-1,-1
662,195,781.93,389.48,69.48,248.49,0.7738,-1,-1,-1
663,2,837.12,329.19,170.79,448.44,0.8383,-1,-1,-1
663,5,1811.19,280.95,108.34,794.15,0.7611,-1,-1,-1
663,92,1009.86,312.29,111.71,490.82,0.8032,-1,-1,-1
663,147,1451.51,285.83,154.62,575.87,0.8118,-1,-1,-1
663,172,481.41,357.18,110.77,413.75,0.7914,-1,-1,-1
663,186,1293.67,288.53,172.98,561.57,0.8241,-1,-1,-1
663,192,1093.13,296.22,213.32,573.12,0.8790,-1,-1,-1
663,195,786.56,392.09,58.19,230.18,0.2063,-1,-1,-1
663,198,1738.26,415.52,55.94,68.36,0.1837,-1,-1,-1
663,199,1264.73,328.30,58.32,130.18,0.3264,-1,-1,-1
664,2,833.37,332.21,172.39,442.30,0.8517,-1,-1,-1
664,5,1811.23,281.23,108.33,794.05,0.7670,-1,-1,-1
664,92,1007.30,311.41,110.03,490.84,0.8050,-1,-1,-1
664,147,1450.52,285.06,158.44,578.30,0.8171,-1,-1,-1
664,172,474.80,354.98,123.17,416.72,0.7986,-1,-1,-1
664,186,1286.22,288.64,179.87,565.74,0.8245,-1,-1,-1
664,192,1092.63,298.16,203.97,579.35,0.8739,-1,-1,-1
664,195,775.77,395.31,65.89,232.49,0.5227,-1,-1,-1
664,199,1257.39,332.67,57.84,131.88,0.2965,-1,-1,-1
665,2,845.77,332.92,152.95,433.43,0.8439,-1,-1,-1
665,5,1813.85,272.72,105.75,803.02,0.7567,-1,-1,-1
665,92,999.74,307.85,116.23,492.01,0.7879,-1,-1,-1
665,147,1448.39,284.35,159.46,580.72,0.8181,-1,-1,-1
665,172,468.76,356.85,109.57,418.18,0.7528,-1,-1,-1
665,186,1285.77,280.62,177.33,576.60,0.8551,-1,-1,-1
665,192,1088.07,294.16,215.66,583.91,0.8692,-1,-1,-1
665,195,765.19,396.35,74.85,240.31,0.6888,-1,-1,-1
665,199,1252.08,327.37,58.33,132.24,0.3639,-1,-1,-1
666,2,844.45,332.19,153.57,442.08,0.8454,-1,-1,-1
666,5,1801.73,265.99,117.71,810.31,0.7592,-1,-1,-1
666,92,994.34,304.26,116.50,491.99,0.7845,-1,-1,-1
666,147,1448.34,283.57,161.97,582.73,0.8407,-1,-1,-1
666,172,462.85,355.69,114.10,420.62,0.7409,-1,-1,-1
666,186,1274.34,281.72,184.99,578.27,0.8594,-1,-1,-1
666,192,1086.65,290.81,221.59,597.28,0.8741,-1,-1,-1
666,195,765.55,395.98,69.93,243.46,0.6989,-1,-1,-1
666,199,1240.39,325.10,64.67,125.07,0.2741,-1,-1,-1
667,2,841.54,332.73,152.86,443.55,0.8482,-1,-1,-1
667,5,1790.17,262.85,129.30,810.91,0.7681,-1,-1,-1
667,92,987.75,303.77,118.33,476.79,0.7912,-1,-1,-1
667,147,1442.97,285.01,167.47,579.91,0.8508,-1,-1,-1
667,172,453.49,354.95,105.70,420.33,0.7159,-1,-1,-1
667,186,1275.15,274.67,180.31,585.72,0.8737,-1,-1,-1
667,192,1084.98,287.56,225.03,616.00,0.8780,-1,-1,-1
667,195,760.45,398.03,70.41,242.84,0.7141,-1,-1,-1
667,199,1230.87,324.23,64.60,108.81,0.3533,-1,-1,-1
668,2,836.80,332.68,158.28,439.62,0.8550,-1,-1,-1
668,5,1790.01,260.20,129.53,813.83,0.7434,-1,-1,-1
668,92,981.62,302.06,119.55,487.97,0.7938,-1,-1,-1
668,147,1441.70,285.39,172.35,579.98,0.8597,-1,-1,-1
668,172,446.15,352.53,106.80,424.87,0.7798,-1,-1,-1
668,186,1271.27,269.75,181.53,589.75,0.8744,-1,-1,-1
668,192,1080.03,284.82,229.60,620.79,0.8781,-1,-1,-1
668,195,755.99,389.10,72.87,252.50,0.7268,-1,-1,-1
668,199,1221.60,324.94,64.19,95.63,0.3818,-1,-1,-1
669,2,836.01,331.39,159.60,431.65,0.8528,-1,-1,-1
669,5,1798.20,253.78,121.40,822.52,0.7745,-1,-1,-1
669,92,975.99,299.18,122.88,491.53,0.8047,-1,-1,-1
669,147,1440.10,282.10,178.74,582.79,0.8599,-1,-1,-1
669,172,440.76,343.76,109.50,435.29,0.7780,-1,-1,-1
669,186,1266.44,265.86,183.36,591.92,0.8610,-1,-1,-1
669,192,1076.12,282.64,235.14,637.88,0.8836,-1,-1,-1
669,195,749.56,392.02,75.11,249.82,0.6955,-1,-1,-1
669,199,1204.63,320.59,73.83,83.75,0.2689,-1,-1,-1
670,2,834.72,330.09,155.10,430.16,0.8464,-1,-1,-1
670,5,1798.43,248.37,121.12,826.34,0.7922,-1,-1,-1
670,92,976.42,298.39,118.63,487.58,0.8194,-1,-1,-1
670,147,1440.80,280.35,178.87,584.21,0.8582,-1,-1,-1
670,172,433.12,348.95,112.62,434.24,0.7900,-1,-1,-1
670,186,1266.92,246.85,182.36,614.25,0.8552,-1,-1,-1
670,192,1073.72,281.04,237.86,652.95,0.8822,-1,-1,-1
670,195,741.08,387.83,82.42,255.45,0.7216,-1,-1,-1
670,199,1202.65,321.83,67.25,70.06,0.1603,-1,-1,-1
671,2,834.68,329.39,147.03,434.16,0.8529,-1,-1,-1
671,5,1797.25,242.64,122.28,832.60,0.7867,-1,-1,-1
671,92,973.17,297.80,120.97,484.99,0.8102,-1,-1,-1
671,147,1440.12,277.44,181.97,589.06,0.8557,-1,-1,-1
671,172,429.17,349.29,114.06,434.08,0.8084,-1,-1,-1
671,186,1272.57,256.74,180.75,607.73,0.8523,-1,-1,-1
671,192,1074.64,281.21,238.04,668.98,0.8846,-1,-1,-1
671,195,740.45,383.46,79.51,260.05,0.7250,-1,-1,-1
672,2,836.23,329.33,146.59,435.07,0.8554,-1,-1,-1
672,5,1795.53,225.33,124.44,845.25,0.7846,-1,-1,-1
672,92,970.90,296.08,125.22,489.12,0.8121,-1,-1,-1
672,147,1441.44,275.64,182.59,590.26,0.8607,-1,-1,-1
672,172,424.45,348.32,120.29,440.88,0.7902,-1,-1,-1
672,186,1271.49,245.36,184.93,626.24,0.8485,-1,-1,-1
672,192,1075.76,279.69,239.80,686.93,0.8892,-1,-1,-1
672,195,737.26,382.69,82.31,263.19,0.7214,-1,-1,-1
673,2,837.92,328.11,139.69,433.60,0.8482,-1,-1,-1
673,5,1790.57,143.15,129.20,929.06,0.7710,-1,-1,-1
673,92,970.57,293.68,125.97,484.59,0.8151,-1,-1,-1
673,147,1443.32,274.09,183.43,594.15,0.8497,-1,-1,-1
673,172,421.03,352.47,120.21,438.38,0.7845,-1,-1,-1
673,186,1273.47,242.04,186.08,637.28,0.8370,-1,-1,-1
673,192,1075.60,273.86,247.57,698.74,0.8860,-1,-1,-1
673,195,736.93,379.82,79.77,265.74,0.7214,-1,-1,-1
674,2,838.41,328.11,137.82,433.17,0.8469,-1,-1,-1
674,5,1783.92,152.39,135.95,917.57,0.7815,-1,-1,-1
674,92,970.68,294.44,124.99,485.22,0.8078,-1,-1,-1
674,147,1444.71,273.59,188.72,592.62,0.8408,-1,-1,-1
674,172,420.10,354.69,118.77,438.95,0.7686,-1,-1,-1
674,186,1279.16,240.38,180.22,655.67,0.8240,-1,-1,-1
674,192,1073.03,266.24,259.10,710.84,0.8773,-1,-1,-1
674,195,737.31,380.50,83.48,262.41,0.6994,-1,-1,-1
675,2,838.92,328.56,138.42,434.75,0.8532,-1,-1,-1
675,5,1776.18,212.08,143.74,856.19,0.7959,-1,-1,-1
675,92,969.29,292.92,127.47,490.42,0.8147,-1,-1,-1
675,147,1446.82,273.29,190.80,593.95,0.8452,-1,-1,-1
675,172,417.12,350.02,123.66,447.79,0.7740,-1,-1,-1
675,186,1283.91,249.00,184.68,664.17,0.8162,-1,-1,-1
675,192,1069.42,264.24,268.87,718.25,0.8753,-1,-1,-1
675,195,736.94,382.63,81.87,258.31,0.7073,-1,-1,-1
676,2,837.83,329.49,140.17,436.75,0.8507,-1,-1,-1
676,5,1770.08,225.45,149.67,841.79,0.8230,-1,-1,-1
676,92,969.70,292.86,128.38,490.31,0.8211,-1,-1,-1
676,147,1457.39,272.56,185.53,586.12,0.8386,-1,-1,-1
676,172,414.74,351.18,124.90,450.23,0.7909,-1,-1,-1
676,186,1290.61,238.25,188.56,678.36,0.7950,-1,-1,-1
676,192,1067.37,258.70,280.84,727.96,0.8543,-1,-1,-1
676,195,734.50,381.98,84.83,261.18,0.7230,-1,-1,-1
677,2,837.48,327.30,142.88,437.70,0.8418,-1,-1,-1
677,5,1758.65,236.70,160.99,832.50,0.8332,-1,-1,-1
677,92,973.05,291.61,124.61,486.38,0.8250,-1,-1,-1
677,147,1461.59,266.35,188.70,593.80,0.8354,-1,-1,-1
677,172,411.34,346.63,126.67,454.56,0.7913,-1,-1,-1
677,186,1297.36,228.41,207.24,699.80,0.7777,-1,-1,-1
677,192,1064.36,250.62,291.09,694.19,0.8509,-1,-1,-1
677,195,734.18,379.78,86.96,264.61,0.7434,-1,-1,-1
678,2,838.30,326.41,142.44,439.98,0.8471,-1,-1,-1
678,5,1753.56,236.75,166.11,836.44,0.8556,-1,-1,-1
678,92,972.07,291.12,128.11,489.02,0.8170,-1,-1,-1
678,147,1468.37,263.90,182.52,596.09,0.8224,-1,-1,-1
678,172,409.07,347.87,128.99,454.89,0.7979,-1,-1,-1
678,186,1302.15,226.66,206.45,705.38,0.8079,-1,-1,-1
678,192,1060.94,241.89,309.08,703.47,0.8704,-1,-1,-1
678,195,733.98,379.85,86.69,266.33,0.7394,-1,-1,-1
679,2,837.31,327.54,146.40,438.45,0.8429,-1,-1,-1
679,5,1747.72,245.91,171.95,828.78,0.8455,-1,-1,-1
679,92,978.53,291.53,124.80,485.52,0.7886,-1,-1,-1
679,147,1477.72,263.39,180.06,594.39,0.8157,-1,-1,-1
679,172,408.54,348.03,127.07,454.86,0.7842,-1,-1,-1
679,186,1310.71,229.12,201.40,723.86,0.8384,-1,-1,-1
679,192,1060.96,236.17,316.01,737.76,0.8628,-1,-1,-1
679,195,734.03,378.34,85.90,266.21,0.7328,-1,-1,-1
680,2,835.25,329.63,158.48,438.39,0.8461,-1,-1,-1
680,5,1740.00,247.75,179.76,806.24,0.7747,-1,-1,-1
680,92,982.20,292.93,121.01,483.55,0.7711,-1,-1,-1
680,147,1486.73,262.19,183.23,604.67,0.8352,-1,-1,-1
680,172,409.06,346.89,129.51,458.90,0.7877,-1,-1,-1
680,186,1319.15,238.41,207.31,728.46,0.8711,-1,-1,-1
680,192,1064.88,230.97,296.26,767.50,0.8746,-1,-1,-1
680,195,735.70,378.03,86.87,270.22,0.7451,-1,-1,-1
681,2,837.64,332.15,161.83,437.26,0.8530,-1,-1,-1
681,5,1734.84,251.87,185.20,709.46,0.7911,-1,-1,-1
681,92,985.55,295.67,120.42,484.43,0.7806,-1,-1,-1
681,147,1490.57,262.27,186.97,608.87,0.8330,-1,-1,-1
681,172,411.24,345.27,130.56,462.72,0.7836,-1,-1,-1
681,186,1330.31,240.46,202.02,730.21,0.8653,-1,-1,-1
681,192,1073.26,225.70,285.78,787.33,0.8693,-1,-1,-1
681,195,735.13,382.42,92.75,270.92,0.7567,-1,-1,-1
682,2,838.75,333.28,170.18,442.41,0.8249,-1,-1,-1
682,5,1731.82,257.16,188.35,541.52,0.8294,-1,-1,-1
682,92,992.62,296.31,116.13,482.69,0.8022,-1,-1,-1
682,147,1500.61,260.12,177.38,619.88,0.8320,-1,-1,-1
682,172,412.53,345.05,124.74,464.67,0.7888,-1,-1,-1
682,186,1341.87,234.92,200.31,739.45,0.8556,-1,-1,-1
682,192,1078.99,223.50,287.32,793.16,0.8823,-1,-1,-1
682,195,737.07,381.80,93.19,274.85,0.7641,-1,-1,-1
683,2,845.98,335.79,165.34,430.04,0.8036,-1,-1,-1
683,5,1741.52,259.92,177.91,524.11,0.6857,-1,-1,-1
683,92,996.99,294.72,119.34,488.61,0.8040,-1,-1,-1
683,147,1508.24,257.00,167.03,623.25,0.8309,-1,-1,-1
683,172,414.10,347.16,125.67,463.71,0.7805,-1,-1,-1
683,186,1350.05,232.38,216.39,751.05,0.8690,-1,-1,-1
683,192,1083.94,220.32,293.46,814.70,0.8778,-1,-1,-1
683,195,739.90,382.75,91.54,273.96,0.7633,-1,-1,-1
683,202,839.83,398.56,47.74,214.63,0.1888,-1,-1,-1
684,2,849.63,336.70,161.51,436.56,0.8405,-1,-1,-1
684,5,1748.31,263.32,171.08,509.93,0.6061,-1,-1,-1
684,92,1002.65,296.80,114.45,489.54,0.8058,-1,-1,-1
684,147,1514.22,259.26,171.40,628.03,0.8183,-1,-1,-1
684,172,416.92,348.38,126.27,464.60,0.7959,-1,-1,-1
684,186,1359.33,224.32,222.99,763.26,0.8635,-1,-1,-1
684,192,1091.77,217.35,294.19,852.23,0.8758,-1,-1,-1
684,195,747.07,382.67,89.38,277.92,0.7771,-1,-1,-1
685,2,863.36,332.42,152.92,440.35,0.8125,-1,-1,-1
685,5,1757.09,267.27,161.88,516.12,0.4569,-1,-1,-1
685,92,1008.69,296.60,116.25,487.90,0.8068,-1,-1,-1
685,147,1521.43,261.04,162.74,619.79,0.7576,-1,-1,-1
685,172,420.62,340.67,129.13,473.93,0.7989,-1,-1,-1
685,186,1370.03,219.57,222.64,767.66,0.8340,-1,-1,-1
685,192,1097.07,214.93,299.88,865.08,0.8874,-1,-1,-1
685,195,753.51,382.64,87.30,281.13,0.7897,-1,-1,-1
685,202,847.57,396.62,53.58,224.95,0.2903,-1,-1,-1
686,2,874.03,333.47,146.08,433.70,0.8572,-1,-1,-1
686,5,1769.46,280.47,150.32,509.60,0.6588,-1,-1,-1
686,92,1017.13,293.15,117.94,491.17,0.7961,-1,-1,-1
686,147,1545.21,268.32,143.73,616.71,0.4238,-1,-1,-1
686,172,424.83,342.26,123.84,473.25,0.8151,-1,-1,-1
686,186,1385.93,209.51,237.23,781.47,0.8322,-1,-1,-1
686,192,1103.40,210.82,300.66,868.89,0.8992,-1,-1,-1
686,195,757.07,383.44,87.90,277.56,0.8156,-1,-1,-1
686,202,851.56,389.72,52.05,229.71,0.3832,-1,-1,-1
687,2,877.38,329.55,159.26,440.13,0.8469,-1,-1,-1
687,5,1789.84,302.42,129.71,547.76,0.6365,-1,-1,-1
687,92,1018.93,295.95,122.70,497.08,0.7958,-1,-1,-1
687,147,1558.48,227.40,138.47,662.59,0.2561,-1,-1,-1
687,172,429.21,336.45,118.80,472.86,0.7941,-1,-1,-1
687,186,1394.53,201.13,271.26,796.32,0.8386,-1,-1,-1
687,192,1104.94,207.17,310.25,872.45,0.9024,-1,-1,-1
687,195,765.40,379.78,87.34,283.05,0.8168,-1,-1,-1
687,202,862.02,391.83,50.65,227.05,0.2848,-1,-1,-1
687,203,1146.32,295.56,48.01,77.96,0.1746,-1,-1,-1
688,2,883.58,326.33,148.93,434.25,0.8337,-1,-1,-1
688,5,1806.02,332.22,114.09,532.89,0.6790,-1,-1,-1
688,92,1029.33,293.47,118.59,488.42,0.8103,-1,-1,-1
688,147,1594.56,293.55,114.13,589.25,0.1731,-1,-1,-1
688,172,433.20,331.59,123.88,479.79,0.7648,-1,-1,-1
688,186,1408.47,191.07,286.95,809.49,0.8672,-1,-1,-1
688,192,1107.88,195.75,317.56,881.49,0.8989,-1,-1,-1
688,195,764.96,376.93,93.19,281.78,0.7847,-1,-1,-1
688,202,865.47,387.47,46.57,228.11,0.3329,-1,-1,-1
688,204,859.19,391.10,37.39,153.31,0.2527,-1,-1,-1
689,2,891.17,322.45,150.58,430.48,0.8121,-1,-1,-1
689,5,1826.93,370.54,93.52,498.10,0.5587,-1,-1,-1
689,92,1037.57,290.70,115.59,488.08,0.7769,-1,-1,-1
689,172,436.22,329.07,123.88,475.06,0.8071,-1,-1,-1
689,186,1419.22,188.04,294.29,804.59,0.8771,-1,-1,-1
689,192,1111.16,169.73,325.46,905.82,0.8958,-1,-1,-1
689,195,769.29,372.40,97.98,282.24,0.7736,-1,-1,-1
689,202,864.74,383.76,50.90,226.62,0.4423,-1,-1,-1
690,2,896.50,316.42,154.54,432.51,0.7918,-1,-1,-1
690,5,1850.50,406.41,70.29,475.77,0.3308,-1,-1,-1
690,92,1045.58,286.33,115.61,486.41,0.8158,-1,-1,-1
690,172,438.70,321.84,122.29,474.86,0.7799,-1,-1,-1
690,186,1427.40,178.61,318.22,812.74,0.8659,-1,-1,-1
690,192,1110.03,171.31,337.49,898.71,0.8990,-1,-1,-1
690,195,774.23,361.37,92.67,289.22,0.7468,-1,-1,-1
690,202,869.17,379.07,48.59,227.82,0.4120,-1,-1,-1
691,2,901.53,311.00,164.20,432.16,0.8091,-1,-1,-1
691,92,1047.99,283.00,115.87,486.35,0.7579,-1,-1,-1
691,172,440.75,318.97,122.60,477.50,0.7071,-1,-1,-1
691,186,1437.32,164.06,336.20,832.08,0.8800,-1,-1,-1
691,192,1110.10,177.87,343.01,896.77,0.9035,-1,-1,-1
691,195,777.61,361.92,93.57,289.66,0.7818,-1,-1,-1
691,204,869.22,382.36,52.15,217.46,0.3709,-1,-1,-1
692,2,906.91,306.98,144.87,432.89,0.7997,-1,-1,-1
692,92,1053.10,279.83,117.41,492.29,0.7487,-1,-1,-1
692,172,441.08,313.93,124.32,483.73,0.7455,-1,-1,-1
692,186,1444.68,152.97,347.18,860.71,0.8965,-1,-1,-1
692,192,1106.98,158.86,359.82,918.50,0.8955,-1,-1,-1
692,195,779.64,355.45,93.04,293.85,0.7839,-1,-1,-1
692,204,866.70,372.89,58.39,221.83,0.5126,-1,-1,-1
693,2,910.03,302.21,147.34,436.15,0.7894,-1,-1,-1
693,92,1059.90,272.84,105.20,518.91,0.6097,-1,-1,-1
693,172,440.25,310.48,149.55,486.63,0.6762,-1,-1,-1
693,186,1451.06,143.05,360.58,894.42,0.9005,-1,-1,-1
693,192,1104.46,133.51,377.61,939.16,0.8889,-1,-1,-1
693,195,778.41,353.70,93.96,291.57,0.7785,-1,-1,-1
693,204,865.95,369.80,62.82,223.58,0.5344,-1,-1,-1
694,2,907.79,299.45,147.94,437.44,0.8105,-1,-1,-1
694,92,1062.16,266.70,98.10,518.90,0.5644,-1,-1,-1
694,172,439.53,304.41,138.25,492.06,0.6920,-1,-1,-1
694,186,1454.74,138.58,381.54,914.11,0.8978,-1,-1,-1
694,192,1101.91,126.30,398.12,947.69,0.8890,-1,-1,-1
694,195,780.17,352.24,93.42,293.09,0.7452,-1,-1,-1
694,204,864.81,365.80,62.55,220.85,0.5084,-1,-1,-1
695,2,911.41,299.17,145.25,435.05,0.8122,-1,-1,-1
695,92,1047.70,261.98,108.48,409.69,0.1772,-1,-1,-1
695,172,434.96,298.60,125.48,494.55,0.7953,-1,-1,-1
695,186,1461.98,131.06,400.15,920.24,0.8990,-1,-1,-1
695,192,1093.14,112.09,424.63,962.04,0.8792,-1,-1,-1
695,195,780.96,346.30,89.49,295.60,0.7442,-1,-1,-1
695,204,866.92,362.82,64.75,226.73,0.6063,-1,-1,-1
695,206,1060.57,257.23,135.36,650.53,0.5196,-1,-1,-1
696,2,910.39,301.49,139.49,431.88,0.8449,-1,-1,-1
696,92,1068.64,259.56,91.61,475.27,0.2181,-1,-1,-1
696,172,432.32,296.89,126.14,497.87,0.8190,-1,-1,-1
696,186,1466.99,125.99,411.92,936.03,0.9046,-1,-1,-1
696,192,1097.85,99.82,429.58,975.23,0.8821,-1,-1,-1
696,195,776.64,343.37,93.81,297.43,0.7672,-1,-1,-1
696,204,867.15,363.75,62.93,229.99,0.6265,-1,-1,-1
696,206,1045.39,250.67,161.73,667.42,0.6167,-1,-1,-1
697,2,915.05,297.03,134.16,430.45,0.8147,-1,-1,-1
697,92,1061.93,255.30,96.21,446.46,0.2214,-1,-1,-1
697,172,425.65,295.18,132.11,498.35,0.7921,-1,-1,-1
697,186,1476.98,115.64,414.65,955.08,0.8911,-1,-1,-1
697,192,1109.65,84.36,437.75,990.64,0.8935,-1,-1,-1
697,195,775.92,337.11,95.14,300.70,0.7607,-1,-1,-1
697,204,865.83,361.61,62.75,229.75,0.6690,-1,-1,-1
697,206,1043.20,249.03,152.75,679.66,0.6719,-1,-1,-1
697,207,1525.81,230.88,66.92,55.43,0.2750,-1,-1,-1
698,2,917.01,290.89,141.71,437.33,0.8343,-1,-1,-1
698,92,1052.81,243.53,109.79,465.67,0.2308,-1,-1,-1
698,172,426.48,286.24,125.35,500.87,0.7804,-1,-1,-1
698,186,1481.32,111.55,428.19,954.47,0.9020,-1,-1,-1
698,192,1106.92,67.61,444.41,1007.88,0.9037,-1,-1,-1
698,195,774.67,338.41,97.33,299.95,0.7783,-1,-1,-1
698,204,862.39,357.78,65.88,228.52,0.6855,-1,-1,-1
698,206,1045.99,226.59,166.02,706.34,0.6680,-1,-1,-1
698,207,1516.23,226.93,72.04,59.93,0.3374,-1,-1,-1
699,2,918.18,285.18,150.82,440.39,0.8385,-1,-1,-1
699,172,422.64,280.44,138.46,504.26,0.7777,-1,-1,-1
699,186,1492.88,97.36,425.94,963.73,0.9052,-1,-1,-1
699,192,1115.75,49.84,446.88,1027.85,0.9056,-1,-1,-1
699,195,772.68,334.95,102.37,301.44,0.7882,-1,-1,-1
699,204,863.92,351.62,65.15,229.72,0.6914,-1,-1,-1
699,206,1045.89,206.97,167.25,733.86,0.6901,-1,-1,-1
699,207,1506.68,221.56,78.48,77.57,0.2279,-1,-1,-1
700,2,919.43,283.30,149.14,440.20,0.8459,-1,-1,-1
700,172,421.82,276.53,130.03,505.29,0.7968,-1,-1,-1
700,186,1501.43,80.36,417.59,984.67,0.9099,-1,-1,-1
700,192,1131.25,32.49,446.20,1043.08,0.8992,-1,-1,-1
700,195,771.84,332.60,102.63,303.48,0.7659,-1,-1,-1
700,204,866.55,347.01,62.04,231.42,0.6506,-1,-1,-1
700,206,1051.34,194.80,159.44,747.31,0.7582,-1,-1,-1
700,207,1497.69,214.71,88.87,84.33,0.2338,-1,-1,-1
701,2,920.65,283.00,147.20,436.14,0.8556,-1,-1,-1
701,172,417.37,271.67,130.04,512.33,0.8241,-1,-1,-1
701,186,1511.41,73.47,407.90,988.48,0.9078,-1,-1,-1
701,192,1138.04,22.68,446.59,1050.73,0.8948,-1,-1,-1
701,195,773.63,328.57,102.71,305.20,0.7542,-1,-1,-1
701,204,864.61,345.19,65.86,234.12,0.6715,-1,-1,-1
701,206,1053.90,188.21,137.76,752.31,0.7710,-1,-1,-1
701,208,1486.27,209.89,83.86,185.04,0.3675,-1,-1,-1
702,2,921.46,279.67,139.85,433.03,0.8412,-1,-1,-1
702,172,415.35,267.96,131.41,517.49,0.8289,-1,-1,-1
702,186,1512.44,63.40,407.29,998.97,0.9112,-1,-1,-1
702,192,1138.57,10.77,451.15,1061.44,0.8914,-1,-1,-1
702,195,775.11,324.78,96.73,305.58,0.7652,-1,-1,-1
702,204,858.46,338.32,73.54,238.91,0.7007,-1,-1,-1
702,206,1045.95,179.31,172.30,763.02,0.8141,-1,-1,-1
702,208,1493.01,209.18,76.06,152.23,0.2985,-1,-1,-1
703,2,922.12,277.22,134.27,430.91,0.8374,-1,-1,-1
703,172,407.15,260.22,136.93,523.18,0.8190,-1,-1,-1
703,186,1520.80,48.90,399.20,1017.50,0.9057,-1,-1,-1
703,192,1148.44,3.34,451.18,1069.37,0.8956,-1,-1,-1
703,195,773.12,318.53,99.87,311.58,0.7658,-1,-1,-1
703,204,861.09,332.93,70.98,246.30,0.6798,-1,-1,-1
703,206,1042.63,170.62,178.27,771.59,0.8353,-1,-1,-1
703,208,1498.80,209.83,64.47,138.42,0.3118,-1,-1,-1
704,2,921.56,270.87,124.65,431.24,0.8213,-1,-1,-1
704,172,399.58,254.18,138.65,522.66,0.8431,-1,-1,-1
704,186,1532.81,36.70,387.06,1030.15,0.9108,-1,-1,-1
704,192,1154.13,0.84,453.62,1069.93,0.9026,-1,-1,-1
704,195,772.88,313.53,104.37,313.07,0.7675,-1,-1,-1
704,204,861.18,328.24,69.89,247.42,0.6803,-1,-1,-1
704,206,1034.45,158.49,208.26,783.45,0.8462,-1,-1,-1
705,2,920.11,263.15,122.48,430.88,0.8177,-1,-1,-1
705,172,394.75,251.16,143.49,521.08,0.8610,-1,-1,-1
705,186,1545.30,11.13,374.70,1051.38,0.9017,-1,-1,-1
705,192,1159.31,1.26,452.99,1068.69,0.9050,-1,-1,-1
705,195,775.32,309.76,96.20,313.93,0.7504,-1,-1,-1
705,204,854.91,322.59,72.50,245.13,0.6571,-1,-1,-1
705,206,1024.37,148.10,206.03,792.64,0.8458,-1,-1,-1
706,2,921.28,258.29,122.81,428.74,0.8041,-1,-1,-1
706,172,392.66,242.48,141.16,528.68,0.8137,-1,-1,-1
706,186,1556.98,2.86,362.73,1063.26,0.9175,-1,-1,-1
706,192,1170.34,0.90,459.30,1070.86,0.9110,-1,-1,-1
706,195,772.84,302.36,95.08,316.78,0.7645,-1,-1,-1
706,204,852.62,318.30,73.60,249.76,0.6835,-1,-1,-1
706,206,1002.40,136.63,214.55,817.95,0.8300,-1,-1,-1
707,2,920.34,254.34,123.94,425.78,0.7585,-1,-1,-1
707,172,388.55,236.51,142.79,528.39,0.8203,-1,-1,-1
707,186,1579.06,2.52,340.81,1069.25,0.9171,-1,-1,-1
707,192,1179.82,1.45,472.63,1072.82,0.9138,-1,-1,-1
707,195,777.24,294.81,89.24,316.25,0.7842,-1,-1,-1
707,204,853.01,312.12,73.48,248.32,0.6667,-1,-1,-1
707,206,991.11,119.93,221.74,856.68,0.8326,-1,-1,-1
708,2,922.37,240.24,104.63,434.41,0.7018,-1,-1,-1
708,172,386.92,230.95,145.41,530.40,0.7929,-1,-1,-1
708,186,1601.54,3.87,318.47,1068.90,0.9075,-1,-1,-1
708,192,1182.73,2.07,492.71,1068.06,0.9136,-1,-1,-1
708,195,771.87,288.61,100.18,318.11,0.7728,-1,-1,-1
708,204,852.23,305.15,74.25,256.76,0.6084,-1,-1,-1
708,206,977.52,106.69,228.42,882.44,0.8455,-1,-1,-1
709,2,913.13,229.99,119.74,436.94,0.5530,-1,-1,-1
709,172,382.06,217.41,145.20,543.95,0.8029,-1,-1,-1
709,186,1630.56,4.90,288.97,1074.73,0.8982,-1,-1,-1
709,192,1201.15,2.15,505.35,1068.37,0.9181,-1,-1,-1
709,195,767.52,279.13,104.16,322.29,0.7570,-1,-1,-1
709,204,850.89,298.74,74.49,255.26,0.5414,-1,-1,-1
709,206,968.52,97.39,262.94,904.77,0.8607,-1,-1,-1
710,172,378.75,212.03,145.24,543.11,0.7963,-1,-1,-1
710,186,1660.28,4.52,259.73,1075.36,0.8969,-1,-1,-1
710,192,1219.00,2.50,523.50,1066.06,0.9313,-1,-1,-1
710,195,767.08,274.45,104.27,326.21,0.7671,-1,-1,-1
710,204,854.30,296.83,69.57,250.94,0.5058,-1,-1,-1
710,206,936.13,85.73,302.34,926.84,0.8826,-1,-1,-1
710,209,911.73,299.84,54.46,199.32,0.1911,-1,-1,-1
711,172,374.40,207.09,146.53,546.26,0.8145,-1,-1,-1
711,186,1696.47,5.24,223.40,1056.90,0.8809,-1,-1,-1
711,192,1232.65,0.47,573.34,1066.71,0.9211,-1,-1,-1
711,195,774.38,270.20,96.28,328.91,0.7472,-1,-1,-1
711,204,853.05,295.39,69.81,255.18,0.4903,-1,-1,-1
711,206,926.32,79.75,312.41,943.20,0.8931,-1,-1,-1
712,172,371.17,203.84,145.66,550.52,0.8220,-1,-1,-1
712,186,1734.18,11.71,186.05,895.55,0.7717,-1,-1,-1
712,192,1256.19,3.53,575.62,1068.16,0.9114,-1,-1,-1
712,195,761.93,266.64,110.56,332.72,0.7454,-1,-1,-1
712,204,853.26,293.91,66.98,252.35,0.6016,-1,-1,-1
712,206,915.39,63.58,324.45,974.11,0.9027,-1,-1,-1
713,172,366.02,196.44,147.80,556.92,0.8175,-1,-1,-1
713,186,1780.57,10.02,139.46,834.51,0.5949,-1,-1,-1
713,192,1275.31,5.04,604.28,1065.99,0.9157,-1,-1,-1
713,195,758.62,261.16,116.51,337.27,0.7614,-1,-1,-1
713,204,852.57,285.09,72.00,260.74,0.5340,-1,-1,-1
713,206,909.07,51.70,327.59,1005.67,0.8966,-1,-1,-1
714,172,363.89,194.25,148.44,558.12,0.8268,-1,-1,-1
714,192,1292.25,3.17,626.74,1065.89,0.9254,-1,-1,-1
714,195,756.23,258.88,117.20,339.14,0.7826,-1,-1,-1
714,204,853.84,284.69,68.03,261.91,0.5925,-1,-1,-1
714,206,900.88,42.94,325.85,1020.31,0.8871,-1,-1,-1
714,210,1231.11,322.64,60.08,212.10,0.1905,-1,-1,-1
715,172,358.81,192.33,155.85,558.93,0.8250,-1,-1,-1
715,192,1285.23,0.02,634.05,1065.77,0.9287,-1,-1,-1
715,195,757.24,256.15,122.20,339.81,0.7688,-1,-1,-1
715,204,850.92,280.53,58.39,265.81,0.4125,-1,-1,-1
715,206,890.58,36.65,326.33,1031.01,0.8911,-1,-1,-1
715,210,1234.13,316.74,58.35,210.96,0.5290,-1,-1,-1
715,211,1206.59,324.20,42.03,169.73,0.2355,-1,-1,-1
716,172,356.43,189.68,151.38,564.44,0.8287,-1,-1,-1
716,192,1270.43,-0.06,649.04,1068.64,0.9285,-1,-1,-1
716,195,757.58,254.07,118.82,340.50,0.7619,-1,-1,-1
716,204,847.87,274.51,53.44,269.33,0.3649,-1,-1,-1
716,206,877.62,10.76,328.34,1063.10,0.8958,-1,-1,-1
716,210,1238.18,317.19,60.26,205.94,0.5927,-1,-1,-1
716,211,1204.14,330.08,46.71,164.47,0.3610,-1,-1,-1
717,172,350.57,190.10,160.45,562.64,0.8030,-1,-1,-1
717,192,1262.99,-0.00,655.80,1067.19,0.9282,-1,-1,-1
717,195,755.02,248.81,126.48,346.77,0.8046,-1,-1,-1
717,206,858.97,2.92,342.86,1074.63,0.9082,-1,-1,-1
717,210,1241.04,310.92,60.83,211.07,0.4867,-1,-1,-1
717,211,1201.33,321.13,48.26,181.28,0.3149,-1,-1,-1
718,172,346.63,182.04,162.37,572.68,0.8190,-1,-1,-1
718,192,1260.27,1.32,658.68,1068.76,0.9183,-1,-1,-1
718,195,755.65,245.38,114.07,351.47,0.8072,-1,-1,-1
718,206,844.16,12.99,340.13,1061.93,0.9028,-1,-1,-1
718,210,1237.70,307.61,69.11,214.56,0.5969,-1,-1,-1
718,211,1205.28,312.56,46.19,189.99,0.2742,-1,-1,-1
719,92,1112.71,174.45,91.90,510.95,0.4503,-1,-1,-1
719,172,344.19,180.04,159.29,576.26,0.8277,-1,-1,-1
719,192,1263.66,1.63,655.60,1069.87,0.9183,-1,-1,-1
719,195,754.06,240.95,104.67,355.68,0.7700,-1,-1,-1
719,206,817.55,3.11,350.68,1066.90,0.8992,-1,-1,-1
719,210,1240.58,310.92,72.66,210.01,0.5549,-1,-1,-1
719,211,1202.86,308.74,48.37,185.77,0.1627,-1,-1,-1
720,92,1096.39,166.35,117.31,514.25,0.7175,-1,-1,-1
720,172,342.01,179.69,157.35,580.27,0.8491,-1,-1,-1
720,192,1275.39,2.72,643.65,1056.13,0.9171,-1,-1,-1
720,195,757.22,241.28,84.32,354.81,0.6856,-1,-1,-1
720,206,791.31,2.53,359.86,1069.24,0.8879,-1,-1,-1
720,210,1242.66,305.00,75.64,216.21,0.6336,-1,-1,-1
720,211,1208.24,300.07,51.76,192.74,0.1872,-1,-1,-1
721,92,1092.64,164.71,130.44,519.40,0.7454,-1,-1,-1
721,172,337.91,174.13,159.80,588.46,0.8479,-1,-1,-1
721,192,1293.85,2.51,624.29,1062.76,0.8835,-1,-1,-1
721,195,766.26,244.68,54.70,355.20,0.1590,-1,-1,-1
721,206,768.81,2.01,361.76,1076.71,0.9127,-1,-1,-1
721,210,1242.45,302.31,75.65,216.35,0.6064,-1,-1,-1
721,211,1210.11,295.28,50.75,193.46,0.2014,-1,-1,-1
721,214,1325.16,120.30,147.91,452.10,0.3764,-1,-1,-1
721,215,1291.41,115.66,208.99,876.94,0.3861,-1,-1,-1
722,92,1088.50,162.00,140.25,519.90,0.7900,-1,-1,-1
722,172,331.91,169.37,163.05,594.70,0.8449,-1,-1,-1
722,192,1305.82,1.93,612.18,1063.45,0.9198,-1,-1,-1
722,206,748.69,2.10,367.93,1074.51,0.9107,-1,-1,-1
722,210,1244.61,302.61,71.86,215.94,0.4918,-1,-1,-1
722,211,1222.39,295.21,63.51,213.02,0.2060,-1,-1,-1
722,214,1315.68,115.65,157.69,496.26,0.7113,-1,-1,-1
723,92,1082.73,162.07,142.53,510.13,0.8312,-1,-1,-1
723,172,326.53,167.18,165.65,596.94,0.8464,-1,-1,-1
723,192,1314.27,2.15,603.45,1063.27,0.9031,-1,-1,-1
723,206,724.87,2.04,372.09,1075.98,0.9033,-1,-1,-1
723,210,1246.73,312.70,65.00,208.76,0.5305,-1,-1,-1
723,211,1215.87,291.24,53.95,195.54,0.2888,-1,-1,-1
723,214,1302.90,109.75,168.16,557.79,0.7343,-1,-1,-1
724,92,1078.20,158.90,150.39,508.95,0.8438,-1,-1,-1
724,172,322.05,163.18,165.90,601.29,0.8367,-1,-1,-1
724,192,1323.15,5.17,594.07,1061.81,0.9023,-1,-1,-1
724,206,699.02,1.90,390.70,1068.59,0.9060,-1,-1,-1
724,210,1245.11,297.13,79.84,228.33,0.1709,-1,-1,-1
724,211,1220.09,289.89,48.63,188.31,0.2457,-1,-1,-1
724,214,1260.47,106.55,202.69,634.81,0.7774,-1,-1,-1
725,92,1075.34,157.98,150.53,507.70,0.8363,-1,-1,-1
725,172,316.16,158.01,166.73,606.07,0.8387,-1,-1,-1
725,192,1335.47,7.12,580.87,1063.04,0.8813,-1,-1,-1
725,206,661.76,3.21,397.86,1070.24,0.9040,-1,-1,-1
725,211,1219.92,290.01,50.03,186.18,0.2502,-1,-1,-1
725,214,1240.70,100.98,215.79,664.54,0.8582,-1,-1,-1
726,92,1072.09,154.34,160.25,509.19,0.8425,-1,-1,-1
726,172,312.35,156.89,166.21,608.37,0.8173,-1,-1,-1
726,192,1350.95,8.13,567.96,1060.07,0.8123,-1,-1,-1
726,206,632.58,3.57,404.46,1071.27,0.9091,-1,-1,-1
726,214,1217.79,106.35,239.56,701.39,0.8559,-1,-1,-1
727,2,967.30,193.30,95.71,433.14,0.5802,-1,-1,-1
727,92,1067.78,151.83,164.08,512.47,0.8530,-1,-1,-1
727,172,296.45,147.46,172.87,614.70,0.8205,-1,-1,-1
727,192,1392.36,4.11,527.41,1064.05,0.8148,-1,-1,-1
727,206,606.01,3.53,411.44,1076.29,0.9063,-1,-1,-1
727,214,1187.92,105.88,273.77,697.43,0.8686,-1,-1,-1
728,2,941.69,182.30,120.99,443.67,0.7904,-1,-1,-1
728,92,1066.96,148.05,144.65,511.27,0.6634,-1,-1,-1
728,172,290.50,141.91,168.40,619.91,0.8489,-1,-1,-1
728,192,1525.85,7.36,392.45,1047.32,0.7426,-1,-1,-1
728,206,565.24,4.59,435.21,1071.90,0.9089,-1,-1,-1
728,214,1150.06,101.55,311.75,703.37,0.8566,-1,-1,-1
729,2,937.43,185.57,121.09,437.27,0.8457,-1,-1,-1
729,92,1063.62,146.41,129.19,508.96,0.7570,-1,-1,-1
729,172,280.18,129.66,168.56,629.04,0.8670,-1,-1,-1
729,192,1681.73,27.86,236.23,1032.59,0.6950,-1,-1,-1
729,206,519.32,1.80,452.77,1072.49,0.9078,-1,-1,-1
729,214,1124.47,93.53,336.43,708.98,0.8775,-1,-1,-1
730,2,920.52,184.45,142.82,437.10,0.8489,-1,-1,-1
730,92,1055.20,141.96,135.82,514.55,0.8085,-1,-1,-1
730,172,267.62,126.05,172.73,630.22,0.8431,-1,-1,-1
730,206,467.92,1.75,475.46,1074.01,0.9227,-1,-1,-1
730,214,1114.57,94.80,345.04,704.45,0.9002,-1,-1,-1
731,2,911.11,183.08,144.79,439.28,0.8400,-1,-1,-1
731,92,1050.49,140.00,132.21,515.48,0.7962,-1,-1,-1
731,172,253.82,121.17,172.68,637.57,0.8303,-1,-1,-1
731,206,421.65,3.47,485.66,1071.65,0.9068,-1,-1,-1
731,214,1113.72,94.45,341.15,706.52,0.8961,-1,-1,-1
731,217,1444.84,298.33,34.68,45.47,0.3915,-1,-1,-1
732,2,904.52,184.12,156.05,438.38,0.8406,-1,-1,-1
732,92,1050.49,138.82,125.29,514.97,0.8117,-1,-1,-1
732,172,244.99,109.76,157.06,650.32,0.8465,-1,-1,-1
732,206,359.85,4.10,518.25,1064.72,0.9131,-1,-1,-1
732,214,1087.70,90.74,365.50,712.30,0.8794,-1,-1,-1
732,217,1442.77,296.25,31.20,46.65,0.3201,-1,-1,-1
733,2,899.31,180.33,164.34,437.75,0.8550,-1,-1,-1
733,92,1046.86,134.94,118.84,513.78,0.8059,-1,-1,-1
733,206,245.69,3.82,598.31,1064.08,0.9013,-1,-1,-1
733,214,1092.44,78.62,346.30,722.00,0.8630,-1,-1,-1
734,2,895.92,183.09,145.33,435.06,0.8410,-1,-1,-1
734,92,1041.84,137.00,117.42,515.44,0.8067,-1,-1,-1
734,206,220.88,6.24,582.08,1060.33,0.9264,-1,-1,-1
734,214,1076.57,80.89,344.59,735.45,0.8613,-1,-1,-1
734,217,1430.38,294.66,32.02,45.00,0.2704,-1,-1,-1
734,218,759.19,228.26,97.27,380.68,0.4513,-1,-1,-1
735,2,889.86,182.76,140.51,424.51,0.8569,-1,-1,-1
735,92,1034.43,138.27,113.71,520.80,0.7591,-1,-1,-1
735,206,159.09,4.22,615.80,1061.54,0.9079,-1,-1,-1
735,214,1058.30,82.57,338.69,741.19,0.8627,-1,-1,-1
735,217,1422.89,292.27,31.53,46.01,0.4216,-1,-1,-1
735,218,741.55,209.02,107.31,401.50,0.6877,-1,-1,-1
735,219,791.73,260.89,54.83,274.35,0.1582,-1,-1,-1
736,2,886.53,181.61,137.73,429.14,0.8474,-1,-1,-1
736,92,1026.88,135.99,106.20,525.90,0.6494,-1,-1,-1
736,195,711.07,179.59,131.35,405.96,0.6289,-1,-1,-1
736,206,49.26,2.50,686.77,1065.53,0.8606,-1,-1,-1
736,214,1045.73,77.52,317.95,726.25,0.8797,-1,-1,-1
736,217,1415.24,291.56,31.65,48.47,0.2336,-1,-1,-1
736,220,847.97,284.30,61.68,234.19,0.2713,-1,-1,-1
737,2,879.01,179.57,134.97,429.09,0.8363,-1,-1,-1
737,92,1013.71,139.63,102.22,524.59,0.6673,-1,-1,-1
737,195,672.66,177.75,158.26,426.95,0.7087,-1,-1,-1
737,206,0.54,5.01,694.53,1060.54,0.9243,-1,-1,-1
737,214,1047.77,72.31,276.97,726.04,0.8511,-1,-1,-1
737,217,1406.45,290.53,31.20,49.73,0.2442,-1,-1,-1
737,220,824.77,231.53,74.33,281.53,0.1520,-1,-1,-1
738,2,863.39,176.61,136.14,432.43,0.8222,-1,-1,-1
738,92,1004.87,142.73,89.25,518.78,0.4699,-1,-1,-1
738,195,646.05,171.31,157.56,437.88,0.7797,-1,-1,-1
738,206,-1.69,4.98,681.61,1057.87,0.9029,-1,-1,-1
738,214,1020.38,68.40,257.64,738.89,0.8712,-1,-1,-1
738,222,750.59,210.48,65.20,318.51,0.4811,-1,-1,-1
739,2,842.17,176.88,136.71,435.83,0.8420,-1,-1,-1
739,195,624.50,166.09,165.82,448.99,0.8111,-1,-1,-1
739,206,-0.49,3.65,651.45,1053.23,0.9134,-1,-1,-1
739,214,1001.36,70.42,221.39,732.88,0.8274,-1,-1,-1
739,217,1367.43,293.42,36.17,49.24,0.1500,-1,-1,-1
740,2,825.00,177.27,145.75,431.64,0.8426,-1,-1,-1
740,195,614.61,164.33,159.58,460.46,0.8216,-1,-1,-1
740,206,0.93,6.45,597.09,1051.03,0.9050,-1,-1,-1
740,214,975.38,70.49,199.41,729.67,0.8296,-1,-1,-1
740,217,1355.20,296.09,30.59,45.59,0.1851,-1,-1,-1
740,223,1821.21,302.94,97.42,119.80,0.2104,-1,-1,-1
740,224,1154.25,279.90,66.92,194.04,0.3013,-1,-1,-1
741,2,818.09,178.28,141.79,432.28,0.8181,-1,-1,-1
741,195,595.65,162.80,168.49,460.30,0.8461,-1,-1,-1
741,206,0.46,4.39,543.16,1059.37,0.8888,-1,-1,-1
741,210,1147.03,284.45,63.44,231.42,0.5311,-1,-1,-1
741,214,952.51,67.62,199.65,756.52,0.8704,-1,-1,-1
741,217,1345.89,298.15,32.68,45.97,0.2255,-1,-1,-1
741,223,1817.81,282.41,99.93,143.64,0.1939,-1,-1,-1
741,228,1815.57,304.69,41.38,51.07,0.2261,-1,-1,-1
742,2,808.01,177.82,140.47,436.55,0.8410,-1,-1,-1
742,195,580.06,157.99,171.52,465.42,0.8497,-1,-1,-1
742,206,4.54,4.19,448.43,1063.39,0.8362,-1,-1,-1
742,210,1141.31,275.80,55.89,253.72,0.4865,-1,-1,-1
742,214,920.09,67.38,211.89,763.34,0.8402,-1,-1,-1
742,217,1332.20,298.56,31.44,45.78,0.2278,-1,-1,-1
742,223,1801.39,280.53,113.01,217.84,0.2367,-1,-1,-1
742,229,1857.27,272.22,61.28,100.18,0.1686,-1,-1,-1
743,2,797.75,181.33,141.59,437.75,0.8281,-1,-1,-1
743,195,574.00,159.50,161.51,469.63,0.8277,-1,-1,-1
743,206,24.66,10.45,297.38,1046.28,0.7085,-1,-1,-1
743,210,1123.21,260.20,63.12,270.93,0.2855,-1,-1,-1
743,214,894.68,67.99,224.74,762.56,0.8149,-1,-1,-1
743,217,1320.74,298.52,34.30,46.39,0.2957,-1,-1,-1
743,228,1795.07,304.64,39.62,50.15,0.1927,-1,-1,-1
743,230,1089.05,233.30,65.58,297.68,0.4512,-1,-1,-1
744,2,776.03,180.31,147.41,431.52,0.8195,-1,-1,-1
744,172,0.78,60.98,200.84,772.24,0.5717,-1,-1,-1
744,195,552.87,158.01,169.22,479.20,0.8407,-1,-1,-1
744,214,846.34,64.21,238.94,764.11,0.8353,-1,-1,-1
744,217,1308.53,299.59,32.68,45.78,0.2204,-1,-1,-1
744,228,1779.71,303.90,46.49,52.26,0.2410,-1,-1,-1
744,230,1073.99,228.96,96.51,303.99,0.6839,-1,-1,-1
745,2,765.39,181.47,135.32,430.40,0.7275,-1,-1,-1
745,172,-0.64,53.11,182.05,770.56,0.8742,-1,-1,-1
745,195,534.14,155.31,179.83,489.43,0.8408,-1,-1,-1
745,214,800.33,61.09,271.16,761.93,0.7787,-1,-1,-1
745,217,1297.73,299.02,32.96,46.42,0.2745,-1,-1,-1
745,228,1772.40,309.47,40.07,45.67,0.1909,-1,-1,-1
745,230,1064.58,230.13,103.86,305.88,0.7476,-1,-1,-1
746,2,753.11,182.03,127.33,423.10,0.7474,-1,-1,-1
746,172,-1.78,54.45,157.74,767.20,0.8578,-1,-1,-1
746,195,515.37,153.25,188.11,496.32,0.8369,-1,-1,-1
746,214,732.36,54.40,323.06,784.14,0.7959,-1,-1,-1
746,228,1756.53,310.27,43.23,44.15,0.1590,-1,-1,-1
746,230,1051.31,223.64,102.80,313.54,0.7273,-1,-1,-1
746,233,718.14,286.56,75.28,256.71,0.1692,-1,-1,-1
747,2,732.93,183.35,118.22,397.86,0.6149,-1,-1,-1
747,172,-2.69,53.26,135.96,772.18,0.8310,-1,-1,-1
747,195,496.03,152.39,186.78,502.27,0.8271,-1,-1,-1
747,214,691.90,41.81,358.73,792.91,0.8381,-1,-1,-1
747,217,1272.57,298.31,35.42,46.18,0.3149,-1,-1,-1
747,222,608.82,197.37,82.38,347.87,0.2867,-1,-1,-1
747,228,1749.99,311.63,38.50,41.78,0.1653,-1,-1,-1
747,230,1052.30,222.86,93.21,316.01,0.7029,-1,-1,-1
747,233,720.25,266.96,58.02,280.18,0.3143,-1,-1,-1
748,2,719.04,171.76,109.09,409.48,0.5331,-1,-1,-1
748,92,928.64,149.68,118.79,418.11,0.2346,-1,-1,-1
748,172,-3.13,62.82,115.81,769.61,0.8117,-1,-1,-1
748,195,481.78,149.67,190.59,506.14,0.8528,-1,-1,-1
748,214,655.76,50.45,380.05,785.74,0.8784,-1,-1,-1
748,217,1267.45,301.19,31.77,44.47,0.1890,-1,-1,-1
748,230,1043.59,219.49,93.83,323.04,0.7112,-1,-1,-1
749,2,702.61,185.57,94.64,371.14,0.3406,-1,-1,-1
749,92,920.94,142.08,87.80,367.00,0.4570,-1,-1,-1
749,172,-4.78,105.43,101.81,717.37,0.7617,-1,-1,-1
749,195,464.38,148.67,198.79,518.13,0.8427,-1,-1,-1
749,214,661.75,49.04,362.59,788.18,0.8309,-1,-1,-1
749,230,1035.45,220.95,91.73,322.16,0.6761,-1,-1,-1
749,235,1743.09,329.97,129.66,181.17,0.1720,-1,-1,-1
749,236,989.80,231.18,78.77,321.44,0.3875,-1,-1,-1
750,92,906.46,136.62,88.66,459.95,0.3706,-1,-1,-1
750,172,-2.73,178.82,81.18,642.80,0.7260,-1,-1,-1
750,195,450.81,148.96,199.98,521.21,0.7522,-1,-1,-1
750,214,646.12,55.23,365.80,790.47,0.8489,-1,-1,-1
750,222,576.60,208.64,84.69,347.51,0.1816,-1,-1,-1
750,230,1030.54,226.55,93.66,318.51,0.7385,-1,-1,-1
750,233,694.06,251.87,67.51,300.40,0.4218,-1,-1,-1
750,236,982.02,238.97,82.10,319.37,0.6521,-1,-1,-1
751,92,884.20,138.02,109.10,510.11,0.6956,-1,-1,-1
751,195,435.68,149.91,205.06,542.86,0.8027,-1,-1,-1
751,214,623.79,52.44,379.64,803.68,0.8748,-1,-1,-1
751,222,565.35,210.59,82.25,346.21,0.4204,-1,-1,-1
751,230,1032.26,227.66,89.53,321.00,0.7134,-1,-1,-1
751,233,666.48,171.71,79.54,380.07,0.2198,-1,-1,-1
751,236,979.50,241.18,83.14,321.77,0.6518,-1,-1,-1
752,92,868.91,140.41,119.75,521.27,0.7586,-1,-1,-1
752,195,428.09,143.61,202.71,552.20,0.8290,-1,-1,-1
752,214,612.68,54.30,367.75,809.31,0.8723,-1,-1,-1
752,222,563.22,207.01,76.32,353.31,0.3242,-1,-1,-1
752,230,1029.65,228.13,90.72,321.94,0.7476,-1,-1,-1
752,236,963.54,245.19,101.33,324.70,0.6898,-1,-1,-1
752,239,1863.53,372.18,55.28,305.61,0.2887,-1,-1,-1
753,92,861.13,145.37,122.73,525.22,0.7687,-1,-1,-1
753,195,413.36,139.45,215.50,559.15,0.8364,-1,-1,-1
753,214,603.98,46.82,358.23,821.53,0.8898,-1,-1,-1
753,222,551.48,213.16,83.66,363.01,0.1715,-1,-1,-1
753,230,1032.19,230.13,89.34,317.09,0.7383,-1,-1,-1
753,236,961.70,250.47,112.08,325.28,0.6979,-1,-1,-1
753,239,1844.67,360.78,74.08,339.05,0.4843,-1,-1,-1
754,92,856.35,149.36,124.11,527.18,0.7948,-1,-1,-1
754,195,395.98,136.33,228.93,564.22,0.8205,-1,-1,-1
754,214,596.58,47.62,339.71,827.62,0.8869,-1,-1,-1
754,217,1234.48,307.69,33.22,44.23,0.1913,-1,-1,-1
754,230,1029.44,232.23,93.08,324.76,0.7459,-1,-1,-1
754,236,958.46,252.12,112.64,327.10,0.6731,-1,-1,-1
754,239,1831.25,327.70,87.84,373.65,0.5043,-1,-1,-1
755,92,849.40,149.47,130.00,531.52,0.7997,-1,-1,-1
755,195,394.48,134.49,222.03,568.63,0.8480,-1,-1,-1
755,214,575.21,44.12,342.71,837.76,0.8890,-1,-1,-1
755,217,1230.61,303.00,32.63,48.21,0.2072,-1,-1,-1
755,230,1031.71,230.54,94.99,327.13,0.7200,-1,-1,-1
755,236,957.64,251.48,115.88,329.95,0.6854,-1,-1,-1
755,239,1823.71,309.82,95.79,395.47,0.4998,-1,-1,-1
755,241,1444.11,330.87,45.84,72.41,0.1509,-1,-1,-1
756,92,847.36,153.51,133.35,528.73,0.8017,-1,-1,-1
756,195,384.50,132.62,219.99,582.65,0.8417,-1,-1,-1
756,214,542.63,39.28,336.55,850.89,0.8894,-1,-1,-1
756,217,1231.18,303.82,33.64,48.13,0.1989,-1,-1,-1
756,230,1030.38,229.91,103.85,331.69,0.7013,-1,-1,-1
756,236,955.23,251.72,115.81,332.76,0.6745,-1,-1,-1
756,239,1818.83,299.12,102.49,379.49,0.2819,-1,-1,-1
756,241,1442.53,329.72,49.16,72.44,0.1954,-1,-1,-1
757,92,841.44,158.04,141.77,522.87,0.8023,-1,-1,-1
757,195,378.07,135.87,197.53,579.24,0.8542,-1,-1,-1
757,214,504.92,33.57,338.72,863.50,0.8796,-1,-1,-1
757,217,1230.40,304.21,32.59,48.71,0.1575,-1,-1,-1
757,230,1029.77,230.06,107.69,334.03,0.7031,-1,-1,-1
757,236,955.03,251.86,115.33,338.23,0.7585,-1,-1,-1
757,239,1816.95,299.83,102.46,405.71,0.3637,-1,-1,-1
758,2,722.54,190.80,120.52,507.43,0.1694,-1,-1,-1
758,92,845.30,163.95,135.50,521.66,0.8254,-1,-1,-1
758,195,373.26,130.03,202.58,587.34,0.7733,-1,-1,-1
758,214,469.91,35.99,342.59,868.95,0.8801,-1,-1,-1
758,217,1234.11,309.27,32.07,45.31,0.1621,-1,-1,-1
758,230,1037.11,228.41,114.94,334.49,0.7026,-1,-1,-1
758,236,957.46,250.50,126.28,343.73,0.7982,-1,-1,-1
758,239,1813.12,301.66,107.59,395.08,0.3024,-1,-1,-1
758,243,1755.89,357.56,125.76,315.13,0.1591,-1,-1,-1
758,245,756.76,194.56,88.13,320.97,0.5859,-1,-1,-1
759,2,733.96,200.26,116.03,451.01,0.4066,-1,-1,-1
759,92,844.38,168.13,134.01,524.20,0.8314,-1,-1,-1
759,195,372.23,133.69,203.31,595.67,0.7934,-1,-1,-1
759,214,460.38,33.88,321.33,881.05,0.8471,-1,-1,-1
759,217,1236.46,313.82,31.48,43.19,0.2036,-1,-1,-1
759,230,1043.73,229.94,110.26,347.90,0.7306,-1,-1,-1
759,236,961.67,254.91,120.13,342.97,0.8120,-1,-1,-1
759,239,1811.85,317.80,110.72,357.11,0.2046,-1,-1,-1
760,2,683.82,196.79,162.63,515.38,0.6862,-1,-1,-1
760,92,843.38,170.06,134.08,525.20,0.8298,-1,-1,-1
760,195,370.63,130.50,203.83,610.86,0.7836,-1,-1,-1
760,214,451.11,41.30,295.26,880.87,0.7891,-1,-1,-1
760,217,1237.27,315.20,33.39,46.23,0.2249,-1,-1,-1
760,230,1051.09,228.89,105.09,362.97,0.7438,-1,-1,-1
760,236,967.06,255.52,118.18,347.80,0.8068,-1,-1,-1
760,239,1821.75,316.89,97.32,395.85,0.3044,-1,-1,-1
760,243,1767.16,349.38,125.86,337.11,0.1715,-1,-1,-1
760,247,1446.17,333.72,32.68,30.15,0.1886,-1,-1,-1
761,2,716.44,202.28,134.41,437.37,0.8239,-1,-1,-1
761,92,846.06,171.81,131.97,528.19,0.8357,-1,-1,-1
761,195,370.52,133.10,197.84,608.33,0.7318,-1,-1,-1
761,214,413.95,42.36,320.81,892.10,0.7636,-1,-1,-1
761,217,1240.71,317.22,30.16,47.59,0.1983,-1,-1,-1
761,230,1056.67,229.05,103.72,363.58,0.7615,-1,-1,-1
761,236,970.88,256.75,120.61,349.71,0.8297,-1,-1,-1
761,239,1824.62,335.79,96.51,370.02,0.2577,-1,-1,-1
761,247,1448.80,333.89,32.70,34.41,0.2740,-1,-1,-1
762,2,708.19,202.14,143.22,437.50,0.8175,-1,-1,-1
762,92,845.59,172.92,132.52,528.86,0.8352,-1,-1,-1
762,195,362.14,135.85,196.79,611.37,0.7144,-1,-1,-1
762,214,391.43,39.80,337.87,900.56,0.7501,-1,-1,-1
762,230,1062.45,230.40,98.40,363.13,0.7786,-1,-1,-1
762,236,970.97,250.36,128.73,358.34,0.8044,-1,-1,-1
762,239,1826.12,348.78,93.89,363.85,0.3088,-1,-1,-1
762,247,1448.75,335.44,33.67,34.35,0.1999,-1,-1,-1
762,251,1702.56,321.45,32.93,46.55,0.2454,-1,-1,-1
763,2,706.07,203.66,150.22,450.40,0.8331,-1,-1,-1
763,92,848.01,172.73,132.19,524.67,0.8248,-1,-1,-1
763,195,346.21,139.24,188.65,609.83,0.7517,-1,-1,-1
763,214,357.24,37.67,361.40,910.28,0.6498,-1,-1,-1
763,230,1064.21,231.03,106.56,366.31,0.7871,-1,-1,-1
763,236,975.16,250.19,136.05,360.64,0.7983,-1,-1,-1
763,251,1697.35,323.61,44.07,47.84,0.2293,-1,-1,-1
764,2,711.94,205.91,146.97,451.74,0.8353,-1,-1,-1
764,92,848.16,171.89,135.56,531.33,0.8130,-1,-1,-1
764,195,332.35,120.53,191.88,639.59,0.5508,-1,-1,-1
764,214,328.07,38.32,388.15,916.66,0.8505,-1,-1,-1
764,230,1071.18,228.78,101.32,373.80,0.7775,-1,-1,-1
764,236,979.52,249.16,139.39,364.33,0.8003,-1,-1,-1
764,243,1795.95,338.90,123.47,351.62,0.1914,-1,-1,-1
765,2,714.21,207.93,146.11,449.02,0.8441,-1,-1,-1
765,92,850.11,168.36,142.61,520.73,0.8020,-1,-1,-1
765,214,323.04,36.44,395.09,925.16,0.8614,-1,-1,-1
765,230,1077.85,228.42,101.50,374.30,0.7161,-1,-1,-1
765,236,983.73,251.12,142.20,368.67,0.7730,-1,-1,-1
765,243,1806.81,337.87,112.54,362.61,0.2258,-1,-1,-1
765,252,1619.13,336.24,300.40,355.41,0.2583,-1,-1,-1
765,253,662.01,266.51,69.05,298.70,0.3681,-1,-1,-1
766,2,717.24,210.34,143.88,445.10,0.8416,-1,-1,-1
766,92,855.77,166.62,137.61,512.77,0.8127,-1,-1,-1
766,214,305.35,34.53,412.35,926.66,0.9027,-1,-1,-1
766,230,1082.02,229.35,103.25,378.56,0.6859,-1,-1,-1
766,236,982.80,249.71,146.16,374.94,0.7993,-1,-1,-1
766,253,641.79,274.05,90.86,341.11,0.6898,-1,-1,-1
767,2,718.42,210.54,143.42,441.41,0.8487,-1,-1,-1
767,92,854.67,162.81,140.49,513.41,0.8085,-1,-1,-1
767,214,287.66,32.16,426.36,934.40,0.9010,-1,-1,-1
767,230,1087.32,226.04,119.03,388.50,0.7386,-1,-1,-1
767,236,976.87,250.31,163.68,379.55,0.8206,-1,-1,-1
767,247,1465.70,337.73,32.78,35.61,0.1675,-1,-1,-1
767,253,632.90,272.18,100.47,341.99,0.7367,-1,-1,-1
768,2,721.48,207.43,139.16,441.00,0.8239,-1,-1,-1
768,92,856.92,159.33,137.68,515.90,0.8110,-1,-1,-1
768,214,268.51,31.51,438.57,938.86,0.9038,-1,-1,-1
768,217,1249.06,323.53,33.76,43.30,0.1820,-1,-1,-1
768,230,1086.96,225.63,124.53,391.37,0.7694,-1,-1,-1
768,236,976.91,251.75,175.75,379.65,0.8139,-1,-1,-1
768,247,1465.57,335.52,33.50,37.23,0.1623,-1,-1,-1
768,253,631.25,268.62,105.02,341.62,0.7556,-1,-1,-1
769,2,722.42,207.18,136.44,439.58,0.8103,-1,-1,-1
769,92,852.94,157.92,144.12,518.75,0.8258,-1,-1,-1
769,214,245.40,31.16,451.46,948.85,0.9093,-1,-1,-1
769,217,1249.47,323.66,33.04,43.83,0.1648,-1,-1,-1
769,230,1090.98,226.46,112.30,395.36,0.7581,-1,-1,-1
769,236,974.99,251.78,185.54,385.58,0.8276,-1,-1,-1
769,253,630.01,265.80,105.60,348.29,0.7812,-1,-1,-1
770,2,724.58,205.07,133.61,439.58,0.8251,-1,-1,-1
770,92,851.33,155.15,148.69,521.06,0.8262,-1,-1,-1
770,214,222.17,25.61,458.99,962.58,0.8975,-1,-1,-1
770,230,1095.55,223.90,101.98,402.60,0.7167,-1,-1,-1
770,236,976.05,250.29,186.34,390.08,0.8334,-1,-1,-1
770,253,628.80,265.10,105.73,344.25,0.7878,-1,-1,-1
771,2,720.58,196.53,133.36,444.83,0.8489,-1,-1,-1
771,92,844.96,152.64,153.91,520.82,0.8568,-1,-1,-1
771,214,201.08,11.76,455.59,986.90,0.8924,-1,-1,-1
771,230,1099.30,219.81,99.73,408.96,0.7170,-1,-1,-1
771,236,975.78,243.88,186.83,397.04,0.8262,-1,-1,-1
771,253,626.63,254.30,107.36,347.72,0.7372,-1,-1,-1
772,2,722.92,201.74,131.13,439.40,0.8345,-1,-1,-1
772,92,843.74,152.96,150.77,523.84,0.8598,-1,-1,-1
772,214,178.76,9.52,456.17,981.25,0.8885,-1,-1,-1
772,230,1096.02,218.72,104.80,411.33,0.7862,-1,-1,-1
772,236,965.93,243.74,192.48,403.40,0.8347,-1,-1,-1
772,253,618.22,258.79,114.26,352.67,0.7901,-1,-1,-1
773,2,721.06,199.31,125.32,439.32,0.8340,-1,-1,-1
773,92,841.97,154.36,144.00,523.81,0.8634,-1,-1,-1
773,195,423.27,73.49,199.10,751.11,0.5599,-1,-1,-1
773,214,159.58,11.97,435.55,938.60,0.8626,-1,-1,-1
773,230,1092.91,213.94,110.49,418.63,0.7977,-1,-1,-1
773,236,962.87,240.07,195.52,409.10,0.8417,-1,-1,-1
773,253,615.66,258.70,111.87,351.50,0.8118,-1,-1,-1
774,2,714.63,191.68,127.57,441.81,0.8337,-1,-1,-1
774,92,837.15,150.59,142.69,530.43,0.8162,-1,-1,-1
774,195,430.10,65.79,194.87,753.56,0.5893,-1,-1,-1
774,214,147.53,5.11,395.27,941.14,0.8762,-1,-1,-1
774,230,1092.33,211.53,115.17,419.84,0.7767,-1,-1,-1
774,236,961.73,233.90,196.36,413.57,0.8593,-1,-1,-1
774,253,610.68,256.01,113.01,348.63,0.7972,-1,-1,-1
775,2,708.79,188.47,132.44,445.11,0.8175,-1,-1,-1
775,92,829.63,152.35,130.92,525.42,0.7842,-1,-1,-1
775,195,401.83,54.93,220.91,775.72,0.7694,-1,-1,-1
775,214,134.54,2.92,359.87,950.58,0.8712,-1,-1,-1
775,230,1085.29,206.36,121.60,424.08,0.7980,-1,-1,-1
775,236,959.25,228.36,198.19,415.22,0.8604,-1,-1,-1
775,253,607.23,249.42,113.77,360.09,0.7798,-1,-1,-1
776,2,698.99,188.56,136.63,443.89,0.8005,-1,-1,-1
776,92,818.56,151.49,138.69,528.98,0.7806,-1,-1,-1
776,195,385.00,48.08,235.64,782.99,0.7149,-1,-1,-1
776,214,112.85,0.87,347.77,965.09,0.8842,-1,-1,-1
776,230,1085.19,201.28,121.85,429.44,0.8117,-1,-1,-1
776,236,956.32,224.26,195.44,420.35,0.8481,-1,-1,-1
776,253,600.30,247.82,112.90,359.90,0.7794,-1,-1,-1
777,2,690.68,192.29,138.43,441.92,0.7895,-1,-1,-1
777,92,813.33,152.50,141.91,528.92,0.8030,-1,-1,-1
777,195,350.44,41.52,263.70,800.41,0.7805,-1,-1,-1
777,214,94.91,2.08,341.18,959.02,0.8975,-1,-1,-1
777,230,1082.22,198.67,131.09,429.58,0.8339,-1,-1,-1
777,236,955.00,221.49,189.07,425.40,0.8328,-1,-1,-1
777,253,591.82,246.44,112.26,367.73,0.7149,-1,-1,-1
778,2,680.59,190.91,137.12,449.15,0.7407,-1,-1,-1
778,92,812.57,153.20,140.06,528.11,0.8065,-1,-1,-1
778,195,332.71,36.53,279.99,832.28,0.8289,-1,-1,-1
778,214,76.64,3.15,329.83,980.84,0.8957,-1,-1,-1
778,230,1083.92,190.70,129.45,443.90,0.8316,-1,-1,-1
778,236,951.64,219.93,184.07,427.80,0.8398,-1,-1,-1
778,253,586.74,246.40,108.50,362.58,0.7235,-1,-1,-1
778,258,1790.84,931.25,128.49,148.51,0.2169,-1,-1,-1
779,2,671.79,191.67,138.20,439.44,0.7592,-1,-1,-1
779,92,799.69,155.29,145.60,521.95,0.7417,-1,-1,-1
779,195,332.73,31.79,271.53,860.55,0.8162,-1,-1,-1
779,214,51.08,1.77,330.11,1005.31,0.8962,-1,-1,-1
779,230,1081.33,189.93,125.92,447.53,0.8082,-1,-1,-1
779,236,954.54,215.44,173.00,435.68,0.8347,-1,-1,-1
779,253,571.63,244.07,118.66,366.42,0.7657,-1,-1,-1
780,2,662.77,189.19,141.35,450.45,0.7409,-1,-1,-1
780,92,789.99,154.57,146.27,531.30,0.8081,-1,-1,-1
780,195,321.45,26.65,274.63,884.28,0.8469,-1,-1,-1
780,214,24.70,1.67,329.57,999.12,0.9099,-1,-1,-1
780,230,1076.22,192.97,128.26,448.81,0.8102,-1,-1,-1
780,236,950.42,213.89,169.55,438.36,0.8443,-1,-1,-1
780,253,566.78,243.58,114.13,361.10,0.6802,-1,-1,-1
781,2,679.53,189.94,119.96,447.76,0.6132,-1,-1,-1
781,92,791.66,152.65,141.94,532.59,0.8176,-1,-1,-1
781,195,307.18,20.02,289.60,889.46,0.8423,-1,-1,-1
781,214,0.43,4.14,329.00,1006.44,0.9111,-1,-1,-1
781,230,1074.39,192.03,137.31,455.20,0.8170,-1,-1,-1
781,236,952.23,212.84,162.76,446.93,0.8390,-1,-1,-1
781,253,566.34,243.00,104.23,359.72,0.6061,-1,-1,-1
781,260,649.15,214.38,79.19,400.61,0.2718,-1,-1,-1
782,2,675.65,191.27,125.91,444.96,0.6719,-1,-1,-1
782,92,786.19,157.38,145.96,525.26,0.8172,-1,-1,-1
782,195,280.17,10.33,318.04,914.36,0.8666,-1,-1,-1
782,214,-1.82,5.28,304.42,1003.85,0.9093,-1,-1,-1
782,230,1071.68,189.59,149.50,459.20,0.8142,-1,-1,-1
782,236,950.82,210.32,163.22,455.10,0.8716,-1,-1,-1
782,253,555.19,242.44,108.31,383.42,0.6291,-1,-1,-1
782,260,646.53,219.02,80.60,398.29,0.2652,-1,-1,-1
783,2,674.19,195.84,123.44,443.77,0.6640,-1,-1,-1
783,92,776.73,156.10,153.23,523.09,0.8094,-1,-1,-1
783,195,240.95,1.11,353.73,943.70,0.8589,-1,-1,-1
783,214,-1.54,3.60,277.00,1012.94,0.9018,-1,-1,-1
783,230,1069.49,190.73,151.85,459.24,0.8299,-1,-1,-1
783,236,949.73,210.00,164.04,461.55,0.8787,-1,-1,-1
783,253,535.12,242.42,123.42,385.96,0.6227,-1,-1,-1
783,260,635.77,214.55,86.14,403.08,0.2709,-1,-1,-1
784,2,678.62,197.13,118.02,441.42,0.7041,-1,-1,-1
784,92,784.22,155.09,139.59,523.28,0.7931,-1,-1,-1
784,195,227.87,1.00,361.41,965.84,0.8627,-1,-1,-1
784,214,-2.04,5.88,257.03,1011.58,0.9017,-1,-1,-1
784,230,1068.18,190.22,155.70,467.38,0.8246,-1,-1,-1
784,236,948.97,207.04,164.51,468.42,0.8674,-1,-1,-1
784,253,542.68,241.90,110.23,387.56,0.5844,-1,-1,-1
784,260,629.05,213.91,89.26,406.16,0.2262,-1,-1,-1
785,2,682.22,195.96,114.16,440.25,0.7269,-1,-1,-1
785,92,785.43,148.55,137.04,528.22,0.7912,-1,-1,-1
785,195,217.43,2.17,352.64,976.15,0.8944,-1,-1,-1
785,214,-1.25,8.81,236.30,1015.96,0.8982,-1,-1,-1
785,230,1071.38,185.75,155.76,478.35,0.8300,-1,-1,-1
785,236,946.47,206.09,167.17,471.34,0.8445,-1,-1,-1
785,253,536.66,238.18,118.81,389.37,0.6673,-1,-1,-1
785,260,626.18,241.93,79.77,368.34,0.3492,-1,-1,-1
786,2,681.67,196.13,114.76,440.40,0.7282,-1,-1,-1
786,92,784.88,146.83,140.13,524.02,0.8161,-1,-1,-1
786,195,206.81,0.80,355.02,986.10,0.8792,-1,-1,-1
786,214,-1.87,8.33,221.16,1016.88,0.8749,-1,-1,-1
786,230,1072.27,181.07,160.10,489.86,0.8276,-1,-1,-1
786,236,948.26,203.14,167.30,484.89,0.8294,-1,-1,-1
786,253,504.19,232.49,131.61,397.03,0.6937,-1,-1,-1
786,260,617.37,244.13,91.93,369.14,0.6287,-1,-1,-1
786,262,1631.39,323.64,32.16,45.60,0.2801,-1,-1,-1
787,2,682.10,194.11,114.31,441.82,0.7784,-1,-1,-1
787,92,791.20,144.11,135.56,526.78,0.8247,-1,-1,-1
787,195,196.44,0.20,363.58,997.28,0.8844,-1,-1,-1
787,214,-1.05,37.97,201.86,990.98,0.8784,-1,-1,-1
787,230,1077.85,177.50,163.55,496.18,0.8361,-1,-1,-1
787,236,948.50,206.51,171.93,489.18,0.8338,-1,-1,-1
787,253,526.38,235.38,113.84,390.75,0.6547,-1,-1,-1
787,260,617.04,249.67,92.03,366.79,0.6551,-1,-1,-1
787,262,1632.19,325.65,30.04,44.51,0.1565,-1,-1,-1
788,2,682.00,190.87,113.11,441.75,0.7501,-1,-1,-1
788,92,792.66,146.50,136.54,523.48,0.8244,-1,-1,-1
788,195,183.22,1.24,366.46,996.48,0.8989,-1,-1,-1
788,214,-1.32,58.40,187.34,977.97,0.8718,-1,-1,-1
788,230,1080.98,179.23,167.36,501.82,0.8466,-1,-1,-1
788,236,948.92,209.78,178.85,491.29,0.8563,-1,-1,-1
788,253,521.59,235.77,108.81,397.92,0.6469,-1,-1,-1
788,260,607.43,251.42,101.01,370.35,0.7296,-1,-1,-1
788,263,1854.25,268.23,64.90,461.99,0.4945,-1,-1,-1
789,2,682.21,193.61,123.04,449.49,0.7682,-1,-1,-1
789,92,793.32,152.69,133.26,516.97,0.8376,-1,-1,-1
789,195,170.75,0.04,372.32,1009.99,0.9013,-1,-1,-1
789,214,-1.93,85.37,177.88,965.18,0.8654,-1,-1,-1
789,230,1080.02,172.67,161.71,512.26,0.8350,-1,-1,-1
789,236,940.98,211.62,190.85,498.50,0.8381,-1,-1,-1
789,253,519.15,234.04,100.53,402.33,0.6119,-1,-1,-1
789,260,604.79,247.70,104.57,381.03,0.7491,-1,-1,-1
789,263,1842.89,283.91,75.72,470.17,0.4210,-1,-1,-1
790,2,689.96,185.98,121.12,449.96,0.7474,-1,-1,-1
790,92,794.84,150.45,134.94,519.42,0.8480,-1,-1,-1
790,195,161.97,-0.05,383.98,1022.71,0.8935,-1,-1,-1
790,214,1.56,99.21,158.07,960.65,0.8352,-1,-1,-1
790,230,1082.38,170.20,165.22,515.07,0.8427,-1,-1,-1
790,236,933.96,201.67,211.97,511.28,0.7891,-1,-1,-1
790,253,518.04,232.62,101.65,400.99,0.5672,-1,-1,-1
790,260,605.60,249.13,106.59,383.91,0.7293,-1,-1,-1
790,263,1837.59,321.43,81.87,410.01,0.4094,-1,-1,-1
791,2,692.36,194.53,127.07,449.43,0.7741,-1,-1,-1
791,92,802.25,151.57,133.32,522.66,0.8261,-1,-1,-1
791,195,148.51,0.77,397.89,1034.78,0.8913,-1,-1,-1
791,214,3.33,105.71,141.88,956.98,0.8014,-1,-1,-1
791,230,1092.21,169.27,171.28,517.59,0.7808,-1,-1,-1
791,236,964.28,198.45,192.68,524.76,0.8009,-1,-1,-1
791,253,516.79,232.14,112.54,411.05,0.6070,-1,-1,-1
791,260,607.49,250.31,110.89,386.37,0.7485,-1,-1,-1
791,263,1841.00,363.40,78.52,363.06,0.5000,-1,-1,-1
791,264,930.56,283.91,72.38,231.52,0.3194,-1,-1,-1
792,2,697.40,198.10,127.78,449.56,0.8056,-1,-1,-1
792,92,810.33,155.37,129.97,519.67,0.8021,-1,-1,-1
792,195,140.68,1.98,431.36,1044.43,0.8595,-1,-1,-1
792,214,8.46,121.45,123.18,946.44,0.5269,-1,-1,-1
792,230,1103.34,167.15,169.30,500.50,0.7364,-1,-1,-1
792,236,968.92,197.89,204.53,526.73,0.8201,-1,-1,-1
792,253,516.35,235.42,114.58,412.85,0.6418,-1,-1,-1
792,260,615.51,251.44,107.51,390.69,0.7992,-1,-1,-1
792,263,1838.23,394.55,81.14,321.32,0.2662,-1,-1,-1
792,264,940.79,289.10,67.71,229.49,0.2888,-1,-1,-1
793,2,702.97,194.61,128.46,450.08,0.8041,-1,-1,-1
793,92,816.78,152.93,135.54,526.49,0.8015,-1,-1,-1
793,195,118.12,3.08,469.36,1051.55,0.8918,-1,-1,-1
793,214,12.81,444.31,106.42,603.76,0.5809,-1,-1,-1
793,230,1116.63,166.20,160.66,526.87,0.8171,-1,-1,-1
793,236,969.27,193.67,214.65,534.24,0.8461,-1,-1,-1
793,253,519.73,233.85,111.35,400.66,0.5570,-1,-1,-1
793,260,617.74,252.55,113.59,393.64,0.7911,-1,-1,-1
793,263,1841.81,403.49,77.10,337.05,0.3990,-1,-1,-1
793,264,954.64,290.64,65.84,224.09,0.2691,-1,-1,-1
793,265,12.83,141.31,47.84,426.10,0.5716,-1,-1,-1
794,2,710.56,196.35,127.88,443.98,0.7991,-1,-1,-1
794,92,818.95,155.64,140.87,527.55,0.7785,-1,-1,-1
794,195,102.75,2.94,487.41,1071.05,0.9023,-1,-1,-1
794,214,11.93,468.94,92.09,581.22,0.5705,-1,-1,-1
794,230,1122.51,160.53,163.60,538.29,0.8550,-1,-1,-1
794,236,979.05,187.13,224.69,545.76,0.8455,-1,-1,-1
794,252,1720.38,386.72,199.23,355.96,0.3943,-1,-1,-1
794,253,524.28,232.91,113.25,412.84,0.6257,-1,-1,-1
794,260,615.97,254.91,125.58,394.50,0.7203,-1,-1,-1
794,265,21.60,157.54,40.59,407.40,0.3592,-1,-1,-1
795,2,725.59,197.15,125.24,450.89,0.7689,-1,-1,-1
795,92,839.62,158.42,133.36,528.10,0.8229,-1,-1,-1
795,195,85.42,2.11,508.67,1068.53,0.9212,-1,-1,-1
795,214,10.38,544.21,86.14,505.42,0.4839,-1,-1,-1
795,230,1138.31,155.93,164.07,539.14,0.8201,-1,-1,-1
795,236,987.31,177.13,231.25,563.46,0.8184,-1,-1,-1
795,253,527.67,235.75,106.98,415.16,0.6722,-1,-1,-1
795,260,618.02,256.71,128.80,395.92,0.7409,-1,-1,-1
795,265,26.74,177.51,32.42,395.96,0.3051,-1,-1,-1
796,2,732.74,201.44,131.10,452.13,0.8042,-1,-1,-1
796,92,846.23,161.83,137.05,529.87,0.8363,-1,-1,-1
796,195,62.72,1.87,535.18,1067.70,0.9201,-1,-1,-1
796,214,8.08,550.58,79.87,486.97,0.5368,-1,-1,-1
796,230,1150.38,160.73,161.96,559.34,0.8432,-1,-1,-1
796,236,992.76,181.15,237.77,560.01,0.8526,-1,-1,-1
796,253,532.44,236.75,118.68,380.26,0.5647,-1,-1,-1
796,260,634.81,255.88,112.89,402.25,0.7100,-1,-1,-1
797,2,743.50,207.44,132.90,451.94,0.7890,-1,-1,-1
797,92,857.15,169.81,129.89,526.01,0.8135,-1,-1,-1
797,195,38.30,2.44,564.40,1066.79,0.9131,-1,-1,-1
797,214,7.43,564.78,73.12,491.12,0.1572,-1,-1,-1
797,230,1169.94,161.12,153.44,585.05,0.8543,-1,-1,-1
797,236,999.33,181.21,249.47,573.31,0.8465,-1,-1,-1
797,253,533.20,239.02,119.86,351.76,0.5610,-1,-1,-1
797,260,622.26,259.74,135.99,407.06,0.7146,-1,-1,-1
798,2,749.00,212.34,131.10,443.79,0.8203,-1,-1,-1
798,92,862.42,172.69,130.80,529.94,0.8013,-1,-1,-1
798,195,12.83,3.37,605.71,1060.04,0.9110,-1,-1,-1
798,230,1178.33,163.64,160.55,598.38,0.8338,-1,-1,-1
798,236,998.23,184.26,261.93,590.31,0.8460,-1,-1,-1
798,253,535.35,243.15,118.73,329.93,0.5457,-1,-1,-1
798,260,632.70,260.53,131.11,412.02,0.7318,-1,-1,-1
798,268,-2.52,524.27,96.65,282.81,0.1857,-1,-1,-1
799,2,748.85,215.85,134.69,447.09,0.8050,-1,-1,-1
799,92,862.87,179.07,139.08,527.03,0.7979,-1,-1,-1
799,195,-0.36,3.36,630.36,1061.04,0.9043,-1,-1,-1
799,230,1187.67,164.39,159.82,614.82,0.8240,-1,-1,-1
799,236,998.01,185.76,270.73,608.23,0.8568,-1,-1,-1
799,253,535.94,247.18,124.56,350.80,0.5406,-1,-1,-1
799,260,641.87,262.55,124.43,413.86,0.7718,-1,-1,-1
799,268,12.14,529.53,67.86,279.62,0.3168,-1,-1,-1
800,2,756.84,224.90,132.44,441.94,0.8025,-1,-1,-1
800,92,869.03,184.13,134.31,527.16,0.7841,-1,-1,-1
800,195,-0.64,2.77,637.54,1055.02,0.9083,-1,-1,-1
800,230,1195.51,166.04,162.38,617.61,0.8075,-1,-1,-1
800,236,1006.91,187.62,270.94,623.99,0.8324,-1,-1,-1
800,253,534.34,250.54,130.72,358.04,0.4898,-1,-1,-1
800,260,642.89,264.91,123.56,417.86,0.7721,-1,-1,-1
800,264,994.94,305.28,59.52,232.09,0.1560,-1,-1,-1
800,269,1833.33,412.73,84.94,106.68,0.1850,-1,-1,-1
801,2,762.19,230.13,127.91,440.52,0.8327,-1,-1,-1
801,92,871.29,192.77,131.27,525.08,0.7778,-1,-1,-1
801,195,-0.34,4.16,637.33,1062.22,0.9128,-1,-1,-1
801,230,1202.78,164.89,161.82,627.70,0.8169,-1,-1,-1
801,236,1007.14,190.07,282.35,628.08,0.8488,-1,-1,-1
801,253,529.16,251.98,140.59,352.19,0.4653,-1,-1,-1
801,260,643.27,268.29,124.62,418.98,0.7929,-1,-1,-1
801,264,993.47,316.57,56.43,227.84,0.2867,-1,-1,-1
802,2,774.11,231.90,116.02,436.67,0.8268,-1,-1,-1
802,92,883.21,191.12,134.47,527.13,0.8143,-1,-1,-1
802,195,-1.11,4.21,653.67,1075.30,0.8968,-1,-1,-1
802,230,1208.64,165.51,168.19,641.46,0.8227,-1,-1,-1
802,236,1001.39,191.97,299.03,641.69,0.8419,-1,-1,-1
802,253,529.18,251.30,140.39,358.60,0.4816,-1,-1,-1
802,260,642.91,268.82,126.85,420.85,0.7867,-1,-1,-1
803,2,782.36,234.16,111.77,436.30,0.8213,-1,-1,-1
803,92,887.99,191.24,135.40,533.76,0.8162,-1,-1,-1
803,195,0.00,3.67,652.28,1072.37,0.8477,-1,-1,-1
803,230,1220.05,160.07,171.95,656.43,0.8480,-1,-1,-1
803,236,1000.03,193.30,311.22,650.90,0.8562,-1,-1,-1
803,253,533.08,253.23,138.42,339.63,0.6069,-1,-1,-1
803,260,643.79,269.82,126.80,428.91,0.7768,-1,-1,-1
803,270,404.83,105.17,231.26,708.87,0.3944,-1,-1,-1
804,2,786.28,227.84,114.57,436.46,0.8381,-1,-1,-1
804,92,888.64,189.23,140.12,535.42,0.8475,-1,-1,-1
804,195,5.88,2.57,619.23,1076.50,0.7059,-1,-1,-1
804,230,1235.54,163.68,170.39,655.94,0.8436,-1,-1,-1
804,236,994.20,190.69,324.31,681.04,0.8698,-1,-1,-1
804,253,532.19,254.82,133.94,352.51,0.4823,-1,-1,-1
804,260,641.01,270.39,131.60,430.17,0.7700,-1,-1,-1
804,270,392.09,83.89,229.13,731.74,0.5083,-1,-1,-1
804,271,747.92,284.21,56.17,253.81,0.2964,-1,-1,-1
805,2,789.92,227.82,113.93,437.64,0.8290,-1,-1,-1
805,92,894.30,187.80,137.40,537.61,0.8334,-1,-1,-1
805,195,43.83,3.84,432.86,1069.43,0.6237,-1,-1,-1
805,230,1239.60,158.08,190.90,660.27,0.8526,-1,-1,-1
805,236,1000.78,188.96,328.36,686.65,0.8704,-1,-1,-1
805,253,526.78,253.30,146.10,320.68,0.5717,-1,-1,-1
805,260,646.96,270.33,131.44,439.89,0.8038,-1,-1,-1
805,270,382.92,26.66,229.98,800.24,0.6826,-1,-1,-1
805,271,752.65,285.16,52.59,253.69,0.1886,-1,-1,-1
806,2,794.04,225.31,113.56,443.83,0.7960,-1,-1,-1
806,92,902.19,185.81,131.37,533.22,0.8130,-1,-1,-1
806,195,-9.79,0.18,585.67,1072.36,0.7705,-1,-1,-1
806,230,1248.63,151.56,197.84,672.89,0.8647,-1,-1,-1
806,236,1009.07,179.09,327.46,707.02,0.8759,-1,-1,-1
806,253,525.52,251.22,147.79,312.05,0.6640,-1,-1,-1
806,260,649.39,269.47,128.36,442.90,0.8303,-1,-1,-1
806,270,370.51,18.53,221.75,814.91,0.3950,-1,-1,-1
806,271,755.50,283.36,53.44,253.91,0.2292,-1,-1,-1
807,2,797.95,225.95,112.96,450.95,0.8085,-1,-1,-1
807,92,904.55,182.60,133.44,538.97,0.8225,-1,-1,-1
807,195,0.17,0.36,565.75,1071.54,0.8738,-1,-1,-1
807,230,1257.46,142.37,207.35,688.27,0.8715,-1,-1,-1
807,236,1024.02,172.95,318.54,717.10,0.8728,-1,-1,-1
807,253,518.03,247.35,155.01,320.20,0.6031,-1,-1,-1
807,260,649.89,268.59,131.37,447.37,0.8285,-1,-1,-1
807,270,351.65,25.32,222.85,819.69,0.2343,-1,-1,-1
807,271,757.34,284.99,59.80,254.29,0.2994,-1,-1,-1
808,2,802.42,222.59,116.09,451.47,0.8089,-1,-1,-1
808,92,908.20,185.43,127.02,526.56,0.7921,-1,-1,-1
808,195,1.61,0.53,546.48,1071.18,0.9104,-1,-1,-1
808,230,1267.12,135.48,219.10,703.23,0.8791,-1,-1,-1
808,236,1031.78,166.69,320.08,732.23,0.8952,-1,-1,-1
808,253,505.59,244.08,173.33,337.94,0.6414,-1,-1,-1
808,260,653.80,268.20,132.69,450.37,0.8308,-1,-1,-1
808,271,758.78,274.77,62.84,272.81,0.2903,-1,-1,-1
809,2,803.12,220.36,115.67,445.06,0.8091,-1,-1,-1
809,92,910.64,181.17,133.80,521.02,0.8239,-1,-1,-1
809,195,2.78,2.32,511.22,1065.08,0.9244,-1,-1,-1
809,230,1277.55,126.10,224.20,714.72,0.8589,-1,-1,-1
809,236,1040.29,157.64,319.81,742.17,0.8924,-1,-1,-1
809,253,507.23,237.97,177.65,377.33,0.6253,-1,-1,-1
809,260,650.55,265.35,138.26,454.18,0.8067,-1,-1,-1
809,271,758.18,265.90,69.50,284.32,0.3578,-1,-1,-1
810,2,804.96,219.52,117.44,448.34,0.8115,-1,-1,-1
810,92,909.86,179.95,139.74,526.71,0.7954,-1,-1,-1
810,195,2.93,2.42,476.55,1064.71,0.8889,-1,-1,-1
810,230,1282.42,117.46,237.48,732.35,0.8823,-1,-1,-1
810,236,1051.97,144.49,315.74,763.29,0.8914,-1,-1,-1
810,253,502.86,231.42,180.80,504.21,0.7209,-1,-1,-1
810,260,652.14,263.82,136.39,464.65,0.8261,-1,-1,-1
810,271,756.81,265.78,69.08,284.80,0.4976,-1,-1,-1
811,2,804.26,222.35,117.45,445.74,0.8244,-1,-1,-1
811,92,910.86,182.99,138.74,519.69,0.7951,-1,-1,-1
811,195,2.68,4.38,423.86,1064.65,0.9150,-1,-1,-1
811,230,1288.53,116.10,245.73,748.91,0.9017,-1,-1,-1
811,236,1060.38,143.38,316.63,772.86,0.8863,-1,-1,-1
811,253,502.61,233.73,165.06,512.94,0.8168,-1,-1,-1
811,260,649.44,267.86,136.51,463.76,0.8662,-1,-1,-1
811,273,389.77,198.83,128.47,514.25,0.5714,-1,-1,-1
812,2,802.04,219.36,115.30,447.04,0.8002,-1,-1,-1
812,92,910.25,178.98,140.91,526.84,0.7904,-1,-1,-1
812,195,3.92,1.09,382.10,1071.11,0.8363,-1,-1,-1
812,230,1297.94,111.30,255.30,776.12,0.8951,-1,-1,-1
812,236,1069.17,134.78,314.62,790.42,0.8708,-1,-1,-1
812,253,499.71,228.73,170.21,522.40,0.8202,-1,-1,-1
812,260,650.01,263.96,139.14,470.23,0.8311,-1,-1,-1
812,271,758.69,263.86,64.31,285.60,0.4056,-1,-1,-1
812,273,346.04,80.81,167.85,759.81,0.7707,-1,-1,-1
813,2,798.18,217.87,117.39,447.96,0.8021,-1,-1,-1
813,92,911.21,174.99,139.94,524.83,0.8090,-1,-1,-1
813,195,4.37,2.55,347.26,1055.35,0.6274,-1,-1,-1
813,230,1302.74,106.62,262.19,804.22,0.8927,-1,-1,-1
813,236,1076.91,126.48,311.80,797.70,0.8735,-1,-1,-1
813,253,498.35,220.83,166.45,532.59,0.8081,-1,-1,-1
813,260,637.53,260.07,154.01,479.25,0.7841,-1,-1,-1
813,271,758.12,259.12,63.69,286.74,0.2057,-1,-1,-1
813,273,295.25,65.39,217.09,812.98,0.8575,-1,-1,-1
814,2,794.06,217.63,121.10,448.37,0.8023,-1,-1,-1
814,92,908.29,173.50,143.69,525.25,0.7983,-1,-1,-1
814,230,1311.52,100.87,263.66,822.92,0.8871,-1,-1,-1
814,236,1090.11,107.58,306.65,844.51,0.8700,-1,-1,-1
814,253,495.10,217.16,165.07,539.27,0.8191,-1,-1,-1
814,260,618.94,256.32,173.22,484.19,0.7932,-1,-1,-1
814,270,2.43,-0.05,343.75,1053.52,0.7466,-1,-1,-1
814,271,753.42,258.45,58.29,270.99,0.2642,-1,-1,-1
814,273,254.19,54.32,250.96,832.32,0.8851,-1,-1,-1
815,2,792.83,218.16,121.51,449.57,0.7968,-1,-1,-1
815,92,908.62,174.09,142.03,528.45,0.7980,-1,-1,-1
815,230,1319.21,99.75,271.32,822.32,0.8686,-1,-1,-1
815,236,1105.80,106.06,301.95,880.63,0.8695,-1,-1,-1
815,253,491.90,216.60,165.19,546.44,0.8125,-1,-1,-1
815,260,628.22,253.87,164.65,491.26,0.7760,-1,-1,-1
815,270,12.02,1.69,247.13,1064.26,0.3674,-1,-1,-1
815,271,752.26,259.45,57.89,269.28,0.2738,-1,-1,-1
815,273,224.97,45.92,273.09,844.00,0.8865,-1,-1,-1
815,274,1052.47,325.31,66.98,237.47,0.4965,-1,-1,-1
816,2,785.73,221.40,129.27,450.19,0.8044,-1,-1,-1
816,92,908.10,176.47,142.08,528.89,0.8105,-1,-1,-1
816,230,1320.99,98.68,279.09,834.71,0.8632,-1,-1,-1
816,236,1114.11,109.29,294.30,902.66,0.8692,-1,-1,-1
816,253,483.02,219.82,168.28,549.16,0.8411,-1,-1,-1
816,260,629.44,251.93,162.68,494.86,0.7777,-1,-1,-1
816,271,751.27,259.73,58.64,269.36,0.2614,-1,-1,-1
816,273,217.37,39.04,275.24,852.39,0.8955,-1,-1,-1
816,274,1053.43,318.80,74.12,244.13,0.5588,-1,-1,-1
817,2,780.77,224.33,131.62,448.73,0.8135,-1,-1,-1
817,92,908.81,177.49,143.51,527.32,0.8203,-1,-1,-1
817,230,1328.38,94.38,288.32,876.24,0.8673,-1,-1,-1
817,236,1117.10,110.33,300.20,939.37,0.8784,-1,-1,-1
817,253,470.83,217.81,176.11,554.27,0.8511,-1,-1,-1
817,260,634.78,249.12,152.98,500.24,0.7809,-1,-1,-1
817,271,749.22,260.13,58.20,276.77,0.2224,-1,-1,-1
817,273,205.82,35.67,285.89,863.25,0.8957,-1,-1,-1
817,274,1055.30,305.76,77.36,258.14,0.5881,-1,-1,-1
817,276,1776.05,357.29,32.24,50.91,0.2414,-1,-1,-1
818,2,779.41,227.50,129.04,443.57,0.8473,-1,-1,-1
818,92,909.98,181.11,138.87,529.20,0.8152,-1,-1,-1
818,230,1330.31,88.14,297.82,895.85,0.8673,-1,-1,-1
818,236,1119.14,107.48,306.78,931.36,0.8844,-1,-1,-1
818,253,455.74,218.71,188.75,562.23,0.8717,-1,-1,-1
818,260,625.05,248.31,161.66,503.96,0.8122,-1,-1,-1
818,273,196.01,30.17,291.57,899.60,0.8934,-1,-1,-1
818,274,1049.71,305.89,86.41,258.89,0.6043,-1,-1,-1
818,276,1776.22,354.52,31.00,53.21,0.2558,-1,-1,-1
819,2,774.39,227.16,132.22,443.56,0.8622,-1,-1,-1
819,92,905.29,181.63,135.12,533.99,0.8103,-1,-1,-1
819,230,1331.59,78.23,309.74,924.18,0.8672,-1,-1,-1
819,236,1122.50,108.01,312.97,945.62,0.8778,-1,-1,-1
819,253,441.24,217.16,195.62,566.37,0.8656,-1,-1,-1
819,260,616.61,248.56,162.23,513.95,0.7877,-1,-1,-1
819,273,181.08,23.21,299.50,938.28,0.8985,-1,-1,-1
819,274,1047.57,305.32,91.29,260.62,0.5712,-1,-1,-1
819,276,1775.68,351.26,28.15,54.41,0.2352,-1,-1,-1
820,2,766.70,226.38,138.42,441.37,0.8549,-1,-1,-1
820,92,904.63,181.89,136.00,536.94,0.8088,-1,-1,-1
820,230,1331.99,66.65,319.42,940.27,0.8627,-1,-1,-1
820,236,1129.81,104.35,316.29,972.89,0.8765,-1,-1,-1
820,253,428.99,216.17,203.96,571.73,0.8540,-1,-1,-1
820,260,615.25,241.23,169.05,523.03,0.8118,-1,-1,-1
820,273,168.58,15.96,303.58,974.49,0.9024,-1,-1,-1
820,274,1050.01,305.55,97.03,260.14,0.5473,-1,-1,-1
820,276,1768.99,350.69,34.71,52.74,0.2237,-1,-1,-1
821,2,758.34,224.03,144.59,444.31,0.8522,-1,-1,-1
821,92,905.33,180.73,136.33,539.36,0.8032,-1,-1,-1
821,230,1343.15,50.28,318.61,948.46,0.8471,-1,-1,-1
821,236,1133.29,97.46,329.06,978.37,0.8892,-1,-1,-1
821,253,423.68,215.05,207.46,580.03,0.8215,-1,-1,-1
821,260,614.08,239.88,175.85,527.24,0.8439,-1,-1,-1
821,273,158.22,11.93,312.64,991.93,0.8982,-1,-1,-1
821,274,1054.35,302.47,96.72,263.00,0.5738,-1,-1,-1
821,277,1812.68,428.47,82.60,60.32,0.2421,-1,-1,-1
822,2,758.92,220.84,147.01,448.81,0.8425,-1,-1,-1
822,92,905.13,180.69,137.11,536.61,0.8125,-1,-1,-1
822,230,1358.85,35.18,308.50,968.03,0.8756,-1,-1,-1
822,236,1139.97,80.69,341.47,997.89,0.8873,-1,-1,-1
822,253,412.28,212.72,213.15,593.91,0.7850,-1,-1,-1
822,260,605.32,235.00,184.45,532.46,0.8632,-1,-1,-1
822,273,146.06,8.36,314.29,1003.48,0.9046,-1,-1,-1
822,274,1048.52,302.96,102.35,262.53,0.6544,-1,-1,-1
822,277,1819.80,425.19,87.32,59.11,0.1811,-1,-1,-1
823,2,754.78,214.46,148.45,454.31,0.8344,-1,-1,-1
823,92,904.56,179.82,139.55,534.18,0.8215,-1,-1,-1
823,230,1374.99,9.44,300.30,953.57,0.8758,-1,-1,-1
823,236,1145.57,60.04,354.72,1016.63,0.8847,-1,-1,-1
823,253,410.03,210.18,212.25,602.89,0.8205,-1,-1,-1
823,260,604.95,231.26,184.80,541.90,0.8689,-1,-1,-1
823,273,134.03,2.84,318.15,1027.01,0.9094,-1,-1,-1
823,274,1047.54,302.22,103.74,262.94,0.6946,-1,-1,-1
824,2,751.65,211.30,152.40,455.91,0.8343,-1,-1,-1
824,92,904.97,178.81,141.77,535.09,0.8137,-1,-1,-1
824,230,1389.06,3.29,297.15,971.16,0.8886,-1,-1,-1
824,236,1143.86,41.56,367.93,1034.62,0.8801,-1,-1,-1
824,253,409.20,205.34,210.88,610.98,0.8361,-1,-1,-1
824,260,602.14,228.20,185.50,553.08,0.8524,-1,-1,-1
824,273,120.71,-0.17,325.14,1052.71,0.9033,-1,-1,-1
824,274,1051.12,301.81,101.66,263.61,0.6962,-1,-1,-1
824,278,1833.73,421.07,86.33,459.39,0.2788,-1,-1,-1
825,2,747.25,208.89,160.24,454.09,0.8216,-1,-1,-1
825,92,907.37,182.31,147.84,531.11,0.8201,-1,-1,-1
825,230,1410.25,1.17,284.97,1018.33,0.8787,-1,-1,-1
825,236,1138.94,24.20,397.52,1051.93,0.8807,-1,-1,-1
825,253,404.43,202.44,212.01,617.32,0.8357,-1,-1,-1
825,260,599.46,227.51,187.14,571.09,0.8466,-1,-1,-1
825,273,102.83,0.57,336.02,1045.25,0.8821,-1,-1,-1
825,274,1054.75,301.54,99.45,263.92,0.6665,-1,-1,-1
826,2,748.17,208.53,158.84,454.02,0.8254,-1,-1,-1
826,92,909.88,175.83,143.33,538.67,0.8169,-1,-1,-1
826,230,1424.87,1.56,278.76,1056.09,0.8553,-1,-1,-1
826,236,1131.30,11.24,441.78,1064.44,0.8882,-1,-1,-1
826,253,399.31,200.08,215.65,626.67,0.7924,-1,-1,-1
826,260,596.60,228.30,191.19,584.56,0.8608,-1,-1,-1
826,273,88.13,0.39,343.79,1030.49,0.8827,-1,-1,-1
826,274,1056.23,300.50,103.58,264.54,0.6439,-1,-1,-1
827,2,746.09,208.85,161.51,452.09,0.8208,-1,-1,-1
827,92,908.21,178.66,153.77,531.53,0.8197,-1,-1,-1
827,230,1463.45,1.34,251.77,1077.99,0.8652,-1,-1,-1
827,236,1126.41,3.39,480.09,1072.43,0.9005,-1,-1,-1
827,253,393.74,196.33,218.55,636.26,0.7839,-1,-1,-1
827,260,594.92,228.43,192.03,587.35,0.8581,-1,-1,-1
827,273,74.01,1.47,347.84,1065.71,0.8939,-1,-1,-1
827,274,1058.89,298.95,104.54,265.77,0.6547,-1,-1,-1
827,279,392.07,232.06,110.29,600.69,0.1885,-1,-1,-1
828,2,744.43,208.06,162.74,452.03,0.8288,-1,-1,-1
828,92,904.93,176.43,160.63,529.34,0.8058,-1,-1,-1
828,230,1487.63,1.54,244.59,1069.25,0.8726,-1,-1,-1
828,236,1124.50,3.24,529.19,1066.52,0.8975,-1,-1,-1
828,253,387.55,190.83,218.41,644.54,0.8673,-1,-1,-1
828,260,592.60,227.66,195.35,589.86,0.8643,-1,-1,-1
828,273,58.04,0.44,355.52,1074.60,0.9079,-1,-1,-1
828,274,1060.81,295.03,107.01,270.80,0.6983,-1,-1,-1
829,2,748.37,210.88,163.45,452.84,0.8210,-1,-1,-1
829,92,911.09,175.09,157.37,522.70,0.8091,-1,-1,-1
829,230,1500.62,4.92,255.16,1055.51,0.8177,-1,-1,-1
829,236,1124.62,7.17,570.14,1059.93,0.9010,-1,-1,-1
829,253,389.47,190.86,207.49,650.63,0.8683,-1,-1,-1
829,260,590.01,232.85,198.87,605.59,0.8418,-1,-1,-1
829,273,40.88,1.90,368.06,1067.49,0.9134,-1,-1,-1
829,274,1069.25,298.41,104.04,267.04,0.7407,-1,-1,-1
829,280,714.45,244.24,46.28,91.00,0.2571,-1,-1,-1
830,2,750.22,214.91,174.38,451.90,0.7901,-1,-1,-1
830,92,920.27,181.60,153.49,510.28,0.7804,-1,-1,-1
830,230,1530.85,0.42,253.93,1062.88,0.8023,-1,-1,-1
830,236,1123.58,6.15,616.03,1063.46,0.9025,-1,-1,-1
830,253,388.88,190.67,210.26,656.70,0.8758,-1,-1,-1
830,260,588.20,231.05,203.14,620.29,0.8519,-1,-1,-1
830,273,16.88,1.45,392.30,1066.33,0.9184,-1,-1,-1
830,274,1072.77,298.46,105.82,270.08,0.7482,-1,-1,-1
830,280,714.30,243.53,50.35,96.55,0.3106,-1,-1,-1
831,2,757.67,214.13,159.78,451.20,0.8248,-1,-1,-1
831,92,922.36,177.12,157.08,516.14,0.8047,-1,-1,-1
831,230,1555.76,1.87,266.38,1061.53,0.7570,-1,-1,-1
831,236,1122.39,4.35,671.61,1064.06,0.8982,-1,-1,-1
831,253,382.15,188.46,214.99,672.96,0.8744,-1,-1,-1
831,260,585.42,229.14,207.41,630.73,0.8537,-1,-1,-1
831,273,1.86,1.06,410.47,1075.01,0.9233,-1,-1,-1
831,274,1076.39,296.20,109.10,269.36,0.6957,-1,-1,-1
831,280,712.23,241.59,54.54,97.16,0.3658,-1,-1,-1
832,2,758.94,216.23,158.98,449.17,0.8281,-1,-1,-1
832,92,934.89,178.57,149.61,513.99,0.8075,-1,-1,-1
832,230,1580.65,2.91,273.10,1059.99,0.7220,-1,-1,-1
832,236,1119.72,4.28,704.35,1065.59,0.9023,-1,-1,-1
832,253,381.28,189.42,215.45,679.96,0.8796,-1,-1,-1
832,260,583.63,227.83,206.30,634.48,0.8488,-1,-1,-1
832,273,-1.17,0.80,422.08,1079.28,0.9282,-1,-1,-1
832,274,1082.92,295.49,107.35,281.66,0.6849,-1,-1,-1
832,280,723.27,244.38,50.94,88.27,0.3088,-1,-1,-1
833,2,757.54,218.09,164.13,448.46,0.8283,-1,-1,-1
833,92,926.10,173.11,160.61,523.95,0.8089,-1,-1,-1
833,230,1611.42,0.91,277.48,1069.47,0.5080,-1,-1,-1
833,236,1118.95,2.79,766.42,1066.18,0.9099,-1,-1,-1
833,253,378.99,188.12,218.44,694.00,0.8857,-1,-1,-1
833,260,581.93,227.42,208.77,645.03,0.8508,-1,-1,-1
833,273,-1.07,0.12,428.18,1076.37,0.9266,-1,-1,-1
833,274,1088.59,293.50,108.05,279.05,0.7045,-1,-1,-1
833,280,724.00,245.63,53.76,85.42,0.3078,-1,-1,-1
834,2,765.73,219.25,166.17,447.79,0.8225,-1,-1,-1
834,92,939.85,173.12,151.64,530.03,0.8142,-1,-1,-1
834,236,1120.89,1.64,798.22,1065.37,0.9189,-1,-1,-1
834,253,372.24,188.19,222.78,711.97,0.8662,-1,-1,-1
834,260,579.07,222.62,213.42,652.55,0.8448,-1,-1,-1
834,273,-0.85,0.05,433.28,1072.56,0.9226,-1,-1,-1
834,274,1094.49,298.39,105.71,273.59,0.6369,-1,-1,-1
834,280,722.53,247.02,59.30,86.13,0.2140,-1,-1,-1
834,281,1619.73,-0.68,299.36,568.03,0.6219,-1,-1,-1
835,2,771.47,220.77,166.77,449.80,0.8373,-1,-1,-1
835,92,933.05,180.66,166.84,524.82,0.7647,-1,-1,-1
835,236,1132.03,2.88,786.39,1068.41,0.9126,-1,-1,-1
835,253,371.10,190.20,223.37,722.23,0.8781,-1,-1,-1
835,260,579.10,220.87,217.27,660.97,0.8498,-1,-1,-1
835,273,-0.43,1.97,435.00,1066.56,0.9279,-1,-1,-1
835,274,1100.50,295.39,106.16,285.08,0.7161,-1,-1,-1
835,280,732.12,248.15,50.05,86.37,0.2352,-1,-1,-1
835,281,1669.58,16.93,256.47,499.51,0.2259,-1,-1,-1
836,2,783.71,224.16,154.31,447.48,0.8438,-1,-1,-1
836,92,937.85,183.71,168.70,524.89,0.7522,-1,-1,-1
836,236,1149.25,2.20,770.23,1060.69,0.9194,-1,-1,-1
836,253,373.89,190.95,216.57,735.88,0.8616,-1,-1,-1
836,260,574.22,220.75,230.80,671.89,0.8578,-1,-1,-1
836,271,739.71,246.32,60.33,265.62,0.2973,-1,-1,-1
836,273,-0.15,2.14,434.37,1067.31,0.9287,-1,-1,-1
836,274,1113.28,296.74,103.03,282.29,0.7328,-1,-1,-1
836,281,1713.28,13.43,207.94,405.31,0.4346,-1,-1,-1
836,282,1707.93,2.90,212.25,1061.24,0.3231,-1,-1,-1
837,2,786.11,224.83,162.62,454.18,0.8323,-1,-1,-1
837,92,949.89,189.80,160.37,519.83,0.7957,-1,-1,-1
837,236,1164.97,5.69,753.71,1062.14,0.9205,-1,-1,-1
837,253,373.89,189.02,219.47,747.60,0.8578,-1,-1,-1
837,260,572.63,217.00,238.02,680.98,0.8700,-1,-1,-1
837,271,742.85,249.27,61.40,217.98,0.3674,-1,-1,-1
837,273,0.18,1.36,436.16,1068.25,0.9299,-1,-1,-1
837,274,1120.68,297.24,100.38,287.37,0.7713,-1,-1,-1
838,2,790.52,225.40,172.68,453.48,0.8294,-1,-1,-1
838,92,956.15,194.56,163.22,517.04,0.8155,-1,-1,-1
838,236,1205.58,5.85,713.58,1064.72,0.8825,-1,-1,-1
838,253,371.03,185.48,226.88,759.99,0.8552,-1,-1,-1
838,260,574.49,215.90,237.65,684.93,0.8611,-1,-1,-1
838,271,745.36,252.52,70.13,248.78,0.3114,-1,-1,-1
838,273,0.48,-0.02,438.24,1068.13,0.9261,-1,-1,-1
838,274,1126.20,300.17,99.31,284.91,0.7483,-1,-1,-1
839,2,799.91,226.74,173.25,449.83,0.8132,-1,-1,-1
839,92,967.13,192.79,154.49,522.84,0.8111,-1,-1,-1
839,236,1269.05,4.99,649.92,1062.25,0.8967,-1,-1,-1
839,253,370.05,184.28,227.91,780.09,0.8463,-1,-1,-1
839,260,579.89,210.93,238.10,692.49,0.8643,-1,-1,-1
839,271,747.96,245.04,75.00,230.59,0.3848,-1,-1,-1
839,273,0.32,-0.04,441.88,1067.62,0.9290,-1,-1,-1
839,274,1132.75,295.84,101.32,291.04,0.7145,-1,-1,-1
839,283,1345.80,287.99,92.68,303.97,0.2795,-1,-1,-1
840,2,810.15,221.88,152.85,454.62,0.8175,-1,-1,-1
840,92,966.92,192.40,157.93,523.49,0.8097,-1,-1,-1
840,236,1361.31,2.20,557.62,1063.47,0.7803,-1,-1,-1
840,253,368.37,181.19,233.09,787.10,0.8268,-1,-1,-1
840,260,581.02,203.94,243.78,700.12,0.8686,-1,-1,-1
840,271,753.53,242.35,74.26,234.78,0.3137,-1,-1,-1
840,273,0.03,1.04,442.39,1067.87,0.9287,-1,-1,-1
840,274,1136.92,295.12,105.82,294.58,0.6679,-1,-1,-1
840,283,1364.65,277.46,109.83,361.60,0.3564,-1,-1,-1
840,286,1349.74,213.49,205.54,771.68,0.4815,-1,-1,-1
841,2,817.23,218.93,163.43,455.38,0.8159,-1,-1,-1
841,92,982.90,187.68,143.82,526.98,0.7975,-1,-1,-1
841,236,1441.72,2.62,477.96,1059.32,0.9259,-1,-1,-1
841,253,365.79,172.65,235.11,799.21,0.8172,-1,-1,-1
841,260,585.51,197.59,243.77,705.27,0.8622,-1,-1,-1
841,271,754.31,240.09,82.41,232.22,0.4696,-1,-1,-1
841,273,-0.21,-0.05,443.31,1066.74,0.9263,-1,-1,-1
841,274,1149.34,294.40,100.52,295.64,0.7114,-1,-1,-1
841,283,1374.31,238.01,157.41,445.65,0.6378,-1,-1,-1
842,2,820.17,217.94,173.34,454.13,0.8487,-1,-1,-1
842,92,978.53,189.50,154.00,522.35,0.8106,-1,-1,-1
842,236,1535.65,2.28,383.76,1062.53,0.8636,-1,-1,-1
842,253,360.84,158.54,240.65,811.90,0.8341,-1,-1,-1
842,260,584.18,193.21,248.06,711.06,0.8606,-1,-1,-1
842,271,753.48,234.41,84.44,240.06,0.4994,-1,-1,-1
842,273,0.27,0.72,439.34,1068.07,0.9220,-1,-1,-1
842,274,1150.93,293.16,103.26,292.80,0.6779,-1,-1,-1
842,283,1391.67,228.11,206.77,670.71,0.8702,-1,-1,-1
843,2,827.34,215.12,169.02,446.16,0.8281,-1,-1,-1
843,92,989.49,184.79,154.19,523.55,0.8127,-1,-1,-1
843,236,1618.63,3.40,300.44,1058.01,0.6231,-1,-1,-1
843,253,362.09,146.64,240.57,837.96,0.8442,-1,-1,-1
843,260,580.98,187.74,253.71,733.34,0.8451,-1,-1,-1
843,271,760.80,230.25,83.85,272.20,0.5722,-1,-1,-1
843,273,0.57,1.50,436.91,1064.83,0.9228,-1,-1,-1
843,274,1165.89,290.37,96.46,294.67,0.6437,-1,-1,-1
843,283,1404.67,213.95,240.72,700.42,0.8931,-1,-1,-1
844,2,830.46,213.34,167.08,443.84,0.8343,-1,-1,-1
844,92,992.36,178.40,161.13,527.06,0.8160,-1,-1,-1
844,236,1696.10,-0.57,221.77,1069.95,0.6969,-1,-1,-1
844,253,350.08,136.36,254.86,840.39,0.8514,-1,-1,-1
844,260,585.81,181.64,248.94,760.12,0.8481,-1,-1,-1
844,271,758.64,226.72,89.08,256.50,0.5263,-1,-1,-1
844,273,1.97,0.46,421.94,1057.79,0.8957,-1,-1,-1
844,274,1167.46,280.10,97.83,301.67,0.7404,-1,-1,-1
844,283,1418.33,203.91,253.62,739.24,0.8912,-1,-1,-1
845,2,829.79,203.20,173.79,449.94,0.8250,-1,-1,-1
845,92,996.01,174.02,152.39,529.31,0.7949,-1,-1,-1
845,236,1753.97,3.67,165.56,1059.54,0.6831,-1,-1,-1
845,253,335.20,127.75,271.11,844.68,0.8567,-1,-1,-1
845,260,585.98,172.41,258.12,779.94,0.8425,-1,-1,-1
845,271,760.64,218.76,89.10,256.30,0.5522,-1,-1,-1
845,273,2.07,2.83,410.69,1061.31,0.8271,-1,-1,-1
845,274,1168.48,274.67,100.27,305.83,0.7725,-1,-1,-1
845,283,1433.38,195.94,267.93,764.61,0.8916,-1,-1,-1
846,2,834.12,200.08,171.79,453.37,0.8107,-1,-1,-1
846,92,998.24,169.19,153.72,530.99,0.7917,-1,-1,-1
846,236,1816.93,86.66,116.16,673.40,0.1659,-1,-1,-1
846,253,321.12,118.26,284.98,853.10,0.8410,-1,-1,-1
846,260,587.30,167.72,252.29,788.05,0.8251,-1,-1,-1
846,271,763.73,214.36,85.77,261.08,0.4585,-1,-1,-1
846,273,4.52,5.04,389.52,1066.23,0.7621,-1,-1,-1
846,274,1170.39,277.04,101.87,299.87,0.8010,-1,-1,-1
846,283,1439.93,190.00,266.73,779.47,0.9034,-1,-1,-1
847,2,836.03,193.75,169.20,453.07,0.8153,-1,-1,-1
847,92,999.03,160.37,158.34,526.21,0.8099,-1,-1,-1
847,253,314.58,108.06,294.55,868.33,0.8202,-1,-1,-1
847,260,587.00,155.81,256.19,805.77,0.8316,-1,-1,-1
847,271,758.42,209.92,94.69,258.58,0.5749,-1,-1,-1
847,273,8.35,7.12,351.38,1059.11,0.7310,-1,-1,-1
847,274,1180.96,273.78,99.94,296.13,0.7045,-1,-1,-1
847,283,1455.49,185.73,253.31,785.32,0.8876,-1,-1,-1
848,2,832.76,188.43,177.73,455.36,0.8477,-1,-1,-1
848,92,995.13,151.58,162.42,521.17,0.8062,-1,-1,-1
848,253,305.25,99.01,295.85,881.89,0.8665,-1,-1,-1
848,260,579.12,148.83,262.81,821.30,0.8330,-1,-1,-1
848,271,755.99,204.58,96.63,256.42,0.5119,-1,-1,-1
848,273,23.46,6.52,270.68,1051.10,0.6505,-1,-1,-1
848,274,1180.76,268.44,98.55,299.37,0.7342,-1,-1,-1
848,283,1470.25,179.43,248.84,801.38,0.8945,-1,-1,-1
849,2,832.45,187.79,176.93,454.86,0.8704,-1,-1,-1
849,92,995.63,148.26,155.11,519.05,0.8048,-1,-1,-1
849,253,296.05,93.48,297.32,906.68,0.8933,-1,-1,-1
849,260,564.00,146.19,277.57,870.58,0.8624,-1,-1,-1
849,271,748.90,203.28,101.60,255.65,0.5197,-1,-1,-1
849,273,29.62,7.66,218.08,1055.57,0.3996,-1,-1,-1
849,274,1178.32,267.30,98.10,302.15,0.8061,-1,-1,-1
849,283,1484.41,176.81,250.22,838.33,0.8942,-1,-1,-1
850,2,829.89,185.95,177.24,453.10,0.8739,-1,-1,-1
850,92,996.04,144.44,152.89,517.34,0.8058,-1,-1,-1
850,253,283.29,83.47,303.25,924.34,0.8836,-1,-1,-1
850,260,561.13,139.13,280.70,884.19,0.8496,-1,-1,-1
850,271,742.71,201.46,105.56,247.08,0.5478,-1,-1,-1
850,274,1181.33,261.59,93.98,304.00,0.7764,-1,-1,-1
850,283,1496.97,175.09,249.90,848.99,0.8930,-1,-1,-1
851,2,828.33,180.26,176.59,458.73,0.8681,-1,-1,-1
851,92,995.67,140.50,154.28,518.94,0.8035,-1,-1,-1
851,253,271.33,70.40,309.54,943.72,0.8964,-1,-1,-1
851,260,551.76,133.06,293.21,898.76,0.8683,-1,-1,-1
851,271,739.83,196.14,106.08,246.13,0.3458,-1,-1,-1
851,274,1169.57,254.14,111.17,310.21,0.7417,-1,-1,-1
851,283,1508.45,167.32,258.68,862.15,0.9025,-1,-1,-1
852,2,826.50,178.66,179.96,455.68,0.8521,-1,-1,-1
852,92,993.25,137.01,159.03,517.61,0.8060,-1,-1,-1
852,253,255.73,63.87,318.90,962.44,0.8912,-1,-1,-1
852,260,543.39,117.89,301.72,915.46,0.8779,-1,-1,-1
852,271,724.13,193.12,115.22,252.77,0.1764,-1,-1,-1
852,274,1181.85,250.15,93.68,310.27,0.7417,-1,-1,-1
852,283,1518.15,161.41,268.61,870.39,0.9030,-1,-1,-1
853,2,822.80,177.91,174.92,452.67,0.8417,-1,-1,-1
853,92,990.01,133.07,166.09,517.86,0.7991,-1,-1,-1
853,253,241.99,53.49,325.29,1004.36,0.8975,-1,-1,-1
853,260,536.15,105.70,308.82,930.61,0.8872,-1,-1,-1
853,274,1182.92,243.65,98.08,315.76,0.7404,-1,-1,-1
853,283,1526.37,143.61,280.51,892.09,0.9012,-1,-1,-1
853,288,1346.68,298.73,45.99,45.39,0.2258,-1,-1,-1
854,2,821.81,176.79,174.81,453.47,0.8477,-1,-1,-1
854,92,979.04,132.40,171.15,517.52,0.7987,-1,-1,-1
854,253,220.19,47.19,336.77,1024.67,0.9003,-1,-1,-1
854,260,533.80,97.98,310.93,950.63,0.8924,-1,-1,-1
854,274,1179.53,242.43,96.75,316.41,0.7126,-1,-1,-1
854,283,1530.10,135.81,292.34,908.97,0.9019,-1,-1,-1
854,288,1347.32,296.20,41.04,45.51,0.2466,-1,-1,-1
855,2,823.04,173.66,167.49,454.61,0.8416,-1,-1,-1
855,92,977.56,129.05,175.72,522.32,0.8141,-1,-1,-1
855,253,204.37,37.89,344.40,1028.28,0.9007,-1,-1,-1
855,260,517.66,86.36,326.77,963.71,0.8937,-1,-1,-1
855,274,1171.41,238.22,98.80,319.05,0.6308,-1,-1,-1
855,283,1540.89,127.11,298.77,921.10,0.9084,-1,-1,-1
855,288,1344.59,292.82,43.29,46.36,0.1815,-1,-1,-1
856,2,814.92,171.62,174.59,456.15,0.8464,-1,-1,-1
856,92,985.77,123.19,159.68,530.40,0.8334,-1,-1,-1
856,253,180.87,27.28,353.54,1042.53,0.9070,-1,-1,-1
856,260,508.23,73.13,338.70,981.88,0.9021,-1,-1,-1
856,274,1174.21,234.84,93.07,318.60,0.6471,-1,-1,-1
856,283,1538.89,110.50,325.80,942.74,0.9104,-1,-1,-1
857,2,804.86,167.92,184.66,457.09,0.8495,-1,-1,-1
857,92,977.04,121.25,169.55,528.95,0.8451,-1,-1,-1
857,253,186.13,18.90,336.05,1052.69,0.8859,-1,-1,-1
857,260,492.52,63.11,352.68,1007.02,0.9045,-1,-1,-1
857,274,1168.91,229.29,100.48,321.46,0.6968,-1,-1,-1
857,283,1533.54,103.90,347.41,953.21,0.9018,-1,-1,-1
858,2,800.97,159.98,173.21,463.05,0.8389,-1,-1,-1
858,92,981.00,122.22,156.17,526.18,0.8350,-1,-1,-1
858,253,115.36,5.70,392.31,1062.31,0.8990,-1,-1,-1
858,260,479.74,51.39,364.50,1025.62,0.9024,-1,-1,-1
858,274,1166.84,226.03,96.71,323.43,0.6973,-1,-1,-1
858,283,1521.69,88.30,382.87,983.07,0.8990,-1,-1,-1
858,289,1330.59,284.26,97.12,283.54,0.3746,-1,-1,-1
859,2,801.15,155.07,170.78,463.00,0.8237,-1,-1,-1
859,92,964.08,125.52,168.05,521.15,0.8280,-1,-1,-1
859,253,97.70,4.08,391.08,1061.58,0.9069,-1,-1,-1
859,260,471.72,38.89,369.03,1033.48,0.9039,-1,-1,-1
859,274,1162.59,223.65,100.31,323.01,0.7099,-1,-1,-1
859,283,1548.51,77.26,370.69,994.72,0.8802,-1,-1,-1
859,289,1327.91,284.08,94.33,279.72,0.2016,-1,-1,-1
860,2,800.67,148.65,169.19,465.73,0.8290,-1,-1,-1
860,92,958.46,125.11,175.36,520.80,0.8466,-1,-1,-1
860,253,66.28,2.73,406.56,1064.84,0.9015,-1,-1,-1
860,260,459.44,26.51,379.11,1048.25,0.9162,-1,-1,-1
860,274,1158.81,218.08,100.71,325.98,0.6961,-1,-1,-1
860,283,1557.94,60.70,362.06,1016.60,0.9025,-1,-1,-1
860,289,1327.77,282.20,93.26,278.40,0.3030,-1,-1,-1
861,2,794.19,144.75,172.21,465.03,0.8517,-1,-1,-1
861,92,955.89,122.10,176.62,520.11,0.8617,-1,-1,-1
861,253,33.73,3.02,426.16,1068.00,0.8630,-1,-1,-1
861,260,444.73,15.09,391.90,1059.41,0.9101,-1,-1,-1
861,274,1158.95,213.96,102.04,327.86,0.6855,-1,-1,-1
861,283,1561.00,55.09,358.97,1021.00,0.9073,-1,-1,-1
862,2,795.55,143.46,172.84,459.58,0.8385,-1,-1,-1
862,92,954.05,119.63,178.36,519.02,0.8479,-1,-1,-1
862,253,2.84,1.73,442.15,1067.00,0.7969,-1,-1,-1
862,260,438.44,6.83,394.38,1067.37,0.9137,-1,-1,-1
862,274,1160.59,212.76,98.99,324.32,0.6657,-1,-1,-1
862,283,1573.96,37.53,345.38,1033.73,0.9109,-1,-1,-1
862,289,1332.20,282.27,87.07,275.19,0.1922,-1,-1,-1
863,2,794.48,140.69,172.43,459.42,0.8476,-1,-1,-1
863,92,965.27,114.08,170.57,522.51,0.8275,-1,-1,-1
863,253,13.48,0.04,409.44,1070.73,0.8528,-1,-1,-1
863,260,425.05,3.22,405.70,1069.55,0.9202,-1,-1,-1
863,274,1160.73,210.97,99.25,323.11,0.6483,-1,-1,-1
863,283,1586.00,33.92,332.79,1037.80,0.9088,-1,-1,-1
863,289,1337.08,282.24,86.75,273.01,0.2000,-1,-1,-1
864,2,792.20,139.29,172.55,458.94,0.8543,-1,-1,-1
864,92,962.04,116.25,174.72,522.31,0.8322,-1,-1,-1
864,253,5.40,0.43,411.93,1070.25,0.8981,-1,-1,-1
864,260,411.89,2.86,408.43,1069.90,0.9226,-1,-1,-1
864,274,1161.05,207.21,100.03,329.91,0.6463,-1,-1,-1
864,283,1596.88,17.41,321.66,1057.34,0.9042,-1,-1,-1
865,2,795.55,136.83,170.84,461.09,0.8487,-1,-1,-1
865,92,962.01,109.53,178.90,529.56,0.8287,-1,-1,-1
865,253,0.36,0.10,402.96,1069.39,0.9115,-1,-1,-1
865,260,399.81,2.59,413.67,1072.16,0.9202,-1,-1,-1
865,274,1158.15,205.55,106.33,332.58,0.6377,-1,-1,-1
865,283,1613.68,11.84,304.83,1063.56,0.9014,-1,-1,-1
865,292,1399.96,243.90,48.88,68.01,0.1712,-1,-1,-1
866,2,798.25,135.50,169.08,465.81,0.8529,-1,-1,-1
866,92,964.78,107.47,177.85,529.34,0.8327,-1,-1,-1
866,253,0.78,4.11,365.41,1067.28,0.9114,-1,-1,-1
866,260,378.60,3.50,428.83,1070.26,0.9192,-1,-1,-1
866,274,1165.75,203.81,96.50,332.99,0.6827,-1,-1,-1
866,283,1652.59,1.71,266.64,1071.49,0.8880,-1,-1,-1
866,292,1400.86,235.97,46.35,72.00,0.1742,-1,-1,-1
867,2,796.79,137.69,172.69,468.32,0.8566,-1,-1,-1
867,92,977.76,105.84,169.24,528.88,0.8241,-1,-1,-1
867,253,0.03,3.70,336.82,1066.78,0.9207,-1,-1,-1
867,260,358.18,5.58,434.92,1065.49,0.9155,-1,-1,-1
867,274,1171.96,202.33,96.59,335.82,0.7043,-1,-1,-1
867,283,1689.79,2.66,229.86,1071.79,0.8733,-1,-1,-1
867,289,1354.34,278.43,98.91,281.26,0.1699,-1,-1,-1
868,2,794.44,141.77,176.32,470.42,0.8589,-1,-1,-1
868,92,988.56,108.95,152.81,520.24,0.8264,-1,-1,-1
868,253,-0.38,2.54,314.60,1068.18,0.9111,-1,-1,-1
868,260,329.55,2.24,448.10,1068.67,0.9190,-1,-1,-1
868,274,1171.60,203.24,98.00,338.17,0.7045,-1,-1,-1
868,283,1709.85,149.77,210.68,912.47,0.7540,-1,-1,-1
868,289,1356.87,275.01,92.78,285.72,0.1850,-1,-1,-1
869,2,795.07,143.65,172.93,471.48,0.8629,-1,-1,-1
869,92,984.21,106.76,156.87,520.10,0.8211,-1,-1,-1
869,253,-0.42,3.91,290.98,1060.36,0.9162,-1,-1,-1
869,260,297.97,2.93,467.40,1066.88,0.9161,-1,-1,-1
869,274,1173.06,203.84,98.56,340.03,0.7150,-1,-1,-1
869,283,1706.77,222.91,224.72,614.17,0.4430,-1,-1,-1
869,289,1369.76,235.41,88.73,322.56,0.1691,-1,-1,-1
869,297,743.58,222.37,75.24,319.62,0.2582,-1,-1,-1
870,2,795.67,144.93,171.58,473.17,0.8687,-1,-1,-1
870,92,983.18,109.57,151.82,517.73,0.8241,-1,-1,-1
870,253,-0.32,6.07,266.87,1059.01,0.9125,-1,-1,-1
870,260,262.85,3.17,489.73,1068.15,0.9116,-1,-1,-1
870,274,1171.39,203.67,102.24,343.34,0.7065,-1,-1,-1
870,283,1762.25,208.93,157.41,606.33,0.7496,-1,-1,-1
870,292,1404.11,227.37,46.10,80.98,0.2450,-1,-1,-1
870,298,629.43,129.35,147.89,398.71,0.5661,-1,-1,-1
871,2,796.14,151.55,171.41,470.23,0.8591,-1,-1,-1
871,92,986.60,114.39,143.56,518.09,0.8187,-1,-1,-1
871,253,-0.87,6.53,241.92,1060.49,0.8959,-1,-1,-1
871,260,231.38,2.51,505.14,1069.90,0.9158,-1,-1,-1
871,274,1174.86,205.23,100.07,344.52,0.6910,-1,-1,-1
871,283,1797.83,248.23,122.24,578.63,0.5833,-1,-1,-1
871,292,1401.70,222.49,47.18,87.59,0.1654,-1,-1,-1
871,298,622.53,138.79,156.28,451.25,0.6085,-1,-1,-1
872,2,797.61,157.11,169.97,469.66,0.8495,-1,-1,-1
872,92,988.12,117.12,145.37,517.83,0.8100,-1,-1,-1
872,253,1.65,7.83,205.89,1057.23,0.8785,-1,-1,-1
872,260,200.30,2.18,525.85,1066.68,0.9141,-1,-1,-1
872,274,1183.36,206.35,93.63,347.00,0.7207,-1,-1,-1
872,298,615.39,143.90,162.56,472.25,0.7907,-1,-1,-1
873,2,798.34,162.48,169.81,474.35,0.8369,-1,-1,-1
873,92,987.92,121.36,141.18,514.96,0.8116,-1,-1,-1
873,253,1.97,50.54,176.85,1017.52,0.8602,-1,-1,-1
873,260,156.07,3.21,556.94,1065.25,0.9233,-1,-1,-1
873,274,1180.05,208.44,99.55,348.90,0.7092,-1,-1,-1
873,288,1327.27,266.49,49.29,50.94,0.1729,-1,-1,-1
873,298,611.38,146.59,159.55,487.45,0.7637,-1,-1,-1
874,2,799.65,165.58,169.08,472.64,0.8389,-1,-1,-1
874,92,988.61,124.10,138.75,521.39,0.7978,-1,-1,-1
874,253,4.55,121.28,144.14,949.90,0.8131,-1,-1,-1
874,260,117.95,0.10,578.66,1066.86,0.9100,-1,-1,-1
874,274,1177.91,210.24,103.21,349.23,0.7230,-1,-1,-1
874,298,605.69,150.29,165.96,488.82,0.7579,-1,-1,-1
874,299,1810.03,261.81,33.76,45.00,0.2166,-1,-1,-1
875,2,802.24,164.89,168.78,474.20,0.8295,-1,-1,-1
875,92,988.52,130.01,138.32,517.89,0.7894,-1,-1,-1
875,253,2.59,137.07,124.11,926.94,0.4833,-1,-1,-1
875,260,98.53,1.44,584.13,1063.49,0.9138,-1,-1,-1
875,274,1171.28,211.80,111.66,348.22,0.6477,-1,-1,-1
875,292,1401.07,228.11,58.29,88.50,0.1645,-1,-1,-1
875,298,597.81,150.07,173.14,491.00,0.7740,-1,-1,-1
875,299,1813.41,263.59,33.58,42.77,0.1588,-1,-1,-1
876,2,802.50,167.15,171.04,469.97,0.8381,-1,-1,-1
876,92,993.57,133.34,132.49,516.10,0.8012,-1,-1,-1
876,253,-15.71,204.49,142.75,838.12,0.3743,-1,-1,-1
876,260,14.11,1.95,652.86,1067.75,0.8979,-1,-1,-1
876,274,1173.69,211.05,115.80,350.31,0.6099,-1,-1,-1
876,292,1404.26,238.58,56.41,81.46,0.2044,-1,-1,-1
876,298,588.28,148.08,179.81,499.58,0.8033,-1,-1,-1
877,2,802.71,167.17,171.70,461.53,0.8344,-1,-1,-1
877,92,991.67,135.12,131.92,518.23,0.8109,-1,-1,-1
877,253,-22.78,258.79,139.61,710.83,0.1959,-1,-1,-1
877,260,0.93,1.85,645.18,1067.01,0.9368,-1,-1,-1
877,274,1174.14,209.63,113.18,354.40,0.6383,-1,-1,-1
877,292,1404.20,245.40,52.44,74.74,0.1814,-1,-1,-1
877,297,720.92,226.57,89.70,349.54,0.3637,-1,-1,-1
877,298,581.51,146.67,169.92,503.73,0.7875,-1,-1,-1
877,299,1821.74,262.82,35.74,44.78,0.1544,-1,-1,-1
877,301,722.98,228.93,84.75,174.64,0.1877,-1,-1,-1
878,2,801.63,164.16,169.64,471.51,0.8290,-1,-1,-1
878,92,985.12,134.93,137.30,515.66,0.8002,-1,-1,-1
878,260,0.55,2.46,628.71,1068.69,0.9416,-1,-1,-1
878,274,1177.57,207.29,112.86,357.29,0.6405,-1,-1,-1
878,292,1405.14,247.93,54.63,70.84,0.2074,-1,-1,-1
878,297,715.47,228.06,94.88,357.27,0.2557,-1,-1,-1
878,298,569.31,142.79,190.27,510.89,0.7967,-1,-1,-1
878,301,720.48,230.53,84.76,188.04,0.2289,-1,-1,-1
879,2,800.92,161.51,169.27,475.33,0.8387,-1,-1,-1
879,92,986.11,135.78,134.19,512.77,0.8163,-1,-1,-1
879,260,1.08,1.79,605.39,1067.38,0.9241,-1,-1,-1
879,274,1171.53,206.49,113.72,357.31,0.6933,-1,-1,-1
879,292,1402.56,254.22,54.32,63.04,0.1783,-1,-1,-1
879,297,711.72,227.77,97.67,325.42,0.3436,-1,-1,-1
879,298,557.53,143.39,195.93,513.17,0.8389,-1,-1,-1
880,2,800.30,157.71,171.00,469.21,0.8507,-1,-1,-1
880,92,981.46,135.44,137.58,510.47,0.8098,-1,-1,-1
880,260,1.46,6.83,579.54,1063.94,0.9169,-1,-1,-1
880,274,1171.42,202.85,114.52,360.88,0.7126,-1,-1,-1
880,292,1401.65,250.53,55.72,65.22,0.2601,-1,-1,-1
880,297,703.93,224.40,99.39,331.56,0.4539,-1,-1,-1
880,298,545.78,143.01,206.56,518.45,0.8524,-1,-1,-1
880,302,1327.57,268.42,31.20,51.99,0.1814,-1,-1,-1
881,2,798.58,156.28,172.81,464.95,0.8601,-1,-1,-1
881,92,976.39,134.67,143.24,510.84,0.8087,-1,-1,-1
881,260,0.48,4.45,554.95,1062.87,0.9257,-1,-1,-1
881,274,1177.26,198.83,110.36,365.24,0.7113,-1,-1,-1
881,292,1402.78,257.81,46.43,58.34,0.2201,-1,-1,-1
881,297,699.30,220.33,96.48,361.70,0.5499,-1,-1,-1
881,298,530.83,143.49,228.41,520.33,0.8282,-1,-1,-1
881,299,1836.94,267.13,31.31,35.98,0.2465,-1,-1,-1
881,302,1327.94,269.41,28.20,49.34,0.1595,-1,-1,-1
882,2,796.22,152.87,171.04,468.69,0.8548,-1,-1,-1
882,92,964.67,131.59,148.76,516.38,0.8421,-1,-1,-1
882,260,0.47,5.73,532.48,1063.05,0.9210,-1,-1,-1
882,274,1176.84,199.00,112.90,364.47,0.7516,-1,-1,-1
882,292,1403.63,258.94,45.05,55.73,0.2090,-1,-1,-1
882,297,697.73,223.99,94.91,358.89,0.6238,-1,-1,-1
882,298,521.08,140.83,227.39,532.77,0.8172,-1,-1,-1
882,299,1836.64,267.60,33.10,34.98,0.2056,-1,-1,-1
882,302,1325.40,269.49,31.74,48.68,0.2059,-1,-1,-1
883,2,793.65,151.47,172.29,465.71,0.8532,-1,-1,-1
883,92,963.08,123.78,140.54,523.99,0.8342,-1,-1,-1
883,260,0.61,7.04,507.51,1058.97,0.9379,-1,-1,-1
883,274,1176.20,201.71,114.01,363.00,0.7616,-1,-1,-1
883,297,690.18,218.39,103.09,367.07,0.6331,-1,-1,-1
883,298,504.51,141.12,239.36,536.38,0.8174,-1,-1,-1
883,299,1840.78,269.24,28.24,33.14,0.1900,-1,-1,-1
883,302,1324.94,271.48,31.76,46.58,0.2340,-1,-1,-1
884,2,794.44,150.54,169.40,466.66,0.8339,-1,-1,-1
884,92,959.51,121.24,143.58,524.96,0.7751,-1,-1,-1
884,260,1.48,6.18,463.20,1057.98,0.9145,-1,-1,-1
884,274,1178.36,199.78,112.35,367.56,0.7406,-1,-1,-1
884,297,673.95,225.31,116.29,336.97,0.4403,-1,-1,-1
884,298,492.78,138.79,235.21,542.84,0.7841,-1,-1,-1
885,2,789.60,147.05,168.90,473.33,0.8264,-1,-1,-1
885,92,960.03,117.44,141.86,526.40,0.7976,-1,-1,-1
885,260,1.83,8.51,414.16,1057.39,0.9105,-1,-1,-1
885,274,1176.17,199.54,115.96,367.20,0.7218,-1,-1,-1
885,297,666.17,226.10,118.72,345.97,0.4751,-1,-1,-1
885,298,484.03,134.64,248.19,553.17,0.7660,-1,-1,-1
886,2,782.22,147.33,168.93,476.15,0.8341,-1,-1,-1
886,92,956.21,115.73,141.04,517.03,0.8182,-1,-1,-1
886,260,2.25,4.35,363.08,1061.49,0.8796,-1,-1,-1
886,274,1172.26,201.65,119.05,368.65,0.7349,-1,-1,-1
886,297,657.48,214.99,118.86,320.35,0.3563,-1,-1,-1
886,298,458.28,135.51,245.32,560.42,0.7883,-1,-1,-1
887,2,769.30,153.38,179.24,471.05,0.8470,-1,-1,-1
887,92,953.63,115.95,143.29,513.56,0.8080,-1,-1,-1
887,260,9.76,14.31,302.46,1047.95,0.4097,-1,-1,-1
887,274,1169.97,204.16,113.76,368.19,0.7781,-1,-1,-1
887,297,642.12,221.45,125.71,309.86,0.4515,-1,-1,-1
887,298,443.60,124.70,257.45,574.78,0.8600,-1,-1,-1
888,2,773.90,155.22,168.51,470.13,0.8298,-1,-1,-1
888,92,929.34,124.67,158.22,499.57,0.8144,-1,-1,-1
888,274,1165.64,205.01,118.26,366.50,0.7380,-1,-1,-1
888,297,634.68,212.79,118.94,316.34,0.4523,-1,-1,-1
888,298,429.92,117.10,260.95,586.43,0.8347,-1,-1,-1
889,2,761.89,156.94,171.09,471.03,0.7861,-1,-1,-1
889,92,925.00,115.74,157.14,510.44,0.7934,-1,-1,-1
889,274,1162.24,204.71,117.87,369.46,0.7064,-1,-1,-1
889,297,610.77,222.53,126.78,313.55,0.3022,-1,-1,-1
889,298,411.71,109.09,266.20,592.94,0.8573,-1,-1,-1
890,2,748.39,163.44,168.02,471.00,0.8119,-1,-1,-1
890,92,896.87,119.71,166.76,511.05,0.8096,-1,-1,-1
890,274,1152.71,208.30,115.02,370.25,0.7300,-1,-1,-1
890,297,593.50,195.47,120.60,396.36,0.4026,-1,-1,-1
890,298,389.79,104.63,255.73,606.48,0.8343,-1,-1,-1
891,2,726.50,164.68,179.40,469.51,0.8537,-1,-1,-1
891,92,901.18,120.80,158.86,514.79,0.8328,-1,-1,-1
891,274,1142.01,210.62,117.79,370.39,0.7851,-1,-1,-1
891,297,594.33,208.77,103.95,374.11,0.3754,-1,-1,-1
891,298,359.98,91.02,277.59,623.67,0.7558,-1,-1,-1
892,2,714.89,167.39,174.63,467.99,0.8346,-1,-1,-1
892,92,885.48,123.65,158.04,514.19,0.8472,-1,-1,-1
892,274,1133.48,213.50,112.83,370.89,0.7823,-1,-1,-1
892,297,543.47,213.67,143.40,387.75,0.2780,-1,-1,-1
892,298,338.95,85.36,282.02,636.13,0.8503,-1,-1,-1
893,2,703.70,165.94,173.99,472.00,0.8191,-1,-1,-1
893,92,875.51,127.11,158.96,515.20,0.8259,-1,-1,-1
893,274,1123.76,215.22,117.21,378.70,0.7910,-1,-1,-1
893,297,519.74,214.65,140.11,402.61,0.4061,-1,-1,-1
893,298,313.95,83.42,289.40,647.98,0.7652,-1,-1,-1
894,2,693.75,167.99,170.75,474.21,0.8455,-1,-1,-1
894,92,864.36,132.88,159.32,517.82,0.7592,-1,-1,-1
894,274,1117.47,219.00,115.34,376.35,0.7941,-1,-1,-1
894,297,497.25,222.66,163.27,411.93,0.3669,-1,-1,-1
894,298,295.55,82.96,297.07,653.45,0.8383,-1,-1,-1
895,2,681.16,170.81,169.14,471.47,0.8550,-1,-1,-1
895,92,849.57,135.83,157.59,519.78,0.7741,-1,-1,-1
895,274,1108.65,221.06,121.91,379.14,0.7946,-1,-1,-1
895,297,507.33,227.73,148.11,408.63,0.3705,-1,-1,-1
895,298,279.88,79.72,301.01,671.87,0.7087,-1,-1,-1
896,2,673.14,169.91,170.56,467.33,0.8303,-1,-1,-1
896,92,829.98,138.64,181.36,518.92,0.8287,-1,-1,-1
896,274,1103.06,225.54,125.11,375.56,0.7494,-1,-1,-1
896,297,495.72,189.03,139.92,460.76,0.4443,-1,-1,-1
896,298,261.14,76.98,289.41,684.62,0.8394,-1,-1,-1
896,315,338.73,224.81,177.31,531.81,0.1850,-1,-1,-1
897,2,667.58,170.23,167.53,465.99,0.8078,-1,-1,-1
897,92,821.93,144.97,182.53,513.39,0.8278,-1,-1,-1
897,274,1096.87,227.79,126.15,376.55,0.7897,-1,-1,-1
897,297,505.99,179.33,116.22,466.82,0.3691,-1,-1,-1
897,298,243.75,71.26,303.44,708.49,0.8650,-1,-1,-1
898,2,665.11,169.77,166.37,465.77,0.8193,-1,-1,-1
898,92,824.73,147.96,182.02,514.89,0.8313,-1,-1,-1
898,274,1096.29,228.04,126.07,382.05,0.8018,-1,-1,-1
898,297,476.13,170.41,140.86,485.19,0.5377,-1,-1,-1
898,298,233.44,66.43,309.40,743.69,0.8667,-1,-1,-1
898,318,1758.08,302.28,37.53,51.09,0.1510,-1,-1,-1
899,2,655.15,169.55,175.81,477.74,0.7895,-1,-1,-1
899,92,821.33,149.60,185.58,515.93,0.8324,-1,-1,-1
899,274,1095.48,232.27,125.89,380.03,0.7907,-1,-1,-1
899,297,463.66,172.10,145.70,493.94,0.4709,-1,-1,-1
899,298,221.10,65.66,311.97,749.02,0.8339,-1,-1,-1
900,2,657.84,169.73,172.25,482.41,0.8096,-1,-1,-1
900,92,825.51,152.28,182.79,514.17,0.8227,-1,-1,-1
900,274,1099.28,230.31,129.58,385.29,0.8086,-1,-1,-1
900,297,455.96,169.39,149.32,507.93,0.5706,-1,-1,-1
900,298,216.35,60.00,282.85,760.86,0.7867,-1,-1,-1
