1,1,0.61,675.73,50.92,207.31,0.7040,-1,-1,-1
1,2,1370.39,514.39,33.73,100.03,0.6480,-1,-1,-1
1,3,1609.25,558.04,56.36,115.84,0.5966,-1,-1,-1
1,4,1526.08,561.31,47.20,112.41,0.4178,-1,-1,-1
1,5,121.75,708.41,52.97,96.36,0.4037,-1,-1,-1
1,6,500.86,551.06,35.85,89.52,0.3546,-1,-1,-1
2,1,-0.79,660.71,41.40,213.07,0.6513,-1,-1,-1
2,2,1372.65,513.40,33.48,101.23,0.6413,-1,-1,-1
2,3,1615.39,550.40,59.93,123.71,0.6635,-1,-1,-1
2,4,1534.76,564.42,43.29,110.57,0.5488,-1,-1,-1
2,5,109.44,699.24,50.62,95.73,0.5490,-1,-1,-1
2,6,500.29,536.19,38.54,94.60,0.3142,-1,-1,-1
3,1,-0.93,691.59,35.66,211.96,0.6457,-1,-1,-1
3,2,1374.37,508.61,37.04,105.41,0.5883,-1,-1,-1
3,3,1620.45,547.15,63.35,121.34,0.6539,-1,-1,-1
3,4,1538.60,553.94,48.25,116.45,0.6552,-1,-1,-1
3,5,105.37,724.50,45.85,97.07,0.5275,-1,-1,-1
3,6,499.56,551.00,37.97,92.91,0.3648,-1,-1,-1
3,8,171.44,583.51,49.25,157.60,0.4179,-1,-1,-1
4,1,-0.86,702.44,24.34,170.57,0.3918,-1,-1,-1
4,2,1380.07,506.27,36.45,108.77,0.7150,-1,-1,-1
4,3,1629.79,547.69,63.05,125.41,0.7603,-1,-1,-1
4,4,1548.74,552.92,44.44,120.48,0.6489,-1,-1,-1
4,5,92.92,722.62,43.56,100.59,0.5938,-1,-1,-1
4,6,498.71,547.09,36.79,93.93,0.4273,-1,-1,-1
5,2,1384.72,515.07,34.28,110.70,0.7125,-1,-1,-1
5,3,1636.76,563.24,63.58,122.39,0.6377,-1,-1,-1
5,4,1551.10,561.90,49.44,122.01,0.3995,-1,-1,-1
5,5,77.94,715.38,43.86,103.33,0.5101,-1,-1,-1
5,6,496.34,540.51,34.22,96.26,0.4506,-1,-1,-1
5,9,1460.70,496.53,27.55,87.30,0.5448,-1,-1,-1
6,2,1391.27,526.85,31.66,108.80,0.6360,-1,-1,-1
6,3,1643.37,574.25,65.68,123.91,0.7557,-1,-1,-1
6,4,1560.97,575.60,48.93,120.17,0.3110,-1,-1,-1
6,5,67.11,731.32,42.08,105.36,0.4857,-1,-1,-1
6,6,497.61,551.90,36.90,98.68,0.4627,-1,-1,-1
6,9,1464.70,506.08,26.85,88.41,0.5317,-1,-1,-1
6,8,143.25,582.30,54.70,163.36,0.4636,-1,-1,-1
7,2,1392.80,518.45,32.21,111.60,0.5820,-1,-1,-1
7,3,1650.63,570.37,65.58,128.00,0.7394,-1,-1,-1
7,4,1564.31,567.63,53.43,125.53,0.5741,-1,-1,-1
7,5,51.91,731.51,41.78,108.58,0.3348,-1,-1,-1
7,6,494.04,541.03,36.83,103.20,0.3746,-1,-1,-1
7,9,1466.49,498.98,27.00,90.08,0.4649,-1,-1,-1
7,8,132.29,580.48,58.09,163.77,0.4007,-1,-1,-1
8,2,1394.95,530.72,33.36,109.19,0.6725,-1,-1,-1
8,3,1657.69,577.95,66.29,129.98,0.6644,-1,-1,-1
8,4,1569.99,579.82,52.22,124.16,0.5448,-1,-1,-1
8,5,35.87,741.03,43.51,109.06,0.4900,-1,-1,-1
8,6,493.14,548.03,35.86,102.52,0.3588,-1,-1,-1
8,9,1467.60,508.95,30.65,88.46,0.5201,-1,-1,-1
9,2,1397.44,533.59,34.50,107.73,0.6758,-1,-1,-1
9,3,1663.97,583.45,66.29,132.20,0.6956,-1,-1,-1
9,4,1576.55,586.83,51.27,124.54,0.5208,-1,-1,-1
9,5,17.56,738.36,45.85,114.24,0.6137,-1,-1,-1
9,6,490.78,549.22,35.72,99.19,0.3166,-1,-1,-1
9,9,1469.43,512.39,31.95,88.48,0.4324,-1,-1,-1
9,13,1514.83,521.88,28.87,86.69,0.3426,-1,-1,-1
9,14,219.25,613.76,42.36,136.65,0.4263,-1,-1,-1
10,2,1398.69,542.57,35.24,106.96,0.6536,-1,-1,-1
10,3,1669.09,601.57,64.76,129.51,0.7865,-1,-1,-1
10,4,1581.68,602.79,49.98,123.76,0.6855,-1,-1,-1
10,5,0.80,727.65,47.23,115.73,0.6404,-1,-1,-1
10,6,489.54,542.99,35.33,99.54,0.4438,-1,-1,-1
10,9,1472.07,523.74,30.24,87.65,0.3152,-1,-1,-1
10,14,210.27,611.22,41.94,133.33,0.5101,-1,-1,-1
11,2,1401.06,530.68,37.04,106.43,0.6759,-1,-1,-1
11,3,1678.74,579.21,66.07,133.85,0.7674,-1,-1,-1
11,4,1588.98,586.65,52.21,126.31,0.6564,-1,-1,-1
11,5,-4.33,749.37,42.44,119.23,0.4025,-1,-1,-1
11,9,1472.51,511.01,33.00,86.70,0.3796,-1,-1,-1
11,14,201.14,615.20,45.26,142.37,0.4312,-1,-1,-1
11,8,85.31,589.13,59.80,170.34,0.3461,-1,-1,-1
12,2,1403.01,532.82,37.57,109.45,0.6852,-1,-1,-1
12,3,1686.68,588.13,65.12,133.21,0.7743,-1,-1,-1
12,4,1595.80,591.86,53.18,128.39,0.7060,-1,-1,-1
12,9,1474.35,514.35,36.61,89.29,0.3856,-1,-1,-1
12,14,192.23,608.79,47.19,150.75,0.5135,-1,-1,-1
12,8,77.10,591.91,57.95,168.12,0.4072,-1,-1,-1
13,2,1407.86,529.75,35.57,106.37,0.7171,-1,-1,-1
13,3,1693.84,590.27,64.49,132.75,0.7329,-1,-1,-1
13,4,1600.44,593.75,55.34,127.69,0.6665,-1,-1,-1
13,9,1476.37,511.57,39.24,90.90,0.4229,-1,-1,-1
13,14,175.78,581.25,53.22,164.64,0.5509,-1,-1,-1
13,8,70.44,572.71,53.53,167.73,0.2909,-1,-1,-1
14,2,1408.48,528.50,36.38,103.41,0.6683,-1,-1,-1
14,3,1701.93,583.44,63.53,133.22,0.6844,-1,-1,-1
14,4,1609.65,586.56,55.87,129.43,0.6296,-1,-1,-1
14,14,166.89,596.63,53.03,165.49,0.3142,-1,-1,-1
14,8,54.88,584.87,56.12,174.00,0.3833,-1,-1,-1
15,2,1412.03,531.08,35.93,105.39,0.5334,-1,-1,-1
15,3,1710.81,585.02,62.33,137.26,0.7493,-1,-1,-1
15,4,1618.88,591.04,53.77,130.02,0.7195,-1,-1,-1
15,14,152.43,587.40,57.09,173.76,0.2880,-1,-1,-1
16,2,1416.39,533.23,34.67,104.92,0.5459,-1,-1,-1
16,3,1717.20,591.38,60.91,136.54,0.7449,-1,-1,-1
16,4,1626.48,594.18,55.26,130.85,0.6968,-1,-1,-1
16,14,142.74,595.70,53.62,167.01,0.3241,-1,-1,-1
16,16,515.94,536.63,35.87,106.60,0.4641,-1,-1,-1
16,6,477.94,540.49,34.84,102.84,0.3851,-1,-1,-1
16,8,33.48,583.13,54.63,175.82,0.4524,-1,-1,-1
17,2,1417.98,532.54,36.88,107.59,0.6061,-1,-1,-1
17,3,1723.51,589.29,62.01,138.50,0.7160,-1,-1,-1
17,4,1634.25,589.45,54.82,133.92,0.6938,-1,-1,-1
17,14,131.73,601.33,50.95,171.20,0.4387,-1,-1,-1
17,16,513.05,540.11,38.04,107.16,0.4847,-1,-1,-1
17,6,475.81,543.57,35.93,103.02,0.5116,-1,-1,-1
17,8,20.54,588.66,54.00,180.29,0.3862,-1,-1,-1
18,2,1420.55,533.19,37.04,108.63,0.7020,-1,-1,-1
18,3,1732.64,593.05,61.24,138.12,0.7064,-1,-1,-1
18,4,1643.44,590.75,54.66,135.20,0.6244,-1,-1,-1
18,16,513.05,540.73,38.08,106.55,0.5013,-1,-1,-1
18,6,474.66,541.78,37.56,104.39,0.5555,-1,-1,-1
18,8,8.79,589.47,54.32,184.78,0.3993,-1,-1,-1
19,2,1422.73,534.07,37.54,107.89,0.7329,-1,-1,-1
19,3,1741.21,594.40,62.65,139.25,0.7501,-1,-1,-1
19,4,1651.00,591.94,54.88,135.45,0.4386,-1,-1,-1
19,16,511.46,540.60,39.37,107.27,0.5118,-1,-1,-1
19,6,473.31,540.65,37.72,105.64,0.5162,-1,-1,-1
19,8,-0.17,588.40,50.80,186.28,0.3836,-1,-1,-1
20,2,1424.26,534.67,38.35,106.53,0.7496,-1,-1,-1
20,3,1749.66,596.09,62.81,139.89,0.7428,-1,-1,-1
20,4,1658.96,593.15,53.13,135.60,0.6012,-1,-1,-1
20,16,508.14,538.19,40.93,113.42,0.4827,-1,-1,-1
20,6,471.28,544.21,37.67,106.43,0.4032,-1,-1,-1
20,8,-3.48,595.18,41.86,185.44,0.4877,-1,-1,-1
21,2,1426.32,533.78,39.76,110.56,0.6890,-1,-1,-1
21,3,1758.34,597.98,62.89,140.75,0.7462,-1,-1,-1
21,4,1666.90,596.53,54.62,137.26,0.6866,-1,-1,-1
21,16,506.69,539.08,39.92,113.77,0.5227,-1,-1,-1
21,6,468.76,548.28,35.52,102.45,0.4624,-1,-1,-1
21,8,-3.66,611.38,28.75,170.78,0.3791,-1,-1,-1
22,2,1429.54,537.22,40.02,104.89,0.6724,-1,-1,-1
22,3,1770.55,601.16,60.79,139.20,0.7523,-1,-1,-1
22,4,1674.78,597.75,54.58,140.32,0.6323,-1,-1,-1
22,16,504.49,543.37,38.06,112.46,0.5140,-1,-1,-1
22,6,465.75,550.82,36.23,103.44,0.5481,-1,-1,-1
23,2,1431.29,538.44,40.43,108.53,0.6625,-1,-1,-1
23,3,1779.12,601.16,62.47,144.08,0.7723,-1,-1,-1
23,4,1681.44,600.23,55.93,142.73,0.7263,-1,-1,-1
23,16,500.15,547.40,41.04,109.41,0.5497,-1,-1,-1
23,6,465.26,549.93,34.68,105.43,0.4337,-1,-1,-1
24,2,1435.19,532.22,39.19,113.77,0.6555,-1,-1,-1
24,3,1788.23,595.24,64.76,149.64,0.7100,-1,-1,-1
24,4,1687.14,600.42,58.31,143.25,0.7304,-1,-1,-1
24,16,496.91,552.42,39.20,106.66,0.4566,-1,-1,-1
24,6,461.40,550.61,40.00,107.88,0.4756,-1,-1,-1
25,2,1438.08,535.81,40.46,119.31,0.6614,-1,-1,-1
25,3,1798.28,603.90,65.63,149.34,0.7155,-1,-1,-1
25,4,1695.92,607.48,56.53,147.54,0.7282,-1,-1,-1
25,16,496.16,553.31,38.89,108.47,0.4662,-1,-1,-1
25,6,458.50,548.34,42.89,112.99,0.4273,-1,-1,-1
26,2,1440.38,538.13,43.04,119.56,0.7225,-1,-1,-1
26,3,1807.71,607.75,67.93,148.14,0.6156,-1,-1,-1
26,4,1704.17,611.65,58.64,149.61,0.7241,-1,-1,-1
26,16,494.99,550.55,40.14,112.80,0.5505,-1,-1,-1
26,6,457.01,549.23,42.23,113.26,0.5126,-1,-1,-1
26,18,1530.21,520.00,27.95,85.97,0.4678,-1,-1,-1
27,2,1443.34,541.41,41.94,115.81,0.7465,-1,-1,-1
27,3,1814.70,611.33,72.79,150.54,0.6632,-1,-1,-1
27,4,1711.21,615.52,59.68,149.61,0.6740,-1,-1,-1
27,16,492.97,559.90,39.99,106.87,0.6125,-1,-1,-1
27,6,453.13,555.81,42.96,110.95,0.3950,-1,-1,-1
27,18,1531.40,521.17,31.81,86.38,0.6918,-1,-1,-1
28,2,1446.82,544.62,44.58,112.60,0.7245,-1,-1,-1
28,3,1823.13,611.45,74.52,155.66,0.7728,-1,-1,-1
28,4,1718.63,617.20,60.20,151.85,0.6733,-1,-1,-1
28,16,491.48,564.50,39.73,103.87,0.5869,-1,-1,-1
28,6,450.86,558.16,42.21,110.06,0.3525,-1,-1,-1
28,18,1534.30,525.24,33.98,84.04,0.5372,-1,-1,-1
29,2,1451.27,550.77,41.07,110.93,0.7069,-1,-1,-1
29,3,1830.12,620.45,75.28,159.04,0.7038,-1,-1,-1
29,4,1725.68,623.99,60.36,158.28,0.7275,-1,-1,-1
29,16,490.90,567.96,38.31,100.10,0.5309,-1,-1,-1
29,6,449.12,562.07,41.16,106.00,0.4960,-1,-1,-1
29,18,1536.35,527.28,34.30,89.60,0.5616,-1,-1,-1
30,2,1453.89,550.71,41.98,111.50,0.6410,-1,-1,-1
30,3,1836.70,621.11,78.58,153.66,0.6329,-1,-1,-1
30,4,1736.94,624.42,60.02,159.76,0.7524,-1,-1,-1
30,16,488.64,574.83,38.72,101.55,0.4999,-1,-1,-1
30,6,444.40,566.32,43.05,110.04,0.6142,-1,-1,-1
30,18,1538.77,525.77,34.83,91.54,0.5637,-1,-1,-1
31,2,1457.21,552.87,42.55,118.15,0.6297,-1,-1,-1
31,3,1850.70,626.44,72.05,150.75,0.6407,-1,-1,-1
31,4,1749.24,628.51,59.25,156.36,0.5795,-1,-1,-1
31,16,488.03,581.61,38.54,108.44,0.4173,-1,-1,-1
31,6,442.85,579.47,41.45,110.01,0.5823,-1,-1,-1
31,18,1542.95,526.33,34.22,96.20,0.4883,-1,-1,-1
32,2,1460.30,556.67,40.08,118.96,0.6362,-1,-1,-1
32,3,1857.73,634.64,63.67,158.31,0.6888,-1,-1,-1
32,4,1756.41,632.75,59.98,156.02,0.6770,-1,-1,-1
32,16,487.29,575.23,38.54,108.13,0.5247,-1,-1,-1
32,6,441.78,573.51,41.04,108.29,0.5722,-1,-1,-1
32,18,1545.51,529.56,33.62,93.25,0.5988,-1,-1,-1
33,2,1464.39,542.88,41.83,123.70,0.7413,-1,-1,-1
33,3,1869.62,622.25,53.27,166.92,0.6650,-1,-1,-1
33,4,1767.23,620.91,60.13,153.89,0.6452,-1,-1,-1
33,16,484.55,567.43,37.55,107.73,0.4837,-1,-1,-1
33,6,439.51,563.31,39.96,108.77,0.5104,-1,-1,-1
33,18,1549.65,517.86,33.64,91.55,0.6509,-1,-1,-1
34,2,1468.53,544.67,41.74,124.61,0.7601,-1,-1,-1
34,3,1880.77,631.35,41.68,151.87,0.5554,-1,-1,-1
34,4,1775.14,620.86,63.78,156.39,0.7443,-1,-1,-1
34,16,481.02,568.84,38.76,111.96,0.5217,-1,-1,-1
34,6,437.00,572.04,39.76,105.47,0.4782,-1,-1,-1
34,18,1553.26,518.23,32.92,93.02,0.5930,-1,-1,-1
35,2,1471.64,539.41,44.09,126.14,0.7309,-1,-1,-1
35,4,1784.60,621.07,65.75,158.05,0.6423,-1,-1,-1
35,16,478.82,559.70,38.64,111.55,0.3742,-1,-1,-1
35,6,435.60,564.77,39.67,103.76,0.4221,-1,-1,-1
35,18,1559.77,515.23,31.52,93.07,0.5322,-1,-1,-1
36,2,1476.85,536.12,43.75,129.08,0.7519,-1,-1,-1
36,4,1794.23,618.03,69.20,165.40,0.7064,-1,-1,-1
36,16,475.35,553.13,39.12,116.96,0.3034,-1,-1,-1
36,6,432.27,562.63,41.11,104.64,0.3494,-1,-1,-1
36,18,1565.15,514.50,30.91,91.61,0.3407,-1,-1,-1
37,2,1480.95,537.58,42.21,127.57,0.7197,-1,-1,-1
37,4,1801.38,621.63,73.77,168.82,0.7725,-1,-1,-1
37,16,470.68,541.72,41.76,123.74,0.4697,-1,-1,-1
37,6,429.68,553.92,39.22,109.21,0.3544,-1,-1,-1
37,18,1570.41,515.32,31.96,91.34,0.4223,-1,-1,-1
38,2,1484.68,532.70,41.59,129.85,0.7130,-1,-1,-1
38,4,1809.77,616.41,77.35,175.69,0.7800,-1,-1,-1
38,16,466.66,541.04,43.85,124.92,0.5389,-1,-1,-1
38,6,426.17,551.65,39.72,113.79,0.4991,-1,-1,-1
38,18,1574.84,505.25,31.40,95.53,0.4758,-1,-1,-1
39,2,1488.97,538.02,42.21,128.47,0.7045,-1,-1,-1
39,4,1821.97,627.94,76.16,175.55,0.7526,-1,-1,-1
39,16,465.55,530.43,43.44,127.74,0.4774,-1,-1,-1
39,6,423.99,542.62,39.18,115.28,0.4503,-1,-1,-1
39,18,1581.36,508.07,32.83,96.72,0.5093,-1,-1,-1
40,2,1492.00,536.05,41.99,127.50,0.7103,-1,-1,-1
40,4,1833.45,626.02,76.09,177.76,0.7791,-1,-1,-1
40,16,464.22,536.66,43.53,124.61,0.4691,-1,-1,-1
40,6,420.31,541.86,39.36,119.84,0.3864,-1,-1,-1
40,18,1583.33,501.23,35.48,102.04,0.3237,-1,-1,-1
41,2,1496.12,545.27,43.21,121.95,0.6970,-1,-1,-1
41,4,1845.43,633.24,74.68,180.15,0.7581,-1,-1,-1
41,16,463.46,536.93,44.29,122.64,0.4716,-1,-1,-1
41,6,419.54,536.53,39.97,123.66,0.3999,-1,-1,-1
41,18,1589.71,503.02,38.05,105.31,0.4964,-1,-1,-1
42,2,1500.80,547.94,43.26,120.87,0.6866,-1,-1,-1
42,4,1857.19,637.59,66.41,180.62,0.6921,-1,-1,-1
42,16,462.08,543.67,45.79,118.46,0.4615,-1,-1,-1
42,6,418.28,536.06,42.79,127.42,0.5344,-1,-1,-1
42,18,1594.56,506.28,36.02,102.83,0.5786,-1,-1,-1
43,2,1505.42,549.94,42.72,122.08,0.6692,-1,-1,-1
43,4,1869.55,644.15,53.80,174.01,0.6624,-1,-1,-1
43,16,458.33,534.98,47.02,129.85,0.4156,-1,-1,-1
43,6,415.76,536.19,44.81,130.03,0.5514,-1,-1,-1
43,18,1597.37,510.72,34.66,99.66,0.5024,-1,-1,-1
43,21,502.19,528.17,34.01,89.77,0.3744,-1,-1,-1
44,2,1510.82,552.09,42.77,120.82,0.6224,-1,-1,-1
44,4,1881.54,649.39,41.38,169.09,0.6402,-1,-1,-1
44,16,452.75,532.77,49.14,135.69,0.3961,-1,-1,-1
44,6,415.26,535.65,44.59,132.85,0.3811,-1,-1,-1
44,18,1600.25,510.16,37.58,100.91,0.5272,-1,-1,-1
44,21,499.46,528.14,35.05,91.43,0.3002,-1,-1,-1
45,2,1516.01,556.36,43.34,126.88,0.7558,-1,-1,-1
45,4,1892.98,669.57,28.59,162.24,0.4753,-1,-1,-1
45,16,451.83,530.76,48.15,135.83,0.3257,-1,-1,-1
45,6,415.86,533.47,42.66,132.55,0.3798,-1,-1,-1
45,18,1604.71,514.27,39.59,101.79,0.5863,-1,-1,-1
46,2,1519.96,555.21,42.90,132.22,0.7567,-1,-1,-1
46,16,448.96,533.81,47.71,136.74,0.3441,-1,-1,-1
46,6,408.69,539.27,46.73,128.42,0.3119,-1,-1,-1
46,18,1608.42,514.69,40.02,101.24,0.5475,-1,-1,-1
47,2,1524.83,558.84,43.19,131.82,0.7209,-1,-1,-1
47,16,449.07,536.45,44.95,133.46,0.3265,-1,-1,-1
47,6,406.21,537.26,46.12,128.37,0.2817,-1,-1,-1
47,18,1617.10,524.37,36.09,95.23,0.5317,-1,-1,-1
48,2,1527.84,559.94,44.68,133.46,0.7091,-1,-1,-1
48,16,447.42,542.93,45.42,132.31,0.3646,-1,-1,-1
48,6,402.97,537.63,47.36,133.36,0.3403,-1,-1,-1
48,18,1620.89,527.40,33.27,92.59,0.6496,-1,-1,-1
49,2,1533.12,560.27,44.79,135.83,0.7102,-1,-1,-1
49,16,445.88,547.70,44.53,128.90,0.5436,-1,-1,-1
49,6,398.61,549.80,44.96,123.90,0.4162,-1,-1,-1
49,18,1625.83,532.55,31.83,91.17,0.7139,-1,-1,-1
50,2,1537.58,557.36,45.76,137.19,0.6980,-1,-1,-1
50,16,444.89,555.91,43.62,120.54,0.5601,-1,-1,-1
50,6,397.23,553.25,44.07,119.51,0.3719,-1,-1,-1
50,18,1631.11,530.39,29.05,90.29,0.4216,-1,-1,-1
51,2,1542.13,561.18,46.16,137.78,0.7022,-1,-1,-1
51,16,442.44,564.28,43.14,112.41,0.5516,-1,-1,-1
51,6,396.39,551.21,44.11,120.68,0.4962,-1,-1,-1
51,18,1636.88,533.92,29.43,89.65,0.6440,-1,-1,-1
52,2,1546.04,558.74,49.34,145.70,0.7082,-1,-1,-1
52,16,441.41,568.35,41.65,109.66,0.5685,-1,-1,-1
52,6,394.87,551.99,45.28,122.35,0.5403,-1,-1,-1
52,18,1640.13,532.93,29.89,90.46,0.5629,-1,-1,-1
52,26,335.22,561.99,37.09,112.75,0.5042,-1,-1,-1
53,2,1550.23,557.33,51.16,150.82,0.6880,-1,-1,-1
53,16,439.08,566.77,43.67,112.93,0.5322,-1,-1,-1
53,6,392.37,550.66,45.76,126.19,0.5348,-1,-1,-1
53,18,1644.20,533.75,30.02,89.59,0.5329,-1,-1,-1
53,26,329.68,558.56,40.26,118.22,0.4356,-1,-1,-1
53,27,635.84,536.60,31.02,90.65,0.4404,-1,-1,-1
54,2,1554.07,557.63,51.00,151.66,0.7242,-1,-1,-1
54,16,436.43,567.38,44.34,112.83,0.5632,-1,-1,-1
54,6,388.67,548.55,45.61,128.89,0.5194,-1,-1,-1
54,18,1648.26,533.84,30.29,89.49,0.5987,-1,-1,-1
54,26,327.22,561.05,41.52,113.51,0.4975,-1,-1,-1
54,27,635.27,534.97,31.38,91.06,0.3906,-1,-1,-1
55,2,1557.91,554.74,52.10,156.92,0.7462,-1,-1,-1
55,16,434.73,563.83,44.44,117.18,0.4607,-1,-1,-1
55,6,384.87,545.09,45.97,132.77,0.5720,-1,-1,-1
55,18,1653.09,533.56,31.72,91.12,0.5996,-1,-1,-1
55,26,325.05,559.37,43.37,113.87,0.4914,-1,-1,-1
55,27,635.55,535.17,30.42,91.04,0.3273,-1,-1,-1
56,2,1562.46,553.87,51.87,157.46,0.7380,-1,-1,-1
56,16,431.37,563.49,43.39,118.25,0.3535,-1,-1,-1
56,6,382.56,549.19,44.49,128.97,0.5154,-1,-1,-1
56,18,1656.59,527.56,34.92,98.35,0.7219,-1,-1,-1
56,26,320.51,557.92,45.74,115.64,0.5556,-1,-1,-1
56,27,632.86,535.69,27.37,92.61,0.3551,-1,-1,-1
57,2,1567.20,551.37,53.20,157.91,0.7178,-1,-1,-1
57,16,426.83,561.78,43.86,119.11,0.4541,-1,-1,-1
57,6,379.89,550.38,44.08,127.90,0.5232,-1,-1,-1
57,18,1659.15,521.47,36.68,102.61,0.7203,-1,-1,-1
57,26,315.09,556.50,46.56,117.92,0.4639,-1,-1,-1
57,27,630.91,535.77,27.53,92.91,0.3502,-1,-1,-1
58,2,1570.71,551.78,53.69,157.22,0.6229,-1,-1,-1
58,16,422.07,559.38,44.69,120.25,0.4665,-1,-1,-1
58,6,377.03,547.33,43.39,129.91,0.5773,-1,-1,-1
58,18,1661.47,515.59,37.22,106.85,0.6812,-1,-1,-1
58,26,309.66,554.33,47.85,117.39,0.4717,-1,-1,-1
58,27,630.67,535.79,27.17,91.61,0.3309,-1,-1,-1
59,2,1577.21,559.65,51.32,150.51,0.6284,-1,-1,-1
59,16,418.88,560.00,45.24,117.82,0.4140,-1,-1,-1
59,6,374.41,543.75,42.17,131.52,0.5605,-1,-1,-1
59,18,1664.14,511.21,40.08,110.75,0.6583,-1,-1,-1
59,26,306.39,550.76,47.97,120.51,0.4364,-1,-1,-1
59,27,627.81,535.16,28.23,90.75,0.3703,-1,-1,-1
60,2,1581.26,559.51,51.51,151.82,0.6208,-1,-1,-1
60,16,416.60,562.81,46.90,115.35,0.3844,-1,-1,-1
60,6,370.25,546.28,41.18,129.18,0.5449,-1,-1,-1
60,18,1665.61,510.34,41.72,111.17,0.7197,-1,-1,-1
60,26,303.29,553.86,47.90,117.42,0.3958,-1,-1,-1
60,27,624.61,534.10,30.05,92.99,0.2786,-1,-1,-1
61,2,1585.09,549.47,52.84,157.27,0.6174,-1,-1,-1
61,16,414.22,562.13,47.70,117.59,0.4267,-1,-1,-1
61,6,365.35,549.16,44.16,128.47,0.4867,-1,-1,-1
61,18,1666.60,507.15,44.41,108.68,0.7160,-1,-1,-1
61,26,298.84,558.22,49.66,115.34,0.4424,-1,-1,-1
62,2,1589.85,556.12,53.49,156.32,0.6985,-1,-1,-1
62,16,413.05,552.54,43.95,124.30,0.3491,-1,-1,-1
62,6,361.68,542.10,45.90,130.85,0.4653,-1,-1,-1
62,18,1671.34,517.82,44.15,104.83,0.5486,-1,-1,-1
62,26,296.47,551.58,49.11,115.54,0.4376,-1,-1,-1
62,27,622.31,531.18,27.74,94.08,0.3767,-1,-1,-1
63,2,1596.10,543.17,55.05,155.25,0.6398,-1,-1,-1
63,16,411.60,571.11,45.75,120.41,0.3669,-1,-1,-1
63,6,359.37,562.97,45.96,128.35,0.4001,-1,-1,-1
63,18,1678.58,510.01,41.13,96.48,0.5782,-1,-1,-1
63,26,293.69,571.83,48.98,115.46,0.4933,-1,-1,-1
63,27,621.21,541.01,28.26,96.44,0.2504,-1,-1,-1
64,2,1600.23,562.75,55.38,153.29,0.6208,-1,-1,-1
64,16,404.50,549.47,44.98,127.58,0.3328,-1,-1,-1
64,6,356.75,541.87,44.67,133.62,0.4844,-1,-1,-1
64,18,1687.31,529.55,35.27,95.27,0.6397,-1,-1,-1
64,26,291.08,551.59,45.90,117.28,0.4875,-1,-1,-1
64,27,621.18,530.98,25.75,96.54,0.3533,-1,-1,-1
65,2,1603.15,561.53,56.64,151.22,0.7334,-1,-1,-1
65,16,401.04,559.30,45.53,123.30,0.3915,-1,-1,-1
65,6,350.31,550.62,46.88,132.00,0.4848,-1,-1,-1
65,18,1690.61,528.54,33.92,90.63,0.6827,-1,-1,-1
65,26,287.40,560.22,44.58,116.75,0.5125,-1,-1,-1
66,2,1609.71,560.02,56.70,149.84,0.7271,-1,-1,-1
66,16,397.35,567.26,48.24,123.60,0.4992,-1,-1,-1
66,6,347.33,558.68,47.83,134.15,0.5996,-1,-1,-1
66,18,1697.04,520.71,33.86,91.56,0.6921,-1,-1,-1
66,26,286.51,568.55,42.53,114.76,0.5071,-1,-1,-1
66,30,467.17,560.20,30.45,73.13,0.4099,-1,-1,-1
67,2,1614.08,570.42,55.48,153.82,0.7358,-1,-1,-1
67,16,394.18,556.67,46.17,121.85,0.5533,-1,-1,-1
67,6,343.01,543.77,48.48,135.71,0.5480,-1,-1,-1
67,18,1699.74,536.88,34.17,91.09,0.6524,-1,-1,-1
67,26,281.74,547.94,41.79,120.99,0.3398,-1,-1,-1
67,30,460.16,551.38,30.68,71.01,0.3397,-1,-1,-1
68,2,1617.18,564.05,57.14,152.80,0.7307,-1,-1,-1
68,16,388.84,563.29,49.57,123.20,0.5580,-1,-1,-1
68,6,340.10,555.68,48.00,131.81,0.5776,-1,-1,-1
68,18,1701.87,528.51,33.96,89.90,0.5763,-1,-1,-1
68,26,277.68,560.91,41.86,119.00,0.4484,-1,-1,-1
68,30,454.69,559.10,31.14,72.54,0.4475,-1,-1,-1
69,2,1621.46,572.27,57.91,156.18,0.7558,-1,-1,-1
69,16,385.88,557.18,47.08,123.67,0.4917,-1,-1,-1
69,6,334.24,545.61,50.24,136.98,0.4317,-1,-1,-1
69,18,1704.73,538.79,34.32,91.00,0.6466,-1,-1,-1
69,26,272.72,551.51,40.37,124.94,0.4381,-1,-1,-1
69,30,450.86,554.41,28.49,73.58,0.4027,-1,-1,-1
70,2,1625.27,567.20,59.27,156.91,0.7758,-1,-1,-1
70,16,380.60,556.22,48.10,127.28,0.5856,-1,-1,-1
70,6,330.04,545.46,50.54,139.03,0.5219,-1,-1,-1
70,18,1705.75,535.05,34.97,92.31,0.5912,-1,-1,-1
70,26,267.07,550.32,42.87,129.02,0.3748,-1,-1,-1
70,30,443.80,555.47,30.08,74.57,0.4633,-1,-1,-1
71,2,1629.67,571.37,58.97,158.99,0.7545,-1,-1,-1
71,16,375.12,553.63,48.54,128.72,0.5596,-1,-1,-1
71,6,327.85,546.06,48.54,136.59,0.5083,-1,-1,-1
71,18,1707.11,537.33,34.96,93.22,0.6923,-1,-1,-1
71,30,436.75,553.53,32.75,75.67,0.3965,-1,-1,-1
72,2,1632.99,562.43,60.34,169.29,0.7866,-1,-1,-1
72,16,370.92,554.88,47.89,130.07,0.6091,-1,-1,-1
72,6,324.99,550.57,49.24,134.66,0.6193,-1,-1,-1
72,18,1707.32,535.81,36.06,91.99,0.6937,-1,-1,-1
72,30,429.38,555.65,34.58,75.64,0.4237,-1,-1,-1
72,31,503.05,535.07,36.20,106.84,0.3583,-1,-1,-1
73,2,1637.89,564.78,60.07,171.91,0.6743,-1,-1,-1
73,16,366.64,548.99,47.61,132.79,0.5803,-1,-1,-1
73,6,318.18,544.32,50.81,137.57,0.4735,-1,-1,-1
73,18,1708.82,539.32,38.15,94.11,0.5901,-1,-1,-1
73,30,424.29,552.14,32.01,74.90,0.4037,-1,-1,-1
73,31,500.10,534.64,34.98,105.86,0.3499,-1,-1,-1
74,2,1641.59,568.29,63.53,169.02,0.7195,-1,-1,-1
74,16,362.99,548.77,48.68,134.52,0.4942,-1,-1,-1
74,6,314.37,543.78,50.08,140.20,0.3766,-1,-1,-1
74,18,1711.06,536.53,37.80,93.60,0.5910,-1,-1,-1
74,30,417.71,553.44,34.27,74.50,0.4455,-1,-1,-1
75,2,1643.74,575.87,64.55,165.48,0.7423,-1,-1,-1
75,16,356.05,553.73,47.54,130.25,0.6090,-1,-1,-1
75,6,306.19,547.56,49.81,135.82,0.4165,-1,-1,-1
75,18,1711.99,539.21,37.94,93.56,0.5685,-1,-1,-1
75,30,411.59,554.16,33.47,75.81,0.3775,-1,-1,-1
75,27,580.36,536.34,28.73,104.21,0.3427,-1,-1,-1
76,2,1647.55,578.14,64.70,164.35,0.7341,-1,-1,-1
76,16,351.25,551.62,48.31,131.03,0.4965,-1,-1,-1
76,6,296.37,543.63,55.21,139.98,0.4765,-1,-1,-1
76,18,1712.96,539.22,38.40,91.73,0.5489,-1,-1,-1
76,30,401.89,552.83,35.72,74.35,0.3273,-1,-1,-1
76,27,575.99,535.37,30.64,103.92,0.3456,-1,-1,-1
77,2,1649.33,580.79,67.28,163.60,0.7195,-1,-1,-1
77,16,343.98,550.39,48.58,132.52,0.6143,-1,-1,-1
77,6,291.28,545.15,54.11,139.11,0.4421,-1,-1,-1
77,18,1713.65,540.71,38.45,91.06,0.5296,-1,-1,-1
77,30,395.43,553.79,34.47,76.93,0.3690,-1,-1,-1
77,27,572.64,534.53,30.51,104.88,0.3824,-1,-1,-1
78,2,1652.68,581.62,68.27,164.39,0.7358,-1,-1,-1
78,16,339.72,551.78,48.13,132.86,0.5311,-1,-1,-1
78,6,282.22,541.73,56.06,143.80,0.4288,-1,-1,-1
78,18,1713.82,540.24,39.11,90.46,0.5846,-1,-1,-1
78,30,389.59,553.21,35.02,77.57,0.3410,-1,-1,-1
78,27,570.18,535.87,28.44,101.50,0.2963,-1,-1,-1
79,2,1653.87,584.66,71.66,162.81,0.7492,-1,-1,-1
79,16,333.70,548.72,49.65,135.64,0.5576,-1,-1,-1
79,6,272.09,538.27,60.48,145.73,0.5000,-1,-1,-1
79,18,1713.39,540.22,39.15,90.40,0.5691,-1,-1,-1
79,30,382.77,552.24,33.88,77.18,0.3427,-1,-1,-1
79,27,568.35,530.45,28.35,106.33,0.2655,-1,-1,-1
79,31,463.38,529.63,39.17,114.86,0.3545,-1,-1,-1
80,2,1654.39,582.11,74.62,166.47,0.7252,-1,-1,-1
80,16,326.93,552.20,50.07,134.90,0.6110,-1,-1,-1
80,6,262.69,537.82,64.19,148.17,0.5587,-1,-1,-1
80,18,1712.61,536.67,39.74,91.50,0.6080,-1,-1,-1
80,30,373.64,554.23,35.18,76.79,0.3372,-1,-1,-1
80,27,554.36,533.25,35.03,110.54,0.3070,-1,-1,-1
80,31,455.28,529.91,43.40,118.32,0.4882,-1,-1,-1
81,2,1657.31,582.35,73.26,166.86,0.7499,-1,-1,-1
81,16,319.68,552.74,50.99,134.02,0.5721,-1,-1,-1
81,6,263.81,545.97,55.51,137.57,0.3509,-1,-1,-1
81,18,1711.86,536.23,39.40,91.39,0.5689,-1,-1,-1
81,30,368.01,554.03,34.13,75.15,0.5000,-1,-1,-1
81,27,548.64,538.05,36.71,106.47,0.3224,-1,-1,-1
81,31,450.94,530.57,45.16,119.93,0.3312,-1,-1,-1
81,32,148.06,556.76,45.80,132.48,0.3863,-1,-1,-1
82,2,1659.84,583.20,72.69,170.05,0.7389,-1,-1,-1
82,16,312.35,554.77,49.77,132.22,0.4975,-1,-1,-1
82,6,260.66,538.67,51.82,144.98,0.3881,-1,-1,-1
82,18,1712.00,537.09,37.20,91.21,0.6098,-1,-1,-1
82,30,359.70,554.74,34.58,76.33,0.3504,-1,-1,-1
82,27,546.75,535.61,33.69,106.44,0.2821,-1,-1,-1
82,31,448.28,538.03,40.51,113.78,0.2737,-1,-1,-1
82,32,138.97,556.23,49.11,135.46,0.4357,-1,-1,-1
83,2,1665.25,582.63,68.81,171.85,0.7018,-1,-1,-1
83,16,304.92,558.28,51.37,131.08,0.6704,-1,-1,-1
83,6,255.91,541.91,48.57,145.08,0.4616,-1,-1,-1
83,18,1712.04,536.80,36.07,91.04,0.5819,-1,-1,-1
83,30,354.97,558.13,32.39,74.38,0.3582,-1,-1,-1
83,31,440.80,538.97,41.64,114.04,0.3820,-1,-1,-1
83,32,129.95,559.02,51.59,133.52,0.5444,-1,-1,-1
84,2,1665.40,580.07,72.57,176.81,0.7229,-1,-1,-1
84,16,296.54,561.91,54.24,128.54,0.5333,-1,-1,-1
84,6,245.48,549.62,52.27,140.19,0.5402,-1,-1,-1
84,18,1712.66,535.41,34.62,92.21,0.5727,-1,-1,-1
84,30,346.62,557.99,32.08,74.27,0.4281,-1,-1,-1
84,31,433.28,537.75,41.93,114.03,0.3658,-1,-1,-1
84,32,121.39,561.10,52.58,134.49,0.5334,-1,-1,-1
84,33,462.56,545.31,42.93,111.06,0.4055,-1,-1,-1
85,2,1667.83,581.35,72.55,179.67,0.7681,-1,-1,-1
85,16,290.77,562.42,51.46,129.28,0.5034,-1,-1,-1
85,6,242.60,556.05,48.28,136.58,0.4748,-1,-1,-1
85,18,1711.94,536.57,34.47,92.69,0.4794,-1,-1,-1
85,30,338.64,560.99,32.61,75.54,0.2856,-1,-1,-1
85,31,427.27,539.92,40.95,115.37,0.2941,-1,-1,-1
85,32,112.27,564.58,53.87,133.40,0.5292,-1,-1,-1
86,2,1671.48,580.86,71.09,179.82,0.7668,-1,-1,-1
86,16,284.36,561.74,49.82,131.38,0.5840,-1,-1,-1
86,6,231.77,556.79,50.30,136.99,0.4260,-1,-1,-1
86,18,1708.77,535.73,36.03,80.36,0.3135,-1,-1,-1
86,30,332.51,561.30,31.99,81.35,0.2567,-1,-1,-1
86,31,421.69,536.11,39.25,120.79,0.3450,-1,-1,-1
86,32,103.13,562.69,55.77,140.64,0.4159,-1,-1,-1
86,33,450.93,539.47,42.43,119.59,0.3586,-1,-1,-1
87,2,1672.56,584.15,72.22,180.44,0.7970,-1,-1,-1
87,16,279.04,563.67,51.57,132.30,0.5764,-1,-1,-1
87,6,224.80,556.67,50.45,139.02,0.4973,-1,-1,-1
87,18,1707.17,538.09,36.37,71.16,0.2548,-1,-1,-1
87,30,324.29,561.19,32.17,81.37,0.2895,-1,-1,-1
87,31,414.69,538.00,39.96,120.65,0.3084,-1,-1,-1
87,32,95.40,562.28,59.12,137.75,0.5350,-1,-1,-1
87,35,383.06,554.44,35.52,97.47,0.5399,-1,-1,-1
87,33,442.50,545.61,42.17,117.27,0.3891,-1,-1,-1
88,2,1674.89,582.69,71.92,184.22,0.7973,-1,-1,-1
88,16,270.92,568.73,51.83,131.86,0.5044,-1,-1,-1
88,6,219.46,561.29,50.36,138.79,0.5706,-1,-1,-1
88,30,316.28,565.96,32.92,79.22,0.2791,-1,-1,-1
88,32,90.00,566.93,54.44,131.65,0.5011,-1,-1,-1
88,35,377.59,556.52,34.59,97.70,0.4037,-1,-1,-1
88,33,433.70,548.08,46.58,119.32,0.4091,-1,-1,-1
89,2,1678.52,584.30,70.27,188.54,0.8042,-1,-1,-1
89,16,264.96,567.20,51.56,132.20,0.4706,-1,-1,-1
89,6,214.61,558.51,48.78,142.60,0.3111,-1,-1,-1
89,32,83.26,562.99,54.36,135.59,0.4569,-1,-1,-1
89,35,368.84,554.83,31.62,98.38,0.4517,-1,-1,-1
89,33,429.84,546.38,43.65,122.44,0.5791,-1,-1,-1
90,2,1681.92,585.60,70.29,192.31,0.7522,-1,-1,-1
90,16,259.20,571.04,53.35,134.07,0.5354,-1,-1,-1
90,6,205.20,557.51,51.82,147.29,0.3241,-1,-1,-1
90,32,74.80,565.54,57.72,138.14,0.4852,-1,-1,-1
90,35,360.20,567.08,34.30,91.10,0.4262,-1,-1,-1
90,33,420.95,548.18,45.87,125.20,0.3075,-1,-1,-1
90,31,392.83,539.86,41.67,130.75,0.3588,-1,-1,-1
91,2,1684.52,595.21,72.51,188.70,0.7855,-1,-1,-1
91,16,250.11,558.22,63.37,149.62,0.4422,-1,-1,-1
91,6,199.40,559.90,51.35,146.43,0.3900,-1,-1,-1
91,32,67.59,566.66,56.65,140.99,0.4445,-1,-1,-1
91,35,354.07,571.17,33.54,88.85,0.3760,-1,-1,-1
91,33,413.92,550.53,46.32,125.29,0.5738,-1,-1,-1
91,31,385.32,545.68,42.52,124.82,0.3099,-1,-1,-1
92,2,1687.91,600.78,73.53,186.93,0.7970,-1,-1,-1
92,16,245.42,557.41,62.68,154.17,0.5457,-1,-1,-1
92,6,190.29,561.80,53.81,149.92,0.3305,-1,-1,-1
92,32,57.82,570.86,64.14,142.06,0.3339,-1,-1,-1
92,33,407.47,553.64,44.41,126.11,0.5372,-1,-1,-1
92,31,379.92,556.06,38.38,119.94,0.3300,-1,-1,-1
93,2,1689.27,605.43,74.03,186.85,0.8093,-1,-1,-1
93,16,241.06,567.32,56.07,145.65,0.5544,-1,-1,-1
93,6,184.47,555.46,53.76,159.87,0.5636,-1,-1,-1
93,32,49.42,575.43,64.26,140.28,0.2705,-1,-1,-1
93,33,400.90,556.36,44.30,126.92,0.5117,-1,-1,-1
93,31,371.21,555.25,36.71,125.52,0.3024,-1,-1,-1
93,35,338.93,580.32,33.14,88.04,0.4093,-1,-1,-1
94,2,1690.51,607.79,74.19,187.41,0.8047,-1,-1,-1
94,16,234.90,574.42,55.51,142.28,0.5384,-1,-1,-1
94,6,180.25,562.55,52.24,155.35,0.5249,-1,-1,-1
94,33,392.23,556.82,45.28,128.95,0.6213,-1,-1,-1
94,31,364.44,554.21,38.93,128.97,0.4093,-1,-1,-1
94,35,332.38,582.12,32.18,91.92,0.4869,-1,-1,-1
94,18,1697.34,540.65,38.87,82.22,0.3691,-1,-1,-1
95,2,1692.16,611.42,74.97,189.27,0.7915,-1,-1,-1
95,16,227.03,578.32,57.17,140.25,0.5227,-1,-1,-1
95,6,173.62,563.53,54.08,155.27,0.6017,-1,-1,-1
95,33,387.28,558.47,44.86,128.83,0.5289,-1,-1,-1
95,31,358.94,561.78,37.53,121.89,0.2504,-1,-1,-1
95,35,323.22,585.06,32.31,91.82,0.2548,-1,-1,-1
95,18,1694.61,542.14,40.70,90.69,0.4876,-1,-1,-1
96,2,1695.66,611.58,74.97,190.74,0.7886,-1,-1,-1
96,16,221.35,582.43,54.01,141.53,0.5798,-1,-1,-1
96,6,165.62,573.65,54.39,149.93,0.4546,-1,-1,-1
96,33,380.36,566.01,44.32,125.11,0.4906,-1,-1,-1
96,31,352.89,560.70,35.22,127.18,0.3451,-1,-1,-1
96,35,316.19,585.41,32.27,90.35,0.4620,-1,-1,-1
96,18,1693.33,541.41,43.12,94.82,0.5227,-1,-1,-1
97,2,1699.32,613.10,76.11,192.64,0.7863,-1,-1,-1
97,16,212.89,579.19,55.90,143.93,0.6517,-1,-1,-1
97,6,159.28,577.48,52.94,142.91,0.5519,-1,-1,-1
97,33,372.56,559.17,46.49,131.44,0.5163,-1,-1,-1
97,31,344.14,554.21,38.30,132.49,0.4850,-1,-1,-1
97,35,308.51,579.05,33.73,97.06,0.5920,-1,-1,-1
97,18,1692.34,543.92,42.81,95.00,0.5320,-1,-1,-1
98,2,1704.07,613.29,76.69,195.71,0.7927,-1,-1,-1
98,16,203.85,581.79,55.54,145.59,0.6221,-1,-1,-1
98,6,151.28,582.44,53.42,143.50,0.5566,-1,-1,-1
98,33,365.89,575.59,45.90,117.11,0.6080,-1,-1,-1
98,31,336.13,560.49,39.19,130.62,0.3062,-1,-1,-1
98,18,1690.83,545.42,41.57,95.61,0.5099,-1,-1,-1
99,2,1706.67,614.77,77.99,197.55,0.7610,-1,-1,-1
99,16,197.37,578.59,54.27,147.66,0.6640,-1,-1,-1
99,6,143.16,581.20,54.00,143.04,0.4895,-1,-1,-1
99,33,358.89,569.71,46.20,122.77,0.5564,-1,-1,-1
99,31,329.64,557.25,37.26,132.40,0.4537,-1,-1,-1
99,18,1688.46,546.04,42.21,101.10,0.5096,-1,-1,-1
99,35,290.46,587.06,34.35,90.46,0.4901,-1,-1,-1
100,2,1709.27,613.75,80.24,199.84,0.7940,-1,-1,-1
100,16,188.93,585.57,54.71,143.63,0.6064,-1,-1,-1
100,6,131.90,584.32,56.16,140.82,0.5699,-1,-1,-1
100,33,348.80,575.12,50.17,119.73,0.5494,-1,-1,-1
100,31,320.09,560.87,38.77,131.90,0.4070,-1,-1,-1
100,18,1685.73,547.52,42.54,101.82,0.6410,-1,-1,-1
100,35,281.30,587.91,35.18,94.94,0.5938,-1,-1,-1
100,27,441.95,562.65,32.57,105.47,0.4561,-1,-1,-1
101,2,1711.22,616.17,80.85,202.26,0.7870,-1,-1,-1
101,16,180.33,582.64,57.26,145.15,0.5842,-1,-1,-1
101,6,124.05,579.70,57.92,143.85,0.6052,-1,-1,-1
101,33,340.73,572.19,49.67,121.34,0.5732,-1,-1,-1
101,31,310.47,571.97,37.69,119.39,0.3791,-1,-1,-1
101,18,1684.59,550.14,40.02,103.33,0.7195,-1,-1,-1
101,35,273.13,588.37,33.89,92.27,0.4424,-1,-1,-1
101,27,434.53,561.15,34.12,107.27,0.3761,-1,-1,-1
102,2,1713.24,619.22,81.95,200.86,0.8116,-1,-1,-1
102,16,172.09,583.67,57.53,145.16,0.5684,-1,-1,-1
102,6,115.08,581.53,57.96,145.48,0.6289,-1,-1,-1
102,33,332.54,575.22,49.45,120.49,0.6203,-1,-1,-1
102,31,302.38,578.37,36.09,114.72,0.3043,-1,-1,-1
102,18,1683.97,550.03,37.90,103.94,0.7386,-1,-1,-1
102,35,262.90,592.90,35.63,89.11,0.5392,-1,-1,-1
102,27,430.82,561.48,31.91,109.79,0.3868,-1,-1,-1
102,40,389.29,573.84,43.18,126.05,0.3709,-1,-1,-1
103,2,1714.36,619.11,85.07,204.64,0.8256,-1,-1,-1
103,16,164.57,586.99,57.59,143.21,0.5142,-1,-1,-1
103,6,106.47,579.17,57.56,148.96,0.5539,-1,-1,-1
103,33,326.08,574.56,51.80,120.79,0.4898,-1,-1,-1
103,31,294.23,568.52,39.39,125.83,0.2889,-1,-1,-1
103,18,1683.21,549.96,36.70,103.39,0.7174,-1,-1,-1
103,35,255.58,590.58,36.34,96.23,0.4378,-1,-1,-1
103,27,423.62,561.51,31.70,108.41,0.3353,-1,-1,-1
103,40,384.99,570.99,40.24,128.34,0.3384,-1,-1,-1
103,41,1546.09,519.50,25.11,79.34,0.4498,-1,-1,-1
104,2,1715.66,623.95,86.49,206.95,0.8178,-1,-1,-1
104,16,155.03,588.73,53.35,139.48,0.4256,-1,-1,-1
104,6,96.07,576.68,58.13,149.77,0.5642,-1,-1,-1
104,33,316.32,577.70,50.93,116.52,0.3489,-1,-1,-1
104,31,284.43,580.68,38.10,114.09,0.2647,-1,-1,-1
104,18,1682.34,551.73,35.61,103.35,0.7055,-1,-1,-1
104,35,247.63,589.61,36.15,93.12,0.3101,-1,-1,-1
104,27,415.80,558.52,33.32,107.54,0.4517,-1,-1,-1
104,40,374.36,573.39,40.68,125.94,0.4750,-1,-1,-1
104,41,1545.42,521.77,23.07,76.95,0.3739,-1,-1,-1
105,2,1717.72,623.97,87.14,209.67,0.8056,-1,-1,-1
105,16,146.35,587.27,57.68,142.80,0.5519,-1,-1,-1
105,6,87.91,579.27,57.93,149.45,0.6036,-1,-1,-1
105,33,306.29,569.04,52.95,128.32,0.5189,-1,-1,-1
105,18,1681.22,549.71,34.91,104.13,0.6642,-1,-1,-1
105,35,238.43,592.27,37.30,91.82,0.4438,-1,-1,-1
105,27,408.86,559.32,34.29,114.05,0.4015,-1,-1,-1
105,40,367.57,570.10,41.03,132.14,0.3743,-1,-1,-1
106,2,1722.72,625.85,85.89,212.20,0.7792,-1,-1,-1
106,16,138.60,577.49,59.26,151.86,0.5299,-1,-1,-1
106,6,78.04,574.82,56.37,153.22,0.5629,-1,-1,-1
106,33,298.84,567.08,52.39,129.68,0.5039,-1,-1,-1
106,18,1679.03,549.48,34.27,105.99,0.6077,-1,-1,-1
106,35,228.28,589.67,36.63,95.32,0.3603,-1,-1,-1
106,27,402.72,558.55,32.56,113.53,0.3036,-1,-1,-1
106,40,360.56,567.24,39.95,135.01,0.5178,-1,-1,-1
106,41,1535.74,522.28,25.62,73.38,0.3929,-1,-1,-1
107,2,1726.31,623.31,85.27,216.09,0.7891,-1,-1,-1
107,16,130.50,583.08,57.30,147.32,0.4029,-1,-1,-1
107,6,66.69,573.74,61.08,154.75,0.5934,-1,-1,-1
107,33,288.62,560.36,53.53,137.34,0.4678,-1,-1,-1
107,18,1677.48,547.46,32.83,106.01,0.5517,-1,-1,-1
107,35,219.22,591.22,38.62,97.10,0.5131,-1,-1,-1
107,27,394.53,560.43,34.05,108.20,0.5090,-1,-1,-1
107,40,352.04,563.08,42.01,140.39,0.5406,-1,-1,-1
107,41,1532.85,520.69,27.73,76.13,0.4362,-1,-1,-1
107,31,257.85,588.66,37.15,113.94,0.3834,-1,-1,-1
108,2,1728.79,628.05,85.00,218.08,0.8035,-1,-1,-1
108,16,121.14,576.12,55.54,153.03,0.4996,-1,-1,-1
108,6,54.52,568.37,64.01,159.88,0.5343,-1,-1,-1
108,33,278.96,557.93,54.35,140.85,0.5516,-1,-1,-1
108,18,1676.70,549.40,31.20,106.75,0.4614,-1,-1,-1
108,35,210.10,587.15,37.41,100.27,0.5899,-1,-1,-1
108,27,389.05,559.60,34.16,105.92,0.4584,-1,-1,-1
108,40,342.58,561.76,44.36,141.94,0.5400,-1,-1,-1
108,41,1531.65,523.86,26.40,75.37,0.3926,-1,-1,-1
108,43,0.33,574.07,52.70,149.86,0.4758,-1,-1,-1
109,2,1730.89,628.33,86.02,221.48,0.8081,-1,-1,-1
109,16,113.36,574.53,57.79,156.83,0.4073,-1,-1,-1
109,6,44.66,569.39,64.06,160.10,0.4906,-1,-1,-1
109,33,268.46,567.93,55.24,135.73,0.4087,-1,-1,-1
109,18,1675.26,549.41,30.38,106.86,0.5323,-1,-1,-1
109,35,200.76,588.56,37.60,104.35,0.5090,-1,-1,-1
109,27,381.49,558.87,35.21,110.81,0.4517,-1,-1,-1
109,40,336.23,557.66,42.42,148.46,0.5921,-1,-1,-1
109,41,1527.32,522.90,26.98,74.85,0.3965,-1,-1,-1
109,43,-1.56,574.57,44.64,155.10,0.3726,-1,-1,-1
110,2,1732.32,629.42,86.20,224.97,0.8126,-1,-1,-1
110,16,103.71,571.70,56.46,158.79,0.5815,-1,-1,-1
110,6,32.15,566.97,68.25,162.23,0.5894,-1,-1,-1
110,33,254.70,556.91,59.07,146.38,0.5139,-1,-1,-1
110,18,1674.20,550.66,28.80,107.57,0.3486,-1,-1,-1
110,35,190.74,587.30,38.78,105.14,0.5255,-1,-1,-1
110,27,374.09,557.22,35.10,109.01,0.4474,-1,-1,-1
110,40,326.68,562.00,44.07,143.25,0.6151,-1,-1,-1
110,41,1523.83,523.86,26.65,70.94,0.2809,-1,-1,-1
110,43,-0.80,571.64,34.12,155.27,0.3837,-1,-1,-1
111,2,1733.68,629.65,87.54,227.45,0.8116,-1,-1,-1
111,16,94.04,568.46,58.89,164.45,0.5887,-1,-1,-1
111,6,20.96,563.55,71.65,167.03,0.6220,-1,-1,-1
111,33,247.31,559.97,58.02,144.62,0.4737,-1,-1,-1
111,35,181.11,589.41,37.94,107.07,0.4055,-1,-1,-1
111,27,366.66,558.74,35.96,108.94,0.4475,-1,-1,-1
111,40,318.52,571.46,42.42,135.18,0.5386,-1,-1,-1
112,2,1734.93,632.40,89.51,228.11,0.8082,-1,-1,-1
112,16,84.37,572.51,59.53,161.82,0.5688,-1,-1,-1
112,6,9.48,566.93,76.53,165.74,0.5334,-1,-1,-1
112,33,237.98,569.11,57.76,136.86,0.5927,-1,-1,-1
112,35,170.99,592.73,36.38,103.44,0.4726,-1,-1,-1
112,27,357.60,559.48,36.78,111.63,0.5567,-1,-1,-1
112,40,307.83,570.93,41.52,138.58,0.5573,-1,-1,-1
113,2,1735.46,634.49,90.43,229.89,0.8047,-1,-1,-1
113,16,75.44,576.64,57.51,160.40,0.5734,-1,-1,-1
113,6,1.24,561.10,74.09,172.80,0.5903,-1,-1,-1
113,33,230.92,576.18,54.76,133.27,0.6237,-1,-1,-1
113,35,161.77,595.39,37.22,103.39,0.5180,-1,-1,-1
113,27,349.78,561.95,36.53,111.62,0.4365,-1,-1,-1
113,40,298.86,572.02,39.46,139.95,0.6045,-1,-1,-1
114,2,1737.62,635.14,90.07,230.95,0.7984,-1,-1,-1
114,16,63.21,567.92,59.70,169.22,0.6483,-1,-1,-1
114,6,1.07,571.68,62.83,163.97,0.5485,-1,-1,-1
114,33,218.65,581.62,55.25,128.64,0.5706,-1,-1,-1
114,35,151.64,597.33,34.80,103.11,0.6221,-1,-1,-1
114,27,341.40,564.56,36.67,109.41,0.5125,-1,-1,-1
114,40,290.22,571.42,41.75,141.74,0.4939,-1,-1,-1
115,2,1739.29,636.61,91.05,231.68,0.7904,-1,-1,-1
115,16,52.93,565.70,59.99,173.12,0.6533,-1,-1,-1
115,6,0.98,573.62,54.52,162.32,0.4641,-1,-1,-1
115,33,201.93,571.76,61.70,138.71,0.5463,-1,-1,-1
115,35,141.75,596.92,36.50,105.22,0.6149,-1,-1,-1
115,27,333.49,564.10,37.88,111.79,0.6391,-1,-1,-1
115,40,280.01,578.57,38.70,136.45,0.5694,-1,-1,-1
116,2,1741.13,636.41,91.64,234.96,0.7991,-1,-1,-1
116,16,43.83,571.99,58.20,170.05,0.6073,-1,-1,-1
116,6,-2.13,582.21,51.17,157.84,0.6276,-1,-1,-1
116,33,195.72,575.34,58.72,140.78,0.5391,-1,-1,-1
116,35,130.68,599.59,35.20,103.68,0.5719,-1,-1,-1
116,27,323.81,567.20,39.21,110.94,0.6066,-1,-1,-1
116,40,270.91,579.91,37.81,137.67,0.4662,-1,-1,-1
117,2,1741.46,638.61,93.78,238.33,0.8085,-1,-1,-1
117,16,32.73,574.09,59.29,170.00,0.5925,-1,-1,-1
117,6,-2.39,584.06,43.59,157.32,0.6279,-1,-1,-1
117,33,185.90,570.16,58.89,146.29,0.4886,-1,-1,-1
117,35,119.35,600.06,36.89,101.63,0.5717,-1,-1,-1
117,27,314.63,566.88,40.60,112.63,0.5442,-1,-1,-1
117,40,259.40,566.16,39.15,152.58,0.6078,-1,-1,-1
118,2,1742.73,637.29,95.84,244.06,0.8033,-1,-1,-1
118,16,22.14,577.14,60.19,169.73,0.5115,-1,-1,-1
118,6,-2.24,589.02,33.32,154.86,0.4971,-1,-1,-1
118,33,179.50,580.56,54.55,139.49,0.5477,-1,-1,-1
118,35,109.80,600.78,37.63,104.98,0.5069,-1,-1,-1
118,27,308.58,561.66,38.63,118.67,0.6445,-1,-1,-1
118,40,249.38,571.28,38.52,151.53,0.6625,-1,-1,-1
119,2,1745.48,639.50,99.21,246.22,0.8218,-1,-1,-1
119,16,11.25,572.97,61.70,177.30,0.5962,-1,-1,-1
119,33,169.37,579.86,54.23,143.98,0.4553,-1,-1,-1
119,35,100.21,601.77,35.03,105.57,0.4721,-1,-1,-1
119,27,299.75,563.67,39.69,118.22,0.5504,-1,-1,-1
119,40,239.77,565.77,40.07,159.24,0.6057,-1,-1,-1
119,44,1742.90,566.08,46.64,97.54,0.3496,-1,-1,-1
120,2,1747.79,643.55,103.27,245.78,0.8128,-1,-1,-1
120,16,4.95,565.51,58.09,187.95,0.5800,-1,-1,-1
120,33,158.41,582.77,53.61,144.05,0.6008,-1,-1,-1
120,35,89.65,601.64,34.01,111.13,0.4208,-1,-1,-1
120,27,290.82,561.75,39.99,123.18,0.5813,-1,-1,-1
120,40,226.88,571.91,42.20,156.79,0.6458,-1,-1,-1
120,44,1742.42,558.83,43.99,107.80,0.4129,-1,-1,-1
121,2,1751.48,645.15,104.19,248.51,0.8094,-1,-1,-1
121,16,-0.92,552.11,56.52,200.93,0.5845,-1,-1,-1
121,33,146.75,586.11,56.08,140.61,0.5882,-1,-1,-1
121,35,78.86,601.95,35.75,112.47,0.5933,-1,-1,-1
121,27,286.12,563.52,37.51,119.70,0.6359,-1,-1,-1
121,40,217.70,570.25,43.05,160.77,0.5576,-1,-1,-1
121,44,1741.17,555.31,43.85,113.93,0.4379,-1,-1,-1
122,2,1755.72,646.12,101.94,251.89,0.8078,-1,-1,-1
122,16,-3.63,554.42,49.17,201.52,0.6147,-1,-1,-1
122,33,138.72,591.50,53.70,142.37,0.5134,-1,-1,-1
122,35,67.42,605.18,35.83,111.02,0.4114,-1,-1,-1
122,27,275.53,564.60,40.13,120.16,0.5981,-1,-1,-1
122,40,205.11,573.59,46.89,159.75,0.6579,-1,-1,-1
122,44,1739.85,553.36,43.01,117.62,0.3921,-1,-1,-1
123,2,1760.14,649.74,98.87,254.50,0.8100,-1,-1,-1
123,16,-3.03,568.02,41.56,188.00,0.5681,-1,-1,-1
123,33,128.59,598.33,56.40,139.81,0.4360,-1,-1,-1
123,35,55.04,607.63,37.54,115.28,0.3237,-1,-1,-1
123,27,266.54,559.89,42.12,128.46,0.6626,-1,-1,-1
123,40,194.57,581.13,49.17,154.67,0.5939,-1,-1,-1
123,44,1739.42,554.67,42.20,119.82,0.4027,-1,-1,-1
124,2,1764.36,649.36,98.60,259.52,0.8174,-1,-1,-1
124,16,-2.94,587.12,32.70,170.85,0.4857,-1,-1,-1
124,35,42.66,608.96,37.65,116.78,0.3069,-1,-1,-1
124,27,260.25,567.46,39.36,122.98,0.5893,-1,-1,-1
124,40,184.48,587.71,48.23,150.14,0.6281,-1,-1,-1
124,44,1739.16,555.07,42.50,117.57,0.4154,-1,-1,-1
124,31,97.27,583.18,52.50,151.16,0.4525,-1,-1,-1
125,2,1768.97,648.51,102.22,262.16,0.8164,-1,-1,-1
125,35,31.64,611.43,36.09,114.22,0.4497,-1,-1,-1
125,27,251.38,570.52,39.91,120.85,0.5434,-1,-1,-1
125,40,173.79,590.25,50.95,149.26,0.6420,-1,-1,-1
125,44,1737.13,554.49,42.43,118.70,0.3358,-1,-1,-1
125,31,87.24,580.72,51.55,150.46,0.3111,-1,-1,-1
126,2,1773.28,650.67,103.74,263.14,0.8118,-1,-1,-1
126,35,20.54,614.44,38.05,113.40,0.4033,-1,-1,-1
126,27,243.11,568.20,39.89,125.75,0.5853,-1,-1,-1
126,40,161.33,595.67,53.57,146.83,0.5817,-1,-1,-1
126,44,1731.78,554.96,41.87,111.57,0.2652,-1,-1,-1
126,31,77.59,584.55,52.38,147.42,0.2728,-1,-1,-1
127,2,1777.47,651.45,104.85,266.23,0.8203,-1,-1,-1
127,35,5.37,621.37,38.48,106.64,0.3596,-1,-1,-1
127,27,235.99,570.53,39.01,125.68,0.5768,-1,-1,-1
127,40,152.72,600.98,51.96,145.05,0.5963,-1,-1,-1
127,44,1728.32,555.87,42.19,108.60,0.3369,-1,-1,-1
127,33,83.26,622.75,58.03,119.36,0.4679,-1,-1,-1
128,2,1780.78,653.65,106.26,267.58,0.8190,-1,-1,-1
128,35,-2.10,621.15,32.16,109.55,0.3372,-1,-1,-1
128,27,225.45,563.42,40.51,133.22,0.6126,-1,-1,-1
128,40,141.64,603.16,54.00,144.32,0.5471,-1,-1,-1
128,44,1727.15,557.21,41.24,107.31,0.3960,-1,-1,-1
128,51,546.56,527.78,32.43,68.79,0.4134,-1,-1,-1
128,33,71.51,623.68,59.10,119.14,0.4667,-1,-1,-1
129,2,1785.41,656.05,110.67,269.44,0.8237,-1,-1,-1
129,35,-3.63,623.49,23.41,109.25,0.3186,-1,-1,-1
129,27,218.36,566.44,39.71,133.08,0.5898,-1,-1,-1
129,40,130.86,600.71,52.14,150.59,0.5167,-1,-1,-1
129,44,1726.59,556.70,39.19,109.33,0.3768,-1,-1,-1
129,51,543.84,528.37,29.36,68.41,0.3421,-1,-1,-1
129,33,63.25,623.18,55.86,122.85,0.3612,-1,-1,-1
130,2,1787.97,657.98,115.00,271.96,0.8224,-1,-1,-1
130,27,209.67,566.03,40.70,135.08,0.5527,-1,-1,-1
130,40,117.11,603.61,58.43,151.03,0.3307,-1,-1,-1
130,44,1724.68,556.66,36.60,114.59,0.3959,-1,-1,-1
130,51,540.43,526.84,25.74,71.94,0.3036,-1,-1,-1
130,33,49.03,622.64,56.84,126.93,0.4035,-1,-1,-1
130,31,29.48,586.51,52.22,158.77,0.4371,-1,-1,-1
131,2,1791.19,659.41,118.03,276.75,0.8323,-1,-1,-1
131,27,200.71,573.04,40.92,128.76,0.4463,-1,-1,-1
131,40,105.31,599.69,51.47,156.74,0.4305,-1,-1,-1
131,44,1717.61,557.26,41.67,118.78,0.4682,-1,-1,-1
131,51,533.98,526.09,28.44,72.45,0.4077,-1,-1,-1
131,31,14.70,587.49,54.22,153.95,0.4960,-1,-1,-1
132,2,1796.08,661.05,120.24,283.78,0.8655,-1,-1,-1
132,27,191.76,570.08,41.30,133.17,0.6451,-1,-1,-1
132,40,94.44,599.46,47.62,160.40,0.4329,-1,-1,-1
132,44,1714.57,555.60,43.59,120.41,0.4551,-1,-1,-1
132,51,528.03,526.61,28.92,72.29,0.2689,-1,-1,-1
132,31,2.56,585.37,52.60,159.24,0.5513,-1,-1,-1
133,2,1802.36,663.04,117.45,289.37,0.8824,-1,-1,-1
133,27,182.16,567.10,43.77,135.72,0.5305,-1,-1,-1
133,40,80.31,595.19,49.24,167.69,0.5477,-1,-1,-1
133,44,1712.44,556.90,45.29,120.81,0.4438,-1,-1,-1
133,51,523.80,527.39,30.45,71.80,0.4494,-1,-1,-1
133,31,-2.74,587.72,46.00,162.22,0.3462,-1,-1,-1
133,33,14.14,627.83,58.83,134.25,0.3629,-1,-1,-1
134,2,1807.33,665.08,113.84,294.70,0.8509,-1,-1,-1
134,27,173.46,567.16,42.17,138.38,0.5523,-1,-1,-1
134,40,50.91,580.98,66.33,188.02,0.4979,-1,-1,-1
134,44,1710.20,556.03,46.45,120.77,0.4747,-1,-1,-1
134,51,520.62,529.09,27.17,72.24,0.4320,-1,-1,-1
134,33,1.68,628.64,56.49,138.21,0.4861,-1,-1,-1
135,2,1811.15,665.95,110.21,301.34,0.8170,-1,-1,-1
135,27,165.76,569.79,40.85,138.21,0.5466,-1,-1,-1
135,40,32.57,574.31,73.95,198.37,0.5454,-1,-1,-1
135,44,1705.93,554.78,49.73,120.46,0.5010,-1,-1,-1
135,51,515.01,528.30,28.66,73.58,0.5476,-1,-1,-1
135,33,-3.26,620.71,50.02,147.48,0.5712,-1,-1,-1
136,2,1817.22,669.33,104.13,305.33,0.8380,-1,-1,-1
136,27,157.17,567.16,41.31,141.16,0.4074,-1,-1,-1
136,40,22.01,573.68,75.48,200.99,0.5277,-1,-1,-1
136,44,1701.57,555.88,50.26,116.20,0.4734,-1,-1,-1
136,51,509.24,527.18,28.34,73.98,0.5378,-1,-1,-1
136,33,-4.07,621.96,39.81,147.17,0.5985,-1,-1,-1
137,2,1823.61,677.46,97.95,307.25,0.7775,-1,-1,-1
137,27,148.54,572.91,40.41,137.81,0.4001,-1,-1,-1
137,40,15.71,573.18,70.72,204.71,0.6266,-1,-1,-1
137,44,1699.56,555.74,50.83,114.89,0.5009,-1,-1,-1
137,51,503.49,527.47,29.31,75.39,0.5427,-1,-1,-1
137,33,-3.33,634.57,29.37,138.10,0.4696,-1,-1,-1
138,2,1830.13,679.49,90.96,310.65,0.7837,-1,-1,-1
138,27,140.47,572.23,40.90,139.57,0.5007,-1,-1,-1
138,40,9.21,571.46,65.56,204.93,0.6387,-1,-1,-1
138,44,1697.73,556.10,51.00,113.79,0.4815,-1,-1,-1
138,51,499.76,529.68,29.99,73.40,0.5802,-1,-1,-1
138,54,1570.69,558.18,44.42,105.84,0.5682,-1,-1,-1
139,2,1833.68,680.24,87.17,315.21,0.7684,-1,-1,-1
139,40,1.93,575.23,59.52,202.65,0.6129,-1,-1,-1
139,44,1696.86,556.71,49.77,111.18,0.5062,-1,-1,-1
139,51,495.25,528.11,27.55,72.94,0.4297,-1,-1,-1
139,54,1568.83,554.60,39.50,108.97,0.5938,-1,-1,-1
140,2,1839.94,682.43,80.99,312.73,0.7500,-1,-1,-1
140,40,-2.70,574.77,51.76,210.69,0.6233,-1,-1,-1
140,44,1697.50,553.15,48.06,114.84,0.5244,-1,-1,-1
140,51,490.40,527.17,28.59,73.61,0.5012,-1,-1,-1
140,54,1566.79,550.66,37.20,111.54,0.6593,-1,-1,-1
140,27,122.23,562.76,42.09,152.72,0.3649,-1,-1,-1
141,2,1847.05,680.75,73.83,312.07,0.6788,-1,-1,-1
141,40,-3.80,578.84,41.53,209.03,0.5926,-1,-1,-1
141,44,1698.73,551.63,45.36,115.98,0.4479,-1,-1,-1
141,51,485.53,527.77,27.69,73.91,0.5242,-1,-1,-1
141,54,1563.46,549.71,38.21,111.74,0.7271,-1,-1,-1
142,2,1854.44,693.86,66.44,299.65,0.6421,-1,-1,-1
142,44,1700.96,554.47,41.70,114.95,0.4340,-1,-1,-1
142,51,480.89,527.48,28.40,75.11,0.5053,-1,-1,-1
142,54,1560.43,551.10,39.99,108.67,0.6781,-1,-1,-1
142,55,399.57,531.06,25.96,64.42,0.3745,-1,-1,-1
143,2,1860.26,703.43,59.71,297.32,0.5927,-1,-1,-1
143,44,1699.44,561.06,40.68,110.00,0.3661,-1,-1,-1
143,51,476.62,527.02,30.78,73.76,0.5365,-1,-1,-1
143,54,1556.99,553.43,40.20,109.19,0.5907,-1,-1,-1
144,2,1866.27,713.45,53.76,267.42,0.4725,-1,-1,-1
144,44,1696.91,566.29,41.80,107.94,0.4567,-1,-1,-1
144,51,473.28,527.63,28.39,74.96,0.5933,-1,-1,-1
144,54,1554.41,556.24,37.95,109.23,0.7076,-1,-1,-1
145,2,1873.53,730.29,45.77,238.90,0.2565,-1,-1,-1
145,44,1694.26,570.14,42.47,107.20,0.5978,-1,-1,-1
145,51,467.96,527.23,28.44,74.12,0.5258,-1,-1,-1
145,54,1549.16,557.72,37.25,108.11,0.6925,-1,-1,-1
145,55,382.53,529.21,27.87,64.92,0.4124,-1,-1,-1
146,44,1693.30,573.26,42.69,102.17,0.6186,-1,-1,-1
146,51,463.64,526.21,27.87,74.58,0.5871,-1,-1,-1
146,54,1545.65,555.52,37.83,110.28,0.6424,-1,-1,-1
146,55,379.26,529.45,26.78,64.33,0.4081,-1,-1,-1
147,44,1691.27,574.53,41.75,103.28,0.5330,-1,-1,-1
147,51,457.12,526.67,29.27,75.77,0.5242,-1,-1,-1
147,54,1540.82,557.40,38.95,109.62,0.6755,-1,-1,-1
147,55,372.29,530.97,28.12,64.96,0.3282,-1,-1,-1
148,44,1684.61,569.68,45.64,106.91,0.4664,-1,-1,-1
148,51,452.70,528.86,29.95,74.31,0.5909,-1,-1,-1
148,54,1532.24,555.16,44.61,112.58,0.6893,-1,-1,-1
148,55,363.82,529.78,29.01,66.44,0.3118,-1,-1,-1
149,44,1681.03,569.86,44.13,105.94,0.6077,-1,-1,-1
149,51,447.90,529.34,29.17,74.98,0.5576,-1,-1,-1
149,54,1520.75,554.18,52.77,113.64,0.6882,-1,-1,-1
149,55,357.90,529.80,30.53,67.69,0.3733,-1,-1,-1
150,44,1679.28,567.14,43.10,107.20,0.6640,-1,-1,-1
150,51,442.77,528.59,29.74,76.45,0.5850,-1,-1,-1
150,54,1512.90,558.04,58.20,109.64,0.7170,-1,-1,-1
150,55,355.11,530.22,28.61,67.99,0.4099,-1,-1,-1
151,44,1675.75,567.03,43.02,107.54,0.5876,-1,-1,-1
151,51,435.45,528.02,30.44,77.86,0.5425,-1,-1,-1
151,54,1508.93,559.37,58.48,109.09,0.7017,-1,-1,-1
151,55,348.92,533.05,28.75,68.11,0.3392,-1,-1,-1
152,44,1672.74,567.01,43.00,105.57,0.5162,-1,-1,-1
152,51,429.11,529.83,30.97,76.98,0.5532,-1,-1,-1
152,54,1506.79,558.18,56.41,110.29,0.7014,-1,-1,-1
153,44,1673.04,566.46,38.53,97.41,0.4106,-1,-1,-1
153,51,423.98,530.24,28.79,75.42,0.5248,-1,-1,-1
153,54,1501.85,557.18,57.51,110.01,0.6601,-1,-1,-1
154,44,1672.14,570.66,34.64,90.10,0.2675,-1,-1,-1
154,51,417.03,532.20,30.08,76.80,0.5180,-1,-1,-1
154,54,1497.18,553.79,53.85,113.13,0.6692,-1,-1,-1
155,51,410.84,530.32,29.77,79.41,0.5764,-1,-1,-1
155,54,1491.79,552.37,50.65,113.07,0.6494,-1,-1,-1
156,51,403.43,532.55,30.68,78.84,0.5332,-1,-1,-1
156,54,1487.59,550.41,46.89,115.41,0.6704,-1,-1,-1
157,51,397.74,534.95,30.28,77.75,0.5814,-1,-1,-1
157,54,1481.16,551.11,45.34,113.70,0.6702,-1,-1,-1
157,57,1301.39,521.30,30.55,72.55,0.3470,-1,-1,-1
158,51,392.92,535.83,29.08,78.81,0.5311,-1,-1,-1
158,54,1474.57,548.73,45.41,115.80,0.7299,-1,-1,-1
158,57,1297.24,520.90,31.09,73.93,0.3221,-1,-1,-1
158,58,1437.14,533.71,22.19,88.79,0.4206,-1,-1,-1
159,51,387.66,537.62,28.54,78.28,0.5649,-1,-1,-1
159,54,1469.85,546.41,44.27,117.64,0.7062,-1,-1,-1
160,51,380.39,538.72,30.45,79.59,0.4966,-1,-1,-1
160,54,1465.90,545.77,43.03,118.95,0.6759,-1,-1,-1
161,51,376.54,538.58,30.03,79.27,0.4985,-1,-1,-1
161,54,1461.42,546.30,43.30,117.98,0.6505,-1,-1,-1
162,51,371.12,539.63,31.24,78.31,0.5267,-1,-1,-1
162,54,1457.37,549.14,43.99,113.59,0.6758,-1,-1,-1
163,51,364.79,540.53,31.54,79.81,0.4657,-1,-1,-1
163,54,1451.14,549.73,46.46,113.45,0.6470,-1,-1,-1
164,51,360.47,540.14,32.18,80.08,0.5354,-1,-1,-1
164,54,1447.20,549.53,45.88,112.52,0.6248,-1,-1,-1
165,51,355.23,541.50,32.03,80.55,0.5085,-1,-1,-1
165,54,1439.53,548.26,50.02,114.91,0.6667,-1,-1,-1
166,51,350.24,543.16,29.95,79.47,0.5500,-1,-1,-1
166,54,1434.01,548.34,50.22,115.33,0.6774,-1,-1,-1
167,51,345.35,543.47,30.92,78.58,0.6269,-1,-1,-1
167,54,1431.64,545.05,47.06,117.18,0.6657,-1,-1,-1
168,51,339.18,543.16,33.01,79.32,0.5723,-1,-1,-1
168,54,1428.33,543.25,44.56,117.28,0.6638,-1,-1,-1
169,51,334.50,543.81,34.16,79.04,0.5637,-1,-1,-1
169,54,1424.84,543.80,42.72,117.62,0.6725,-1,-1,-1
170,51,330.42,543.22,32.29,78.90,0.5479,-1,-1,-1
170,54,1420.99,540.59,41.72,120.33,0.6733,-1,-1,-1
171,51,325.39,543.72,32.14,77.92,0.5644,-1,-1,-1
171,54,1415.39,539.50,43.79,123.31,0.5645,-1,-1,-1
172,51,320.76,541.89,31.61,78.17,0.5755,-1,-1,-1
172,54,1410.81,535.41,43.17,125.90,0.6185,-1,-1,-1
173,51,315.31,541.23,32.94,80.84,0.5736,-1,-1,-1
173,54,1406.18,532.92,43.64,128.22,0.5601,-1,-1,-1
174,51,310.99,542.74,34.27,79.43,0.6004,-1,-1,-1
174,54,1402.37,531.20,45.43,131.04,0.6395,-1,-1,-1
175,51,306.57,541.52,35.00,79.83,0.4804,-1,-1,-1
175,54,1393.88,532.06,52.24,131.55,0.6623,-1,-1,-1
176,51,301.91,541.99,34.55,80.64,0.5811,-1,-1,-1
176,54,1388.24,534.68,55.26,129.57,0.6749,-1,-1,-1
177,51,297.15,542.08,35.05,78.38,0.6454,-1,-1,-1
177,54,1384.68,534.33,56.13,130.45,0.7048,-1,-1,-1
178,51,293.28,542.34,34.47,80.99,0.6047,-1,-1,-1
178,54,1384.98,534.69,53.94,130.74,0.6727,-1,-1,-1
179,51,289.34,540.77,34.78,83.07,0.6107,-1,-1,-1
179,54,1385.43,535.92,50.57,129.48,0.6798,-1,-1,-1
180,51,284.43,543.47,35.98,81.99,0.5625,-1,-1,-1
180,54,1384.05,535.31,49.07,130.48,0.7043,-1,-1,-1
180,60,1608.22,543.53,38.60,128.42,0.3964,-1,-1,-1
181,51,280.71,543.48,35.76,83.22,0.5578,-1,-1,-1
181,54,1383.45,536.40,44.20,127.94,0.7111,-1,-1,-1
181,60,1600.87,544.74,49.28,128.35,0.3663,-1,-1,-1
182,51,275.43,543.94,35.37,83.35,0.5938,-1,-1,-1
182,54,1379.90,537.08,43.59,127.70,0.7292,-1,-1,-1
182,60,1602.88,546.08,47.70,127.26,0.4346,-1,-1,-1
183,51,271.92,544.51,34.00,84.86,0.6452,-1,-1,-1
183,54,1375.95,536.83,43.91,128.59,0.7388,-1,-1,-1
183,60,1607.12,550.32,43.89,123.83,0.4255,-1,-1,-1
184,51,267.18,546.29,34.38,84.37,0.6216,-1,-1,-1
184,54,1373.16,536.07,43.07,129.43,0.7636,-1,-1,-1
184,60,1608.92,546.01,41.93,128.18,0.4276,-1,-1,-1
185,51,262.55,547.71,34.94,83.62,0.5531,-1,-1,-1
185,54,1370.54,534.57,43.87,131.46,0.7482,-1,-1,-1
185,60,1608.61,543.92,41.82,131.08,0.4557,-1,-1,-1
186,51,259.09,547.36,35.38,84.71,0.5188,-1,-1,-1
186,54,1369.22,534.16,42.59,132.43,0.7207,-1,-1,-1
186,60,1607.22,545.15,43.67,128.70,0.3600,-1,-1,-1
187,51,254.69,548.59,35.04,85.61,0.5678,-1,-1,-1
187,54,1366.72,533.69,42.50,133.10,0.7076,-1,-1,-1
187,60,1599.24,543.37,51.14,131.35,0.3290,-1,-1,-1
188,51,250.23,549.84,35.01,86.23,0.5673,-1,-1,-1
188,54,1364.54,534.09,43.57,134.27,0.6749,-1,-1,-1
188,60,1595.61,547.82,56.10,129.25,0.4275,-1,-1,-1
189,51,246.58,550.41,34.70,88.95,0.5189,-1,-1,-1
189,54,1359.31,532.60,48.00,137.32,0.6405,-1,-1,-1
189,60,1594.80,545.62,58.52,132.13,0.4593,-1,-1,-1
190,51,241.92,549.78,36.33,90.39,0.5526,-1,-1,-1
190,54,1356.33,533.71,50.03,135.99,0.6729,-1,-1,-1
190,60,1594.26,542.04,60.58,135.40,0.5088,-1,-1,-1
191,51,238.29,553.10,36.49,88.29,0.5005,-1,-1,-1
191,54,1353.55,534.70,51.68,135.13,0.6669,-1,-1,-1
191,60,1594.96,540.33,62.83,136.75,0.5031,-1,-1,-1
192,51,234.22,552.99,37.86,87.97,0.5353,-1,-1,-1
192,54,1351.62,539.80,51.35,129.46,0.6284,-1,-1,-1
192,60,1602.07,540.56,55.55,134.61,0.4833,-1,-1,-1
193,51,228.74,555.99,38.25,86.49,0.6035,-1,-1,-1
193,54,1349.74,540.89,51.82,130.00,0.6612,-1,-1,-1
193,60,1603.23,539.64,56.31,135.76,0.5492,-1,-1,-1
194,51,225.24,559.26,36.04,85.44,0.5863,-1,-1,-1
194,54,1348.01,542.14,49.99,128.61,0.6716,-1,-1,-1
194,60,1606.39,547.61,55.56,127.85,0.5200,-1,-1,-1
195,51,222.24,559.85,34.63,84.48,0.5128,-1,-1,-1
195,54,1345.92,541.48,49.16,129.68,0.6904,-1,-1,-1
195,60,1604.33,547.65,59.14,127.72,0.5442,-1,-1,-1
196,51,218.51,561.09,35.02,86.36,0.4655,-1,-1,-1
196,54,1345.50,542.23,47.20,130.88,0.6814,-1,-1,-1
196,60,1606.73,548.17,58.51,127.43,0.5445,-1,-1,-1
197,51,214.15,561.75,35.70,86.39,0.4656,-1,-1,-1
197,54,1345.18,541.44,45.36,131.85,0.6303,-1,-1,-1
197,60,1609.83,549.00,55.40,125.81,0.4616,-1,-1,-1
198,51,211.28,562.72,34.37,85.81,0.5405,-1,-1,-1
198,54,1345.04,542.69,43.52,128.65,0.4969,-1,-1,-1
198,60,1616.83,551.35,49.57,122.99,0.4950,-1,-1,-1
199,51,207.18,562.83,34.92,86.61,0.5183,-1,-1,-1
199,54,1344.12,543.56,43.47,126.75,0.6217,-1,-1,-1
199,60,1620.88,553.69,45.87,120.98,0.5675,-1,-1,-1
200,51,202.44,563.86,36.92,88.35,0.4739,-1,-1,-1
200,54,1342.60,544.86,44.51,126.44,0.6262,-1,-1,-1
200,60,1621.23,554.96,45.82,120.04,0.5236,-1,-1,-1
201,51,200.29,563.95,35.17,89.09,0.4742,-1,-1,-1
201,54,1341.35,547.59,44.76,123.98,0.6489,-1,-1,-1
201,60,1619.78,553.98,49.54,121.58,0.6181,-1,-1,-1
202,51,194.70,563.70,37.01,91.51,0.6039,-1,-1,-1
202,54,1339.62,548.63,45.53,124.38,0.6756,-1,-1,-1
202,60,1621.35,554.00,50.77,122.96,0.6046,-1,-1,-1
203,51,189.87,564.03,39.86,92.29,0.5603,-1,-1,-1
203,54,1337.29,551.27,47.31,120.87,0.7051,-1,-1,-1
203,60,1624.36,554.01,49.56,124.02,0.5677,-1,-1,-1
204,51,187.01,565.67,39.57,91.84,0.5607,-1,-1,-1
204,54,1336.24,551.22,47.84,121.40,0.7161,-1,-1,-1
204,60,1630.08,553.18,47.44,123.29,0.6138,-1,-1,-1
205,51,182.69,566.72,38.37,91.15,0.5768,-1,-1,-1
205,54,1335.15,547.93,47.68,124.55,0.7261,-1,-1,-1
205,60,1631.52,554.54,47.24,120.88,0.6129,-1,-1,-1
206,51,178.03,567.74,39.41,90.63,0.5788,-1,-1,-1
206,54,1335.07,548.13,47.35,125.07,0.7365,-1,-1,-1
206,60,1628.42,555.21,52.52,122.40,0.5128,-1,-1,-1
207,51,173.18,570.15,39.32,92.05,0.5755,-1,-1,-1
207,54,1334.18,549.16,47.10,126.54,0.7617,-1,-1,-1
207,60,1627.68,556.96,55.73,122.75,0.4874,-1,-1,-1
208,51,168.77,570.53,39.10,92.42,0.5640,-1,-1,-1
208,54,1332.81,547.91,48.74,128.83,0.7465,-1,-1,-1
208,60,1641.19,557.33,45.60,121.96,0.4153,-1,-1,-1
209,51,165.49,569.72,39.22,93.02,0.5261,-1,-1,-1
209,54,1331.41,545.32,49.46,132.14,0.7454,-1,-1,-1
209,60,1646.12,558.24,43.50,123.11,0.6154,-1,-1,-1
210,51,162.62,570.86,37.92,93.30,0.4498,-1,-1,-1
210,54,1330.37,543.21,49.14,134.42,0.7466,-1,-1,-1
210,60,1647.91,559.72,45.16,123.53,0.5744,-1,-1,-1
211,51,158.81,571.25,40.93,94.84,0.5738,-1,-1,-1
211,54,1330.03,545.18,47.82,133.83,0.7639,-1,-1,-1
211,60,1654.68,566.05,42.17,117.04,0.5307,-1,-1,-1
212,51,155.79,570.75,40.77,95.28,0.6055,-1,-1,-1
212,54,1328.66,546.24,48.67,132.42,0.7400,-1,-1,-1
212,60,1658.38,560.59,45.32,125.28,0.5235,-1,-1,-1
213,51,153.42,571.93,40.61,95.17,0.5487,-1,-1,-1
213,54,1328.99,548.38,49.04,131.71,0.7366,-1,-1,-1
213,60,1652.10,561.56,57.64,127.99,0.4806,-1,-1,-1
214,51,150.83,573.99,40.78,94.48,0.5951,-1,-1,-1
214,54,1329.95,547.36,49.25,133.49,0.6757,-1,-1,-1
214,60,1654.04,560.16,60.29,128.13,0.5092,-1,-1,-1
215,51,148.99,571.33,39.90,95.04,0.5925,-1,-1,-1
215,54,1330.39,547.95,49.55,134.91,0.6774,-1,-1,-1
215,60,1667.16,559.74,51.74,129.69,0.5419,-1,-1,-1
216,51,147.13,574.04,37.50,93.09,0.4255,-1,-1,-1
216,54,1331.80,550.19,48.78,134.99,0.6694,-1,-1,-1
216,60,1675.16,562.62,47.17,126.27,0.6054,-1,-1,-1
217,51,143.60,572.99,36.75,94.81,0.4745,-1,-1,-1
217,54,1332.86,550.31,48.76,135.51,0.7015,-1,-1,-1
217,60,1681.00,561.63,45.82,124.72,0.4838,-1,-1,-1
218,51,140.40,573.24,37.52,94.37,0.4852,-1,-1,-1
218,54,1335.18,549.15,47.67,135.56,0.7463,-1,-1,-1
218,60,1677.07,561.48,60.35,127.13,0.4997,-1,-1,-1
218,64,-0.63,578.30,20.01,84.12,0.4189,-1,-1,-1
219,51,139.84,572.77,38.46,94.97,0.4847,-1,-1,-1
219,54,1337.18,549.90,47.23,136.33,0.7606,-1,-1,-1
219,60,1689.57,561.47,53.17,126.12,0.5360,-1,-1,-1
219,64,-0.62,579.32,18.27,84.52,0.3315,-1,-1,-1
219,65,22.83,580.91,35.18,84.98,0.4220,-1,-1,-1
220,51,138.19,575.69,38.53,95.25,0.4593,-1,-1,-1
220,54,1338.99,548.68,48.09,138.33,0.7631,-1,-1,-1
220,60,1695.63,562.80,51.99,124.57,0.5379,-1,-1,-1
220,65,16.36,580.31,38.44,90.84,0.5609,-1,-1,-1
221,51,134.23,574.06,39.43,96.71,0.4621,-1,-1,-1
221,54,1342.10,548.02,47.59,141.01,0.7533,-1,-1,-1
221,60,1704.22,565.70,47.03,123.25,0.5210,-1,-1,-1
221,65,11.57,579.87,40.42,88.48,0.5354,-1,-1,-1
222,51,130.87,573.86,40.07,98.43,0.4772,-1,-1,-1
222,54,1345.71,545.54,45.59,140.13,0.7564,-1,-1,-1
222,60,1701.12,560.60,61.13,127.20,0.5015,-1,-1,-1
222,65,10.37,579.81,40.22,89.62,0.5543,-1,-1,-1
223,51,129.17,574.17,39.48,98.19,0.4992,-1,-1,-1
223,54,1347.48,546.67,46.41,139.93,0.7567,-1,-1,-1
223,60,1714.62,562.96,52.74,126.35,0.5367,-1,-1,-1
223,65,9.33,579.06,38.40,90.26,0.4655,-1,-1,-1
224,51,128.41,577.61,40.53,97.04,0.4673,-1,-1,-1
224,54,1349.01,544.21,47.22,141.16,0.7579,-1,-1,-1
224,60,1721.34,560.81,50.67,126.14,0.4808,-1,-1,-1
225,51,127.52,577.66,40.23,97.17,0.4942,-1,-1,-1
225,54,1351.06,545.64,47.93,139.12,0.7481,-1,-1,-1
225,60,1728.70,556.82,54.31,129.09,0.5461,-1,-1,-1
226,51,125.88,584.93,41.95,94.42,0.4253,-1,-1,-1
226,54,1352.60,546.64,48.01,137.65,0.7014,-1,-1,-1
226,60,1732.01,557.08,58.62,126.69,0.5135,-1,-1,-1
226,65,0.49,597.39,34.65,82.09,0.3545,-1,-1,-1
227,51,122.00,584.86,41.03,95.74,0.3004,-1,-1,-1
227,54,1354.48,547.29,48.84,139.06,0.7488,-1,-1,-1
227,60,1743.29,558.61,52.61,126.43,0.5230,-1,-1,-1
227,65,-0.14,595.99,32.23,83.38,0.3217,-1,-1,-1
228,51,118.78,586.42,38.92,96.10,0.3236,-1,-1,-1
228,54,1356.58,548.20,48.47,141.43,0.7464,-1,-1,-1
228,60,1751.00,554.74,53.96,128.62,0.5456,-1,-1,-1
228,65,-0.66,591.58,31.52,89.58,0.3052,-1,-1,-1
229,51,117.19,586.52,37.19,96.31,0.3988,-1,-1,-1
229,54,1358.58,548.16,48.40,141.27,0.7455,-1,-1,-1
229,60,1753.75,557.57,59.02,127.75,0.5064,-1,-1,-1
230,51,116.89,587.13,34.79,97.14,0.2984,-1,-1,-1
230,54,1361.83,548.97,48.42,140.65,0.7484,-1,-1,-1
230,60,1763.86,555.61,55.59,127.02,0.5398,-1,-1,-1
231,51,115.94,587.63,35.34,97.29,0.3255,-1,-1,-1
231,54,1363.93,551.91,49.38,138.75,0.7350,-1,-1,-1
231,60,1774.70,554.55,56.12,130.22,0.5586,-1,-1,-1
232,51,113.22,589.92,37.50,96.38,0.2777,-1,-1,-1
232,54,1366.57,552.35,48.66,138.49,0.7345,-1,-1,-1
232,60,1778.19,553.11,62.19,131.37,0.5219,-1,-1,-1
233,54,1368.61,551.31,48.78,140.83,0.7648,-1,-1,-1
233,60,1789.65,556.31,59.21,128.93,0.5370,-1,-1,-1
234,54,1371.02,552.81,48.53,138.78,0.7046,-1,-1,-1
234,60,1793.69,558.93,64.35,128.79,0.4454,-1,-1,-1
235,54,1374.60,553.83,48.67,136.86,0.6640,-1,-1,-1
235,60,1807.19,559.35,59.17,128.88,0.4610,-1,-1,-1
236,54,1377.94,552.96,51.24,136.66,0.7043,-1,-1,-1
236,60,1822.76,554.05,56.75,125.85,0.5278,-1,-1,-1
237,54,1380.34,551.90,53.73,137.15,0.7005,-1,-1,-1
237,60,1834.42,549.56,57.30,126.43,0.5056,-1,-1,-1
238,54,1384.59,553.06,51.61,136.72,0.7129,-1,-1,-1
238,60,1845.78,546.89,57.85,134.72,0.5032,-1,-1,-1
238,51,105.23,582.93,41.64,103.90,0.3835,-1,-1,-1
239,54,1386.95,553.25,51.50,137.19,0.6877,-1,-1,-1
239,60,1850.66,544.76,62.75,140.12,0.4662,-1,-1,-1
239,51,104.49,579.12,44.12,105.34,0.3739,-1,-1,-1
240,54,1390.55,550.48,50.48,141.35,0.7221,-1,-1,-1
240,60,1863.27,543.21,57.69,134.51,0.4527,-1,-1,-1
240,51,103.85,577.97,44.61,106.18,0.3995,-1,-1,-1
241,54,1396.17,548.55,48.90,144.72,0.7552,-1,-1,-1
241,60,1871.90,545.84,51.95,136.77,0.4725,-1,-1,-1
241,51,104.09,576.82,44.74,108.10,0.4314,-1,-1,-1
242,54,1400.90,548.22,48.75,145.93,0.6773,-1,-1,-1
242,51,104.36,577.65,43.95,107.25,0.4188,-1,-1,-1
243,54,1405.24,550.10,48.03,143.72,0.6917,-1,-1,-1
243,51,104.44,576.40,45.44,108.56,0.4093,-1,-1,-1
244,54,1410.48,553.82,48.07,140.05,0.7167,-1,-1,-1
244,51,104.04,576.31,44.20,108.61,0.3575,-1,-1,-1
245,54,1416.93,555.93,46.51,139.18,0.7655,-1,-1,-1
245,51,105.23,577.06,43.43,109.43,0.3748,-1,-1,-1
246,54,1422.75,554.90,46.58,140.84,0.7607,-1,-1,-1
246,51,105.28,577.24,41.55,110.03,0.3600,-1,-1,-1
247,54,1427.83,555.60,46.92,141.11,0.7398,-1,-1,-1
247,51,104.64,579.51,41.47,109.93,0.4091,-1,-1,-1
247,70,1318.13,582.09,46.00,133.82,0.4698,-1,-1,-1
248,54,1434.13,556.32,47.23,141.74,0.7584,-1,-1,-1
248,51,105.03,581.69,40.37,108.77,0.3777,-1,-1,-1
248,70,1327.56,583.38,47.37,132.02,0.3652,-1,-1,-1
249,54,1440.49,554.75,46.72,144.88,0.7948,-1,-1,-1
249,51,105.50,584.24,42.24,109.04,0.4076,-1,-1,-1
249,70,1334.48,582.20,49.05,132.69,0.3848,-1,-1,-1
250,54,1446.54,549.54,47.69,148.84,0.7235,-1,-1,-1
250,51,106.03,586.40,43.38,108.32,0.4433,-1,-1,-1
250,70,1339.94,581.22,48.35,131.00,0.2921,-1,-1,-1
251,54,1455.13,546.02,44.37,155.37,0.7555,-1,-1,-1
251,51,107.15,587.37,42.62,108.39,0.3960,-1,-1,-1
251,70,1354.07,582.63,45.87,130.96,0.2737,-1,-1,-1
252,54,1461.48,547.93,44.82,152.18,0.7406,-1,-1,-1
252,51,110.27,588.79,38.05,105.05,0.3153,-1,-1,-1
253,54,1468.92,541.93,44.91,156.70,0.7460,-1,-1,-1
253,51,115.19,591.30,38.66,105.31,0.4545,-1,-1,-1
254,54,1474.00,539.21,46.08,158.45,0.7037,-1,-1,-1
254,51,118.83,591.30,38.67,105.75,0.4728,-1,-1,-1
255,54,1481.33,536.04,45.15,157.37,0.7134,-1,-1,-1
255,51,119.78,593.98,40.52,107.65,0.3970,-1,-1,-1
256,54,1489.26,538.07,46.40,156.46,0.7259,-1,-1,-1
256,51,123.38,594.08,41.09,110.71,0.4153,-1,-1,-1
257,54,1498.03,537.54,45.09,154.07,0.7103,-1,-1,-1
257,51,127.99,595.09,45.25,110.12,0.3198,-1,-1,-1
258,54,1506.52,543.96,44.54,149.98,0.6407,-1,-1,-1
258,51,131.54,596.25,45.36,110.03,0.3464,-1,-1,-1
258,65,0.04,609.73,23.18,95.65,0.4480,-1,-1,-1
259,54,1513.12,549.88,48.90,145.38,0.5929,-1,-1,-1
259,51,132.93,595.01,43.73,111.19,0.3825,-1,-1,-1
259,65,0.61,610.11,25.99,95.25,0.4721,-1,-1,-1
260,54,1514.08,551.04,60.38,147.00,0.6687,-1,-1,-1
260,51,133.37,598.80,42.49,109.47,0.3099,-1,-1,-1
260,65,1.01,611.79,28.86,94.63,0.4151,-1,-1,-1
261,54,1521.09,553.33,64.31,145.51,0.5749,-1,-1,-1
261,51,135.64,600.95,42.31,108.12,0.3943,-1,-1,-1
261,65,0.51,611.83,30.89,96.37,0.5041,-1,-1,-1
262,54,1523.10,562.10,73.64,136.18,0.4330,-1,-1,-1
262,51,140.13,601.22,37.85,108.01,0.4548,-1,-1,-1
262,65,0.76,611.05,29.81,97.06,0.4979,-1,-1,-1
263,51,141.96,602.15,39.43,107.03,0.3063,-1,-1,-1
263,65,0.17,612.36,32.14,95.47,0.4600,-1,-1,-1
264,51,144.76,601.38,41.37,107.65,0.2591,-1,-1,-1
264,65,0.49,613.37,33.85,94.41,0.5123,-1,-1,-1
265,51,146.94,600.82,44.24,109.13,0.3628,-1,-1,-1
265,65,-0.08,615.11,34.27,92.95,0.4655,-1,-1,-1
266,51,149.37,600.73,44.25,109.18,0.2854,-1,-1,-1
266,65,0.46,614.08,37.67,93.78,0.4623,-1,-1,-1
266,75,996.99,512.98,29.38,85.08,0.4437,-1,-1,-1
266,54,1573.69,574.62,65.40,136.62,0.4044,-1,-1,-1
267,51,151.14,600.13,44.39,111.41,0.4054,-1,-1,-1
267,65,0.07,613.77,41.24,94.71,0.4950,-1,-1,-1
267,75,1003.94,517.37,26.98,80.59,0.3526,-1,-1,-1
268,65,2.51,612.68,42.37,98.30,0.4671,-1,-1,-1
268,75,1008.68,517.70,28.44,81.75,0.3310,-1,-1,-1
268,77,1050.35,510.86,36.83,99.26,0.4390,-1,-1,-1
269,65,3.95,610.69,44.49,99.83,0.4951,-1,-1,-1
269,75,1021.78,513.09,26.05,88.89,0.3689,-1,-1,-1
269,77,1058.64,507.98,40.57,99.65,0.4764,-1,-1,-1
269,51,154.76,598.94,43.81,113.32,0.3933,-1,-1,-1
270,65,6.03,608.66,46.25,99.06,0.4697,-1,-1,-1
270,75,1024.59,509.55,26.96,88.47,0.3892,-1,-1,-1
270,77,1065.68,504.94,38.85,96.36,0.4299,-1,-1,-1
270,51,157.15,594.80,42.73,114.35,0.3388,-1,-1,-1
271,65,10.44,609.69,44.20,97.07,0.5473,-1,-1,-1
271,75,1027.25,510.35,27.60,86.93,0.3092,-1,-1,-1
271,77,1070.06,505.77,37.70,96.54,0.4307,-1,-1,-1
271,51,161.46,595.13,42.24,112.74,0.4292,-1,-1,-1
271,79,1584.88,592.39,53.64,187.58,0.4760,-1,-1,-1
272,65,11.77,605.79,44.07,99.47,0.5080,-1,-1,-1
272,75,1032.56,514.79,27.02,80.91,0.2974,-1,-1,-1
272,77,1075.04,508.55,36.63,97.31,0.3759,-1,-1,-1
272,51,164.03,593.52,42.15,112.85,0.2829,-1,-1,-1
273,65,13.44,606.44,44.96,100.38,0.5949,-1,-1,-1
273,77,1079.90,507.85,42.14,99.29,0.3680,-1,-1,-1
273,51,167.24,592.04,45.86,115.36,0.3846,-1,-1,-1
274,65,13.81,601.45,44.40,102.50,0.4358,-1,-1,-1
274,77,1088.22,506.70,41.43,95.92,0.4825,-1,-1,-1
274,80,1064.69,506.51,24.21,91.59,0.3879,-1,-1,-1
274,75,1054.06,507.27,23.55,89.42,0.3463,-1,-1,-1
275,65,15.25,598.88,47.06,106.43,0.6069,-1,-1,-1
275,77,1094.67,507.14,37.55,96.20,0.3925,-1,-1,-1
275,75,1052.39,509.43,28.02,87.93,0.3589,-1,-1,-1
275,79,1639.23,581.91,84.44,223.98,0.4422,-1,-1,-1
276,65,16.83,600.00,47.78,105.37,0.6272,-1,-1,-1
276,77,1100.54,506.96,35.35,96.64,0.3065,-1,-1,-1
276,75,1056.04,511.01,29.29,87.49,0.2826,-1,-1,-1
276,79,1655.55,580.45,81.66,234.73,0.6520,-1,-1,-1
276,51,174.47,589.99,45.77,117.41,0.4262,-1,-1,-1
277,65,19.09,598.45,47.76,107.06,0.6045,-1,-1,-1
277,77,1103.22,503.82,38.19,98.71,0.3195,-1,-1,-1
277,75,1058.78,505.59,32.93,91.71,0.3853,-1,-1,-1
277,79,1670.19,587.95,81.94,232.15,0.5034,-1,-1,-1
277,51,177.09,589.64,44.58,117.92,0.3463,-1,-1,-1
278,65,20.82,598.71,47.96,108.89,0.5931,-1,-1,-1
278,77,1109.34,505.89,40.84,96.63,0.3453,-1,-1,-1
278,75,1070.65,505.51,28.34,93.63,0.4015,-1,-1,-1
278,79,1682.54,594.51,85.10,230.46,0.4368,-1,-1,-1
278,51,177.09,590.91,46.32,118.93,0.3740,-1,-1,-1
278,81,1176.61,516.03,31.20,95.67,0.3942,-1,-1,-1
279,65,23.37,598.31,48.36,109.77,0.6061,-1,-1,-1
279,77,1116.48,517.28,36.45,85.05,0.3147,-1,-1,-1
279,75,1072.64,508.57,30.42,91.38,0.4370,-1,-1,-1
279,79,1695.25,594.97,88.90,235.92,0.5913,-1,-1,-1
279,51,179.00,591.29,46.39,118.94,0.4352,-1,-1,-1
280,65,24.61,600.11,48.81,111.70,0.6282,-1,-1,-1
280,75,1075.35,508.09,31.13,89.97,0.2963,-1,-1,-1
280,79,1717.49,601.81,85.64,237.39,0.2870,-1,-1,-1
280,51,180.84,598.45,45.37,114.12,0.4630,-1,-1,-1
281,65,25.54,601.81,50.46,112.43,0.6272,-1,-1,-1
281,79,1725.43,606.67,101.62,236.81,0.5527,-1,-1,-1
281,51,184.48,599.40,45.25,115.22,0.4188,-1,-1,-1
281,77,1124.39,507.45,39.22,96.09,0.3485,-1,-1,-1
282,65,28.41,604.22,49.68,111.11,0.6212,-1,-1,-1
282,79,1734.40,610.01,114.65,237.80,0.6212,-1,-1,-1
282,51,187.41,598.86,47.41,116.72,0.4647,-1,-1,-1
282,77,1124.67,507.43,42.70,96.72,0.2841,-1,-1,-1
283,65,30.46,608.99,48.77,108.86,0.6051,-1,-1,-1
283,79,1769.77,609.45,102.52,241.94,0.6154,-1,-1,-1
283,51,188.98,600.01,50.54,117.80,0.4720,-1,-1,-1
284,65,32.83,610.32,48.56,109.55,0.6436,-1,-1,-1
284,79,1795.54,609.55,102.15,245.58,0.7479,-1,-1,-1
284,51,192.14,601.34,49.41,118.08,0.3804,-1,-1,-1
284,88,1755.44,549.87,57.48,183.36,0.6257,-1,-1,-1
284,89,1293.56,535.03,41.57,121.71,0.3879,-1,-1,-1
285,65,35.41,611.86,47.49,110.05,0.6401,-1,-1,-1
285,79,1821.16,611.69,96.63,247.22,0.8091,-1,-1,-1
285,51,194.85,601.42,50.73,119.67,0.4324,-1,-1,-1
285,88,1768.06,550.03,59.82,183.26,0.6434,-1,-1,-1
285,89,1301.06,536.77,47.48,118.53,0.4281,-1,-1,-1
285,81,1254.98,536.39,44.07,122.44,0.3690,-1,-1,-1
286,65,36.62,613.10,47.90,111.29,0.6468,-1,-1,-1
286,79,1842.39,611.03,83.40,251.55,0.7447,-1,-1,-1
286,51,197.54,601.69,51.64,121.22,0.4208,-1,-1,-1
286,88,1779.76,547.02,62.04,188.59,0.7140,-1,-1,-1
286,89,1312.26,535.92,44.65,118.07,0.3448,-1,-1,-1
287,65,37.24,613.91,49.19,112.22,0.6308,-1,-1,-1
287,79,1864.46,614.61,63.04,252.40,0.6996,-1,-1,-1
287,51,199.35,605.36,51.58,120.55,0.4265,-1,-1,-1
287,88,1796.36,548.07,61.95,191.13,0.7006,-1,-1,-1
288,65,38.45,614.82,50.73,112.10,0.6080,-1,-1,-1
288,79,1887.79,639.92,38.40,227.83,0.5861,-1,-1,-1
288,51,200.95,605.35,47.65,122.00,0.4860,-1,-1,-1
288,88,1807.34,547.00,68.21,194.82,0.6730,-1,-1,-1
289,65,38.60,615.17,51.29,113.80,0.5704,-1,-1,-1
289,51,201.58,607.42,42.55,120.66,0.3842,-1,-1,-1
289,88,1821.74,545.17,67.13,198.01,0.7311,-1,-1,-1
290,65,40.28,613.04,52.51,116.12,0.6117,-1,-1,-1
290,51,203.36,605.94,45.42,122.84,0.4186,-1,-1,-1
290,88,1835.99,543.49,71.86,200.02,0.7608,-1,-1,-1
291,65,42.49,614.25,54.23,118.36,0.6158,-1,-1,-1
291,51,208.62,608.39,49.20,121.71,0.2535,-1,-1,-1
291,88,1851.85,539.59,64.96,204.41,0.7552,-1,-1,-1
292,65,43.18,613.27,54.51,121.64,0.6608,-1,-1,-1
292,51,210.04,609.16,53.71,123.54,0.3703,-1,-1,-1
292,88,1865.13,540.19,60.66,206.23,0.7134,-1,-1,-1
292,90,1212.49,519.84,46.93,80.53,0.3486,-1,-1,-1
293,65,44.83,615.15,54.07,123.13,0.6520,-1,-1,-1
293,51,214.13,611.56,51.43,124.04,0.4320,-1,-1,-1
293,88,1880.60,540.61,47.48,208.89,0.6239,-1,-1,-1
294,65,45.87,618.83,54.30,121.30,0.6024,-1,-1,-1
294,51,215.72,612.01,50.28,124.51,0.4691,-1,-1,-1
295,65,46.48,620.26,55.98,119.86,0.6111,-1,-1,-1
295,51,214.78,613.83,45.27,123.44,0.4412,-1,-1,-1
296,65,48.71,620.44,57.01,119.02,0.5639,-1,-1,-1
296,51,215.66,614.03,44.32,123.65,0.4387,-1,-1,-1
297,65,49.87,620.74,57.60,119.76,0.6090,-1,-1,-1
297,51,221.75,614.47,44.36,123.85,0.3720,-1,-1,-1
297,92,1382.89,555.46,40.08,109.16,0.4498,-1,-1,-1
297,80,1347.47,540.29,38.77,129.67,0.3510,-1,-1,-1
298,65,50.89,620.39,57.36,119.96,0.6077,-1,-1,-1
298,51,225.41,611.93,46.20,126.10,0.4224,-1,-1,-1
298,92,1389.85,546.91,41.79,118.77,0.4226,-1,-1,-1
298,80,1352.59,535.83,42.48,136.16,0.4103,-1,-1,-1
299,65,51.29,621.72,57.12,119.35,0.6083,-1,-1,-1
299,51,227.75,614.43,45.78,124.48,0.4708,-1,-1,-1
299,92,1397.28,559.70,42.39,111.17,0.3182,-1,-1,-1
299,80,1355.80,534.48,48.99,145.67,0.3315,-1,-1,-1
300,65,50.67,621.20,57.43,122.95,0.5816,-1,-1,-1
300,51,229.21,614.62,47.88,125.36,0.4992,-1,-1,-1
300,92,1400.67,554.10,49.09,121.17,0.3047,-1,-1,-1
301,65,50.58,623.50,56.26,122.79,0.5028,-1,-1,-1
301,51,229.67,616.04,49.65,126.10,0.4875,-1,-1,-1
301,92,1406.13,565.51,50.02,121.09,0.2911,-1,-1,-1
302,65,50.21,622.59,57.34,123.90,0.4917,-1,-1,-1
302,51,229.47,614.36,50.09,128.46,0.4965,-1,-1,-1
303,65,47.69,627.69,56.56,123.93,0.4648,-1,-1,-1
303,51,228.47,620.68,50.63,127.63,0.4486,-1,-1,-1
303,95,1292.36,525.81,35.34,93.81,0.3432,-1,-1,-1
304,65,47.69,627.42,55.71,123.72,0.4485,-1,-1,-1
304,51,228.97,621.60,50.26,127.25,0.5271,-1,-1,-1
304,95,1306.05,528.76,39.99,99.32,0.2751,-1,-1,-1
305,65,48.95,634.80,57.91,119.62,0.4748,-1,-1,-1
305,51,228.29,627.52,50.97,125.76,0.4939,-1,-1,-1
305,95,1309.32,531.93,38.48,96.70,0.3219,-1,-1,-1
306,65,48.32,635.61,57.46,117.89,0.4300,-1,-1,-1
306,51,229.70,627.34,50.21,126.46,0.4852,-1,-1,-1
307,65,46.65,635.05,59.01,120.58,0.4853,-1,-1,-1
307,51,229.43,627.12,50.29,127.97,0.4905,-1,-1,-1
307,95,1337.40,530.11,42.24,106.11,0.4434,-1,-1,-1
308,65,45.29,638.89,61.10,125.16,0.5516,-1,-1,-1
308,51,228.40,630.54,48.90,130.49,0.4583,-1,-1,-1
308,95,1344.84,528.01,41.16,109.63,0.3949,-1,-1,-1
309,65,44.85,636.27,61.06,126.56,0.6123,-1,-1,-1
309,51,227.61,627.51,47.77,132.66,0.4406,-1,-1,-1
309,95,1355.66,531.02,38.22,109.05,0.2666,-1,-1,-1
310,65,43.70,638.83,61.39,126.68,0.5994,-1,-1,-1
310,51,226.37,630.57,48.70,132.66,0.4357,-1,-1,-1
311,65,41.56,641.00,62.92,126.92,0.6279,-1,-1,-1
311,51,228.32,631.70,52.13,132.85,0.3693,-1,-1,-1
312,65,40.35,640.87,62.50,126.66,0.5807,-1,-1,-1
312,51,227.13,630.57,52.66,133.40,0.3849,-1,-1,-1
313,65,39.09,643.23,63.59,128.78,0.6447,-1,-1,-1
313,51,228.32,635.19,55.18,133.24,0.3653,-1,-1,-1
314,65,37.91,645.08,62.05,128.80,0.5479,-1,-1,-1
314,51,228.10,637.75,52.86,134.35,0.3753,-1,-1,-1
315,65,37.19,644.44,60.62,129.05,0.5455,-1,-1,-1
315,51,228.16,636.72,52.13,136.32,0.4106,-1,-1,-1
316,65,35.41,645.34,58.63,129.86,0.4196,-1,-1,-1
316,51,226.95,637.44,50.70,136.98,0.3903,-1,-1,-1
316,99,1392.84,577.51,48.20,150.57,0.4476,-1,-1,-1
317,65,34.85,645.76,56.48,130.81,0.4083,-1,-1,-1
317,51,226.61,638.07,50.84,137.15,0.4164,-1,-1,-1
317,99,1396.07,554.19,55.53,182.21,0.4367,-1,-1,-1
318,65,34.67,647.14,55.78,131.19,0.4500,-1,-1,-1
318,51,226.40,639.84,48.62,136.14,0.4053,-1,-1,-1
318,99,1398.77,554.73,60.52,185.74,0.4629,-1,-1,-1
319,65,33.59,648.30,54.69,131.35,0.4399,-1,-1,-1
319,51,226.61,641.16,50.78,136.04,0.3856,-1,-1,-1
319,99,1400.52,576.94,59.52,166.73,0.3895,-1,-1,-1
319,92,1520.40,587.86,48.28,139.15,0.3860,-1,-1,-1
320,65,30.19,648.01,57.20,133.46,0.4521,-1,-1,-1
320,51,225.84,641.13,52.13,137.94,0.4125,-1,-1,-1
320,99,1403.24,588.46,58.25,156.72,0.2530,-1,-1,-1
320,92,1525.44,590.31,48.07,134.40,0.4304,-1,-1,-1
321,65,27.31,648.41,59.34,135.26,0.5042,-1,-1,-1
321,51,224.92,640.01,52.89,140.08,0.4262,-1,-1,-1
321,99,1404.10,597.93,59.56,147.95,0.3650,-1,-1,-1
321,92,1531.30,594.60,47.55,129.79,0.3944,-1,-1,-1
322,65,24.53,648.27,60.22,136.38,0.4808,-1,-1,-1
322,51,223.93,638.46,53.43,142.00,0.4649,-1,-1,-1
322,99,1404.91,605.76,62.32,141.54,0.3437,-1,-1,-1
322,92,1534.65,589.45,54.85,136.75,0.5001,-1,-1,-1
323,65,21.09,647.84,61.23,137.78,0.5115,-1,-1,-1
323,51,222.74,636.38,54.46,144.90,0.3737,-1,-1,-1
323,99,1405.31,595.97,67.16,153.09,0.4098,-1,-1,-1
323,92,1539.78,585.77,56.78,141.34,0.5782,-1,-1,-1
324,65,17.14,646.08,61.45,138.46,0.5080,-1,-1,-1
324,51,215.53,634.27,49.78,144.98,0.3589,-1,-1,-1
324,92,1543.39,589.78,56.88,137.61,0.5401,-1,-1,-1
325,65,14.67,646.88,62.14,137.37,0.5199,-1,-1,-1
325,51,218.18,633.87,54.15,146.81,0.3888,-1,-1,-1
325,92,1548.37,603.74,53.73,127.07,0.4923,-1,-1,-1
325,99,1414.43,595.72,66.32,154.46,0.5456,-1,-1,-1
326,65,11.05,647.50,61.64,137.51,0.5639,-1,-1,-1
326,51,218.59,635.22,54.31,146.76,0.4101,-1,-1,-1
326,92,1551.27,596.87,51.47,135.26,0.4852,-1,-1,-1
326,99,1415.73,598.66,64.35,151.45,0.5438,-1,-1,-1
327,65,8.24,645.96,61.23,137.46,0.6191,-1,-1,-1
327,51,214.50,636.12,56.62,144.67,0.4903,-1,-1,-1
327,92,1555.44,601.54,52.23,132.34,0.4798,-1,-1,-1
327,99,1418.10,599.88,62.81,150.92,0.6188,-1,-1,-1
327,102,1780.77,539.66,40.33,111.88,0.4570,-1,-1,-1
328,65,5.71,652.30,61.14,134.49,0.6054,-1,-1,-1
328,51,209.20,638.20,60.81,147.08,0.4054,-1,-1,-1
328,92,1559.11,594.88,52.90,139.43,0.3724,-1,-1,-1
328,99,1419.29,596.59,64.40,154.56,0.6075,-1,-1,-1
328,102,1786.37,540.35,40.29,117.67,0.5430,-1,-1,-1
329,65,8.09,648.32,54.05,135.31,0.4926,-1,-1,-1
329,51,203.10,631.95,52.77,149.84,0.3278,-1,-1,-1
329,92,1562.83,588.47,52.98,148.35,0.4929,-1,-1,-1
329,99,1419.50,597.25,63.83,153.37,0.5828,-1,-1,-1
330,65,5.29,651.33,51.66,132.36,0.5136,-1,-1,-1
330,51,200.57,631.78,50.82,150.83,0.3490,-1,-1,-1
330,92,1563.17,586.99,57.25,155.36,0.4816,-1,-1,-1
330,99,1422.31,597.21,60.16,154.30,0.5075,-1,-1,-1
330,102,1797.70,541.43,44.24,121.95,0.4914,-1,-1,-1
331,65,3.27,651.16,50.91,132.67,0.5150,-1,-1,-1
331,51,196.98,631.32,49.65,152.66,0.3460,-1,-1,-1
331,92,1556.20,564.86,68.37,177.46,0.3483,-1,-1,-1
331,99,1427.96,596.51,57.06,154.51,0.6476,-1,-1,-1
331,102,1802.49,536.23,49.08,125.78,0.5319,-1,-1,-1
332,65,1.29,646.79,47.09,132.96,0.5168,-1,-1,-1
332,51,192.64,628.72,50.25,152.39,0.3336,-1,-1,-1
332,92,1566.34,582.99,61.23,154.53,0.4238,-1,-1,-1
332,99,1430.32,599.80,56.19,151.28,0.6301,-1,-1,-1
332,102,1805.45,534.76,49.17,126.58,0.3548,-1,-1,-1
333,65,-0.54,645.77,44.23,133.52,0.5680,-1,-1,-1
333,51,187.97,627.54,60.87,153.60,0.4060,-1,-1,-1
333,92,1571.31,574.41,58.55,164.70,0.3430,-1,-1,-1
333,99,1430.24,596.91,60.32,155.14,0.5254,-1,-1,-1
333,102,1812.34,528.75,49.12,129.13,0.4453,-1,-1,-1
334,65,-0.76,646.07,39.52,132.51,0.5774,-1,-1,-1
334,51,187.66,626.22,64.16,155.34,0.3411,-1,-1,-1
334,92,1578.43,579.89,56.50,157.19,0.4656,-1,-1,-1
334,99,1424.07,594.46,67.68,157.96,0.5118,-1,-1,-1
334,102,1819.19,524.41,49.72,129.77,0.5188,-1,-1,-1
335,65,-0.91,645.35,33.94,133.24,0.4886,-1,-1,-1
335,51,178.15,628.88,52.38,152.03,0.3622,-1,-1,-1
335,92,1583.05,586.55,57.51,149.04,0.3825,-1,-1,-1
335,99,1416.99,594.01,80.56,159.55,0.3502,-1,-1,-1
335,102,1825.17,519.89,49.39,134.54,0.6382,-1,-1,-1
336,65,-0.57,647.63,29.45,133.92,0.5351,-1,-1,-1
336,51,175.67,628.17,46.77,154.54,0.3977,-1,-1,-1
336,92,1578.88,552.10,61.01,191.34,0.3019,-1,-1,-1
336,99,1418.88,589.36,84.50,163.69,0.5744,-1,-1,-1
336,102,1828.35,514.64,52.78,136.12,0.5612,-1,-1,-1
337,65,-0.43,647.03,24.07,135.77,0.4196,-1,-1,-1
337,51,174.74,628.62,50.34,158.29,0.4030,-1,-1,-1
337,92,1575.45,539.67,65.90,210.88,0.4401,-1,-1,-1
337,99,1425.22,592.53,82.13,167.04,0.6625,-1,-1,-1
337,102,1836.39,517.98,50.62,137.38,0.4654,-1,-1,-1
338,65,-0.60,663.39,19.05,125.67,0.3312,-1,-1,-1
338,51,172.19,633.48,54.36,158.94,0.4140,-1,-1,-1
338,92,1574.14,532.60,68.91,217.37,0.3658,-1,-1,-1
338,99,1429.05,592.81,85.46,167.33,0.5663,-1,-1,-1
338,102,1841.74,517.77,51.02,133.95,0.5989,-1,-1,-1
339,51,168.13,637.78,57.22,158.40,0.4982,-1,-1,-1
339,92,1579.90,534.87,69.92,225.35,0.5247,-1,-1,-1
339,99,1427.33,598.01,92.42,167.79,0.7132,-1,-1,-1
339,102,1846.56,519.36,49.82,133.49,0.5681,-1,-1,-1
340,51,167.98,639.92,55.67,157.13,0.4740,-1,-1,-1
340,92,1577.17,535.07,78.05,230.02,0.5724,-1,-1,-1
340,99,1430.43,597.20,92.75,169.69,0.7513,-1,-1,-1
340,102,1850.37,518.48,50.41,132.27,0.5744,-1,-1,-1
341,51,158.64,640.81,49.55,160.92,0.3626,-1,-1,-1
341,92,1590.85,544.80,63.18,226.98,0.3702,-1,-1,-1
341,99,1433.80,601.71,90.01,171.75,0.7336,-1,-1,-1
341,102,1853.34,521.92,50.94,131.75,0.2655,-1,-1,-1
342,51,156.84,643.17,47.09,161.46,0.4968,-1,-1,-1
342,92,1586.61,552.38,70.31,222.08,0.3163,-1,-1,-1
342,99,1426.36,603.25,93.21,175.51,0.6945,-1,-1,-1
342,102,1861.46,522.96,46.75,133.30,0.2657,-1,-1,-1
343,51,148.25,649.31,49.38,162.28,0.5353,-1,-1,-1
343,92,1576.29,549.60,82.21,229.74,0.4209,-1,-1,-1
343,99,1437.71,612.55,78.12,172.23,0.6055,-1,-1,-1
343,102,1866.90,531.41,50.09,128.91,0.2935,-1,-1,-1
344,51,140.65,653.48,54.72,163.20,0.4856,-1,-1,-1
344,92,1572.10,560.31,90.90,224.99,0.3233,-1,-1,-1
344,99,1441.39,617.81,73.17,171.70,0.6745,-1,-1,-1
344,102,1875.21,534.87,45.26,130.98,0.4591,-1,-1,-1
345,51,136.38,659.75,54.23,164.27,0.3733,-1,-1,-1
345,92,1571.47,584.63,69.71,199.43,0.3835,-1,-1,-1
345,99,1443.92,620.48,70.64,179.20,0.6149,-1,-1,-1
345,102,1878.17,537.53,43.24,132.94,0.4795,-1,-1,-1
346,51,129.45,663.66,55.30,168.43,0.3660,-1,-1,-1
346,92,1572.67,592.41,58.37,189.72,0.4248,-1,-1,-1
346,99,1441.77,623.33,69.05,182.01,0.5925,-1,-1,-1
346,102,1880.29,536.58,41.25,138.95,0.4620,-1,-1,-1
346,80,1576.88,593.20,92.25,203.34,0.4240,-1,-1,-1
347,51,119.93,669.32,56.47,170.05,0.4566,-1,-1,-1
347,92,1573.36,595.53,57.85,192.77,0.5138,-1,-1,-1
347,99,1435.05,627.05,75.54,185.35,0.5970,-1,-1,-1
347,102,1884.66,540.34,36.52,138.09,0.3474,-1,-1,-1
347,108,1362.15,583.08,62.25,192.42,0.3521,-1,-1,-1
347,80,1575.35,595.74,70.41,197.42,0.5138,-1,-1,-1
348,51,117.21,671.04,56.26,170.44,0.5849,-1,-1,-1
348,92,1574.91,599.26,61.87,190.06,0.5122,-1,-1,-1
348,99,1443.60,630.37,66.14,187.12,0.6513,-1,-1,-1
348,108,1355.69,592.13,66.79,185.79,0.2873,-1,-1,-1
348,80,1575.99,599.31,65.29,191.41,0.5122,-1,-1,-1
349,51,107.35,673.81,61.81,170.32,0.4601,-1,-1,-1
349,92,1577.32,609.97,63.06,184.71,0.4323,-1,-1,-1
349,99,1444.54,634.17,67.92,190.77,0.6895,-1,-1,-1
349,108,1355.25,598.85,63.71,182.00,0.4162,-1,-1,-1
349,80,1578.16,610.16,63.49,184.77,0.4323,-1,-1,-1
349,109,1395.21,595.55,65.23,190.37,0.5136,-1,-1,-1
350,51,102.34,672.00,60.77,173.08,0.4868,-1,-1,-1
350,92,1579.75,614.50,69.66,183.78,0.5638,-1,-1,-1
350,99,1443.43,638.48,75.22,191.11,0.6452,-1,-1,-1
350,108,1356.38,604.59,65.26,180.32,0.4066,-1,-1,-1
350,80,1580.39,614.63,69.50,183.51,0.5638,-1,-1,-1
350,109,1395.88,598.01,60.32,190.09,0.4017,-1,-1,-1
351,51,95.86,672.71,60.19,175.58,0.5584,-1,-1,-1
351,92,1581.29,610.90,70.14,187.50,0.4074,-1,-1,-1
351,99,1441.31,644.11,81.48,189.14,0.7053,-1,-1,-1
351,108,1354.85,607.85,70.65,178.28,0.4200,-1,-1,-1
351,80,1581.82,610.88,69.49,187.23,0.4074,-1,-1,-1
351,109,1393.86,600.47,62.64,190.59,0.3429,-1,-1,-1
351,110,144.50,667.85,50.88,157.67,0.3932,-1,-1,-1
352,51,87.77,674.07,62.28,176.54,0.5730,-1,-1,-1
352,92,1583.27,609.57,77.29,200.22,0.5294,-1,-1,-1
352,99,1432.27,649.36,91.86,190.17,0.6612,-1,-1,-1
352,108,1357.15,607.24,66.44,182.26,0.4587,-1,-1,-1
352,80,1583.72,609.48,76.80,200.12,0.5294,-1,-1,-1
352,110,140.88,669.91,50.92,160.11,0.2833,-1,-1,-1
353,51,80.60,678.51,65.32,173.11,0.4292,-1,-1,-1
353,92,1583.62,610.87,75.22,202.61,0.5738,-1,-1,-1
353,99,1434.87,651.96,93.10,191.55,0.6706,-1,-1,-1
353,108,1356.99,604.98,65.02,186.57,0.4937,-1,-1,-1
353,80,1584.00,610.79,74.57,202.49,0.5738,-1,-1,-1
353,110,136.24,671.10,51.52,161.96,0.3537,-1,-1,-1
353,109,1397.94,600.51,51.19,192.56,0.4528,-1,-1,-1
354,51,77.95,681.86,66.24,172.76,0.5300,-1,-1,-1
354,92,1583.04,617.65,73.53,200.62,0.5621,-1,-1,-1
354,99,1442.70,655.65,86.72,195.82,0.6905,-1,-1,-1
354,108,1349.79,605.63,69.17,188.51,0.4894,-1,-1,-1
354,80,1583.34,617.61,72.89,200.48,0.5621,-1,-1,-1
354,110,130.01,671.54,53.47,164.27,0.3809,-1,-1,-1
354,109,1395.39,601.79,60.94,193.43,0.3511,-1,-1,-1
355,51,73.73,679.12,63.03,176.67,0.4001,-1,-1,-1
355,92,1582.79,625.44,73.45,195.71,0.5764,-1,-1,-1
355,99,1444.62,657.44,85.42,196.63,0.6521,-1,-1,-1
355,108,1349.15,607.37,64.78,190.48,0.4286,-1,-1,-1
355,80,1583.03,625.44,72.89,195.55,0.5764,-1,-1,-1
355,110,123.00,668.37,49.81,166.57,0.4631,-1,-1,-1
355,109,1392.31,604.37,61.35,196.69,0.4280,-1,-1,-1
356,51,62.50,681.39,65.71,177.61,0.4295,-1,-1,-1
356,92,1581.43,630.72,76.91,196.69,0.5801,-1,-1,-1
356,99,1441.60,659.09,91.99,198.58,0.6920,-1,-1,-1
356,108,1347.60,605.20,63.78,194.95,0.3970,-1,-1,-1
356,80,1581.64,630.73,76.45,196.55,0.5801,-1,-1,-1
356,110,116.31,666.17,53.21,171.16,0.3905,-1,-1,-1
356,109,1391.29,608.90,61.03,199.28,0.3671,-1,-1,-1
357,51,69.16,680.08,54.42,177.37,0.3935,-1,-1,-1
357,92,1578.25,641.07,82.59,194.11,0.6412,-1,-1,-1
357,99,1445.74,665.40,88.73,198.13,0.7564,-1,-1,-1
357,108,1347.73,590.97,58.49,209.87,0.3682,-1,-1,-1
357,80,1578.41,641.10,82.22,193.98,0.6412,-1,-1,-1
357,110,110.54,670.21,50.96,172.98,0.2820,-1,-1,-1
357,109,1386.81,612.03,65.07,200.45,0.3769,-1,-1,-1
358,51,61.60,682.75,57.33,180.34,0.5432,-1,-1,-1
358,92,1576.70,646.41,88.90,191.40,0.6251,-1,-1,-1
358,99,1448.72,670.36,84.27,195.00,0.7843,-1,-1,-1
358,108,1349.62,595.40,52.70,204.87,0.4420,-1,-1,-1
358,80,1576.86,646.43,88.57,191.28,0.6251,-1,-1,-1
358,109,1386.30,614.06,68.41,199.97,0.5215,-1,-1,-1
359,51,50.66,689.94,57.66,177.76,0.3763,-1,-1,-1
359,92,1577.68,650.24,92.47,194.22,0.6682,-1,-1,-1
359,99,1450.01,679.37,80.66,193.62,0.6705,-1,-1,-1
359,108,1346.34,594.43,53.35,191.35,0.4163,-1,-1,-1
359,80,1577.84,650.25,92.16,194.13,0.6682,-1,-1,-1
359,109,1385.87,615.18,70.83,202.27,0.4617,-1,-1,-1
359,110,97.23,673.66,47.93,173.04,0.4340,-1,-1,-1
360,51,41.73,691.40,58.35,178.42,0.4078,-1,-1,-1
360,92,1579.37,656.51,92.81,196.36,0.6183,-1,-1,-1
360,99,1452.83,684.65,76.54,193.56,0.7230,-1,-1,-1
360,108,1342.61,594.61,56.28,208.38,0.5536,-1,-1,-1
360,80,1579.51,656.53,92.52,196.28,0.6183,-1,-1,-1
360,109,1380.34,620.81,76.98,199.92,0.4071,-1,-1,-1
360,110,92.82,674.65,48.52,170.50,0.3959,-1,-1,-1
361,51,34.25,690.14,60.07,182.31,0.4955,-1,-1,-1
361,92,1579.74,661.24,93.80,195.55,0.6785,-1,-1,-1
361,99,1454.20,686.49,72.61,197.75,0.7356,-1,-1,-1
361,108,1341.59,593.36,55.11,209.51,0.4539,-1,-1,-1
361,80,1579.88,661.25,93.54,195.47,0.6785,-1,-1,-1
361,109,1376.77,621.37,78.48,201.35,0.4506,-1,-1,-1
361,110,85.97,680.13,50.06,168.67,0.4341,-1,-1,-1
362,51,25.11,691.70,65.63,184.40,0.4430,-1,-1,-1
362,92,1581.78,663.60,91.48,200.36,0.6413,-1,-1,-1
362,99,1454.03,685.76,75.09,203.74,0.7334,-1,-1,-1
362,108,1341.33,597.80,54.52,218.47,0.5341,-1,-1,-1
362,80,1581.90,663.61,91.24,200.29,0.6413,-1,-1,-1
362,109,1374.55,623.76,84.39,205.87,0.5031,-1,-1,-1
362,110,78.09,682.49,48.95,171.28,0.4967,-1,-1,-1
363,51,17.48,694.38,66.91,188.87,0.3899,-1,-1,-1
363,92,1583.02,662.88,87.75,204.01,0.5659,-1,-1,-1
363,99,1454.67,682.07,75.21,215.04,0.7391,-1,-1,-1
363,108,1339.67,599.21,55.32,221.51,0.5432,-1,-1,-1
363,80,1583.13,662.88,87.52,203.96,0.5659,-1,-1,-1
363,109,1375.98,620.12,84.08,212.26,0.4955,-1,-1,-1
363,110,69.51,684.34,50.88,175.71,0.4351,-1,-1,-1
364,51,10.10,695.66,66.31,188.49,0.4257,-1,-1,-1
364,92,1581.98,664.66,82.89,212.11,0.6250,-1,-1,-1
364,99,1452.46,688.10,80.45,220.41,0.7595,-1,-1,-1
364,108,1337.95,604.51,55.06,203.76,0.3106,-1,-1,-1
364,80,1582.06,664.66,82.68,212.06,0.6250,-1,-1,-1
364,109,1374.32,627.83,69.01,211.50,0.4738,-1,-1,-1
364,110,63.39,685.00,51.23,177.86,0.3672,-1,-1,-1
365,51,3.98,700.80,64.53,192.03,0.4524,-1,-1,-1
365,92,1582.64,666.24,78.45,214.53,0.5954,-1,-1,-1
365,99,1449.56,692.19,88.64,221.21,0.7004,-1,-1,-1
365,108,1337.96,622.24,51.16,174.88,0.3311,-1,-1,-1
365,80,1582.72,666.24,78.27,214.49,0.5954,-1,-1,-1
365,109,1372.53,630.15,70.91,215.60,0.5409,-1,-1,-1
365,110,54.21,691.94,54.95,178.33,0.3845,-1,-1,-1
366,51,4.43,704.36,57.18,190.57,0.5059,-1,-1,-1
366,92,1580.39,665.70,76.56,218.07,0.6769,-1,-1,-1
366,99,1448.43,697.07,94.27,223.63,0.7262,-1,-1,-1
366,108,1338.73,631.40,50.95,201.07,0.3560,-1,-1,-1
366,80,1580.45,665.70,76.41,218.03,0.6769,-1,-1,-1
366,109,1371.94,632.61,70.07,217.84,0.6074,-1,-1,-1
366,110,48.49,693.98,53.82,175.64,0.5591,-1,-1,-1
367,51,1.31,713.14,53.87,187.86,0.5142,-1,-1,-1
367,92,1578.49,663.45,80.43,229.55,0.6508,-1,-1,-1
367,99,1451.80,704.76,93.37,222.46,0.7141,-1,-1,-1
367,108,1335.46,638.88,50.34,175.59,0.4945,-1,-1,-1
367,80,1578.54,663.45,80.31,229.53,0.6508,-1,-1,-1
367,109,1372.89,637.45,68.91,216.17,0.5776,-1,-1,-1
367,110,43.06,702.07,51.60,173.38,0.5362,-1,-1,-1
368,51,-1.30,715.86,48.04,190.17,0.4578,-1,-1,-1
368,92,1576.51,664.69,84.89,235.22,0.6287,-1,-1,-1
368,99,1455.04,710.92,92.12,223.66,0.7127,-1,-1,-1
368,108,1333.83,644.52,49.85,169.86,0.4682,-1,-1,-1
368,80,1576.55,664.69,84.79,235.19,0.6287,-1,-1,-1
368,109,1372.35,639.78,64.77,217.54,0.5879,-1,-1,-1
368,110,35.26,706.77,53.00,174.24,0.3839,-1,-1,-1
369,51,-1.66,716.79,43.78,195.35,0.4909,-1,-1,-1
369,92,1576.60,664.09,86.07,238.45,0.6328,-1,-1,-1
369,99,1459.54,711.43,90.53,227.74,0.5623,-1,-1,-1
369,108,1329.77,645.63,54.80,195.57,0.5527,-1,-1,-1
369,80,1576.65,664.09,85.97,238.42,0.6328,-1,-1,-1
369,109,1373.02,641.61,63.00,217.99,0.5812,-1,-1,-1
369,110,26.24,709.25,55.34,178.56,0.6051,-1,-1,-1
370,51,-1.89,719.57,33.64,195.64,0.3754,-1,-1,-1
370,92,1568.10,663.56,96.91,241.23,0.6549,-1,-1,-1
370,99,1460.28,715.34,92.32,230.30,0.6404,-1,-1,-1
370,108,1326.85,645.67,58.02,211.68,0.3491,-1,-1,-1
370,80,1568.14,663.56,96.82,241.21,0.6549,-1,-1,-1
370,109,1369.24,643.86,64.51,220.39,0.5148,-1,-1,-1
370,110,14.59,712.04,56.81,180.76,0.4505,-1,-1,-1
371,51,-0.96,723.56,28.77,189.64,0.3541,-1,-1,-1
371,92,1560.62,666.27,107.90,239.01,0.6957,-1,-1,-1
371,99,1461.34,718.48,92.36,230.58,0.7176,-1,-1,-1
371,108,1325.16,650.24,58.29,215.71,0.2740,-1,-1,-1
371,80,1560.66,666.27,107.82,238.99,0.6957,-1,-1,-1
371,109,1366.69,645.04,66.76,222.39,0.4853,-1,-1,-1
371,110,9.05,714.54,56.01,185.03,0.5520,-1,-1,-1
372,92,1556.07,667.93,114.06,241.44,0.6686,-1,-1,-1
372,99,1460.93,720.17,93.96,232.38,0.7248,-1,-1,-1
372,108,1321.51,649.97,55.09,181.16,0.2634,-1,-1,-1
372,80,1556.10,667.93,113.98,241.42,0.6686,-1,-1,-1
372,109,1362.96,646.37,69.77,223.92,0.5228,-1,-1,-1
372,110,1.62,717.20,57.59,184.26,0.6497,-1,-1,-1
373,92,1559.37,670.58,112.94,244.16,0.6818,-1,-1,-1
373,99,1459.99,720.56,96.08,235.09,0.7244,-1,-1,-1
373,108,1318.03,650.34,55.99,172.07,0.2996,-1,-1,-1
373,80,1559.40,670.58,112.87,244.14,0.6818,-1,-1,-1
373,109,1360.05,648.65,72.18,224.53,0.4903,-1,-1,-1
373,110,-2.10,725.36,53.90,181.22,0.5469,-1,-1,-1
374,92,1558.80,675.60,113.27,244.50,0.6549,-1,-1,-1
374,99,1456.49,722.10,96.57,237.44,0.7136,-1,-1,-1
374,108,1313.40,646.20,56.04,169.45,0.3225,-1,-1,-1
374,80,1558.83,675.60,113.21,244.49,0.6549,-1,-1,-1
374,109,1358.31,652.23,73.90,223.60,0.5903,-1,-1,-1
374,110,-2.84,729.61,45.74,177.78,0.6588,-1,-1,-1
375,92,1560.19,674.47,109.23,245.88,0.6310,-1,-1,-1
375,99,1455.47,723.88,90.30,239.24,0.7044,-1,-1,-1
375,108,1313.00,645.91,54.81,171.08,0.2518,-1,-1,-1
375,80,1560.22,674.47,109.17,245.87,0.6310,-1,-1,-1
375,109,1357.04,655.41,77.02,223.09,0.5780,-1,-1,-1
375,110,-2.55,733.13,37.80,179.05,0.5702,-1,-1,-1
376,92,1558.91,677.42,105.96,244.65,0.6058,-1,-1,-1
376,99,1455.81,725.45,84.44,241.54,0.7029,-1,-1,-1
376,80,1558.94,677.42,105.90,244.64,0.6058,-1,-1,-1
376,109,1352.25,654.20,78.40,222.89,0.5028,-1,-1,-1
376,110,-2.15,735.00,26.91,174.90,0.5332,-1,-1,-1
376,114,1704.53,609.17,48.58,139.81,0.3589,-1,-1,-1
377,92,1555.67,681.19,102.02,239.30,0.6005,-1,-1,-1
377,99,1455.59,725.60,82.65,246.26,0.6765,-1,-1,-1
377,80,1555.69,681.19,101.97,239.29,0.6005,-1,-1,-1
377,109,1347.16,650.74,85.08,226.73,0.5914,-1,-1,-1
377,114,1706.21,608.05,48.66,141.30,0.3293,-1,-1,-1
378,92,1550.98,683.16,101.56,242.68,0.6502,-1,-1,-1
378,99,1456.43,726.37,80.90,252.36,0.6462,-1,-1,-1
378,80,1551.00,683.16,101.53,242.67,0.6502,-1,-1,-1
378,109,1341.54,648.25,86.01,231.09,0.4139,-1,-1,-1
378,114,1719.83,606.16,56.38,141.62,0.5085,-1,-1,-1
379,92,1547.64,679.81,95.37,247.64,0.7064,-1,-1,-1
379,99,1456.12,726.38,79.72,259.86,0.6689,-1,-1,-1
379,80,1547.66,679.81,95.33,247.63,0.7064,-1,-1,-1
379,109,1336.88,648.41,71.53,199.36,0.3068,-1,-1,-1
379,114,1719.82,601.00,61.42,144.39,0.3629,-1,-1,-1
380,92,1541.55,679.93,95.96,251.10,0.6651,-1,-1,-1
380,99,1454.26,725.75,79.71,266.22,0.6938,-1,-1,-1
380,80,1541.56,679.93,95.93,251.09,0.6651,-1,-1,-1
380,109,1331.64,648.28,63.73,183.63,0.4226,-1,-1,-1
380,114,1726.91,600.17,53.02,144.92,0.3188,-1,-1,-1
381,92,1532.81,679.59,90.27,257.33,0.6171,-1,-1,-1
381,99,1452.66,726.86,87.72,268.78,0.7039,-1,-1,-1
381,80,1532.82,679.59,90.24,257.32,0.6171,-1,-1,-1
381,109,1327.53,647.51,60.11,182.29,0.4149,-1,-1,-1
381,114,1733.77,596.15,49.05,144.97,0.2520,-1,-1,-1
382,92,1532.23,679.01,81.90,259.80,0.5843,-1,-1,-1
382,99,1449.91,731.04,89.77,269.72,0.6875,-1,-1,-1
382,80,1532.24,679.01,81.88,259.79,0.5843,-1,-1,-1
382,109,1323.20,648.30,58.69,181.54,0.6206,-1,-1,-1
382,114,1720.99,591.25,59.08,151.86,0.4681,-1,-1,-1
382,115,1444.87,559.72,44.58,82.84,0.3748,-1,-1,-1
383,92,1528.35,684.78,82.13,254.00,0.5641,-1,-1,-1
383,99,1446.87,736.09,94.27,269.24,0.7161,-1,-1,-1
383,80,1528.36,684.78,82.12,254.00,0.5641,-1,-1,-1
383,109,1320.14,648.88,55.14,184.58,0.6684,-1,-1,-1
383,114,1714.82,593.29,56.28,148.84,0.3562,-1,-1,-1
383,115,1441.92,562.27,44.49,79.82,0.2830,-1,-1,-1
384,92,1520.82,684.86,87.52,257.84,0.5888,-1,-1,-1
384,99,1443.58,739.93,99.24,271.25,0.7349,-1,-1,-1
384,80,1520.83,684.86,87.51,257.84,0.5888,-1,-1,-1
384,109,1316.76,647.97,52.95,186.66,0.6756,-1,-1,-1
384,114,1712.10,594.87,55.52,148.14,0.3819,-1,-1,-1
384,115,1439.42,562.60,46.03,79.70,0.3136,-1,-1,-1
385,92,1517.61,688.08,90.41,253.61,0.6032,-1,-1,-1
385,99,1440.13,742.32,99.82,272.18,0.7508,-1,-1,-1
385,80,1517.62,688.08,90.40,253.61,0.6032,-1,-1,-1
385,114,1715.14,592.57,65.58,153.60,0.4394,-1,-1,-1
385,115,1436.38,566.33,48.18,75.97,0.3982,-1,-1,-1
386,92,1512.43,693.47,94.32,253.26,0.5699,-1,-1,-1
386,99,1434.40,745.82,97.37,274.43,0.7482,-1,-1,-1
386,80,1512.44,693.47,94.31,253.26,0.5699,-1,-1,-1
386,114,1717.02,593.67,67.59,156.59,0.3082,-1,-1,-1
386,115,1433.09,562.30,47.49,80.78,0.3953,-1,-1,-1
386,108,1243.80,643.06,59.64,219.00,0.3705,-1,-1,-1
387,92,1506.40,693.20,96.81,256.07,0.6524,-1,-1,-1
387,99,1431.75,746.01,93.63,275.70,0.7004,-1,-1,-1
387,80,1506.41,693.20,96.80,256.07,0.6524,-1,-1,-1
387,114,1723.93,589.38,66.44,155.55,0.3069,-1,-1,-1
387,115,1431.11,561.90,40.82,75.80,0.2902,-1,-1,-1
387,117,1492.56,555.05,51.85,76.51,0.4286,-1,-1,-1
387,108,1238.56,642.74,64.05,219.88,0.5019,-1,-1,-1
388,92,1496.33,685.70,102.47,269.25,0.5991,-1,-1,-1
388,99,1428.58,747.54,91.76,280.84,0.6590,-1,-1,-1
388,80,1496.33,685.70,102.46,269.25,0.5991,-1,-1,-1
388,114,1724.68,589.10,71.28,160.38,0.2832,-1,-1,-1
388,117,1489.13,558.85,54.58,74.98,0.3838,-1,-1,-1
388,108,1233.73,647.01,59.41,217.04,0.4890,-1,-1,-1
389,92,1487.30,684.80,109.38,273.97,0.6432,-1,-1,-1
389,99,1425.89,748.10,92.95,287.93,0.5937,-1,-1,-1
389,80,1487.30,684.80,109.37,273.97,0.6432,-1,-1,-1
389,114,1730.28,589.99,66.27,162.02,0.2961,-1,-1,-1
389,117,1487.87,563.91,52.71,71.09,0.2579,-1,-1,-1
389,108,1219.84,646.39,65.88,219.67,0.4869,-1,-1,-1
390,92,1484.59,688.72,108.56,269.52,0.5539,-1,-1,-1
390,99,1417.28,749.12,99.42,291.66,0.6051,-1,-1,-1
390,80,1484.60,688.72,108.55,269.52,0.5539,-1,-1,-1
390,114,1734.45,589.27,61.84,161.20,0.2914,-1,-1,-1
390,117,1483.43,560.08,46.69,73.77,0.3198,-1,-1,-1
390,108,1220.54,646.98,61.52,224.46,0.4850,-1,-1,-1
390,109,1274.81,644.17,58.57,223.30,0.4372,-1,-1,-1
391,92,1480.64,707.12,108.36,250.72,0.5642,-1,-1,-1
391,99,1408.28,752.77,108.68,297.27,0.5758,-1,-1,-1
391,80,1480.64,707.12,108.35,250.71,0.5642,-1,-1,-1
391,114,1735.10,603.21,60.24,159.06,0.2646,-1,-1,-1
391,117,1481.84,559.99,50.48,80.34,0.4329,-1,-1,-1
391,108,1214.27,650.10,59.56,223.86,0.3324,-1,-1,-1
391,119,1530.89,563.59,44.94,83.61,0.3883,-1,-1,-1
391,115,1413.69,555.44,44.52,88.43,0.5149,-1,-1,-1
392,92,1470.98,708.06,112.17,251.41,0.5226,-1,-1,-1
392,99,1399.36,755.38,109.68,297.37,0.6737,-1,-1,-1
392,80,1470.99,708.06,112.17,251.40,0.5226,-1,-1,-1
392,114,1733.81,593.20,58.90,169.49,0.3334,-1,-1,-1
392,117,1474.17,561.70,47.70,74.92,0.2651,-1,-1,-1
392,108,1198.21,647.92,67.39,228.15,0.4916,-1,-1,-1
392,119,1525.33,560.28,43.90,90.70,0.3425,-1,-1,-1
392,120,1339.12,553.05,52.62,112.58,0.3838,-1,-1,-1
392,115,1407.17,552.20,46.15,91.14,0.3610,-1,-1,-1
392,109,1251.78,646.75,65.66,232.96,0.4866,-1,-1,-1
393,92,1459.41,707.67,90.15,199.28,0.3623,-1,-1,-1
393,99,1393.66,761.12,111.59,297.79,0.6459,-1,-1,-1
393,114,1731.64,602.66,59.68,162.84,0.4118,-1,-1,-1
393,117,1469.36,563.51,48.35,78.15,0.5473,-1,-1,-1
393,108,1189.73,647.28,68.15,231.39,0.4808,-1,-1,-1
393,119,1519.55,562.64,43.90,91.49,0.4309,-1,-1,-1
393,120,1334.76,553.76,52.53,116.56,0.4276,-1,-1,-1
393,115,1393.70,547.20,55.80,96.61,0.2959,-1,-1,-1
393,109,1239.30,649.63,68.28,241.87,0.2927,-1,-1,-1
394,99,1387.51,766.31,108.05,297.31,0.5864,-1,-1,-1
394,114,1729.91,603.55,57.09,159.92,0.4614,-1,-1,-1
394,117,1462.78,562.46,52.02,77.36,0.3469,-1,-1,-1
394,108,1182.01,649.77,66.86,229.85,0.4955,-1,-1,-1
394,119,1516.49,563.40,43.51,91.97,0.3022,-1,-1,-1
394,120,1329.10,553.92,50.61,116.61,0.4529,-1,-1,-1
394,115,1384.76,547.94,57.85,97.48,0.4495,-1,-1,-1
395,99,1379.97,768.20,102.82,300.96,0.6790,-1,-1,-1
395,114,1727.94,599.91,56.53,165.74,0.4525,-1,-1,-1
395,117,1458.46,560.78,46.77,80.07,0.3576,-1,-1,-1
395,108,1170.42,649.23,69.62,236.08,0.6486,-1,-1,-1
395,119,1509.23,563.51,43.56,88.10,0.3381,-1,-1,-1
395,120,1321.91,556.02,51.36,121.18,0.5571,-1,-1,-1
395,115,1384.64,547.90,52.37,97.22,0.5483,-1,-1,-1
395,92,1442.66,709.70,85.07,245.31,0.5039,-1,-1,-1
396,99,1372.26,770.92,104.80,302.77,0.7463,-1,-1,-1
396,114,1726.19,597.86,57.16,170.12,0.5024,-1,-1,-1
396,117,1447.42,558.82,48.33,82.07,0.3551,-1,-1,-1
396,108,1161.18,648.68,70.57,227.46,0.5767,-1,-1,-1
396,119,1502.33,561.42,43.06,87.86,0.3060,-1,-1,-1
396,120,1315.67,557.85,51.38,122.74,0.4681,-1,-1,-1
396,115,1381.56,547.76,47.57,98.74,0.4079,-1,-1,-1
396,92,1432.43,705.04,86.37,252.47,0.4900,-1,-1,-1
397,99,1365.20,772.62,102.88,305.62,0.6462,-1,-1,-1
397,114,1723.47,600.92,56.37,168.68,0.5168,-1,-1,-1
397,117,1443.96,561.30,50.40,82.95,0.5637,-1,-1,-1
397,108,1149.41,648.72,72.52,231.23,0.6023,-1,-1,-1
397,119,1495.84,562.40,44.86,89.78,0.4621,-1,-1,-1
397,120,1311.70,561.36,49.83,122.31,0.4754,-1,-1,-1
397,115,1372.77,549.56,46.09,98.07,0.4687,-1,-1,-1
397,92,1419.60,712.13,87.59,262.05,0.4240,-1,-1,-1
398,99,1356.48,771.34,109.98,306.50,0.5266,-1,-1,-1
398,114,1717.18,604.55,56.36,165.47,0.4440,-1,-1,-1
398,117,1436.64,559.41,51.32,86.32,0.3198,-1,-1,-1
398,108,1140.42,648.69,73.76,238.12,0.5480,-1,-1,-1
398,119,1489.18,562.86,40.72,85.92,0.2922,-1,-1,-1
398,120,1302.25,558.87,48.15,125.30,0.6483,-1,-1,-1
398,115,1366.24,550.74,47.06,96.14,0.4410,-1,-1,-1
398,92,1403.89,713.94,83.42,199.76,0.3430,-1,-1,-1
399,99,1347.81,769.59,111.66,310.93,0.3308,-1,-1,-1
399,114,1713.13,604.86,58.82,163.67,0.4769,-1,-1,-1
399,108,1129.13,652.05,69.90,229.45,0.6088,-1,-1,-1
399,119,1479.77,558.72,43.37,91.83,0.3676,-1,-1,-1
399,120,1293.46,554.61,49.89,128.09,0.5918,-1,-1,-1
399,115,1360.30,553.94,41.63,93.53,0.3336,-1,-1,-1
400,99,1339.32,770.95,111.76,310.80,0.3949,-1,-1,-1
400,114,1710.99,608.74,65.58,162.80,0.3386,-1,-1,-1
400,108,1112.72,652.75,87.29,256.24,0.5487,-1,-1,-1
400,119,1472.19,559.39,43.01,93.70,0.4413,-1,-1,-1
400,120,1288.38,556.47,43.66,127.12,0.6028,-1,-1,-1
400,115,1349.88,550.68,43.03,97.52,0.5156,-1,-1,-1
400,117,1420.49,561.81,51.30,83.79,0.5239,-1,-1,-1
400,92,1380.72,716.97,76.87,162.47,0.4058,-1,-1,-1
401,99,1325.03,772.19,114.10,309.07,0.5673,-1,-1,-1
401,114,1707.01,609.98,60.43,161.53,0.3325,-1,-1,-1
401,108,1095.59,656.08,85.59,251.89,0.6977,-1,-1,-1
401,119,1464.54,559.08,43.71,91.98,0.3138,-1,-1,-1
401,120,1278.31,553.94,45.76,130.35,0.6662,-1,-1,-1
401,115,1340.53,546.59,44.39,100.58,0.4730,-1,-1,-1
401,117,1411.12,560.56,51.18,83.87,0.3388,-1,-1,-1
401,92,1373.96,723.43,69.18,151.24,0.3396,-1,-1,-1
402,99,1314.48,775.90,115.43,304.97,0.6476,-1,-1,-1
402,108,1076.22,655.97,97.18,252.86,0.6523,-1,-1,-1
402,119,1454.94,556.77,45.15,96.28,0.3010,-1,-1,-1
402,120,1268.27,552.29,46.90,130.05,0.4882,-1,-1,-1
402,115,1325.75,541.44,49.21,107.29,0.4430,-1,-1,-1
402,117,1400.03,557.90,55.40,89.46,0.2948,-1,-1,-1
403,99,1302.91,767.79,122.50,312.10,0.6429,-1,-1,-1
403,108,1058.80,656.19,107.96,273.39,0.6643,-1,-1,-1
403,119,1446.03,557.03,49.13,98.65,0.3707,-1,-1,-1
403,120,1261.16,553.76,42.39,128.42,0.4601,-1,-1,-1
403,115,1315.10,541.73,50.85,106.52,0.5244,-1,-1,-1
403,117,1393.65,558.80,54.99,87.81,0.4321,-1,-1,-1
404,99,1287.00,768.15,127.48,311.63,0.7329,-1,-1,-1
404,108,1058.49,659.01,99.71,281.06,0.6668,-1,-1,-1
404,119,1435.57,559.89,48.08,92.89,0.4514,-1,-1,-1
404,120,1251.19,549.60,43.64,130.29,0.4945,-1,-1,-1
404,115,1308.59,542.42,47.83,106.42,0.5538,-1,-1,-1
404,117,1384.55,557.43,54.74,89.21,0.4288,-1,-1,-1
405,99,1264.27,778.33,137.74,302.30,0.6154,-1,-1,-1
405,108,1041.81,660.05,103.35,282.39,0.6361,-1,-1,-1
405,119,1425.18,559.91,46.94,94.52,0.4538,-1,-1,-1
405,120,1241.61,547.17,40.20,133.77,0.4936,-1,-1,-1
405,115,1296.84,541.84,48.98,108.18,0.4427,-1,-1,-1
405,117,1374.69,558.74,52.25,88.07,0.3288,-1,-1,-1
406,99,1220.42,781.94,166.89,297.82,0.5734,-1,-1,-1
406,108,1016.67,661.17,113.50,284.38,0.7434,-1,-1,-1
406,119,1415.17,557.03,47.01,95.52,0.3890,-1,-1,-1
406,120,1229.81,547.44,42.26,130.58,0.6155,-1,-1,-1
406,115,1289.52,541.59,45.76,106.41,0.6207,-1,-1,-1
406,117,1363.60,555.69,55.99,91.25,0.2560,-1,-1,-1
406,92,1295.24,724.22,65.34,133.08,0.3490,-1,-1,-1
407,99,1191.76,781.88,181.00,298.06,0.6132,-1,-1,-1
407,108,996.99,663.67,119.14,287.00,0.5555,-1,-1,-1
407,119,1404.27,554.31,47.04,101.71,0.4242,-1,-1,-1
407,120,1218.20,544.01,43.44,137.51,0.5263,-1,-1,-1
407,115,1278.94,546.86,44.20,103.08,0.5698,-1,-1,-1
407,117,1352.26,557.53,49.68,91.44,0.3710,-1,-1,-1
407,114,1672.52,602.06,72.63,185.84,0.3399,-1,-1,-1
408,99,1187.50,790.91,170.88,288.30,0.5616,-1,-1,-1
408,108,991.44,666.62,109.96,289.22,0.6195,-1,-1,-1
408,119,1394.33,556.15,45.04,97.45,0.4115,-1,-1,-1
408,120,1205.10,545.32,45.37,134.51,0.5762,-1,-1,-1
408,115,1267.30,543.96,43.43,104.80,0.6276,-1,-1,-1
408,117,1340.84,559.00,47.90,89.18,0.3585,-1,-1,-1
409,99,1185.23,792.32,154.46,287.68,0.7049,-1,-1,-1
409,108,967.80,665.84,116.72,292.64,0.6848,-1,-1,-1
409,119,1381.96,553.31,45.49,102.79,0.4239,-1,-1,-1
409,120,1193.37,543.40,45.97,137.92,0.5566,-1,-1,-1
409,115,1252.33,546.26,47.30,104.65,0.4809,-1,-1,-1
409,117,1328.43,558.54,46.33,91.22,0.3680,-1,-1,-1
409,114,1657.27,585.15,69.18,213.99,0.3417,-1,-1,-1
410,99,1181.75,804.90,137.76,275.42,0.5527,-1,-1,-1
410,108,944.92,667.81,117.70,294.73,0.7171,-1,-1,-1
410,119,1371.59,550.57,43.93,107.01,0.3416,-1,-1,-1
410,120,1180.32,542.98,46.71,136.88,0.5693,-1,-1,-1
410,115,1239.61,542.85,47.98,106.93,0.5820,-1,-1,-1
410,117,1323.42,559.32,48.58,90.58,0.3987,-1,-1,-1
410,114,1649.48,589.18,67.44,215.61,0.3501,-1,-1,-1
411,99,1164.30,813.81,137.16,265.65,0.7410,-1,-1,-1
411,108,930.46,669.32,115.44,294.34,0.5407,-1,-1,-1
411,119,1357.55,550.50,46.66,107.18,0.4457,-1,-1,-1
411,120,1167.75,541.05,46.10,140.22,0.4032,-1,-1,-1
411,115,1227.39,544.60,47.65,107.37,0.5103,-1,-1,-1
411,117,1307.08,558.40,48.71,92.55,0.4046,-1,-1,-1
411,114,1637.67,601.05,64.11,201.62,0.2887,-1,-1,-1
412,99,1149.18,823.24,133.05,254.69,0.6978,-1,-1,-1
412,108,903.97,667.59,130.64,300.38,0.6796,-1,-1,-1
412,119,1345.40,552.42,44.28,103.20,0.5002,-1,-1,-1
412,120,1152.24,540.66,48.16,137.35,0.5221,-1,-1,-1
412,115,1214.80,540.65,45.30,110.46,0.5601,-1,-1,-1
412,117,1293.56,556.99,44.50,92.78,0.3471,-1,-1,-1
412,114,1631.54,604.11,59.58,197.41,0.4147,-1,-1,-1
413,99,1120.87,818.19,141.47,261.13,0.5962,-1,-1,-1
413,108,890.11,669.29,129.45,300.30,0.6629,-1,-1,-1
413,119,1331.17,550.31,43.98,107.55,0.4322,-1,-1,-1
413,120,1138.21,541.35,45.83,138.23,0.4490,-1,-1,-1
413,115,1198.66,538.50,46.73,115.17,0.5686,-1,-1,-1
413,117,1279.82,555.85,42.13,94.08,0.4526,-1,-1,-1
414,99,1110.99,824.66,130.81,254.89,0.6705,-1,-1,-1
414,108,866.61,671.27,120.10,302.13,0.6993,-1,-1,-1
414,119,1318.05,551.71,45.45,105.09,0.4742,-1,-1,-1
414,120,1124.63,548.25,48.24,123.39,0.2823,-1,-1,-1
414,115,1182.57,538.34,49.04,115.62,0.6639,-1,-1,-1
414,117,1265.80,553.33,43.99,97.60,0.4599,-1,-1,-1
415,99,1079.38,822.87,138.97,256.44,0.5691,-1,-1,-1
415,108,840.17,671.67,120.27,304.91,0.7138,-1,-1,-1
415,119,1304.53,550.36,44.21,108.22,0.5039,-1,-1,-1
415,120,1110.05,545.51,47.33,130.41,0.4852,-1,-1,-1
415,115,1165.78,536.21,51.04,117.98,0.6293,-1,-1,-1
415,117,1252.11,556.10,49.24,94.26,0.4567,-1,-1,-1
416,99,1065.25,827.13,131.43,250.11,0.6470,-1,-1,-1
416,108,814.21,672.16,114.31,307.84,0.7559,-1,-1,-1
416,119,1287.81,551.34,47.11,106.28,0.4747,-1,-1,-1
416,120,1094.87,539.34,49.03,138.40,0.5295,-1,-1,-1
416,115,1148.48,535.11,51.83,118.52,0.5820,-1,-1,-1
416,117,1237.80,554.26,43.98,94.65,0.4518,-1,-1,-1
417,99,1029.30,830.63,141.99,246.59,0.5353,-1,-1,-1
417,108,785.62,674.69,113.28,308.89,0.7278,-1,-1,-1
417,119,1274.16,551.33,44.69,107.31,0.3938,-1,-1,-1
417,120,1081.48,538.93,48.78,132.38,0.4180,-1,-1,-1
417,115,1134.14,533.38,53.14,118.88,0.5369,-1,-1,-1
417,117,1222.36,555.03,46.63,93.23,0.4307,-1,-1,-1
418,99,1016.15,833.54,130.33,245.30,0.6620,-1,-1,-1
418,108,755.34,675.50,113.21,311.41,0.7941,-1,-1,-1
418,119,1256.90,551.64,44.69,106.74,0.4065,-1,-1,-1
418,120,1062.37,539.31,50.10,136.05,0.4801,-1,-1,-1
418,115,1117.09,531.63,55.70,118.79,0.7106,-1,-1,-1
418,117,1207.09,556.75,43.20,91.61,0.5119,-1,-1,-1
418,124,1796.80,583.52,84.36,198.70,0.4548,-1,-1,-1
418,125,1621.36,604.24,72.15,173.90,0.4301,-1,-1,-1
419,99,1004.48,836.63,116.31,242.67,0.6657,-1,-1,-1
419,108,720.28,676.51,120.60,315.36,0.7999,-1,-1,-1
419,119,1240.62,549.80,46.47,106.17,0.3763,-1,-1,-1
419,120,1047.15,538.25,48.78,134.22,0.4776,-1,-1,-1
419,115,1101.77,530.85,52.76,118.58,0.5663,-1,-1,-1
419,117,1192.20,552.00,41.57,95.16,0.5657,-1,-1,-1
419,124,1779.71,575.82,95.51,209.62,0.4966,-1,-1,-1
419,125,1608.47,610.82,75.45,168.90,0.5815,-1,-1,-1
420,99,976.21,837.82,116.80,241.93,0.7117,-1,-1,-1
420,108,688.58,679.19,125.71,315.98,0.7663,-1,-1,-1
420,119,1225.10,551.68,46.06,106.01,0.3607,-1,-1,-1
420,120,1032.34,532.82,50.34,135.73,0.4469,-1,-1,-1
420,115,1088.54,530.95,51.97,116.72,0.6089,-1,-1,-1
420,117,1176.91,552.65,45.20,93.98,0.5378,-1,-1,-1
420,124,1767.21,575.07,78.04,202.16,0.6197,-1,-1,-1
420,125,1590.80,613.11,78.17,166.09,0.4456,-1,-1,-1
420,126,904.69,782.78,109.86,297.03,0.5503,-1,-1,-1
421,99,947.01,836.75,118.19,243.39,0.6589,-1,-1,-1
421,108,657.77,680.51,128.94,317.80,0.7818,-1,-1,-1
421,119,1206.85,550.36,46.59,107.39,0.4578,-1,-1,-1
421,120,1011.85,535.43,51.89,138.40,0.5162,-1,-1,-1
421,115,1071.12,531.72,53.99,117.04,0.6514,-1,-1,-1
421,117,1160.05,553.36,45.90,94.77,0.5048,-1,-1,-1
421,124,1752.33,577.66,70.14,202.65,0.6431,-1,-1,-1
421,125,1579.98,611.68,77.68,167.93,0.4627,-1,-1,-1
421,126,872.44,774.09,117.56,306.16,0.3282,-1,-1,-1
422,99,915.51,843.45,120.66,236.41,0.7701,-1,-1,-1
422,108,625.37,679.11,138.47,325.64,0.8104,-1,-1,-1
422,119,1189.21,547.52,49.38,109.89,0.3945,-1,-1,-1
422,120,990.24,529.27,57.31,142.59,0.5423,-1,-1,-1
422,115,1052.43,529.50,53.15,117.11,0.5812,-1,-1,-1
422,117,1142.72,551.61,44.31,95.16,0.4914,-1,-1,-1
422,124,1732.66,579.25,74.40,203.08,0.2886,-1,-1,-1
422,125,1558.53,609.62,83.46,171.29,0.5039,-1,-1,-1
422,126,851.78,787.27,107.37,291.87,0.5206,-1,-1,-1
423,99,882.76,848.70,122.04,231.22,0.7508,-1,-1,-1
423,108,597.51,682.18,136.86,325.32,0.7435,-1,-1,-1
423,120,970.03,528.10,56.06,140.96,0.5020,-1,-1,-1
423,115,1032.11,528.32,56.98,118.87,0.5582,-1,-1,-1
423,117,1124.04,552.23,48.28,94.95,0.3676,-1,-1,-1
423,124,1717.47,578.40,68.79,203.60,0.5416,-1,-1,-1
423,125,1549.81,608.24,72.32,171.30,0.6345,-1,-1,-1
423,126,816.82,799.66,108.65,278.69,0.5454,-1,-1,-1
424,99,855.40,856.05,118.37,223.99,0.7106,-1,-1,-1
424,108,562.77,686.76,144.22,325.23,0.7654,-1,-1,-1
424,120,953.06,526.96,53.84,140.34,0.5595,-1,-1,-1
424,115,1012.44,528.55,59.00,117.51,0.5751,-1,-1,-1
424,117,1105.20,551.69,45.49,94.75,0.4095,-1,-1,-1
424,124,1694.57,573.71,69.58,206.35,0.5504,-1,-1,-1
424,125,1536.76,609.84,67.82,170.24,0.6065,-1,-1,-1
424,126,787.06,815.04,108.26,264.53,0.4642,-1,-1,-1
425,99,821.73,862.06,119.22,218.00,0.7482,-1,-1,-1
425,108,522.82,687.01,149.23,329.78,0.7380,-1,-1,-1
425,120,933.15,526.14,54.55,141.85,0.4822,-1,-1,-1
425,115,993.70,527.87,57.19,120.61,0.5298,-1,-1,-1
425,124,1672.91,572.41,71.52,207.97,0.6594,-1,-1,-1
425,125,1520.34,609.35,66.21,169.71,0.6197,-1,-1,-1
425,126,753.02,807.28,108.34,271.60,0.5043,-1,-1,-1
426,99,789.97,867.21,118.54,212.79,0.7101,-1,-1,-1
426,108,484.27,691.48,136.63,329.76,0.6049,-1,-1,-1
426,120,914.97,523.35,55.03,144.88,0.5108,-1,-1,-1
426,115,975.43,527.21,56.99,121.52,0.5616,-1,-1,-1
426,124,1654.22,575.94,71.08,203.24,0.6670,-1,-1,-1
426,125,1506.56,609.86,62.20,167.32,0.5712,-1,-1,-1
426,126,720.94,815.28,101.18,264.35,0.3808,-1,-1,-1
426,119,1110.56,545.27,45.59,111.73,0.3383,-1,-1,-1
426,117,1068.01,549.51,45.19,97.20,0.3491,-1,-1,-1
427,99,755.36,873.53,119.38,206.93,0.4954,-1,-1,-1
427,108,440.76,696.43,167.49,333.66,0.6856,-1,-1,-1
427,120,895.19,526.30,55.34,140.74,0.4818,-1,-1,-1
427,115,956.67,529.85,54.93,121.25,0.5040,-1,-1,-1
427,124,1632.22,579.41,74.02,204.03,0.5685,-1,-1,-1
427,125,1488.74,608.76,64.82,170.51,0.5396,-1,-1,-1
427,119,1089.67,546.45,47.64,112.81,0.3211,-1,-1,-1
428,99,720.78,884.94,117.89,195.80,0.5425,-1,-1,-1
428,108,411.36,700.67,171.48,339.81,0.5676,-1,-1,-1
428,120,869.08,528.69,60.20,142.07,0.5812,-1,-1,-1
428,115,937.08,530.77,55.88,123.95,0.5212,-1,-1,-1
428,124,1611.10,582.97,75.86,204.77,0.5840,-1,-1,-1
428,125,1470.76,609.08,65.37,172.89,0.4433,-1,-1,-1
428,114,1412.77,635.53,82.43,197.09,0.3523,-1,-1,-1
429,99,684.88,893.54,116.43,186.66,0.6602,-1,-1,-1
429,108,384.75,703.88,143.57,324.81,0.4135,-1,-1,-1
429,120,852.29,530.92,54.73,137.85,0.4273,-1,-1,-1
429,115,917.55,531.15,54.54,125.31,0.4393,-1,-1,-1
429,124,1585.55,586.61,81.78,204.12,0.4116,-1,-1,-1
429,125,1453.09,610.35,69.30,178.62,0.4682,-1,-1,-1
429,128,655.32,779.98,81.12,148.84,0.4409,-1,-1,-1
429,114,1393.24,627.00,73.72,209.43,0.3058,-1,-1,-1
429,126,586.75,847.50,120.79,215.02,0.4479,-1,-1,-1
430,99,637.79,904.32,125.80,176.29,0.6657,-1,-1,-1
430,108,329.86,708.77,161.81,331.95,0.7244,-1,-1,-1
430,120,827.04,531.80,63.77,136.70,0.2643,-1,-1,-1
430,115,894.01,531.38,57.08,127.06,0.3054,-1,-1,-1
430,124,1561.25,588.05,81.01,202.58,0.6572,-1,-1,-1
430,125,1437.22,612.34,70.39,184.24,0.6157,-1,-1,-1
430,128,616.99,789.02,81.37,162.46,0.4146,-1,-1,-1
430,114,1370.31,634.24,81.13,202.86,0.3501,-1,-1,-1
430,126,540.26,858.45,122.54,211.84,0.5381,-1,-1,-1
430,119,1027.88,560.07,50.86,117.47,0.4421,-1,-1,-1
431,99,609.50,915.22,111.68,164.94,0.5294,-1,-1,-1
431,108,298.98,713.11,147.11,327.89,0.5739,-1,-1,-1
431,120,801.95,540.42,64.37,134.66,0.4216,-1,-1,-1
431,124,1540.06,592.60,83.53,205.52,0.4299,-1,-1,-1
431,125,1414.88,616.64,73.70,183.74,0.4879,-1,-1,-1
431,128,565.11,797.42,91.27,171.31,0.3500,-1,-1,-1
431,114,1348.76,632.39,80.60,209.01,0.2722,-1,-1,-1
431,126,493.10,873.30,107.88,202.16,0.2865,-1,-1,-1
431,119,1011.28,562.18,47.97,120.44,0.4553,-1,-1,-1
431,117,976.64,560.49,38.51,107.44,0.4637,-1,-1,-1
432,99,572.46,925.55,105.44,154.39,0.6404,-1,-1,-1
432,108,253.95,717.39,117.86,329.47,0.3449,-1,-1,-1
432,120,780.61,538.59,65.96,134.94,0.2816,-1,-1,-1
432,124,1516.21,592.84,84.49,206.09,0.6072,-1,-1,-1
432,125,1399.43,618.72,76.96,181.33,0.4252,-1,-1,-1
432,128,520.80,805.84,93.99,170.76,0.4889,-1,-1,-1
432,114,1328.79,633.42,82.03,215.83,0.3318,-1,-1,-1
432,126,443.12,873.99,134.69,205.10,0.4967,-1,-1,-1
432,119,988.76,559.80,51.25,126.97,0.5209,-1,-1,-1
432,117,959.62,563.39,36.13,106.09,0.4763,-1,-1,-1
433,99,528.94,937.44,107.16,143.13,0.6491,-1,-1,-1
433,108,212.56,725.20,142.34,325.77,0.5586,-1,-1,-1
433,120,758.23,539.92,62.38,137.12,0.4283,-1,-1,-1
433,124,1495.54,595.86,91.39,210.50,0.5261,-1,-1,-1
433,125,1380.81,625.15,80.70,180.57,0.3854,-1,-1,-1
433,128,480.15,814.50,88.87,162.07,0.5351,-1,-1,-1
433,114,1311.11,648.56,91.10,207.04,0.3121,-1,-1,-1
433,126,355.44,874.17,182.90,206.76,0.6835,-1,-1,-1
433,119,964.76,562.15,54.46,130.17,0.4887,-1,-1,-1
433,117,939.04,566.30,34.57,105.22,0.4177,-1,-1,-1
434,99,484.62,947.98,106.36,130.36,0.6246,-1,-1,-1
434,108,165.36,728.93,114.24,336.28,0.6517,-1,-1,-1
434,120,737.21,539.26,60.65,135.50,0.3568,-1,-1,-1
434,124,1474.39,595.30,82.71,210.90,0.5617,-1,-1,-1
434,125,1360.06,626.16,86.40,182.78,0.5636,-1,-1,-1
434,128,434.47,818.92,92.72,170.53,0.5499,-1,-1,-1
434,114,1285.56,635.58,94.74,223.51,0.4473,-1,-1,-1
434,126,300.09,880.05,193.59,200.94,0.7406,-1,-1,-1
434,119,938.69,562.63,58.87,130.85,0.5035,-1,-1,-1
434,117,918.15,567.61,33.32,106.78,0.2679,-1,-1,-1
435,99,434.58,960.44,109.74,118.61,0.6159,-1,-1,-1
435,108,115.79,734.16,103.26,341.21,0.6894,-1,-1,-1
435,120,716.04,542.16,62.08,133.04,0.3417,-1,-1,-1
435,124,1453.73,598.97,77.80,209.67,0.5271,-1,-1,-1
435,125,1341.86,629.36,84.72,181.45,0.5577,-1,-1,-1
435,128,389.23,826.61,99.69,169.48,0.5329,-1,-1,-1
435,114,1265.21,638.94,89.38,225.56,0.4065,-1,-1,-1
435,126,259.48,887.82,187.39,193.07,0.7127,-1,-1,-1
435,119,920.75,564.58,57.38,132.65,0.3025,-1,-1,-1
435,117,886.31,566.50,42.39,109.56,0.3120,-1,-1,-1
436,99,383.94,968.47,111.60,111.09,0.5848,-1,-1,-1
436,108,61.69,735.80,105.53,343.60,0.7272,-1,-1,-1
436,120,693.38,542.34,58.22,133.90,0.4137,-1,-1,-1
436,124,1430.75,600.50,75.41,209.22,0.6316,-1,-1,-1
436,125,1322.85,631.08,87.08,181.73,0.6114,-1,-1,-1
436,128,340.71,832.02,100.01,176.25,0.5243,-1,-1,-1
436,114,1240.97,638.94,86.21,230.43,0.5592,-1,-1,-1
436,126,226.92,893.64,169.58,186.90,0.7734,-1,-1,-1
436,119,897.73,565.53,58.01,131.37,0.4351,-1,-1,-1
436,117,869.16,567.61,37.71,112.44,0.3475,-1,-1,-1
437,99,332.85,977.87,103.16,101.24,0.5212,-1,-1,-1
437,108,7.97,739.52,124.15,342.64,0.7359,-1,-1,-1
437,120,672.13,547.65,60.41,132.36,0.3923,-1,-1,-1
437,124,1409.20,601.14,69.37,209.19,0.5373,-1,-1,-1
437,125,1301.50,633.31,89.15,182.73,0.6776,-1,-1,-1
437,128,292.32,843.29,98.25,174.49,0.5842,-1,-1,-1
437,114,1223.08,644.04,78.28,232.78,0.5752,-1,-1,-1
437,126,180.27,903.22,165.73,177.67,0.7782,-1,-1,-1
437,119,878.21,567.90,55.45,131.05,0.4086,-1,-1,-1
437,117,845.58,568.46,39.25,117.56,0.3769,-1,-1,-1
437,130,921.38,559.01,44.55,129.54,0.5330,-1,-1,-1
438,99,275.53,991.86,94.02,86.72,0.4986,-1,-1,-1
438,108,-14.38,739.12,87.53,303.65,0.4062,-1,-1,-1
438,120,649.14,547.11,62.38,133.32,0.5414,-1,-1,-1
438,124,1385.44,597.88,67.41,208.76,0.6380,-1,-1,-1
438,125,1282.05,631.70,85.80,184.73,0.5954,-1,-1,-1
438,128,242.95,840.12,98.74,189.92,0.4790,-1,-1,-1
438,114,1204.46,644.38,74.78,236.90,0.5698,-1,-1,-1
438,126,127.30,911.88,161.67,168.27,0.7502,-1,-1,-1
438,119,857.00,567.23,56.39,133.21,0.4948,-1,-1,-1
438,117,824.78,567.43,36.33,117.83,0.2829,-1,-1,-1
438,130,901.54,560.86,41.73,117.58,0.2794,-1,-1,-1
439,99,214.54,1001.87,96.27,76.92,0.5612,-1,-1,-1
439,120,626.85,548.29,61.50,134.18,0.4614,-1,-1,-1
439,124,1361.37,599.12,66.06,210.06,0.6045,-1,-1,-1
439,125,1263.51,632.45,79.57,183.71,0.5914,-1,-1,-1
439,114,1181.36,645.45,85.07,241.13,0.6069,-1,-1,-1
439,126,70.06,920.38,158.44,159.51,0.7729,-1,-1,-1
439,119,834.55,567.66,54.80,134.52,0.4646,-1,-1,-1
439,117,794.50,566.13,45.61,118.98,0.2892,-1,-1,-1
439,130,881.56,562.18,41.59,123.98,0.3159,-1,-1,-1
440,99,153.06,1014.72,100.48,65.26,0.3575,-1,-1,-1
440,120,601.97,552.02,53.43,129.86,0.6258,-1,-1,-1
440,124,1336.10,600.39,67.76,209.48,0.6115,-1,-1,-1
440,125,1242.78,633.93,79.87,189.86,0.5450,-1,-1,-1
440,114,1154.46,652.57,90.88,240.70,0.6795,-1,-1,-1
440,126,5.79,930.94,161.60,149.58,0.7328,-1,-1,-1
440,119,812.19,568.83,52.99,136.75,0.4372,-1,-1,-1
440,117,776.15,568.00,42.13,125.66,0.2850,-1,-1,-1
440,130,860.32,563.06,42.74,127.31,0.2545,-1,-1,-1
440,115,671.30,545.01,53.31,133.76,0.3774,-1,-1,-1
440,128,136.30,860.98,96.31,184.74,0.4684,-1,-1,-1
441,120,578.65,549.24,53.18,132.60,0.5503,-1,-1,-1
441,124,1308.53,599.26,71.19,217.33,0.5864,-1,-1,-1
441,125,1223.64,633.89,75.39,194.85,0.5414,-1,-1,-1
441,114,1129.27,656.19,95.88,241.14,0.7633,-1,-1,-1
441,126,-17.63,941.58,118.18,138.79,0.5807,-1,-1,-1
441,119,791.22,568.54,50.65,137.67,0.3817,-1,-1,-1
441,117,756.55,567.40,39.48,127.78,0.3933,-1,-1,-1
441,130,836.67,562.19,44.22,131.58,0.4592,-1,-1,-1
441,115,645.68,540.56,55.50,137.47,0.3439,-1,-1,-1
441,128,77.37,870.60,107.13,200.82,0.4373,-1,-1,-1
442,120,554.86,550.18,51.35,130.68,0.5175,-1,-1,-1
442,124,1284.89,600.73,69.68,215.93,0.5959,-1,-1,-1
442,125,1203.26,640.25,76.81,191.42,0.5198,-1,-1,-1
442,114,1103.27,666.65,99.68,233.61,0.7690,-1,-1,-1
442,119,768.98,568.24,49.67,139.32,0.4429,-1,-1,-1
442,117,736.03,569.32,36.63,130.59,0.4322,-1,-1,-1
442,130,813.63,564.64,45.87,129.77,0.3349,-1,-1,-1
442,115,621.22,537.73,58.31,142.60,0.3871,-1,-1,-1
442,128,11.69,879.83,117.21,199.75,0.6564,-1,-1,-1
443,120,531.20,564.15,47.01,118.41,0.5189,-1,-1,-1
443,124,1256.92,602.56,71.11,219.40,0.5928,-1,-1,-1
443,125,1184.17,638.26,74.02,196.16,0.6814,-1,-1,-1
443,114,1078.95,673.22,105.99,228.57,0.7817,-1,-1,-1
443,119,746.82,569.78,48.08,138.10,0.3433,-1,-1,-1
443,117,713.04,570.72,36.43,132.75,0.4515,-1,-1,-1
443,130,790.44,567.35,47.93,128.92,0.2705,-1,-1,-1
443,115,595.52,528.56,62.62,150.08,0.3940,-1,-1,-1
444,120,505.02,566.70,45.71,116.71,0.5799,-1,-1,-1
444,124,1230.08,604.05,73.43,217.00,0.6598,-1,-1,-1
444,125,1162.50,638.77,73.73,196.74,0.7093,-1,-1,-1
444,114,1052.12,676.37,107.09,230.55,0.7171,-1,-1,-1
444,119,722.05,568.35,48.91,140.60,0.3374,-1,-1,-1
444,117,689.97,572.41,36.29,132.48,0.3747,-1,-1,-1
444,130,770.17,567.10,46.34,129.78,0.3370,-1,-1,-1
445,120,480.62,570.23,44.74,118.17,0.5754,-1,-1,-1
445,124,1203.76,602.64,69.70,221.67,0.6151,-1,-1,-1
445,125,1139.75,637.58,75.48,202.33,0.6499,-1,-1,-1
445,114,1027.23,677.68,102.19,233.55,0.7724,-1,-1,-1
445,119,699.52,569.29,47.28,139.91,0.3656,-1,-1,-1
445,117,665.37,573.21,37.03,136.15,0.4710,-1,-1,-1
445,130,744.42,567.08,46.75,132.64,0.3627,-1,-1,-1
445,115,549.63,518.33,60.76,158.11,0.3484,-1,-1,-1
446,120,453.96,570.76,46.66,118.76,0.5765,-1,-1,-1
446,124,1178.50,603.14,72.90,221.53,0.6701,-1,-1,-1
446,125,1117.43,638.94,74.03,201.92,0.6771,-1,-1,-1
446,114,999.40,676.68,99.52,239.82,0.7743,-1,-1,-1
446,119,674.31,567.89,47.76,142.99,0.4151,-1,-1,-1
446,117,640.47,573.27,37.77,136.47,0.3505,-1,-1,-1
446,115,524.27,515.56,60.64,160.87,0.4218,-1,-1,-1
447,120,427.46,572.81,47.11,117.63,0.5531,-1,-1,-1
447,124,1153.00,601.35,72.59,223.24,0.6963,-1,-1,-1
447,125,1090.47,642.64,75.82,202.83,0.6822,-1,-1,-1
447,114,974.24,673.23,95.15,248.92,0.6463,-1,-1,-1
447,117,616.41,572.95,40.27,138.12,0.3544,-1,-1,-1
447,115,499.03,514.89,61.59,160.79,0.3641,-1,-1,-1
448,120,399.70,574.40,48.34,115.87,0.4198,-1,-1,-1
448,124,1125.25,602.93,68.75,220.77,0.6606,-1,-1,-1
448,125,1066.97,640.37,74.53,204.05,0.6310,-1,-1,-1
448,114,943.57,671.20,94.55,253.38,0.6805,-1,-1,-1
448,117,577.18,570.64,51.21,142.59,0.2796,-1,-1,-1
448,115,478.14,516.33,57.04,160.24,0.3362,-1,-1,-1
448,131,1000.21,615.95,63.96,165.70,0.3774,-1,-1,-1
449,120,370.57,570.55,52.88,119.60,0.6228,-1,-1,-1
449,124,1097.89,604.83,64.49,219.51,0.5704,-1,-1,-1
449,125,1041.00,639.22,78.36,207.51,0.6374,-1,-1,-1
449,114,913.08,670.26,105.00,264.48,0.6899,-1,-1,-1
449,117,542.91,566.66,51.80,148.60,0.4381,-1,-1,-1
449,115,450.23,507.46,64.26,169.74,0.3275,-1,-1,-1
449,130,652.39,562.19,45.29,135.58,0.3520,-1,-1,-1
450,120,340.89,568.37,54.12,121.12,0.5474,-1,-1,-1
450,124,1070.52,605.48,61.04,219.88,0.4615,-1,-1,-1
450,125,1019.19,641.23,72.83,203.21,0.5257,-1,-1,-1
450,114,882.43,674.10,99.37,259.95,0.6447,-1,-1,-1
450,132,1833.57,777.05,79.49,301.88,0.7829,-1,-1,-1
450,130,627.21,559.66,46.04,137.77,0.2793,-1,-1,-1
450,131,942.63,614.44,70.90,209.22,0.4301,-1,-1,-1
451,120,313.55,566.79,52.71,122.39,0.3478,-1,-1,-1
451,124,1039.62,606.42,60.88,227.36,0.3205,-1,-1,-1
451,125,990.41,636.59,82.78,212.93,0.5304,-1,-1,-1
451,114,850.98,680.38,93.41,267.06,0.7655,-1,-1,-1
451,132,1804.26,774.77,104.62,303.98,0.8399,-1,-1,-1
451,130,604.61,559.32,45.18,138.68,0.3061,-1,-1,-1
451,131,915.69,616.13,71.11,218.73,0.4395,-1,-1,-1
452,120,284.78,567.49,48.64,123.08,0.4919,-1,-1,-1
452,125,964.75,633.21,82.45,219.39,0.4502,-1,-1,-1
452,114,818.57,685.75,100.75,270.36,0.8004,-1,-1,-1
452,132,1772.11,774.25,134.86,303.54,0.8570,-1,-1,-1
452,131,893.12,619.52,66.38,220.32,0.3466,-1,-1,-1
452,117,481.60,566.94,42.41,148.66,0.3966,-1,-1,-1
453,120,252.69,569.56,50.73,123.85,0.3562,-1,-1,-1
453,125,939.44,623.17,87.62,231.68,0.5592,-1,-1,-1
453,114,786.35,691.53,104.30,269.08,0.7348,-1,-1,-1
453,132,1739.74,773.30,167.30,304.76,0.8495,-1,-1,-1
453,117,457.81,567.25,41.03,152.62,0.3749,-1,-1,-1
454,120,223.67,571.01,51.48,124.00,0.3404,-1,-1,-1
454,125,914.60,616.35,83.40,242.87,0.6788,-1,-1,-1
454,114,751.48,695.30,104.19,271.70,0.7747,-1,-1,-1
454,132,1710.36,772.62,184.34,307.91,0.8560,-1,-1,-1
454,117,429.56,569.54,42.38,155.22,0.4356,-1,-1,-1
454,131,840.96,619.75,64.42,220.13,0.4323,-1,-1,-1
455,125,887.16,617.50,81.83,247.45,0.7290,-1,-1,-1
455,114,716.05,699.52,101.51,274.43,0.7862,-1,-1,-1
455,132,1680.23,773.17,192.77,308.58,0.8528,-1,-1,-1
455,117,400.89,571.78,43.35,157.74,0.4737,-1,-1,-1
455,131,813.36,629.61,62.29,218.95,0.6844,-1,-1,-1
455,130,500.43,563.83,45.88,143.35,0.3988,-1,-1,-1
456,125,860.02,614.46,78.89,251.24,0.6896,-1,-1,-1
456,114,680.40,698.59,94.73,288.35,0.7853,-1,-1,-1
456,132,1646.73,768.96,197.88,311.87,0.8583,-1,-1,-1
456,117,372.45,572.22,41.89,160.90,0.3352,-1,-1,-1
456,131,782.78,631.27,65.46,222.80,0.6011,-1,-1,-1
456,130,474.42,561.73,46.33,145.93,0.4981,-1,-1,-1
457,125,826.68,620.20,85.08,251.45,0.5679,-1,-1,-1
457,114,643.90,697.58,91.14,303.06,0.7733,-1,-1,-1
457,132,1612.44,763.24,198.88,316.79,0.8525,-1,-1,-1
457,117,342.94,570.60,41.87,158.48,0.3902,-1,-1,-1
457,131,755.08,632.37,70.55,225.81,0.6289,-1,-1,-1
457,130,444.36,562.42,50.82,145.94,0.4472,-1,-1,-1
458,125,795.44,621.64,88.25,256.12,0.7062,-1,-1,-1
458,114,607.13,700.83,98.77,313.61,0.7391,-1,-1,-1
458,132,1577.95,761.10,200.37,318.47,0.8504,-1,-1,-1
458,117,311.98,572.60,44.10,162.81,0.4707,-1,-1,-1
458,131,721.68,637.44,71.12,225.24,0.6321,-1,-1,-1
458,130,412.71,561.33,55.59,148.21,0.4272,-1,-1,-1
458,120,87.50,552.24,62.81,149.38,0.5304,-1,-1,-1
459,125,766.36,658.44,88.10,224.00,0.4744,-1,-1,-1
459,114,566.07,704.41,101.87,322.67,0.7351,-1,-1,-1
459,132,1543.48,756.72,200.73,323.87,0.8501,-1,-1,-1
459,117,279.52,575.37,46.79,164.36,0.4402,-1,-1,-1
459,131,692.45,646.81,68.21,217.62,0.5374,-1,-1,-1
459,120,53.59,555.59,60.21,150.07,0.4898,-1,-1,-1
460,125,729.82,668.28,94.61,219.40,0.6055,-1,-1,-1
460,114,521.51,707.08,103.63,333.64,0.7346,-1,-1,-1
460,132,1508.00,757.80,199.48,323.39,0.8539,-1,-1,-1
460,117,247.56,578.08,46.97,162.49,0.3292,-1,-1,-1
460,131,659.26,650.50,70.62,220.71,0.6617,-1,-1,-1
460,130,356.68,566.83,58.17,149.87,0.4190,-1,-1,-1
461,125,702.58,650.61,88.59,242.46,0.6994,-1,-1,-1
461,114,474.63,720.78,108.02,332.66,0.7084,-1,-1,-1
461,132,1473.35,759.74,196.09,321.04,0.8650,-1,-1,-1
461,117,217.83,580.62,45.89,161.61,0.3337,-1,-1,-1
461,131,624.35,653.70,72.40,225.41,0.6039,-1,-1,-1
461,130,325.10,569.08,57.34,150.57,0.3586,-1,-1,-1
461,120,-3.06,555.39,40.36,155.29,0.3960,-1,-1,-1
462,125,669.99,639.91,91.12,258.04,0.5855,-1,-1,-1
462,114,427.43,731.09,118.10,329.04,0.7558,-1,-1,-1
462,132,1439.42,769.86,193.92,310.67,0.8509,-1,-1,-1
462,117,183.69,580.50,48.68,167.41,0.4297,-1,-1,-1
462,131,590.67,652.87,72.23,232.28,0.4982,-1,-1,-1
462,130,297.13,568.55,54.90,152.01,0.3460,-1,-1,-1
462,135,133.30,582.41,63.98,165.00,0.3713,-1,-1,-1
463,125,634.43,646.04,102.10,259.49,0.7211,-1,-1,-1
463,114,382.35,739.33,124.40,330.02,0.7744,-1,-1,-1
463,132,1404.59,784.63,191.14,296.24,0.8488,-1,-1,-1
463,117,144.46,586.59,56.97,164.54,0.3602,-1,-1,-1
463,131,555.54,654.70,75.64,234.85,0.5782,-1,-1,-1
463,130,267.54,576.24,55.75,148.04,0.2692,-1,-1,-1
463,135,95.17,613.23,60.84,135.98,0.3815,-1,-1,-1
464,125,598.96,645.34,106.85,265.56,0.6785,-1,-1,-1
464,114,334.00,748.47,136.38,329.50,0.6740,-1,-1,-1
464,132,1370.07,799.31,190.04,281.90,0.8723,-1,-1,-1
464,117,106.70,588.91,59.94,167.53,0.3434,-1,-1,-1
464,131,519.53,658.93,84.09,236.09,0.5358,-1,-1,-1
464,130,232.77,578.75,60.51,149.98,0.2570,-1,-1,-1
465,125,559.69,647.53,112.41,268.30,0.7080,-1,-1,-1
465,114,282.79,750.80,152.52,331.89,0.7162,-1,-1,-1
465,132,1334.36,814.31,189.72,266.24,0.8557,-1,-1,-1
465,117,68.53,587.54,62.37,170.93,0.3002,-1,-1,-1
465,131,484.91,658.38,86.01,239.75,0.6592,-1,-1,-1
465,119,122.13,575.52,58.93,167.84,0.3642,-1,-1,-1
466,125,526.55,672.89,109.41,252.24,0.6670,-1,-1,-1
466,114,227.53,757.81,166.86,326.46,0.8033,-1,-1,-1
466,132,1299.40,827.33,188.55,253.47,0.8264,-1,-1,-1
466,117,28.43,591.99,67.58,170.16,0.3259,-1,-1,-1
466,131,445.57,653.89,95.03,249.61,0.6105,-1,-1,-1
467,125,488.65,681.57,113.21,251.43,0.6690,-1,-1,-1
467,114,172.93,763.50,174.95,320.83,0.8410,-1,-1,-1
467,132,1266.34,838.66,185.45,241.51,0.7971,-1,-1,-1
467,117,-3.48,586.44,56.74,173.98,0.2822,-1,-1,-1
467,131,405.53,661.73,102.47,249.83,0.5709,-1,-1,-1
467,130,132.60,565.23,73.35,173.94,0.3828,-1,-1,-1
468,125,453.08,694.56,109.21,244.24,0.5988,-1,-1,-1
468,114,115.67,765.90,183.11,317.07,0.8529,-1,-1,-1
468,132,1233.59,848.79,182.62,231.11,0.8418,-1,-1,-1
468,131,369.78,664.84,91.06,251.98,0.3743,-1,-1,-1
468,130,106.49,574.50,65.24,170.67,0.3312,-1,-1,-1
469,125,413.07,697.22,112.31,246.02,0.5493,-1,-1,-1
469,114,56.08,772.44,189.69,309.00,0.8416,-1,-1,-1
469,132,1202.28,855.78,176.46,223.87,0.8571,-1,-1,-1
469,131,331.82,667.67,79.14,243.46,0.5349,-1,-1,-1
470,125,374.22,699.24,112.57,250.24,0.6567,-1,-1,-1
470,114,3.25,774.97,186.86,306.21,0.8458,-1,-1,-1
470,132,1168.45,856.11,174.26,222.87,0.8435,-1,-1,-1
470,131,290.46,662.53,98.31,262.21,0.5137,-1,-1,-1
471,125,337.78,699.43,110.98,254.70,0.6771,-1,-1,-1
471,114,-16.50,782.34,151.20,296.68,0.7649,-1,-1,-1
471,132,1131.30,854.42,174.44,224.15,0.8499,-1,-1,-1
471,131,250.41,661.69,96.03,272.78,0.5596,-1,-1,-1
472,125,298.57,698.97,109.83,256.75,0.6619,-1,-1,-1
472,132,1092.69,852.44,175.29,226.18,0.8265,-1,-1,-1
472,131,212.44,655.31,105.72,280.50,0.5649,-1,-1,-1
473,125,258.41,700.00,106.91,261.53,0.6841,-1,-1,-1
473,132,1052.52,852.66,178.71,227.51,0.8485,-1,-1,-1
473,131,166.06,659.06,111.08,287.60,0.5671,-1,-1,-1
474,125,218.51,703.56,101.54,261.67,0.6887,-1,-1,-1
474,132,1011.85,852.01,182.83,228.35,0.8506,-1,-1,-1
474,131,122.41,657.51,113.86,293.09,0.6547,-1,-1,-1
475,125,174.95,703.09,100.67,269.17,0.7019,-1,-1,-1
475,132,970.32,851.93,181.03,228.16,0.8333,-1,-1,-1
475,131,74.63,663.36,104.43,291.85,0.5878,-1,-1,-1
476,125,126.39,705.56,107.86,272.93,0.7521,-1,-1,-1
476,132,928.61,858.62,175.15,222.42,0.7542,-1,-1,-1
476,131,25.81,679.32,104.07,279.45,0.6395,-1,-1,-1
477,125,78.93,705.02,111.85,280.23,0.7146,-1,-1,-1
477,132,886.24,863.21,187.77,217.19,0.6657,-1,-1,-1
477,131,-6.81,704.88,86.88,250.35,0.3824,-1,-1,-1
478,125,26.43,713.73,98.66,255.72,0.3665,-1,-1,-1
478,132,842.54,869.21,193.71,211.48,0.7549,-1,-1,-1
479,132,797.02,881.18,193.80,199.70,0.6716,-1,-1,-1
480,132,749.81,890.76,193.05,190.37,0.6669,-1,-1,-1
481,132,705.93,885.21,188.94,195.38,0.7859,-1,-1,-1
482,132,682.56,881.15,163.68,199.31,0.7728,-1,-1,-1
483,132,621.84,879.01,171.18,200.53,0.8145,-1,-1,-1
483,138,1791.21,657.76,96.79,235.59,0.7143,-1,-1,-1
483,139,1722.09,649.33,81.64,139.48,0.4791,-1,-1,-1
484,132,565.99,877.45,174.82,201.74,0.8335,-1,-1,-1
484,138,1752.12,656.95,95.94,239.18,0.6537,-1,-1,-1
484,139,1682.27,646.97,81.27,252.14,0.4596,-1,-1,-1
485,132,512.68,878.26,173.91,201.08,0.8317,-1,-1,-1
485,138,1710.81,659.26,91.22,237.10,0.6314,-1,-1,-1
485,139,1646.46,647.18,74.72,220.40,0.5463,-1,-1,-1
486,132,461.77,879.08,173.01,198.31,0.8494,-1,-1,-1
486,138,1671.23,658.07,83.97,211.48,0.5993,-1,-1,-1
486,139,1599.53,644.59,82.97,210.76,0.4149,-1,-1,-1
487,132,407.16,887.01,172.87,190.43,0.8553,-1,-1,-1
487,138,1629.49,659.41,82.23,202.93,0.3879,-1,-1,-1
487,139,1554.91,645.42,82.87,279.85,0.3299,-1,-1,-1
488,132,353.38,898.17,172.62,179.88,0.8581,-1,-1,-1
488,138,1589.00,660.52,79.01,163.84,0.3922,-1,-1,-1
488,139,1512.43,646.94,87.05,270.57,0.3584,-1,-1,-1
489,132,302.88,913.59,167.88,165.10,0.8446,-1,-1,-1
489,138,1548.81,660.83,72.68,144.32,0.3804,-1,-1,-1
489,139,1457.49,649.86,98.59,263.37,0.6581,-1,-1,-1
490,132,253.78,926.99,159.15,152.06,0.8220,-1,-1,-1
490,138,1505.79,666.59,73.07,137.48,0.4569,-1,-1,-1
490,139,1408.37,657.91,104.77,255.59,0.6969,-1,-1,-1
491,132,204.05,943.16,153.11,137.02,0.8055,-1,-1,-1
491,138,1455.47,671.76,81.53,135.76,0.3437,-1,-1,-1
491,139,1363.57,663.30,103.23,252.39,0.7007,-1,-1,-1
492,132,154.57,951.16,149.39,128.55,0.8029,-1,-1,-1
492,138,1410.98,678.52,85.81,137.04,0.3330,-1,-1,-1
492,139,1325.60,667.52,98.87,251.09,0.6295,-1,-1,-1
493,132,99.23,960.56,149.96,120.63,0.8067,-1,-1,-1
493,138,1369.69,679.62,82.88,134.31,0.3829,-1,-1,-1
493,139,1286.76,669.04,93.34,256.36,0.6451,-1,-1,-1
494,132,42.66,965.77,147.75,114.12,0.7972,-1,-1,-1
494,138,1326.08,682.61,81.16,137.62,0.4825,-1,-1,-1
494,139,1249.86,672.02,83.56,262.09,0.6521,-1,-1,-1
495,132,-4.29,968.17,134.64,111.99,0.8046,-1,-1,-1
495,138,1283.22,688.04,78.59,139.76,0.4722,-1,-1,-1
495,139,1213.37,677.23,70.67,264.06,0.5842,-1,-1,-1
496,132,-18.23,968.50,80.06,111.28,0.5912,-1,-1,-1
496,138,1238.35,694.71,76.55,141.29,0.2910,-1,-1,-1
496,139,1172.17,681.94,68.02,270.67,0.6288,-1,-1,-1
497,139,1129.00,681.01,65.09,272.12,0.6040,-1,-1,-1
498,139,1081.06,680.41,69.74,275.23,0.6594,-1,-1,-1
498,138,1135.91,690.85,89.91,229.29,0.4749,-1,-1,-1
499,139,1032.40,680.62,72.59,275.05,0.6623,-1,-1,-1
499,138,1096.22,687.78,89.59,252.88,0.5527,-1,-1,-1
500,139,982.18,678.67,79.11,275.63,0.7318,-1,-1,-1
500,138,1052.41,685.83,86.66,261.32,0.6255,-1,-1,-1
501,139,934.40,679.92,87.37,276.46,0.7289,-1,-1,-1
501,138,1009.15,685.79,85.97,272.91,0.6606,-1,-1,-1
502,139,883.44,680.12,92.40,275.24,0.6884,-1,-1,-1
502,138,962.37,684.28,83.04,279.05,0.5917,-1,-1,-1
503,139,833.51,682.36,97.04,272.65,0.6905,-1,-1,-1
503,138,914.32,683.44,81.46,279.11,0.5861,-1,-1,-1
504,139,786.14,682.17,99.37,275.45,0.7641,-1,-1,-1
504,138,871.79,684.73,80.76,283.26,0.5904,-1,-1,-1
504,141,1831.83,652.08,76.98,165.82,0.7212,-1,-1,-1
505,139,735.96,682.79,101.05,287.06,0.7863,-1,-1,-1
505,138,825.39,689.15,82.01,298.82,0.5888,-1,-1,-1
505,141,1802.58,648.73,76.74,171.39,0.6001,-1,-1,-1
506,139,688.16,686.85,95.61,292.99,0.7058,-1,-1,-1
506,138,774.10,693.95,87.77,303.05,0.5701,-1,-1,-1
506,141,1765.63,654.91,76.57,167.71,0.6659,-1,-1,-1
506,142,1844.85,660.33,57.42,176.53,0.6018,-1,-1,-1
507,139,638.37,692.17,92.28,294.35,0.7599,-1,-1,-1
507,138,700.32,699.36,110.13,314.29,0.7061,-1,-1,-1
507,141,1737.51,655.16,70.67,166.24,0.6403,-1,-1,-1
507,142,1813.11,654.01,73.97,181.38,0.7322,-1,-1,-1
508,139,591.25,699.21,86.28,296.69,0.7578,-1,-1,-1
508,138,642.54,708.98,118.23,326.05,0.7291,-1,-1,-1
508,141,1702.55,658.44,74.20,167.26,0.5526,-1,-1,-1
508,142,1780.67,661.53,77.84,179.55,0.5942,-1,-1,-1
509,139,541.66,707.50,82.33,303.32,0.6902,-1,-1,-1
509,138,591.51,716.30,116.73,327.09,0.7485,-1,-1,-1
509,141,1668.55,664.32,76.19,168.96,0.6928,-1,-1,-1
509,142,1746.12,660.95,78.53,180.81,0.7191,-1,-1,-1
510,139,488.33,713.17,85.39,305.68,0.6381,-1,-1,-1
510,138,545.28,724.12,110.82,332.29,0.6808,-1,-1,-1
510,141,1636.81,670.42,72.08,168.18,0.6834,-1,-1,-1
510,142,1710.80,666.89,77.73,181.63,0.6921,-1,-1,-1
511,139,433.78,720.63,87.42,300.78,0.6180,-1,-1,-1
511,138,493.84,733.36,109.64,332.73,0.7496,-1,-1,-1
511,141,1599.70,673.27,72.06,169.32,0.7166,-1,-1,-1
511,142,1676.77,668.62,73.36,182.77,0.7258,-1,-1,-1
512,139,380.47,727.08,87.63,311.19,0.5344,-1,-1,-1
512,138,425.25,742.44,127.93,327.14,0.7198,-1,-1,-1
512,141,1561.03,672.92,77.00,176.52,0.7047,-1,-1,-1
512,142,1640.91,672.87,75.72,184.52,0.6715,-1,-1,-1
513,139,294.35,732.77,117.53,315.52,0.6434,-1,-1,-1
513,138,373.25,748.00,127.28,332.67,0.6972,-1,-1,-1
513,141,1525.06,672.16,80.74,178.97,0.7546,-1,-1,-1
513,142,1607.62,672.78,71.33,188.75,0.6621,-1,-1,-1
513,144,1619.81,568.06,35.23,106.02,0.3437,-1,-1,-1
514,139,219.32,739.46,136.30,322.18,0.5412,-1,-1,-1
514,138,312.78,753.70,131.46,330.33,0.7675,-1,-1,-1
514,141,1492.55,675.63,77.14,179.52,0.6344,-1,-1,-1
514,142,1569.88,673.30,77.43,195.34,0.6820,-1,-1,-1
514,144,1590.49,570.51,36.20,110.55,0.5267,-1,-1,-1
515,139,157.05,746.99,148.79,326.49,0.3917,-1,-1,-1
515,138,264.83,757.51,125.78,326.44,0.6367,-1,-1,-1
515,141,1462.03,674.69,74.64,179.98,0.7064,-1,-1,-1
515,142,1536.93,673.48,73.06,198.40,0.6545,-1,-1,-1
515,144,1561.96,570.95,38.80,111.44,0.6343,-1,-1,-1
516,139,98.26,752.10,139.53,328.55,0.3490,-1,-1,-1
516,138,206.28,762.52,120.27,319.49,0.6349,-1,-1,-1
516,141,1430.26,674.05,72.57,180.15,0.7515,-1,-1,-1
516,142,1504.63,677.10,72.48,199.03,0.6101,-1,-1,-1
516,144,1535.29,571.12,39.38,112.91,0.6464,-1,-1,-1
517,139,70.50,755.22,102.97,283.07,0.3457,-1,-1,-1
517,138,125.61,766.77,145.92,313.54,0.7486,-1,-1,-1
517,141,1396.41,672.73,74.85,183.92,0.6903,-1,-1,-1
517,142,1472.53,674.07,73.87,200.77,0.6672,-1,-1,-1
517,144,1508.03,571.41,39.12,109.61,0.6161,-1,-1,-1
517,145,1849.63,737.85,64.00,268.63,0.6665,-1,-1,-1
518,139,8.71,758.76,100.56,302.53,0.5097,-1,-1,-1
518,138,66.22,774.54,141.80,307.16,0.6817,-1,-1,-1
518,141,1359.87,675.13,80.90,184.64,0.5470,-1,-1,-1
518,142,1442.58,679.75,60.08,194.47,0.6067,-1,-1,-1
518,144,1479.98,571.75,40.33,107.45,0.5742,-1,-1,-1
518,145,1821.33,733.65,85.77,273.09,0.6670,-1,-1,-1
519,138,2.25,782.45,147.94,299.86,0.8014,-1,-1,-1
519,141,1323.02,675.37,85.17,186.50,0.6919,-1,-1,-1
519,142,1411.23,677.86,60.28,195.15,0.6616,-1,-1,-1
519,144,1452.00,568.84,43.31,107.32,0.5479,-1,-1,-1
519,145,1784.78,732.61,101.93,272.80,0.7489,-1,-1,-1
520,138,-21.47,789.55,108.53,291.98,0.3757,-1,-1,-1
520,141,1288.28,675.32,87.01,188.69,0.7506,-1,-1,-1
520,142,1376.22,677.01,71.69,196.95,0.7199,-1,-1,-1
520,144,1426.58,569.59,43.07,103.94,0.5444,-1,-1,-1
520,145,1752.23,733.02,106.00,274.64,0.5978,-1,-1,-1
521,141,1254.05,679.83,88.17,185.49,0.7212,-1,-1,-1
521,142,1347.01,678.35,70.43,201.81,0.7082,-1,-1,-1
521,144,1400.84,570.16,43.54,102.28,0.5605,-1,-1,-1
521,145,1713.33,732.23,112.45,276.42,0.5818,-1,-1,-1
522,141,1224.23,679.70,83.89,186.06,0.7211,-1,-1,-1
522,142,1314.99,677.39,68.61,202.57,0.6758,-1,-1,-1
522,144,1375.01,569.47,46.60,101.51,0.5369,-1,-1,-1
522,145,1685.06,732.08,109.50,196.04,0.4990,-1,-1,-1
523,141,1193.87,682.73,79.37,182.91,0.7302,-1,-1,-1
523,142,1281.44,678.47,72.67,205.33,0.7018,-1,-1,-1
523,144,1350.02,569.03,50.40,101.58,0.5392,-1,-1,-1
523,145,1646.76,729.73,115.13,251.52,0.6723,-1,-1,-1
524,141,1164.89,685.62,76.51,184.46,0.7085,-1,-1,-1
524,142,1250.38,680.61,73.23,206.30,0.7214,-1,-1,-1
524,144,1323.98,570.07,53.22,100.52,0.5592,-1,-1,-1
524,145,1612.86,726.97,114.93,267.89,0.6948,-1,-1,-1
525,141,1132.16,682.93,74.27,191.33,0.6827,-1,-1,-1
525,142,1215.82,678.68,73.99,212.14,0.6370,-1,-1,-1
525,144,1299.24,570.33,54.02,100.97,0.5722,-1,-1,-1
525,145,1579.63,727.66,116.71,273.59,0.7918,-1,-1,-1
526,141,1100.61,684.55,71.81,194.38,0.7445,-1,-1,-1
526,142,1179.35,678.05,79.42,217.95,0.7272,-1,-1,-1
526,144,1275.50,572.09,51.05,99.44,0.5840,-1,-1,-1
526,145,1545.50,724.14,117.56,277.14,0.7759,-1,-1,-1
527,141,1071.50,684.34,69.62,195.39,0.6824,-1,-1,-1
527,142,1144.69,680.89,80.87,219.47,0.6781,-1,-1,-1
527,144,1253.02,572.70,48.51,99.36,0.5528,-1,-1,-1
527,145,1513.90,723.06,115.51,275.69,0.5258,-1,-1,-1
528,141,1037.88,685.84,70.47,200.65,0.7027,-1,-1,-1
528,142,1110.18,684.31,84.29,222.58,0.7568,-1,-1,-1
528,144,1229.43,572.96,49.29,99.98,0.6053,-1,-1,-1
528,145,1478.75,725.36,117.83,271.99,0.6928,-1,-1,-1
529,141,1004.34,687.30,72.77,206.98,0.7325,-1,-1,-1
529,142,1068.51,687.54,94.37,226.73,0.7596,-1,-1,-1
529,144,1206.65,572.72,48.73,100.62,0.5882,-1,-1,-1
529,145,1441.89,726.37,123.28,275.83,0.6184,-1,-1,-1
530,141,969.91,694.44,74.69,209.31,0.6663,-1,-1,-1
530,142,1032.03,690.67,99.01,229.63,0.6753,-1,-1,-1
530,144,1183.59,572.83,46.81,100.60,0.6145,-1,-1,-1
530,145,1410.39,728.19,125.73,284.83,0.7391,-1,-1,-1
531,141,936.92,699.07,75.93,207.03,0.6237,-1,-1,-1
531,142,996.76,695.91,104.89,231.09,0.7020,-1,-1,-1
531,144,1161.88,571.10,45.69,102.36,0.6213,-1,-1,-1
531,145,1379.46,726.84,130.19,291.43,0.8190,-1,-1,-1
532,141,899.38,702.71,82.52,211.23,0.6623,-1,-1,-1
532,142,962.39,701.96,107.06,236.84,0.6938,-1,-1,-1
532,144,1141.62,571.35,44.89,104.69,0.6659,-1,-1,-1
532,145,1351.79,731.88,134.63,292.31,0.7121,-1,-1,-1
533,141,862.40,707.17,85.31,209.60,0.6880,-1,-1,-1
533,142,935.32,702.75,103.04,241.78,0.7097,-1,-1,-1
533,144,1118.93,570.08,45.87,106.74,0.6550,-1,-1,-1
533,145,1325.96,734.35,122.12,293.98,0.7346,-1,-1,-1
534,141,832.73,706.54,84.34,211.84,0.6540,-1,-1,-1
534,142,910.17,706.08,97.73,236.83,0.7632,-1,-1,-1
534,144,1097.72,570.71,44.92,108.50,0.6537,-1,-1,-1
534,145,1299.18,736.89,116.22,295.13,0.7156,-1,-1,-1
535,141,802.15,706.18,83.17,220.47,0.6762,-1,-1,-1
535,142,880.95,707.89,92.91,242.66,0.7501,-1,-1,-1
535,144,1076.07,570.11,43.23,110.03,0.6529,-1,-1,-1
535,145,1273.79,738.82,113.03,295.63,0.7397,-1,-1,-1
536,141,770.96,706.87,78.64,226.16,0.6764,-1,-1,-1
536,142,846.91,707.84,94.11,249.49,0.8324,-1,-1,-1
536,144,1057.15,573.73,43.11,108.49,0.5845,-1,-1,-1
536,145,1249.32,738.63,110.27,295.00,0.7719,-1,-1,-1
537,141,739.09,705.46,69.10,234.71,0.6373,-1,-1,-1
537,142,818.10,709.83,88.73,252.02,0.6955,-1,-1,-1
537,144,1036.32,575.03,43.71,107.08,0.6611,-1,-1,-1
537,145,1224.08,734.25,106.47,297.63,0.6874,-1,-1,-1
538,141,703.65,709.04,66.11,234.50,0.5661,-1,-1,-1
538,142,779.92,711.10,88.79,259.16,0.6928,-1,-1,-1
538,144,1016.53,578.93,43.85,108.81,0.6538,-1,-1,-1
538,145,1196.73,737.18,104.36,296.24,0.7845,-1,-1,-1
539,141,667.10,713.20,70.81,233.04,0.7131,-1,-1,-1
539,142,744.82,713.86,91.00,267.01,0.7917,-1,-1,-1
539,144,995.69,577.82,43.45,110.16,0.6706,-1,-1,-1
539,145,1170.74,735.43,106.03,297.52,0.7492,-1,-1,-1
540,141,623.78,717.32,85.20,238.91,0.6423,-1,-1,-1
540,142,714.84,717.37,83.19,269.13,0.6628,-1,-1,-1
540,144,977.11,578.85,43.74,111.74,0.6853,-1,-1,-1
540,145,1142.01,737.70,105.32,302.53,0.7520,-1,-1,-1
541,141,577.61,722.61,99.72,246.59,0.7061,-1,-1,-1
541,142,673.67,723.69,96.10,274.47,0.6807,-1,-1,-1
541,144,956.70,580.00,43.88,112.88,0.6274,-1,-1,-1
541,145,1114.23,740.43,103.60,303.02,0.7305,-1,-1,-1
542,141,528.85,724.99,114.42,250.18,0.6898,-1,-1,-1
542,142,634.30,729.79,101.12,275.45,0.7055,-1,-1,-1
542,144,936.88,583.08,46.24,112.33,0.7012,-1,-1,-1
542,145,1074.62,748.96,113.91,310.88,0.6395,-1,-1,-1
543,141,489.72,731.06,125.55,255.37,0.7119,-1,-1,-1
543,142,598.73,735.62,102.75,280.54,0.7793,-1,-1,-1
543,144,917.28,584.47,47.72,111.24,0.6867,-1,-1,-1
543,145,1049.83,751.95,112.96,308.19,0.7327,-1,-1,-1
544,141,450.82,744.79,133.34,259.03,0.7297,-1,-1,-1
544,142,560.45,746.42,106.69,294.80,0.7092,-1,-1,-1
544,144,896.17,586.18,47.81,111.96,0.7089,-1,-1,-1
544,145,1024.14,758.45,112.44,309.36,0.7090,-1,-1,-1
545,141,420.04,746.62,135.29,251.72,0.7199,-1,-1,-1
545,142,527.78,746.81,107.44,295.74,0.7589,-1,-1,-1
545,144,877.96,583.85,49.55,112.06,0.7016,-1,-1,-1
545,145,994.07,755.94,114.27,314.13,0.7373,-1,-1,-1
546,141,385.87,745.70,128.63,258.62,0.7381,-1,-1,-1
546,142,488.90,748.94,110.32,302.60,0.7615,-1,-1,-1
546,144,857.65,583.64,48.79,112.17,0.7119,-1,-1,-1
546,145,969.73,756.53,113.46,311.98,0.7000,-1,-1,-1
547,141,357.53,747.68,112.58,263.05,0.7205,-1,-1,-1
547,142,456.95,752.99,105.18,300.40,0.8197,-1,-1,-1
547,144,838.77,584.21,50.30,112.28,0.7227,-1,-1,-1
547,145,938.53,755.45,120.25,313.41,0.7395,-1,-1,-1
548,141,319.28,751.09,105.49,271.48,0.7335,-1,-1,-1
548,142,417.72,753.79,101.52,305.69,0.7979,-1,-1,-1
548,144,819.04,584.77,51.85,112.33,0.7553,-1,-1,-1
548,145,913.96,760.01,117.23,306.78,0.7689,-1,-1,-1
549,141,282.86,759.19,104.54,271.16,0.7620,-1,-1,-1
549,142,377.89,758.34,107.73,310.86,0.7920,-1,-1,-1
549,144,798.82,582.93,53.67,113.23,0.7128,-1,-1,-1
549,145,886.05,755.12,121.24,309.87,0.7786,-1,-1,-1
550,141,243.79,759.38,100.92,281.46,0.7331,-1,-1,-1
550,142,336.88,760.02,114.83,313.71,0.7589,-1,-1,-1
550,144,779.76,583.12,53.59,115.18,0.7174,-1,-1,-1
550,145,860.66,757.46,118.92,309.77,0.7345,-1,-1,-1
551,141,200.61,762.53,100.07,294.25,0.7385,-1,-1,-1
551,142,293.88,764.74,111.53,310.42,0.7240,-1,-1,-1
551,144,761.82,584.75,52.02,115.96,0.6976,-1,-1,-1
551,145,843.46,769.42,111.62,299.02,0.6284,-1,-1,-1
552,141,157.72,767.48,101.08,304.83,0.7012,-1,-1,-1
552,142,247.24,768.27,113.88,311.64,0.7913,-1,-1,-1
552,144,743.11,584.66,54.46,115.25,0.7536,-1,-1,-1
552,145,807.63,731.84,122.61,342.91,0.7280,-1,-1,-1
553,141,111.06,773.89,101.09,306.56,0.6899,-1,-1,-1
553,142,198.01,775.73,117.72,306.55,0.7397,-1,-1,-1
553,144,724.57,583.21,55.83,117.44,0.7025,-1,-1,-1
553,145,788.92,739.13,119.23,339.48,0.7172,-1,-1,-1
554,141,66.02,780.99,103.86,301.67,0.7070,-1,-1,-1
554,142,147.57,782.28,124.62,300.65,0.7750,-1,-1,-1
554,144,704.88,582.56,56.68,118.93,0.7044,-1,-1,-1
554,145,765.55,751.69,118.83,328.23,0.7576,-1,-1,-1
555,141,19.71,789.86,107.14,293.23,0.7456,-1,-1,-1
555,142,101.19,794.16,133.59,288.78,0.7576,-1,-1,-1
555,144,688.22,583.95,53.79,118.73,0.7200,-1,-1,-1
555,145,725.91,757.38,134.88,316.47,0.7067,-1,-1,-1
555,149,766.11,546.87,38.28,78.65,0.4154,-1,-1,-1
556,141,-6.73,796.32,84.59,286.50,0.6648,-1,-1,-1
556,142,54.65,802.91,129.74,278.41,0.7959,-1,-1,-1
556,144,669.76,581.12,54.43,120.42,0.7677,-1,-1,-1
556,145,699.76,760.92,132.81,304.15,0.7479,-1,-1,-1
557,142,5.39,814.18,128.57,266.94,0.8287,-1,-1,-1
557,144,651.99,579.55,53.14,120.99,0.7402,-1,-1,-1
557,145,680.47,764.41,126.74,310.34,0.6966,-1,-1,-1
557,149,735.78,546.89,37.94,77.19,0.4002,-1,-1,-1
558,142,-12.02,817.78,86.82,258.93,0.7029,-1,-1,-1
558,144,633.19,576.74,54.90,124.22,0.7547,-1,-1,-1
558,145,655.65,762.85,123.73,314.51,0.7616,-1,-1,-1
559,144,616.15,575.94,54.03,125.83,0.7413,-1,-1,-1
559,145,628.31,764.42,126.73,312.41,0.7993,-1,-1,-1
559,149,701.66,540.08,36.93,82.21,0.3714,-1,-1,-1
560,144,598.29,579.67,53.39,125.75,0.7687,-1,-1,-1
560,145,607.27,761.60,124.16,317.76,0.7889,-1,-1,-1
560,149,687.77,537.49,39.05,84.12,0.3550,-1,-1,-1
561,144,580.20,576.15,57.13,129.95,0.7441,-1,-1,-1
561,145,579.85,758.47,125.55,321.27,0.8310,-1,-1,-1
561,149,675.64,543.55,31.36,75.82,0.2678,-1,-1,-1
562,144,562.42,579.68,58.31,129.88,0.7138,-1,-1,-1
562,145,552.94,758.28,127.07,322.21,0.7915,-1,-1,-1
562,149,665.93,544.56,27.50,77.37,0.3061,-1,-1,-1
563,144,545.29,582.69,60.46,130.41,0.7622,-1,-1,-1
563,145,529.60,757.18,122.95,323.10,0.8600,-1,-1,-1
564,144,530.76,585.15,60.36,128.44,0.6866,-1,-1,-1
564,145,503.72,758.74,124.16,321.77,0.8226,-1,-1,-1
565,144,513.92,584.17,60.84,131.34,0.7138,-1,-1,-1
565,145,474.93,760.57,129.52,319.46,0.7310,-1,-1,-1
566,144,496.40,585.51,64.29,130.92,0.7689,-1,-1,-1
566,145,439.71,765.20,142.11,315.06,0.7161,-1,-1,-1
567,144,481.42,587.82,63.50,132.31,0.7759,-1,-1,-1
567,145,416.23,775.47,142.23,305.02,0.8361,-1,-1,-1
568,144,463.49,588.17,64.57,134.15,0.7332,-1,-1,-1
568,145,381.92,783.39,151.40,296.17,0.7918,-1,-1,-1
569,144,443.76,588.60,69.86,136.02,0.6889,-1,-1,-1
569,145,356.48,789.01,155.02,290.91,0.7942,-1,-1,-1
570,144,428.23,588.51,69.44,138.25,0.7252,-1,-1,-1
570,145,329.92,790.76,156.83,288.49,0.7965,-1,-1,-1
571,144,414.03,590.65,68.40,139.63,0.7143,-1,-1,-1
571,145,304.45,795.29,157.82,284.88,0.8196,-1,-1,-1
572,144,397.24,594.22,69.47,138.30,0.6659,-1,-1,-1
572,145,281.79,797.53,154.32,275.20,0.5938,-1,-1,-1
572,150,1854.89,588.76,63.21,163.35,0.4416,-1,-1,-1
573,144,381.15,594.42,68.82,141.35,0.7174,-1,-1,-1
573,145,261.63,798.57,149.13,243.12,0.5623,-1,-1,-1
573,150,1861.21,590.69,56.43,161.13,0.4458,-1,-1,-1
574,144,365.90,597.38,70.58,141.28,0.7038,-1,-1,-1
574,145,227.47,800.15,155.69,267.15,0.5372,-1,-1,-1
574,150,1857.86,589.11,52.15,160.89,0.4095,-1,-1,-1
575,144,346.44,598.36,73.03,141.05,0.7126,-1,-1,-1
575,145,203.65,800.69,151.23,242.68,0.6176,-1,-1,-1
576,144,329.61,599.69,73.90,144.12,0.7424,-1,-1,-1
576,145,169.69,806.16,157.84,261.16,0.6885,-1,-1,-1
576,150,1835.69,587.75,63.25,172.52,0.3994,-1,-1,-1
577,144,312.79,599.15,75.49,144.65,0.6869,-1,-1,-1
577,145,144.58,807.98,155.52,231.27,0.5220,-1,-1,-1
577,150,1828.15,583.26,64.42,180.25,0.4317,-1,-1,-1
578,144,295.59,598.02,76.34,148.91,0.7539,-1,-1,-1
578,145,111.21,811.22,162.00,254.86,0.4224,-1,-1,-1
578,150,1821.00,580.16,62.21,184.64,0.2745,-1,-1,-1
579,144,279.18,598.17,73.73,151.74,0.7550,-1,-1,-1
579,145,84.00,817.40,161.79,226.05,0.5987,-1,-1,-1
579,150,1814.94,584.38,60.14,182.89,0.5335,-1,-1,-1
580,144,263.84,600.38,74.16,151.20,0.6796,-1,-1,-1
580,145,54.20,822.95,162.56,238.44,0.4788,-1,-1,-1
580,150,1808.91,589.32,60.00,180.34,0.6345,-1,-1,-1
581,144,247.21,597.54,74.72,157.05,0.7594,-1,-1,-1
581,145,13.38,828.15,172.79,245.41,0.7595,-1,-1,-1
581,150,1803.14,590.46,61.09,181.63,0.4604,-1,-1,-1
582,144,231.12,598.91,72.92,158.21,0.7683,-1,-1,-1
582,145,-4.85,833.87,163.53,245.17,0.8044,-1,-1,-1
582,150,1795.90,588.90,63.88,184.73,0.5880,-1,-1,-1
583,144,212.51,599.75,77.86,159.95,0.7496,-1,-1,-1
583,145,-10.07,836.75,142.46,237.28,0.6320,-1,-1,-1
583,150,1789.61,599.87,65.35,174.61,0.5129,-1,-1,-1
584,144,196.69,598.88,79.51,165.84,0.7854,-1,-1,-1
584,145,-9.52,836.97,112.35,237.96,0.7322,-1,-1,-1
584,150,1783.79,611.22,65.17,163.96,0.4747,-1,-1,-1
585,144,184.66,600.93,77.06,170.88,0.8122,-1,-1,-1
585,145,-7.67,843.88,80.49,234.71,0.7066,-1,-1,-1
585,150,1778.66,608.38,65.75,165.52,0.3050,-1,-1,-1
586,144,168.67,604.38,79.17,170.58,0.7194,-1,-1,-1
586,150,1774.83,593.11,65.33,178.50,0.3923,-1,-1,-1
587,144,155.12,607.40,81.87,170.80,0.7771,-1,-1,-1
587,150,1773.73,591.06,58.70,168.77,0.3684,-1,-1,-1
588,144,141.66,609.44,82.57,173.48,0.7836,-1,-1,-1
588,150,1772.33,587.08,57.42,165.41,0.4658,-1,-1,-1
589,144,126.74,612.84,85.13,174.13,0.7702,-1,-1,-1
589,150,1768.25,583.83,56.33,163.45,0.5797,-1,-1,-1
590,144,114.45,614.02,85.65,177.13,0.7598,-1,-1,-1
590,150,1766.17,582.11,58.10,168.75,0.6655,-1,-1,-1
591,144,99.99,614.90,84.24,179.56,0.7854,-1,-1,-1
591,150,1765.29,581.93,60.52,169.75,0.7563,-1,-1,-1
591,155,1225.57,525.84,30.14,77.79,0.4182,-1,-1,-1
592,144,85.85,618.71,86.36,177.61,0.7919,-1,-1,-1
592,150,1764.25,578.46,62.25,168.54,0.7294,-1,-1,-1
592,155,1226.48,528.39,28.03,74.71,0.3617,-1,-1,-1
593,144,72.36,618.35,86.46,182.08,0.7673,-1,-1,-1
593,150,1764.39,581.65,62.64,168.81,0.7711,-1,-1,-1
593,155,1225.09,529.18,27.77,74.86,0.4409,-1,-1,-1
593,156,332.95,534.64,41.59,99.06,0.5695,-1,-1,-1
594,144,57.48,621.14,91.08,184.50,0.7570,-1,-1,-1
594,150,1762.13,579.92,66.17,171.77,0.7173,-1,-1,-1
594,155,1223.74,528.99,28.95,74.06,0.4135,-1,-1,-1
594,156,330.21,536.64,39.33,97.64,0.4703,-1,-1,-1
595,144,44.75,621.30,89.15,188.14,0.7903,-1,-1,-1
595,150,1753.82,581.70,76.98,176.13,0.7278,-1,-1,-1
595,155,1223.40,528.62,29.20,76.11,0.4101,-1,-1,-1
595,156,325.70,536.74,40.73,96.01,0.5087,-1,-1,-1
596,144,30.48,626.21,90.81,189.54,0.7914,-1,-1,-1
596,150,1750.98,579.43,82.63,177.84,0.7310,-1,-1,-1
596,155,1224.89,527.12,29.23,76.28,0.4189,-1,-1,-1
596,156,319.53,536.44,43.54,97.67,0.5084,-1,-1,-1
597,144,16.64,627.71,91.78,192.18,0.7580,-1,-1,-1
597,150,1755.29,584.70,80.57,173.42,0.7483,-1,-1,-1
597,155,1227.25,527.79,28.00,76.30,0.3616,-1,-1,-1
597,156,315.25,533.19,42.65,103.22,0.6773,-1,-1,-1
598,144,2.47,637.19,96.49,192.61,0.7877,-1,-1,-1
598,150,1758.77,584.11,81.83,171.61,0.7626,-1,-1,-1
598,155,1228.65,528.16,27.37,75.82,0.3295,-1,-1,-1
598,156,310.30,536.63,42.51,104.74,0.5358,-1,-1,-1
599,144,-2.89,640.51,88.66,193.29,0.7882,-1,-1,-1
599,150,1763.87,582.78,82.54,172.95,0.7712,-1,-1,-1
599,155,1230.63,526.27,27.86,78.25,0.4659,-1,-1,-1
599,156,307.98,541.39,42.01,100.59,0.4963,-1,-1,-1
600,144,-4.82,647.43,78.57,192.36,0.7772,-1,-1,-1
600,150,1766.56,582.25,82.86,176.31,0.7870,-1,-1,-1
600,155,1232.20,522.26,29.00,83.21,0.5823,-1,-1,-1
600,156,302.97,545.21,44.78,98.51,0.4858,-1,-1,-1
601,144,-4.80,651.40,65.70,192.69,0.7101,-1,-1,-1
601,150,1774.92,580.57,76.74,178.59,0.7806,-1,-1,-1
601,155,1233.81,522.35,29.00,83.48,0.3970,-1,-1,-1
601,156,298.15,541.65,47.41,103.18,0.4701,-1,-1,-1
602,144,-3.87,661.06,53.00,185.55,0.5107,-1,-1,-1
602,150,1783.90,577.84,70.07,181.56,0.7064,-1,-1,-1
602,155,1235.20,521.12,28.80,84.56,0.3433,-1,-1,-1
602,156,293.91,538.68,49.41,108.15,0.4356,-1,-1,-1
603,144,-2.73,671.66,37.55,178.75,0.4325,-1,-1,-1
603,150,1789.74,579.61,65.02,181.68,0.6211,-1,-1,-1
603,155,1236.14,519.58,30.36,87.48,0.3998,-1,-1,-1
603,156,290.29,527.58,49.39,120.62,0.5469,-1,-1,-1
604,150,1800.64,576.43,55.13,185.88,0.4576,-1,-1,-1
604,155,1237.79,519.75,30.33,88.68,0.5440,-1,-1,-1
604,156,287.88,540.54,48.66,109.67,0.5993,-1,-1,-1
605,150,1811.33,580.53,48.38,183.22,0.5029,-1,-1,-1
605,155,1240.08,518.40,30.09,89.10,0.6189,-1,-1,-1
605,156,284.59,522.25,51.46,127.19,0.4827,-1,-1,-1
606,155,1243.35,515.66,28.78,91.07,0.6126,-1,-1,-1
606,156,281.74,528.26,51.27,121.78,0.5485,-1,-1,-1
607,155,1245.14,515.34,29.19,91.63,0.6135,-1,-1,-1
607,156,279.30,537.87,51.23,113.06,0.5678,-1,-1,-1
608,155,1247.91,516.50,29.55,91.15,0.3003,-1,-1,-1
608,156,277.00,540.37,49.98,108.58,0.6190,-1,-1,-1
609,155,1250.78,517.48,31.21,90.77,0.5436,-1,-1,-1
609,156,275.03,544.40,49.24,102.22,0.4811,-1,-1,-1
610,155,1252.74,517.54,32.58,92.06,0.4841,-1,-1,-1
610,156,273.63,528.81,49.68,114.73,0.5587,-1,-1,-1
611,155,1255.80,516.74,30.90,96.05,0.4316,-1,-1,-1
611,156,270.57,515.82,51.15,128.14,0.5740,-1,-1,-1
612,155,1259.36,519.06,30.22,95.05,0.4606,-1,-1,-1
612,156,267.44,507.06,50.79,137.21,0.6329,-1,-1,-1
612,157,1826.20,590.92,45.10,181.37,0.4209,-1,-1,-1
613,155,1263.10,521.82,29.75,93.26,0.5640,-1,-1,-1
613,156,263.27,499.43,53.50,144.16,0.6922,-1,-1,-1
613,157,1830.79,595.36,49.61,180.46,0.5449,-1,-1,-1
614,155,1266.15,524.14,29.63,91.66,0.6247,-1,-1,-1
614,156,259.73,497.39,54.46,146.82,0.7451,-1,-1,-1
614,157,1835.89,597.46,60.10,187.13,0.5636,-1,-1,-1
615,155,1267.92,524.96,30.03,91.35,0.6189,-1,-1,-1
615,156,257.42,496.19,53.10,148.50,0.7405,-1,-1,-1
615,157,1840.56,601.40,64.01,194.68,0.5308,-1,-1,-1
616,155,1269.70,526.74,30.90,95.46,0.6325,-1,-1,-1
616,156,254.79,497.97,50.56,147.36,0.6222,-1,-1,-1
616,157,1847.41,605.02,61.96,194.12,0.5796,-1,-1,-1
617,155,1271.90,527.70,30.65,96.44,0.5737,-1,-1,-1
617,156,253.59,500.14,49.60,143.22,0.6383,-1,-1,-1
617,157,1851.00,610.77,57.04,192.11,0.5666,-1,-1,-1
618,155,1274.77,530.62,31.86,96.61,0.5495,-1,-1,-1
618,156,250.25,501.42,49.47,143.10,0.6310,-1,-1,-1
618,157,1855.04,611.67,63.15,197.01,0.6607,-1,-1,-1
619,155,1276.11,531.87,33.70,96.37,0.6089,-1,-1,-1
619,156,248.06,503.78,49.48,142.83,0.6422,-1,-1,-1
619,157,1860.98,610.15,60.63,202.68,0.6313,-1,-1,-1
620,155,1276.33,532.52,36.09,98.49,0.6370,-1,-1,-1
620,156,246.14,504.15,49.68,143.13,0.5934,-1,-1,-1
620,157,1867.46,610.44,53.99,206.88,0.6569,-1,-1,-1
621,155,1281.17,530.14,34.86,102.17,0.5944,-1,-1,-1
621,156,244.57,501.21,49.56,147.27,0.6215,-1,-1,-1
621,157,1875.52,609.73,45.57,207.33,0.5321,-1,-1,-1
622,155,1286.61,530.58,31.73,105.28,0.5676,-1,-1,-1
622,156,241.84,500.50,49.11,148.44,0.6681,-1,-1,-1
622,157,1880.99,611.48,39.71,202.14,0.6158,-1,-1,-1
623,155,1291.76,528.40,33.25,104.38,0.6331,-1,-1,-1
623,156,239.09,499.50,49.06,153.72,0.6432,-1,-1,-1
623,157,1887.56,604.89,33.22,197.35,0.3911,-1,-1,-1
624,155,1295.59,529.96,35.03,105.45,0.6234,-1,-1,-1
624,156,237.90,497.93,48.21,153.90,0.6704,-1,-1,-1
625,155,1300.28,534.52,35.95,103.64,0.6339,-1,-1,-1
625,156,236.47,509.15,48.44,148.59,0.6621,-1,-1,-1
626,155,1305.00,530.73,40.75,107.58,0.5566,-1,-1,-1
626,156,235.43,516.78,49.02,138.16,0.6856,-1,-1,-1
627,155,1311.36,529.43,39.43,109.16,0.6434,-1,-1,-1
627,156,235.04,533.63,48.33,128.07,0.6365,-1,-1,-1
628,155,1318.14,531.72,39.19,108.59,0.6337,-1,-1,-1
628,156,235.02,538.45,48.47,123.61,0.6434,-1,-1,-1
629,155,1324.19,529.54,39.86,107.12,0.7083,-1,-1,-1
629,156,234.60,551.34,48.00,117.25,0.7032,-1,-1,-1
630,155,1330.81,529.53,42.19,107.72,0.6771,-1,-1,-1
630,156,235.56,551.26,48.01,118.24,0.6688,-1,-1,-1
630,159,312.01,491.97,18.94,36.91,0.3596,-1,-1,-1
631,155,1339.98,528.81,39.75,109.37,0.6741,-1,-1,-1
631,156,236.42,552.19,50.61,117.17,0.6455,-1,-1,-1
632,155,1346.53,530.81,40.72,108.84,0.7130,-1,-1,-1
632,156,237.33,554.52,51.80,118.28,0.6180,-1,-1,-1
633,155,1354.14,534.54,42.78,109.01,0.6633,-1,-1,-1
633,156,238.49,552.10,53.84,122.00,0.6143,-1,-1,-1
634,155,1362.82,536.38,41.36,108.22,0.6451,-1,-1,-1
634,156,239.20,553.73,51.75,124.26,0.6057,-1,-1,-1
635,155,1370.16,533.53,43.48,115.98,0.7272,-1,-1,-1
635,156,241.92,549.34,52.40,127.20,0.5582,-1,-1,-1
636,155,1378.03,538.76,43.12,114.42,0.6055,-1,-1,-1
636,156,243.11,551.57,51.84,128.97,0.5852,-1,-1,-1
637,155,1389.23,539.54,41.08,115.64,0.4865,-1,-1,-1
637,156,245.29,543.13,53.34,137.94,0.5324,-1,-1,-1
638,155,1397.44,539.31,42.80,120.10,0.6109,-1,-1,-1
638,156,246.07,537.14,54.19,147.04,0.6172,-1,-1,-1
639,155,1411.25,549.45,38.44,114.08,0.4426,-1,-1,-1
639,156,248.68,535.97,54.41,149.22,0.6515,-1,-1,-1
640,155,1419.37,553.57,39.81,109.03,0.3517,-1,-1,-1
640,156,250.91,535.97,52.99,152.10,0.6515,-1,-1,-1
641,155,1430.55,554.61,38.47,106.18,0.5250,-1,-1,-1
641,156,254.28,537.59,52.34,152.23,0.6589,-1,-1,-1
642,155,1442.23,558.66,38.78,105.90,0.5661,-1,-1,-1
642,156,257.36,534.64,52.10,155.40,0.5582,-1,-1,-1
643,155,1454.85,562.34,36.95,98.57,0.3579,-1,-1,-1
643,156,260.08,530.86,51.18,160.90,0.5489,-1,-1,-1
644,156,263.02,529.50,48.97,163.17,0.4240,-1,-1,-1
645,156,266.62,557.21,47.80,137.20,0.3870,-1,-1,-1
645,155,1479.87,564.86,35.15,76.53,0.4155,-1,-1,-1
646,156,271.44,568.73,47.15,128.24,0.4212,-1,-1,-1
646,155,1489.91,563.92,39.69,72.05,0.4642,-1,-1,-1
647,156,275.54,546.34,44.64,150.26,0.4597,-1,-1,-1
647,155,1503.50,567.09,37.20,70.01,0.2960,-1,-1,-1
648,156,279.71,559.34,46.22,138.32,0.5257,-1,-1,-1
649,156,284.16,542.24,45.33,148.42,0.4919,-1,-1,-1
650,156,285.98,535.92,48.09,158.12,0.5980,-1,-1,-1
651,156,290.93,532.99,49.93,164.49,0.4260,-1,-1,-1
652,156,300.25,542.98,46.87,141.23,0.5751,-1,-1,-1
653,156,307.01,553.39,44.02,131.94,0.3345,-1,-1,-1
654,156,312.75,557.01,42.64,133.67,0.5627,-1,-1,-1
655,156,320.04,530.77,42.17,156.59,0.4899,-1,-1,-1
655,155,1618.23,563.35,48.84,58.01,0.3609,-1,-1,-1
656,156,327.51,534.32,44.64,163.45,0.5317,-1,-1,-1
656,155,1634.85,563.11,49.52,55.08,0.3248,-1,-1,-1
657,156,335.02,532.67,45.12,170.09,0.5528,-1,-1,-1
657,155,1656.06,566.15,47.76,59.18,0.3314,-1,-1,-1
658,156,345.91,561.18,44.46,145.21,0.3957,-1,-1,-1
658,155,1675.14,570.93,45.91,60.68,0.3336,-1,-1,-1
659,156,349.59,585.56,49.38,136.54,0.3532,-1,-1,-1
660,156,356.94,587.80,47.08,132.04,0.4914,-1,-1,-1
661,156,360.24,591.40,50.03,131.79,0.5645,-1,-1,-1
661,155,1723.23,598.60,58.10,63.99,0.3956,-1,-1,-1
662,156,366.25,595.74,52.59,127.11,0.5399,-1,-1,-1
662,155,1745.82,606.92,56.67,61.20,0.3076,-1,-1,-1
663,156,377.44,598.51,49.44,121.89,0.5432,-1,-1,-1
664,156,382.69,592.94,53.16,124.19,0.6050,-1,-1,-1
665,156,389.13,596.82,55.75,119.42,0.4938,-1,-1,-1
666,156,394.58,593.68,62.22,119.50,0.6483,-1,-1,-1
667,156,398.61,588.64,71.05,124.72,0.5629,-1,-1,-1
668,156,400.10,584.20,83.14,133.27,0.5995,-1,-1,-1
669,156,406.46,576.80,93.40,138.88,0.4413,-1,-1,-1
669,164,394.90,518.40,25.59,77.15,0.3739,-1,-1,-1
670,156,414.89,571.98,98.50,142.09,0.6316,-1,-1,-1
670,164,400.74,513.69,28.27,79.97,0.6406,-1,-1,-1
671,156,426.13,568.36,98.17,144.30,0.5655,-1,-1,-1
671,164,405.40,511.74,27.91,77.89,0.4930,-1,-1,-1
672,164,411.35,509.16,27.93,76.30,0.4385,-1,-1,-1
674,156,494.62,558.38,65.16,140.09,0.3585,-1,-1,-1
675,156,482.72,557.27,91.73,144.15,0.3012,-1,-1,-1
675,164,428.16,492.72,32.03,82.98,0.3830,-1,-1,-1
676,164,431.39,498.14,31.51,82.22,0.5563,-1,-1,-1
677,164,437.35,493.16,33.90,85.10,0.4679,-1,-1,-1
678,164,442.14,495.49,35.79,86.79,0.3819,-1,-1,-1
679,164,447.90,510.13,36.54,83.90,0.3618,-1,-1,-1
679,156,533.68,573.72,99.36,145.03,0.5523,-1,-1,-1
680,156,564.82,568.57,82.07,141.48,0.3400,-1,-1,-1
681,156,583.15,595.45,79.94,140.81,0.4178,-1,-1,-1
682,156,603.12,618.51,75.44,137.95,0.3645,-1,-1,-1
683,156,618.18,593.29,63.39,137.47,0.3329,-1,-1,-1
683,164,463.14,521.56,32.67,88.74,0.3544,-1,-1,-1
684,164,465.78,516.28,34.61,83.80,0.2954,-1,-1,-1
685,164,469.46,518.50,33.75,81.59,0.4387,-1,-1,-1
686,164,475.08,509.54,31.30,82.22,0.4759,-1,-1,-1
686,156,661.89,572.90,51.10,128.60,0.4325,-1,-1,-1
687,164,481.97,507.53,31.94,80.60,0.4227,-1,-1,-1
687,156,668.15,574.03,61.75,135.72,0.2873,-1,-1,-1
688,164,486.87,505.97,29.88,80.67,0.3798,-1,-1,-1
688,156,665.05,573.28,93.81,140.77,0.3268,-1,-1,-1
689,156,668.49,569.16,106.67,147.42,0.4356,-1,-1,-1
690,156,679.77,565.14,110.85,151.05,0.4568,-1,-1,-1
690,164,495.74,502.55,27.71,82.02,0.4608,-1,-1,-1
691,156,695.01,565.44,111.70,152.44,0.5926,-1,-1,-1
691,168,652.73,475.19,20.14,49.86,0.3751,-1,-1,-1
691,164,500.71,504.18,26.59,80.42,0.3096,-1,-1,-1
692,156,740.02,569.79,79.86,148.82,0.4741,-1,-1,-1
692,168,658.74,475.64,17.72,48.17,0.3409,-1,-1,-1
692,164,507.78,501.58,26.98,81.74,0.5540,-1,-1,-1
693,156,765.57,572.75,69.29,146.43,0.5289,-1,-1,-1
693,168,666.40,475.71,19.98,47.54,0.3282,-1,-1,-1
693,164,511.10,497.83,31.80,86.66,0.3731,-1,-1,-1
694,156,775.70,580.21,78.69,143.10,0.4825,-1,-1,-1
694,168,672.15,476.80,19.73,50.95,0.3583,-1,-1,-1
694,164,512.81,499.25,34.99,88.14,0.5058,-1,-1,-1
695,156,790.67,584.64,80.23,146.56,0.3530,-1,-1,-1
695,168,677.37,477.02,20.04,52.92,0.4137,-1,-1,-1
695,164,517.08,500.68,33.69,87.85,0.5224,-1,-1,-1
696,168,680.85,473.65,21.24,55.32,0.2917,-1,-1,-1
696,164,526.46,501.00,32.10,83.75,0.4339,-1,-1,-1
697,164,529.37,503.73,32.30,82.70,0.4955,-1,-1,-1
698,164,533.30,501.32,32.11,87.30,0.4829,-1,-1,-1
698,168,693.93,476.64,19.77,53.32,0.3732,-1,-1,-1
699,164,535.59,500.61,33.74,89.40,0.3100,-1,-1,-1
699,168,699.56,476.90,20.40,53.45,0.4821,-1,-1,-1
699,156,843.02,583.88,94.93,157.48,0.5722,-1,-1,-1
700,164,537.55,502.29,35.19,91.93,0.5335,-1,-1,-1
700,168,702.95,479.30,20.21,53.02,0.4620,-1,-1,-1
700,156,854.77,584.62,102.04,159.32,0.5884,-1,-1,-1
701,164,543.35,504.29,33.53,91.02,0.4086,-1,-1,-1
701,168,711.80,481.33,21.89,51.16,0.2931,-1,-1,-1
701,156,878.86,589.39,95.04,158.50,0.5128,-1,-1,-1
702,164,549.71,506.06,33.19,88.20,0.3561,-1,-1,-1
702,168,718.61,479.37,19.91,53.09,0.4271,-1,-1,-1
702,156,917.73,596.34,75.22,155.67,0.5835,-1,-1,-1
703,164,554.29,504.82,32.36,89.74,0.5515,-1,-1,-1
703,168,722.41,475.02,21.32,58.08,0.4096,-1,-1,-1
703,156,946.58,602.34,63.67,153.25,0.5290,-1,-1,-1
704,164,555.75,509.18,33.85,91.05,0.5813,-1,-1,-1
704,168,725.76,477.47,21.09,59.72,0.3606,-1,-1,-1
704,156,957.94,610.68,69.93,154.49,0.6474,-1,-1,-1
705,164,555.15,508.72,38.69,93.56,0.5307,-1,-1,-1
705,168,728.01,476.54,21.12,60.02,0.4052,-1,-1,-1
705,156,976.46,612.49,68.34,155.63,0.6554,-1,-1,-1
706,164,561.02,510.40,35.45,93.41,0.6085,-1,-1,-1
706,168,736.47,482.72,22.53,55.63,0.3602,-1,-1,-1
706,156,987.34,616.53,76.33,158.48,0.7598,-1,-1,-1
707,164,563.63,513.17,34.42,95.11,0.6590,-1,-1,-1
707,168,739.64,487.66,22.21,53.06,0.3401,-1,-1,-1
707,156,996.83,615.13,86.88,165.76,0.7421,-1,-1,-1
708,164,566.62,517.86,33.44,95.72,0.6853,-1,-1,-1
708,168,742.85,490.55,22.00,52.97,0.3731,-1,-1,-1
708,156,999.83,616.99,102.59,171.26,0.6783,-1,-1,-1
709,164,568.54,520.88,34.48,97.80,0.6422,-1,-1,-1
709,168,745.55,492.59,22.55,53.59,0.3601,-1,-1,-1
709,156,1005.83,611.73,118.52,177.27,0.7628,-1,-1,-1
710,164,573.49,529.14,33.97,92.71,0.6381,-1,-1,-1
710,168,749.32,500.93,20.73,52.95,0.3839,-1,-1,-1
710,156,1017.05,621.89,124.74,180.14,0.7707,-1,-1,-1
711,164,575.72,533.70,34.74,89.51,0.5249,-1,-1,-1
711,168,750.88,503.06,20.15,52.18,0.4187,-1,-1,-1
711,156,1041.68,619.85,121.87,177.73,0.7105,-1,-1,-1
712,164,575.98,536.95,36.29,92.19,0.7137,-1,-1,-1
712,168,755.11,506.32,26.92,52.76,0.3815,-1,-1,-1
712,156,1066.85,630.68,113.62,178.14,0.4873,-1,-1,-1
713,164,577.10,534.61,37.22,94.14,0.7367,-1,-1,-1
713,168,760.23,504.78,25.32,51.05,0.3462,-1,-1,-1
713,156,1112.14,629.81,87.61,172.30,0.5866,-1,-1,-1
714,164,578.57,544.25,37.91,97.59,0.6565,-1,-1,-1
714,168,761.76,511.69,22.67,52.37,0.4257,-1,-1,-1
714,156,1128.99,635.11,96.82,170.59,0.7378,-1,-1,-1
715,164,579.97,540.19,38.17,101.51,0.5945,-1,-1,-1
715,168,764.60,505.74,20.95,58.65,0.4254,-1,-1,-1
715,156,1142.09,635.76,99.01,173.31,0.7470,-1,-1,-1
716,164,580.83,543.40,38.49,101.53,0.5108,-1,-1,-1
716,168,767.88,504.09,23.13,60.46,0.4112,-1,-1,-1
716,156,1156.49,632.17,102.95,177.91,0.7697,-1,-1,-1
717,164,580.57,544.51,39.59,102.22,0.5616,-1,-1,-1
717,168,771.38,508.30,22.25,55.79,0.3172,-1,-1,-1
717,156,1173.01,631.03,104.22,183.19,0.7791,-1,-1,-1
718,164,583.66,551.34,37.08,98.97,0.4885,-1,-1,-1
718,168,773.07,509.63,23.08,55.63,0.3767,-1,-1,-1
718,156,1189.78,626.72,109.00,192.42,0.7914,-1,-1,-1
719,164,585.46,547.14,37.53,100.31,0.5383,-1,-1,-1
719,168,776.47,506.10,22.77,59.23,0.2556,-1,-1,-1
719,156,1209.37,632.30,109.48,194.56,0.6701,-1,-1,-1
720,164,585.27,551.95,39.39,101.84,0.5667,-1,-1,-1
720,168,780.32,508.75,26.84,59.31,0.2575,-1,-1,-1
720,156,1228.71,631.73,114.40,197.57,0.6706,-1,-1,-1
721,164,587.89,551.64,40.86,103.20,0.4893,-1,-1,-1
721,168,783.54,511.66,26.15,57.04,0.3468,-1,-1,-1
721,156,1257.25,635.38,103.17,181.95,0.4779,-1,-1,-1
722,164,591.26,553.34,38.91,103.08,0.5337,-1,-1,-1
722,168,785.83,515.46,24.25,53.42,0.3650,-1,-1,-1
722,156,1290.26,644.90,91.19,193.49,0.4618,-1,-1,-1
723,164,594.08,551.31,39.20,105.02,0.3715,-1,-1,-1
723,168,790.60,513.88,25.59,55.07,0.3751,-1,-1,-1
723,156,1311.54,653.64,98.63,194.42,0.4608,-1,-1,-1
724,164,594.68,563.04,38.22,103.51,0.4871,-1,-1,-1
724,168,793.05,524.12,24.39,53.85,0.3675,-1,-1,-1
724,156,1343.40,663.57,93.58,196.41,0.5280,-1,-1,-1
725,164,595.35,566.04,37.72,103.80,0.5719,-1,-1,-1
725,168,796.76,525.15,23.35,53.32,0.4740,-1,-1,-1
725,156,1370.55,664.15,92.64,203.04,0.7109,-1,-1,-1
726,164,597.67,565.29,37.17,103.61,0.5769,-1,-1,-1
726,168,800.39,522.10,21.60,56.07,0.3620,-1,-1,-1
726,156,1386.45,672.96,101.70,208.05,0.6154,-1,-1,-1
727,164,597.76,571.57,41.00,105.89,0.7157,-1,-1,-1
727,168,801.91,527.08,21.37,55.75,0.2885,-1,-1,-1
727,156,1424.60,672.91,85.38,184.14,0.3961,-1,-1,-1
728,164,598.48,568.95,42.05,106.30,0.6723,-1,-1,-1
728,168,811.14,525.58,21.73,57.38,0.3901,-1,-1,-1
728,156,1419.28,681.84,117.34,209.29,0.5959,-1,-1,-1
729,164,598.79,566.82,43.61,109.27,0.6402,-1,-1,-1
729,168,814.52,524.58,20.87,56.99,0.3856,-1,-1,-1
729,156,1434.13,680.91,131.89,218.74,0.7202,-1,-1,-1
730,164,599.14,570.32,45.21,111.25,0.5694,-1,-1,-1
730,168,816.99,525.24,21.14,59.33,0.3514,-1,-1,-1
730,156,1496.19,688.07,100.25,224.93,0.4547,-1,-1,-1
731,164,600.62,564.96,46.63,115.06,0.6692,-1,-1,-1
731,168,818.97,523.70,22.40,59.75,0.4113,-1,-1,-1
732,164,601.18,564.96,46.97,116.93,0.6824,-1,-1,-1
732,168,820.05,525.04,22.81,58.45,0.4960,-1,-1,-1
732,156,1560.81,701.20,84.32,229.81,0.5078,-1,-1,-1
733,164,602.33,566.76,46.74,116.45,0.6542,-1,-1,-1
733,168,821.43,522.96,23.82,60.04,0.5245,-1,-1,-1
733,156,1589.96,705.11,87.31,228.55,0.7011,-1,-1,-1
734,164,602.71,560.11,46.93,120.68,0.6852,-1,-1,-1
734,168,824.60,524.38,21.48,54.78,0.4027,-1,-1,-1
734,156,1599.78,709.22,106.05,230.42,0.6285,-1,-1,-1
735,164,602.15,562.28,47.67,121.98,0.6967,-1,-1,-1
735,168,824.76,526.43,22.95,52.26,0.2884,-1,-1,-1
735,156,1615.57,705.09,119.17,232.84,0.7438,-1,-1,-1
735,170,837.81,527.93,23.78,51.82,0.3748,-1,-1,-1
736,164,605.99,558.94,45.83,122.34,0.6725,-1,-1,-1
736,168,831.76,524.02,22.91,51.94,0.3816,-1,-1,-1
736,156,1632.16,705.57,131.46,244.27,0.7165,-1,-1,-1
736,170,835.73,524.67,23.17,52.07,0.3816,-1,-1,-1
737,164,606.95,560.62,46.12,122.32,0.6570,-1,-1,-1
737,168,834.46,523.31,24.18,52.59,0.3706,-1,-1,-1
737,156,1657.41,697.67,134.56,257.39,0.7958,-1,-1,-1
737,170,834.93,523.52,24.39,52.98,0.3706,-1,-1,-1
738,164,606.62,562.98,47.63,123.03,0.6609,-1,-1,-1
738,168,836.49,525.55,23.12,52.89,0.3514,-1,-1,-1
738,156,1684.80,705.99,139.07,262.71,0.7542,-1,-1,-1
738,170,835.97,525.52,23.07,53.30,0.3514,-1,-1,-1
739,164,606.88,564.49,49.13,123.66,0.6568,-1,-1,-1
739,168,839.29,524.76,22.71,54.45,0.3575,-1,-1,-1
739,156,1712.64,717.27,150.33,261.56,0.7534,-1,-1,-1
739,170,838.72,524.65,22.61,54.92,0.3575,-1,-1,-1
740,164,607.12,566.59,49.47,123.76,0.6825,-1,-1,-1
740,168,840.41,524.24,22.42,56.24,0.4222,-1,-1,-1
740,156,1741.84,733.06,148.82,253.71,0.7486,-1,-1,-1
740,170,839.86,524.10,22.31,56.74,0.4222,-1,-1,-1
741,164,607.99,568.53,49.44,124.43,0.6802,-1,-1,-1
741,168,842.37,526.83,22.64,55.63,0.4815,-1,-1,-1
741,156,1778.37,733.19,141.03,262.92,0.5768,-1,-1,-1
741,170,841.84,526.73,22.57,56.02,0.4815,-1,-1,-1
742,164,608.74,570.28,48.36,123.94,0.6477,-1,-1,-1
742,168,843.07,528.11,22.51,56.09,0.5113,-1,-1,-1
742,156,1822.38,749.22,106.55,258.37,0.4308,-1,-1,-1
742,170,842.58,528.02,22.44,56.42,0.5113,-1,-1,-1
743,164,607.38,571.38,50.99,125.38,0.6315,-1,-1,-1
743,168,844.18,528.88,22.20,55.41,0.4481,-1,-1,-1
743,170,843.77,528.82,22.14,55.68,0.4481,-1,-1,-1
744,164,605.78,571.68,51.19,127.06,0.6265,-1,-1,-1
744,168,844.63,528.76,21.94,55.69,0.4769,-1,-1,-1
744,170,844.28,528.71,21.88,55.92,0.4769,-1,-1,-1
745,164,604.24,573.27,52.49,128.57,0.6648,-1,-1,-1
745,168,844.51,526.54,22.14,59.38,0.4925,-1,-1,-1
745,170,844.21,526.47,22.10,59.61,0.4925,-1,-1,-1
746,164,603.13,573.92,51.41,130.34,0.6278,-1,-1,-1
746,168,844.31,525.44,22.91,62.40,0.5135,-1,-1,-1
746,170,844.05,525.36,22.89,62.64,0.5135,-1,-1,-1
747,164,603.10,575.10,51.18,132.24,0.6539,-1,-1,-1
747,168,844.53,525.01,23.79,63.71,0.4996,-1,-1,-1
747,170,844.29,524.94,23.78,63.93,0.4996,-1,-1,-1
748,164,602.94,575.30,51.18,133.24,0.6724,-1,-1,-1
748,168,846.27,527.17,23.45,61.53,0.2810,-1,-1,-1
749,164,602.80,576.92,51.26,132.17,0.6738,-1,-1,-1
749,168,846.87,527.63,22.72,61.05,0.3377,-1,-1,-1
750,164,602.40,578.97,51.35,130.53,0.6172,-1,-1,-1
750,168,848.34,528.34,22.61,58.26,0.3278,-1,-1,-1
