1,1,118.13,157.49,79.90,171.19,0.8456,-1,-1,-1
1,2,16.24,149.00,74.47,190.67,0.8193,-1,-1,-1
2,1,118.03,154.91,82.07,174.71,0.8469,-1,-1,-1
2,2,18.01,145.29,73.69,194.84,0.8549,-1,-1,-1
3,1,124.15,153.60,68.65,177.39,0.7187,-1,-1,-1
3,2,22.57,137.85,73.53,203.21,0.8306,-1,-1,-1
4,1,129.75,154.12,78.36,179.19,0.8375,-1,-1,-1
4,2,26.83,140.65,73.76,202.30,0.8198,-1,-1,-1
4,3,253.11,194.10,24.57,66.72,0.4651,-1,-1,-1
5,1,136.46,156.94,83.69,180.14,0.8129,-1,-1,-1
5,2,35.16,140.19,73.68,207.30,0.8684,-1,-1,-1
5,3,263.57,198.54,23.19,64.59,0.5486,-1,-1,-1
6,1,141.42,155.47,86.55,183.77,0.8338,-1,-1,-1
6,2,35.52,140.51,78.39,209.44,0.8473,-1,-1,-1
6,3,269.50,198.53,24.65,66.00,0.5849,-1,-1,-1
6,4,222.85,198.08,23.81,66.94,0.6108,-1,-1,-1
6,5,251.27,197.91,21.79,65.83,0.4489,-1,-1,-1
7,1,144.63,152.15,87.68,187.08,0.8606,-1,-1,-1
7,2,39.29,139.10,76.54,210.39,0.8340,-1,-1,-1
7,3,274.29,198.78,25.70,63.64,0.6817,-1,-1,-1
7,4,226.18,197.86,24.96,66.05,0.6416,-1,-1,-1
7,5,256.73,195.93,21.60,63.07,0.5945,-1,-1,-1
8,1,152.12,152.79,88.96,190.24,0.8715,-1,-1,-1
8,2,43.33,140.08,78.03,213.18,0.8228,-1,-1,-1
8,3,281.23,200.75,26.36,64.96,0.5907,-1,-1,-1
8,4,234.64,201.10,24.74,64.33,0.6802,-1,-1,-1
8,5,265.03,197.94,20.63,64.27,0.5587,-1,-1,-1
9,1,156.58,151.68,88.16,193.02,0.8643,-1,-1,-1
9,2,47.54,139.62,77.54,214.03,0.8323,-1,-1,-1
9,3,287.56,200.20,25.61,65.64,0.7223,-1,-1,-1
9,4,240.29,203.71,25.00,62.41,0.5633,-1,-1,-1
9,5,269.81,198.60,22.10,66.06,0.6475,-1,-1,-1
10,1,164.81,148.02,88.26,197.41,0.8695,-1,-1,-1
10,2,50.53,135.32,83.14,219.50,0.8577,-1,-1,-1
10,3,296.24,200.78,25.42,65.13,0.6406,-1,-1,-1
10,4,250.28,198.28,25.32,67.07,0.6437,-1,-1,-1
10,5,278.77,196.83,21.68,66.96,0.4653,-1,-1,-1
11,1,171.10,147.08,88.83,200.41,0.8631,-1,-1,-1
11,2,55.17,135.02,84.87,221.62,0.8675,-1,-1,-1
11,3,305.26,201.17,22.77,64.50,0.6491,-1,-1,-1
11,4,256.14,200.26,23.00,65.06,0.4883,-1,-1,-1
11,5,285.22,197.57,22.87,67.29,0.6920,-1,-1,-1
11,9,143.70,195.59,28.52,69.78,0.5683,-1,-1,-1
12,1,182.00,147.43,91.50,204.71,0.8708,-1,-1,-1
12,2,64.49,131.80,84.58,230.52,0.8811,-1,-1,-1
12,3,316.62,204.72,22.43,63.25,0.5189,-1,-1,-1
12,4,268.87,200.47,24.08,67.25,0.6173,-1,-1,-1
12,9,153.88,197.71,29.38,69.11,0.5642,-1,-1,-1
13,1,184.55,147.06,95.87,208.32,0.8614,-1,-1,-1
13,2,67.93,139.43,85.81,225.23,0.8553,-1,-1,-1
13,3,321.40,197.63,24.50,70.21,0.4678,-1,-1,-1
13,4,275.44,201.01,23.85,67.20,0.4876,-1,-1,-1
13,9,159.08,196.52,30.33,70.81,0.5591,-1,-1,-1
13,5,303.76,202.92,21.14,63.76,0.4669,-1,-1,-1
14,1,197.93,144.83,93.99,211.52,0.8275,-1,-1,-1
14,2,81.81,130.58,82.37,235.39,0.8726,-1,-1,-1
14,3,333.99,195.89,24.36,71.89,0.3721,-1,-1,-1
14,4,287.10,202.92,23.51,63.91,0.5974,-1,-1,-1
14,9,170.62,195.38,29.84,71.34,0.6098,-1,-1,-1
14,5,316.30,201.81,21.59,64.42,0.5648,-1,-1,-1
15,1,208.79,144.79,95.27,215.15,0.8601,-1,-1,-1
15,2,87.23,135.35,85.04,233.97,0.8611,-1,-1,-1
15,3,345.36,201.94,25.77,67.01,0.6257,-1,-1,-1
15,4,297.25,202.76,22.67,65.62,0.5807,-1,-1,-1
15,9,181.81,197.04,28.89,71.02,0.6624,-1,-1,-1
15,5,326.05,201.47,22.62,65.83,0.5202,-1,-1,-1
16,1,212.04,142.48,98.42,217.19,0.8532,-1,-1,-1
16,2,82.40,125.85,92.67,243.27,0.8782,-1,-1,-1
16,3,351.61,199.27,26.84,67.59,0.5537,-1,-1,-1
16,4,301.08,198.78,23.52,66.36,0.6785,-1,-1,-1
16,9,185.69,193.49,29.77,71.62,0.6392,-1,-1,-1
16,5,330.66,196.31,23.73,69.29,0.5556,-1,-1,-1
16,12,1.09,142.24,45.70,156.96,0.4047,-1,-1,-1
17,1,213.92,140.41,104.70,221.70,0.7382,-1,-1,-1
17,2,84.30,123.71,93.13,247.24,0.8991,-1,-1,-1
17,3,354.18,190.40,26.19,74.77,0.4999,-1,-1,-1
17,4,305.62,196.72,23.87,68.41,0.6051,-1,-1,-1
17,9,188.95,192.85,28.91,71.62,0.6275,-1,-1,-1
17,5,335.40,195.93,22.80,69.45,0.4485,-1,-1,-1
17,12,1.17,140.56,60.07,146.66,0.3315,-1,-1,-1
18,1,216.57,138.37,109.21,228.47,0.8591,-1,-1,-1
18,2,84.12,123.91,96.09,251.95,0.9014,-1,-1,-1
18,4,311.33,195.79,22.62,70.42,0.6971,-1,-1,-1
18,9,193.24,194.46,28.00,70.52,0.5435,-1,-1,-1
18,12,1.03,140.53,54.51,153.96,0.4518,-1,-1,-1
19,1,216.89,133.19,112.14,233.79,0.8668,-1,-1,-1
19,2,81.32,118.92,97.82,256.56,0.9067,-1,-1,-1
19,4,311.22,192.53,24.58,70.83,0.6071,-1,-1,-1
19,9,193.62,192.19,28.87,70.39,0.5130,-1,-1,-1
20,1,214.45,129.07,113.93,240.06,0.8883,-1,-1,-1
20,2,76.83,113.75,98.81,263.88,0.9029,-1,-1,-1
20,9,192.10,188.63,28.86,72.07,0.5826,-1,-1,-1
21,1,213.73,127.15,116.66,246.55,0.8777,-1,-1,-1
21,2,73.00,108.89,101.35,272.94,0.8991,-1,-1,-1
21,9,191.93,187.24,28.14,73.94,0.6556,-1,-1,-1
21,14,42.13,185.90,25.52,69.99,0.5772,-1,-1,-1
21,12,-0.50,132.01,39.46,165.45,0.5104,-1,-1,-1
22,1,214.45,123.28,118.51,253.37,0.8828,-1,-1,-1
22,2,69.34,104.16,104.59,280.34,0.8848,-1,-1,-1
22,9,193.84,185.83,27.46,74.06,0.3480,-1,-1,-1
22,14,41.83,183.27,27.74,70.86,0.4461,-1,-1,-1
22,12,-0.08,129.13,37.74,208.49,0.3630,-1,-1,-1
23,1,215.70,124.27,120.31,260.61,0.8803,-1,-1,-1
23,2,67.77,105.49,107.93,288.99,0.8967,-1,-1,-1
23,9,197.90,190.52,26.68,73.86,0.5815,-1,-1,-1
23,14,48.38,190.67,24.32,67.96,0.3638,-1,-1,-1
23,12,0.08,133.49,38.47,225.35,0.3485,-1,-1,-1
24,1,220.73,121.98,116.71,265.57,0.7927,-1,-1,-1
24,2,65.47,104.21,111.39,294.36,0.8591,-1,-1,-1
24,12,0.59,132.47,38.75,193.95,0.4600,-1,-1,-1
25,1,229.19,121.28,111.60,274.23,0.8811,-1,-1,-1
25,2,62.55,103.30,114.80,302.69,0.8907,-1,-1,-1
25,12,0.85,133.89,37.51,179.30,0.3667,-1,-1,-1
26,1,230.90,117.49,109.88,280.90,0.8725,-1,-1,-1
26,2,58.76,100.41,117.24,308.99,0.8835,-1,-1,-1
26,12,0.61,132.40,36.36,175.79,0.3471,-1,-1,-1
27,1,235.85,113.12,110.30,289.27,0.8810,-1,-1,-1
27,2,55.15,95.39,120.74,317.06,0.8979,-1,-1,-1
27,12,-0.27,129.72,37.20,172.52,0.4615,-1,-1,-1
28,1,240.40,111.57,110.07,294.36,0.8853,-1,-1,-1
28,2,54.48,94.32,123.05,322.72,0.9022,-1,-1,-1
28,12,0.79,130.36,36.06,169.81,0.3445,-1,-1,-1
29,1,236.81,105.72,119.88,302.24,0.8657,-1,-1,-1
29,2,51.88,87.15,127.47,335.63,0.8788,-1,-1,-1
30,1,235.45,103.61,123.07,309.50,0.8830,-1,-1,-1
30,2,47.90,84.37,131.34,344.48,0.8877,-1,-1,-1
31,1,243.58,99.25,120.70,319.92,0.8782,-1,-1,-1
31,2,43.49,80.47,137.65,353.41,0.8962,-1,-1,-1
32,1,252.66,97.06,121.40,330.39,0.8768,-1,-1,-1
32,2,44.21,78.29,140.88,363.39,0.8780,-1,-1,-1
32,17,147.24,80.26,47.77,176.54,0.5319,-1,-1,-1
33,1,259.77,90.21,127.07,339.39,0.8612,-1,-1,-1
33,2,51.18,70.92,140.42,374.43,0.8882,-1,-1,-1
33,17,153.57,76.70,46.74,181.93,0.3628,-1,-1,-1
33,18,418.36,188.72,26.65,75.35,0.6688,-1,-1,-1
33,4,360.95,187.38,26.55,74.87,0.6218,-1,-1,-1
34,1,269.60,89.06,130.44,350.36,0.8605,-1,-1,-1
34,2,58.04,70.62,142.02,382.06,0.8839,-1,-1,-1
34,17,158.93,75.80,53.17,181.08,0.5135,-1,-1,-1
34,18,426.11,188.04,26.81,78.53,0.6695,-1,-1,-1
34,4,368.99,187.50,28.95,76.49,0.6796,-1,-1,-1
35,1,272.43,88.70,143.15,360.15,0.8538,-1,-1,-1
35,2,64.31,70.85,142.30,388.47,0.9033,-1,-1,-1
35,18,435.06,190.35,27.75,78.80,0.6513,-1,-1,-1
35,4,377.97,189.85,28.70,76.90,0.6986,-1,-1,-1
35,19,1.37,118.86,35.45,103.71,0.6060,-1,-1,-1
35,20,410.45,187.83,24.55,77.95,0.5026,-1,-1,-1
36,1,275.51,81.99,156.80,369.80,0.8948,-1,-1,-1
36,2,71.79,63.37,145.40,399.52,0.8948,-1,-1,-1
36,18,447.33,189.39,28.23,78.69,0.6525,-1,-1,-1
36,4,388.58,188.77,28.27,76.71,0.5733,-1,-1,-1
36,20,421.02,182.59,25.96,82.43,0.4769,-1,-1,-1
36,17,174.92,71.70,55.45,183.13,0.5577,-1,-1,-1
37,1,274.39,78.59,165.22,378.40,0.8909,-1,-1,-1
37,2,72.13,61.12,148.47,406.30,0.9018,-1,-1,-1
37,18,452.02,190.12,27.30,78.72,0.6245,-1,-1,-1
37,4,392.16,189.22,28.51,76.47,0.6501,-1,-1,-1
37,20,424.90,186.42,24.57,79.49,0.3358,-1,-1,-1
37,17,177.64,70.97,54.25,185.75,0.4259,-1,-1,-1
37,3,452.26,190.52,26.76,78.57,0.6245,-1,-1,-1
38,1,278.79,76.48,173.92,387.88,0.8873,-1,-1,-1
38,2,71.63,59.23,152.38,415.30,0.8759,-1,-1,-1
38,18,457.06,189.91,28.48,80.58,0.7254,-1,-1,-1
38,4,398.14,193.37,28.80,73.85,0.4952,-1,-1,-1
38,20,430.10,189.55,26.56,78.47,0.5406,-1,-1,-1
38,17,181.40,70.30,56.36,193.83,0.4364,-1,-1,-1
38,3,457.62,190.14,28.28,80.42,0.7254,-1,-1,-1
38,5,430.22,190.44,27.17,78.09,0.5406,-1,-1,-1
39,1,283.53,70.49,178.62,397.92,0.8901,-1,-1,-1
39,2,70.21,53.28,156.93,424.77,0.8789,-1,-1,-1
39,18,460.65,187.31,31.50,81.96,0.6648,-1,-1,-1
39,4,403.40,194.32,27.71,71.44,0.5309,-1,-1,-1
39,20,434.49,187.26,26.51,78.23,0.5807,-1,-1,-1
39,17,183.14,64.18,57.04,195.80,0.5867,-1,-1,-1
39,3,461.37,187.55,31.29,81.71,0.6648,-1,-1,-1
39,5,435.01,187.27,26.71,78.30,0.5807,-1,-1,-1
40,1,285.72,67.20,186.36,410.17,0.8882,-1,-1,-1
40,2,68.27,53.02,162.19,428.97,0.8847,-1,-1,-1
40,18,464.78,188.44,31.82,83.21,0.7088,-1,-1,-1
40,4,409.13,198.88,24.88,70.12,0.4622,-1,-1,-1
40,20,438.67,187.24,27.81,80.92,0.5290,-1,-1,-1
40,17,185.37,63.69,56.67,199.44,0.6955,-1,-1,-1
40,3,465.52,188.64,31.69,82.95,0.7088,-1,-1,-1
40,5,439.25,187.07,27.79,80.93,0.5290,-1,-1,-1
41,1,288.45,63.77,191.93,417.40,0.8845,-1,-1,-1
41,2,64.11,49.81,166.87,433.29,0.8911,-1,-1,-1
41,18,467.65,188.74,31.84,58.93,0.6048,-1,-1,-1
41,20,440.11,188.60,27.57,79.79,0.5400,-1,-1,-1
41,17,183.64,62.98,57.76,199.83,0.7420,-1,-1,-1
41,3,468.31,188.91,31.78,58.99,0.6048,-1,-1,-1
41,5,440.72,188.28,27.54,79.94,0.5400,-1,-1,-1
41,19,0.42,114.42,49.11,152.58,0.3914,-1,-1,-1
42,1,283.74,56.40,197.68,425.94,0.9007,-1,-1,-1
42,2,51.68,42.00,171.58,440.02,0.8904,-1,-1,-1
42,18,465.02,187.64,33.53,42.44,0.4972,-1,-1,-1
42,17,178.02,56.21,59.14,206.99,0.6315,-1,-1,-1
42,3,465.59,187.75,33.47,42.65,0.4972,-1,-1,-1
43,1,281.79,53.06,204.56,430.45,0.9050,-1,-1,-1
43,2,46.06,36.14,175.11,446.30,0.8950,-1,-1,-1
43,18,464.30,189.99,31.79,32.81,0.5374,-1,-1,-1
43,17,175.66,51.60,58.41,208.26,0.6390,-1,-1,-1
43,3,464.84,190.05,31.77,32.97,0.5374,-1,-1,-1
44,1,281.67,50.17,209.71,433.22,0.9032,-1,-1,-1
44,2,43.45,31.06,177.68,450.72,0.8963,-1,-1,-1
44,17,175.52,48.56,59.09,211.98,0.6391,-1,-1,-1
44,9,266.57,187.08,25.71,77.70,0.3583,-1,-1,-1
45,1,283.24,46.47,214.37,435.55,0.8975,-1,-1,-1
45,2,41.73,27.30,179.36,452.89,0.8932,-1,-1,-1
45,17,176.34,46.64,60.73,215.23,0.6514,-1,-1,-1
45,9,267.97,185.92,27.13,77.75,0.4583,-1,-1,-1
46,1,279.80,42.66,222.71,440.11,0.9102,-1,-1,-1
46,2,36.09,20.69,184.33,460.50,0.8821,-1,-1,-1
46,17,174.78,44.63,62.24,218.80,0.6952,-1,-1,-1
46,22,-0.14,97.49,37.34,330.37,0.3715,-1,-1,-1
47,1,283.04,38.16,223.52,443.78,0.9066,-1,-1,-1
47,2,32.95,14.95,186.47,464.98,0.8718,-1,-1,-1
47,17,174.62,41.11,61.71,218.52,0.6584,-1,-1,-1
47,9,269.83,183.51,27.19,79.31,0.3941,-1,-1,-1
48,1,288.40,31.11,224.99,450.39,0.8995,-1,-1,-1
48,2,30.29,11.11,192.05,469.73,0.8623,-1,-1,-1
48,17,176.76,38.23,63.43,222.79,0.6429,-1,-1,-1
49,1,286.91,28.68,231.14,451.62,0.8895,-1,-1,-1
49,2,26.88,9.04,198.86,470.02,0.8613,-1,-1,-1
49,17,176.33,36.42,65.46,226.32,0.6389,-1,-1,-1
50,1,286.02,23.37,234.31,457.34,0.8941,-1,-1,-1
50,2,20.98,3.45,203.83,476.25,0.8596,-1,-1,-1
50,17,174.44,34.21,66.74,233.41,0.6673,-1,-1,-1
50,23,-0.25,90.42,29.95,116.91,0.5282,-1,-1,-1
51,1,285.79,19.68,238.77,460.07,0.9090,-1,-1,-1
51,2,20.67,1.26,203.29,478.51,0.8591,-1,-1,-1
51,17,174.48,32.97,69.85,237.20,0.7459,-1,-1,-1
51,23,0.26,89.40,30.66,117.60,0.4414,-1,-1,-1
52,1,289.01,15.52,240.95,462.43,0.9023,-1,-1,-1
52,2,17.59,-0.19,206.27,478.40,0.8497,-1,-1,-1
52,17,173.83,30.21,71.55,239.44,0.5995,-1,-1,-1
52,23,0.34,87.47,31.14,151.28,0.4826,-1,-1,-1
53,1,288.56,13.02,248.95,467.12,0.9062,-1,-1,-1
53,2,12.68,-1.32,211.97,482.07,0.8618,-1,-1,-1
53,17,173.30,28.01,71.63,240.58,0.6463,-1,-1,-1
53,23,-0.64,86.14,35.96,163.90,0.3676,-1,-1,-1
53,22,0.06,86.26,37.36,164.42,0.3676,-1,-1,-1
54,1,290.02,11.79,250.60,469.77,0.9122,-1,-1,-1
54,2,12.35,-1.01,212.01,480.14,0.8436,-1,-1,-1
54,17,173.45,27.37,71.09,245.79,0.6231,-1,-1,-1
54,23,-0.25,86.28,36.26,135.68,0.3943,-1,-1,-1
54,22,-0.04,87.19,36.43,116.48,0.3943,-1,-1,-1
55,1,292.20,8.09,258.79,468.21,0.8846,-1,-1,-1
55,2,10.97,1.00,216.90,477.51,0.8559,-1,-1,-1
55,17,174.33,26.47,73.19,243.77,0.5664,-1,-1,-1
55,23,0.62,87.08,38.13,180.74,0.4129,-1,-1,-1
56,1,290.81,5.66,263.39,472.15,0.8428,-1,-1,-1
56,2,10.39,0.21,217.95,478.73,0.8630,-1,-1,-1
56,17,175.01,24.94,72.72,246.48,0.5920,-1,-1,-1
56,23,-0.23,85.41,37.72,177.28,0.4692,-1,-1,-1
57,1,297.30,2.94,264.45,476.29,0.9111,-1,-1,-1
57,2,7.93,0.51,220.28,477.26,0.8576,-1,-1,-1
57,17,175.89,23.48,73.56,275.48,0.6157,-1,-1,-1
57,23,0.03,84.09,36.62,173.68,0.5679,-1,-1,-1
58,1,301.17,1.71,266.77,478.80,0.8986,-1,-1,-1
58,2,6.94,0.70,221.52,477.54,0.8592,-1,-1,-1
58,17,176.17,21.29,75.96,344.40,0.5047,-1,-1,-1
58,23,0.01,83.67,35.51,171.70,0.4821,-1,-1,-1
59,1,302.97,0.21,273.58,480.87,0.9030,-1,-1,-1
59,2,5.04,0.14,223.90,478.42,0.8421,-1,-1,-1
59,17,176.59,19.36,76.91,339.37,0.7190,-1,-1,-1
59,23,-0.60,82.98,33.39,200.08,0.4207,-1,-1,-1
60,1,303.32,-1.40,280.56,480.49,0.9004,-1,-1,-1
60,2,3.86,-0.58,225.32,478.55,0.8225,-1,-1,-1
60,17,175.10,17.92,79.08,386.39,0.5850,-1,-1,-1
60,23,-0.74,79.97,30.85,216.01,0.3873,-1,-1,-1
61,1,306.21,-1.40,285.23,480.99,0.8967,-1,-1,-1
61,2,1.44,0.36,226.81,476.99,0.8543,-1,-1,-1
61,17,174.88,17.50,79.53,402.22,0.6067,-1,-1,-1
61,23,-0.50,79.69,29.19,219.22,0.3828,-1,-1,-1
62,1,310.94,-1.40,286.76,478.24,0.8371,-1,-1,-1
62,2,0.83,-0.06,226.12,477.16,0.8608,-1,-1,-1
62,17,177.06,15.76,78.78,415.83,0.7373,-1,-1,-1
62,23,0.05,77.76,30.49,227.91,0.4489,-1,-1,-1
63,1,312.86,-0.71,286.73,479.55,0.8877,-1,-1,-1
63,2,0.56,0.63,225.28,476.01,0.7994,-1,-1,-1
63,17,177.18,14.87,79.50,422.30,0.7330,-1,-1,-1
63,23,0.56,75.75,34.97,313.19,0.3767,-1,-1,-1
64,1,316.58,-0.69,288.17,480.30,0.8775,-1,-1,-1
64,2,0.41,1.68,227.65,476.33,0.8123,-1,-1,-1
64,17,176.55,14.80,82.31,418.74,0.5785,-1,-1,-1
64,23,0.60,75.38,34.64,361.31,0.3762,-1,-1,-1
64,5,501.07,191.76,26.62,77.55,0.6117,-1,-1,-1
65,1,317.15,-0.67,289.63,480.27,0.8805,-1,-1,-1
65,2,-0.11,2.65,229.14,474.51,0.7704,-1,-1,-1
65,17,177.46,14.29,83.33,375.76,0.5357,-1,-1,-1
65,23,0.42,74.46,35.69,364.88,0.3462,-1,-1,-1
65,5,501.94,192.70,26.37,76.72,0.6469,-1,-1,-1
66,1,314.25,-0.50,292.98,480.20,0.8854,-1,-1,-1
66,2,-0.44,1.61,230.54,473.18,0.8433,-1,-1,-1
66,17,177.11,12.94,84.88,346.32,0.6339,-1,-1,-1
66,23,0.11,74.18,34.03,377.26,0.3639,-1,-1,-1
66,5,502.14,192.35,26.56,76.62,0.6957,-1,-1,-1
67,1,312.19,-0.15,298.91,480.06,0.8865,-1,-1,-1
67,2,-0.06,1.69,228.38,475.25,0.8173,-1,-1,-1
67,17,179.10,11.79,84.22,393.49,0.7566,-1,-1,-1
67,23,0.50,75.02,32.90,385.99,0.5327,-1,-1,-1
67,5,503.63,192.92,25.25,76.41,0.6532,-1,-1,-1
68,1,315.61,0.20,297.08,480.09,0.8963,-1,-1,-1
68,2,-0.24,2.57,226.48,474.79,0.7555,-1,-1,-1
68,17,179.64,11.11,84.16,420.68,0.6890,-1,-1,-1
68,23,0.57,74.17,34.00,359.55,0.3600,-1,-1,-1
68,5,505.69,193.32,23.68,76.51,0.6111,-1,-1,-1
69,1,317.37,0.28,294.54,479.87,0.8926,-1,-1,-1
69,2,-0.33,2.66,225.21,475.01,0.7400,-1,-1,-1
69,17,179.37,9.84,84.86,432.76,0.6076,-1,-1,-1
69,23,0.39,73.54,33.86,362.92,0.3877,-1,-1,-1
69,5,505.92,193.74,22.47,75.57,0.6399,-1,-1,-1
69,9,294.17,176.05,28.52,86.35,0.5674,-1,-1,-1
70,1,317.95,0.40,293.67,479.75,0.8943,-1,-1,-1
70,2,-0.24,1.71,223.73,477.17,0.8193,-1,-1,-1
70,17,182.17,8.91,83.89,430.98,0.8358,-1,-1,-1
70,23,0.50,74.01,34.38,360.14,0.3963,-1,-1,-1
70,5,506.50,193.57,22.59,75.71,0.6213,-1,-1,-1
70,27,0.15,77.58,22.45,128.75,0.3840,-1,-1,-1
70,9,295.57,176.66,26.74,85.48,0.5101,-1,-1,-1
71,1,318.12,0.20,292.27,479.88,0.8775,-1,-1,-1
71,2,-0.08,1.56,222.91,478.00,0.8340,-1,-1,-1
71,17,183.71,8.36,84.08,430.24,0.8404,-1,-1,-1
71,23,0.60,73.93,33.81,368.02,0.3785,-1,-1,-1
71,5,506.93,193.59,22.37,74.87,0.5654,-1,-1,-1
71,27,0.20,77.94,22.45,126.59,0.4408,-1,-1,-1
71,9,294.25,176.76,27.63,84.84,0.5810,-1,-1,-1
72,1,317.00,0.58,294.16,479.38,0.8806,-1,-1,-1
72,2,0.12,1.75,223.16,478.19,0.8600,-1,-1,-1
72,17,184.72,7.58,84.92,430.60,0.8389,-1,-1,-1
72,23,0.82,75.12,33.54,373.14,0.4959,-1,-1,-1
72,5,507.25,193.35,22.51,75.64,0.5882,-1,-1,-1
72,27,0.31,78.33,22.78,126.59,0.4037,-1,-1,-1
72,9,292.07,177.01,30.28,84.94,0.6117,-1,-1,-1
73,1,314.56,0.52,297.11,479.31,0.8943,-1,-1,-1
73,2,0.04,1.65,223.13,478.19,0.8519,-1,-1,-1
73,17,185.15,9.42,86.66,427.87,0.8400,-1,-1,-1
73,23,0.71,74.25,34.35,368.46,0.3411,-1,-1,-1
73,5,506.33,192.79,22.85,77.18,0.5187,-1,-1,-1
73,27,0.20,78.13,22.57,127.96,0.4075,-1,-1,-1
73,9,290.60,177.33,30.70,83.11,0.6128,-1,-1,-1
73,28,586.30,196.21,23.18,51.90,0.5526,-1,-1,-1
74,1,313.72,0.30,296.04,479.44,0.8459,-1,-1,-1
74,2,0.11,1.66,223.36,477.43,0.8471,-1,-1,-1
74,17,185.44,9.13,88.49,427.29,0.8503,-1,-1,-1
74,23,0.68,73.74,34.33,360.66,0.3534,-1,-1,-1
74,5,505.72,193.21,22.70,76.23,0.5727,-1,-1,-1
74,27,0.17,78.27,22.62,126.61,0.4168,-1,-1,-1
74,9,290.38,177.18,30.52,82.40,0.5386,-1,-1,-1
75,1,309.24,0.56,295.75,478.54,0.8697,-1,-1,-1
75,2,1.01,1.61,222.64,477.02,0.8276,-1,-1,-1
75,17,186.81,9.61,89.04,425.55,0.8472,-1,-1,-1
75,27,0.50,77.98,22.91,125.40,0.3589,-1,-1,-1
75,9,290.25,177.26,31.20,81.94,0.5874,-1,-1,-1
76,1,306.39,0.21,297.29,477.48,0.8882,-1,-1,-1
76,2,1.23,1.51,222.35,476.77,0.8166,-1,-1,-1
76,17,187.10,10.01,89.68,424.73,0.8568,-1,-1,-1
76,27,0.43,78.24,22.79,127.97,0.3207,-1,-1,-1
76,9,290.18,176.86,30.79,81.39,0.6591,-1,-1,-1
77,1,304.15,0.09,297.03,476.51,0.8763,-1,-1,-1
77,2,1.33,1.60,222.96,476.10,0.8266,-1,-1,-1
77,17,187.54,9.95,90.07,423.68,0.8454,-1,-1,-1
77,27,0.27,78.86,22.96,121.06,0.3552,-1,-1,-1
77,9,290.07,176.77,31.91,81.19,0.6405,-1,-1,-1
78,1,302.39,0.07,297.56,476.30,0.8937,-1,-1,-1
78,2,1.16,1.53,223.33,477.64,0.8321,-1,-1,-1
78,17,188.89,9.31,87.90,423.86,0.8439,-1,-1,-1
78,27,0.16,78.96,22.84,114.43,0.4604,-1,-1,-1
78,9,289.63,177.23,31.24,80.90,0.4745,-1,-1,-1
79,1,304.08,-0.08,291.24,478.54,0.8734,-1,-1,-1
79,2,1.15,0.97,223.06,477.73,0.8295,-1,-1,-1
79,17,188.82,9.76,86.04,423.86,0.8380,-1,-1,-1
79,27,-0.12,78.97,22.94,121.37,0.3743,-1,-1,-1
79,9,288.68,177.44,32.69,80.56,0.4080,-1,-1,-1
80,1,310.76,-0.11,278.81,479.51,0.8758,-1,-1,-1
80,2,0.68,1.26,224.15,478.38,0.8513,-1,-1,-1
80,17,188.68,10.58,85.68,424.53,0.8306,-1,-1,-1
80,27,-0.31,79.49,23.10,119.20,0.3881,-1,-1,-1
81,1,313.25,-0.09,275.61,479.32,0.8783,-1,-1,-1
81,2,1.05,1.49,226.16,477.74,0.8409,-1,-1,-1
81,17,189.18,11.01,84.92,420.87,0.7946,-1,-1,-1
81,27,0.23,79.51,23.62,119.02,0.3879,-1,-1,-1
81,23,0.74,76.61,33.32,372.42,0.3982,-1,-1,-1
82,1,317.30,-0.13,270.05,480.23,0.8639,-1,-1,-1
82,2,0.37,1.50,229.95,477.15,0.8394,-1,-1,-1
82,17,188.90,11.98,84.75,420.32,0.7263,-1,-1,-1
82,27,-0.30,79.71,23.27,116.14,0.4097,-1,-1,-1
82,23,0.10,76.39,33.60,362.62,0.3484,-1,-1,-1
83,1,312.47,0.04,274.47,477.84,0.8782,-1,-1,-1
83,2,0.28,1.50,227.01,478.07,0.8124,-1,-1,-1
83,17,188.26,13.11,84.18,423.51,0.8186,-1,-1,-1
83,27,-0.25,79.34,22.84,118.44,0.4508,-1,-1,-1
83,23,0.07,75.25,32.90,374.48,0.3419,-1,-1,-1
84,1,308.85,0.04,273.43,478.96,0.9026,-1,-1,-1
84,2,0.19,1.21,224.49,476.83,0.7689,-1,-1,-1
84,17,184.86,12.31,85.19,425.99,0.8014,-1,-1,-1
84,27,-0.21,78.70,21.52,121.47,0.4569,-1,-1,-1
85,1,308.73,0.08,276.71,478.79,0.8923,-1,-1,-1
85,2,0.19,1.31,228.59,475.82,0.7578,-1,-1,-1
85,17,182.93,14.21,83.99,424.60,0.7536,-1,-1,-1
85,27,-0.13,78.71,21.69,123.69,0.3634,-1,-1,-1
86,1,307.85,0.31,278.35,476.47,0.8690,-1,-1,-1
86,2,0.43,1.84,229.06,475.77,0.7424,-1,-1,-1
86,17,179.15,16.52,84.60,423.57,0.7433,-1,-1,-1
86,27,-0.01,79.64,22.12,125.32,0.3729,-1,-1,-1
86,29,615.48,193.40,24.09,56.58,0.4753,-1,-1,-1
87,1,309.72,-0.05,276.42,478.75,0.8890,-1,-1,-1
87,2,-0.15,1.48,231.36,475.30,0.7130,-1,-1,-1
87,17,175.15,16.74,84.52,414.89,0.6710,-1,-1,-1
87,27,-0.34,79.52,21.38,123.60,0.3414,-1,-1,-1
87,29,614.92,193.14,24.56,56.29,0.5218,-1,-1,-1
87,5,503.71,193.05,23.66,75.93,0.6582,-1,-1,-1
87,23,-0.01,75.28,32.37,366.16,0.4788,-1,-1,-1
88,1,307.62,0.87,279.51,479.10,0.8975,-1,-1,-1
88,2,-0.09,2.07,228.79,475.90,0.8099,-1,-1,-1
88,17,174.24,20.92,83.09,411.92,0.7421,-1,-1,-1
88,27,-0.14,80.68,21.79,123.75,0.4361,-1,-1,-1
88,5,504.91,193.43,23.53,76.98,0.5318,-1,-1,-1
88,23,0.04,74.56,33.08,377.82,0.3128,-1,-1,-1
89,1,310.33,0.57,277.08,479.50,0.8959,-1,-1,-1
89,2,-0.18,1.85,227.50,476.59,0.7994,-1,-1,-1
89,17,172.08,22.76,83.87,406.67,0.7086,-1,-1,-1
89,27,-0.14,80.94,21.86,123.81,0.3678,-1,-1,-1
89,5,505.63,192.91,22.50,77.23,0.4925,-1,-1,-1
89,23,0.01,75.36,32.98,358.24,0.3321,-1,-1,-1
90,1,308.91,0.69,278.65,479.30,0.8981,-1,-1,-1
90,2,-0.36,1.86,224.99,477.17,0.8002,-1,-1,-1
90,17,169.38,23.70,86.59,403.75,0.7585,-1,-1,-1
90,5,505.72,192.92,21.51,77.30,0.4157,-1,-1,-1
90,23,-0.10,77.63,32.57,364.71,0.4302,-1,-1,-1
91,1,308.54,1.01,280.08,478.82,0.8905,-1,-1,-1
91,2,-0.03,1.78,223.26,477.22,0.7970,-1,-1,-1
91,17,167.91,24.15,89.13,402.45,0.7244,-1,-1,-1
91,5,505.46,192.49,21.24,76.65,0.3041,-1,-1,-1
91,23,0.21,78.99,32.40,373.72,0.4723,-1,-1,-1
91,27,-0.11,83.38,21.96,128.83,0.4288,-1,-1,-1
92,1,305.92,0.90,282.51,478.85,0.9035,-1,-1,-1
92,2,0.11,1.82,226.32,476.44,0.7816,-1,-1,-1
92,17,167.32,24.52,92.83,403.21,0.7218,-1,-1,-1
92,5,506.19,192.84,21.02,76.98,0.3186,-1,-1,-1
92,23,0.12,80.41,33.17,362.16,0.4202,-1,-1,-1
93,1,305.93,0.56,280.27,478.72,0.8887,-1,-1,-1
93,2,0.16,1.43,224.13,475.59,0.8450,-1,-1,-1
93,17,167.01,24.04,100.76,407.62,0.7881,-1,-1,-1
93,31,299.46,180.39,25.38,76.37,0.4605,-1,-1,-1
94,1,306.55,0.06,278.26,479.59,0.9022,-1,-1,-1
94,2,0.46,1.16,223.35,475.43,0.8474,-1,-1,-1
94,17,167.82,23.77,104.00,409.19,0.7889,-1,-1,-1
94,31,299.88,179.20,25.72,78.44,0.4559,-1,-1,-1
94,34,267.24,190.99,17.72,57.65,0.4860,-1,-1,-1
95,1,307.28,-0.06,276.95,477.92,0.9027,-1,-1,-1
95,2,0.73,1.37,223.13,475.13,0.8627,-1,-1,-1
95,17,169.91,22.45,104.41,411.62,0.7897,-1,-1,-1
95,31,301.09,178.68,24.31,80.79,0.5152,-1,-1,-1
95,34,266.73,192.82,16.38,55.73,0.5506,-1,-1,-1
95,23,0.53,79.14,33.77,370.02,0.4192,-1,-1,-1
96,1,306.83,-0.08,276.07,479.12,0.9009,-1,-1,-1
96,2,0.46,1.43,222.60,474.54,0.8351,-1,-1,-1
96,17,171.68,22.06,102.43,411.11,0.7941,-1,-1,-1
96,31,300.89,178.05,23.82,79.91,0.4932,-1,-1,-1
96,34,265.64,192.24,16.48,56.41,0.5248,-1,-1,-1
96,23,0.16,82.07,34.46,367.23,0.4316,-1,-1,-1
97,1,307.10,0.13,275.94,477.35,0.9034,-1,-1,-1
97,2,0.49,1.63,222.39,473.04,0.8621,-1,-1,-1
97,17,174.48,21.23,99.38,412.07,0.8173,-1,-1,-1
97,31,301.54,178.80,23.26,80.67,0.5777,-1,-1,-1
97,34,262.97,192.30,16.66,58.05,0.5754,-1,-1,-1
97,23,0.07,84.03,34.21,332.71,0.3835,-1,-1,-1
97,9,282.56,179.83,25.07,78.30,0.3727,-1,-1,-1
98,1,308.59,0.02,275.10,477.78,0.9065,-1,-1,-1
98,2,0.99,1.30,222.32,473.16,0.8719,-1,-1,-1
98,17,180.29,20.39,94.07,412.68,0.8339,-1,-1,-1
98,31,302.28,178.14,22.85,82.53,0.5931,-1,-1,-1
98,23,0.40,83.21,33.00,340.81,0.5184,-1,-1,-1
98,5,506.75,192.54,21.31,76.68,0.5171,-1,-1,-1
99,1,309.04,0.04,274.78,478.09,0.9088,-1,-1,-1
99,2,0.74,1.17,222.44,474.25,0.8852,-1,-1,-1
99,17,184.03,20.80,91.66,411.95,0.8490,-1,-1,-1
99,31,301.42,177.88,23.63,81.29,0.5380,-1,-1,-1
99,23,0.30,80.01,34.64,360.70,0.4543,-1,-1,-1
99,5,507.09,192.74,21.07,76.85,0.3884,-1,-1,-1
99,9,280.10,179.93,25.89,78.90,0.3454,-1,-1,-1
100,1,309.52,-0.06,273.82,477.74,0.9025,-1,-1,-1
100,2,0.48,0.96,221.85,475.14,0.8831,-1,-1,-1
100,17,186.60,18.91,90.41,413.42,0.8408,-1,-1,-1
100,31,300.97,178.25,24.94,80.30,0.5908,-1,-1,-1
100,23,-0.03,81.27,34.80,341.07,0.4279,-1,-1,-1
100,5,506.30,192.66,21.50,76.18,0.5560,-1,-1,-1
100,9,279.27,178.81,26.31,79.94,0.5647,-1,-1,-1
101,1,310.24,-0.01,274.03,479.35,0.9081,-1,-1,-1
101,2,0.63,0.92,221.78,475.31,0.8753,-1,-1,-1
101,17,189.31,17.58,91.68,414.04,0.8525,-1,-1,-1
101,31,301.01,178.08,24.36,81.55,0.4696,-1,-1,-1
101,23,0.10,81.57,34.18,350.67,0.4188,-1,-1,-1
101,5,507.18,192.74,21.68,76.35,0.3723,-1,-1,-1
101,9,279.32,179.05,26.41,79.73,0.4206,-1,-1,-1
102,1,311.89,-0.01,271.91,478.60,0.9009,-1,-1,-1
102,2,0.54,0.66,221.61,475.78,0.8733,-1,-1,-1
102,17,189.98,16.36,93.25,413.49,0.8468,-1,-1,-1
102,23,0.04,81.59,34.01,346.04,0.4374,-1,-1,-1
103,1,313.40,-0.05,271.31,479.78,0.9116,-1,-1,-1
103,2,0.53,0.73,221.64,476.61,0.8687,-1,-1,-1
103,17,191.25,16.89,93.27,414.54,0.8380,-1,-1,-1
103,23,0.09,81.84,33.74,328.52,0.3844,-1,-1,-1
104,1,314.26,-0.03,273.29,480.03,0.9108,-1,-1,-1
104,2,0.27,0.86,222.47,476.94,0.8907,-1,-1,-1
104,17,192.19,17.45,91.13,415.01,0.8410,-1,-1,-1
104,23,0.09,80.67,33.89,335.57,0.3331,-1,-1,-1
105,1,314.18,-0.06,274.41,480.19,0.9087,-1,-1,-1
105,2,-0.19,0.73,223.16,476.91,0.8610,-1,-1,-1
105,17,191.99,17.17,89.82,412.47,0.8382,-1,-1,-1
105,23,-0.29,82.82,32.28,346.96,0.3740,-1,-1,-1
106,1,314.16,-0.09,276.15,479.48,0.9048,-1,-1,-1
106,2,-0.14,0.54,223.52,477.66,0.8781,-1,-1,-1
106,17,192.44,16.71,87.33,414.42,0.8271,-1,-1,-1
106,23,-0.22,82.39,32.55,357.79,0.4009,-1,-1,-1
106,36,540.79,203.83,12.32,36.02,0.3914,-1,-1,-1
106,31,300.97,178.75,23.98,82.21,0.6383,-1,-1,-1
106,9,279.07,178.89,25.52,81.23,0.5880,-1,-1,-1
107,1,313.36,-0.04,278.74,478.72,0.8951,-1,-1,-1
107,2,-0.11,0.33,224.52,478.18,0.8799,-1,-1,-1
107,17,192.02,17.06,86.37,413.89,0.8175,-1,-1,-1
107,23,-0.23,82.48,31.90,359.55,0.3516,-1,-1,-1
107,36,541.35,204.15,11.86,35.73,0.3710,-1,-1,-1
107,31,300.90,178.69,24.25,82.01,0.5966,-1,-1,-1
107,9,279.40,179.51,25.34,79.65,0.5750,-1,-1,-1
108,1,312.47,-0.18,282.75,477.80,0.8999,-1,-1,-1
108,2,-0.27,-0.04,225.32,478.08,0.8746,-1,-1,-1
108,17,191.96,16.30,85.98,415.13,0.8232,-1,-1,-1
108,36,541.25,202.28,11.99,37.66,0.4539,-1,-1,-1
108,31,300.97,178.73,24.13,81.33,0.6038,-1,-1,-1
108,9,279.31,180.56,24.93,78.53,0.5077,-1,-1,-1
109,1,312.35,-0.21,284.82,475.78,0.8300,-1,-1,-1
109,2,-0.39,-0.02,225.05,478.59,0.8853,-1,-1,-1
109,17,190.05,16.63,87.83,414.25,0.8319,-1,-1,-1
109,31,300.99,178.42,23.92,81.99,0.5742,-1,-1,-1
109,9,278.99,180.75,25.60,77.95,0.5195,-1,-1,-1
110,1,312.25,-0.26,288.05,477.17,0.6560,-1,-1,-1
110,2,-0.71,0.22,224.62,478.53,0.9061,-1,-1,-1
110,17,188.34,16.75,90.61,414.12,0.8399,-1,-1,-1
110,31,300.55,178.14,24.57,82.29,0.4665,-1,-1,-1
111,1,312.17,0.05,288.64,476.47,0.7371,-1,-1,-1
111,2,-0.21,0.05,222.89,479.05,0.8963,-1,-1,-1
111,17,188.08,17.09,91.74,414.26,0.8435,-1,-1,-1
111,31,299.57,178.08,24.50,81.81,0.3553,-1,-1,-1
112,1,325.65,0.11,277.98,478.59,0.7905,-1,-1,-1
112,2,-0.28,0.11,222.79,479.49,0.9071,-1,-1,-1
112,17,187.69,17.03,94.58,415.73,0.8487,-1,-1,-1
112,31,298.69,178.28,26.38,82.15,0.3818,-1,-1,-1
113,1,316.48,0.21,283.10,479.34,0.8624,-1,-1,-1
113,2,-0.21,0.16,222.74,479.30,0.9031,-1,-1,-1
113,17,187.69,17.80,94.33,416.70,0.8521,-1,-1,-1
114,1,311.65,0.20,286.91,479.00,0.8963,-1,-1,-1
114,2,0.14,0.15,222.19,478.72,0.8957,-1,-1,-1
114,17,187.67,19.15,94.72,414.38,0.8535,-1,-1,-1
115,1,309.52,0.35,288.17,478.77,0.8816,-1,-1,-1
115,2,0.48,-0.19,221.53,478.72,0.8902,-1,-1,-1
115,17,188.36,19.84,94.52,414.87,0.8673,-1,-1,-1
116,1,307.33,0.13,282.14,476.61,0.8958,-1,-1,-1
116,2,0.98,-0.48,220.52,478.16,0.8817,-1,-1,-1
116,17,191.07,20.17,92.82,415.01,0.8590,-1,-1,-1
117,1,306.16,0.21,281.02,477.33,0.8822,-1,-1,-1
117,2,1.48,-0.34,220.77,477.33,0.8697,-1,-1,-1
117,17,192.69,20.21,93.62,415.20,0.8542,-1,-1,-1
118,1,304.31,0.54,277.90,476.65,0.8892,-1,-1,-1
118,2,1.57,0.23,222.07,476.94,0.8664,-1,-1,-1
118,17,193.88,20.45,92.66,415.72,0.8602,-1,-1,-1
119,1,303.30,0.82,278.33,477.43,0.9125,-1,-1,-1
119,2,1.65,1.22,226.19,477.09,0.8836,-1,-1,-1
119,17,196.92,20.70,91.93,413.06,0.8181,-1,-1,-1
119,5,498.84,193.15,29.93,78.43,0.6957,-1,-1,-1
119,23,0.10,80.16,30.38,343.05,0.4110,-1,-1,-1
120,1,302.18,0.50,279.78,478.74,0.9097,-1,-1,-1
120,2,0.94,1.23,230.29,478.31,0.8741,-1,-1,-1
120,17,199.89,21.36,89.37,411.73,0.8092,-1,-1,-1
120,5,498.75,193.17,29.93,78.86,0.7218,-1,-1,-1
121,1,302.76,0.96,280.24,478.06,0.8875,-1,-1,-1
121,2,1.43,1.31,234.62,478.09,0.8735,-1,-1,-1
121,17,200.71,21.78,88.94,413.22,0.8216,-1,-1,-1
121,5,498.71,192.73,30.07,79.43,0.6551,-1,-1,-1
122,1,305.38,0.85,281.25,476.75,0.8920,-1,-1,-1
122,2,1.87,1.20,238.56,478.37,0.8543,-1,-1,-1
122,17,202.48,22.51,85.05,415.47,0.8227,-1,-1,-1
122,5,498.78,193.56,29.78,78.27,0.6695,-1,-1,-1
122,23,1.47,76.33,34.57,392.20,0.4036,-1,-1,-1
123,1,303.23,1.00,281.88,477.62,0.8960,-1,-1,-1
123,2,1.92,1.45,242.30,478.04,0.8707,-1,-1,-1
123,17,202.71,21.84,84.46,414.34,0.8305,-1,-1,-1
123,5,499.09,193.79,30.34,77.87,0.6811,-1,-1,-1
123,23,1.50,75.97,37.35,400.03,0.5581,-1,-1,-1
124,1,304.11,0.43,280.07,478.53,0.9046,-1,-1,-1
124,2,1.56,1.03,245.32,478.03,0.8616,-1,-1,-1
124,17,203.36,22.35,82.78,410.09,0.8418,-1,-1,-1
124,5,499.54,194.12,30.11,77.67,0.6478,-1,-1,-1
124,23,1.12,75.80,38.39,402.34,0.5401,-1,-1,-1
125,1,304.69,0.55,278.47,478.78,0.9030,-1,-1,-1
125,2,0.96,1.01,248.40,477.82,0.8520,-1,-1,-1
125,17,203.47,22.83,81.87,406.91,0.8160,-1,-1,-1
125,5,500.49,193.87,29.21,77.71,0.6344,-1,-1,-1
125,23,0.70,76.53,41.28,404.42,0.5826,-1,-1,-1
125,38,561.13,201.96,16.10,37.95,0.4831,-1,-1,-1
125,31,297.24,178.53,27.52,79.10,0.3562,-1,-1,-1
126,1,305.17,0.47,276.80,479.26,0.8988,-1,-1,-1
126,2,-0.02,0.74,251.63,469.48,0.7887,-1,-1,-1
126,17,203.81,22.70,80.65,406.63,0.7864,-1,-1,-1
126,5,500.95,194.07,28.30,77.84,0.6141,-1,-1,-1
126,23,0.15,76.68,42.69,403.51,0.4577,-1,-1,-1
126,38,561.26,202.50,16.13,37.21,0.4918,-1,-1,-1
126,31,297.99,178.26,25.82,79.06,0.3029,-1,-1,-1
126,9,286.32,180.08,26.26,78.25,0.3384,-1,-1,-1
127,1,306.24,0.44,276.48,479.41,0.8964,-1,-1,-1
127,2,0.49,1.04,251.19,473.24,0.8436,-1,-1,-1
127,17,205.12,22.17,78.68,410.28,0.8027,-1,-1,-1
127,5,502.26,193.38,27.26,77.85,0.5792,-1,-1,-1
127,23,0.08,77.57,45.10,404.06,0.4102,-1,-1,-1
127,38,562.44,203.18,15.17,36.72,0.5194,-1,-1,-1
128,1,305.98,0.39,277.01,479.58,0.9016,-1,-1,-1
128,2,0.02,0.74,254.12,473.35,0.8294,-1,-1,-1
128,17,204.92,22.40,79.27,408.61,0.7215,-1,-1,-1
128,5,502.80,193.89,26.59,77.13,0.5989,-1,-1,-1
128,23,-0.31,77.49,47.02,404.69,0.5893,-1,-1,-1
128,38,562.32,203.44,15.62,37.23,0.4910,-1,-1,-1
129,1,306.62,0.17,275.74,479.51,0.8927,-1,-1,-1
129,2,-0.21,0.69,254.89,474.06,0.8535,-1,-1,-1
129,17,204.75,22.66,79.40,408.35,0.7309,-1,-1,-1
129,5,502.97,194.04,26.27,77.11,0.5802,-1,-1,-1
129,23,-0.53,79.04,47.96,403.13,0.6323,-1,-1,-1
129,38,561.59,204.05,16.09,36.92,0.4560,-1,-1,-1
130,1,306.22,0.13,276.48,479.80,0.9094,-1,-1,-1
130,2,1.40,0.58,251.23,473.82,0.8247,-1,-1,-1
130,17,204.79,23.38,79.28,408.03,0.7594,-1,-1,-1
130,5,503.99,193.72,26.32,77.23,0.6059,-1,-1,-1
130,23,-0.60,79.99,49.19,402.19,0.7023,-1,-1,-1
130,38,561.42,203.44,16.37,37.76,0.4674,-1,-1,-1
130,9,288.81,190.04,21.13,68.09,0.3445,-1,-1,-1
131,1,306.00,0.19,276.03,479.71,0.8994,-1,-1,-1
131,2,10.44,0.56,239.81,472.31,0.8097,-1,-1,-1
131,17,204.22,23.11,79.87,406.22,0.7969,-1,-1,-1
131,5,502.69,193.67,27.45,77.65,0.6457,-1,-1,-1
131,23,-0.66,80.14,49.39,291.22,0.3804,-1,-1,-1
131,38,560.41,203.53,17.01,37.15,0.4638,-1,-1,-1
131,9,288.60,192.08,20.52,66.02,0.3427,-1,-1,-1
132,1,306.38,0.04,274.40,480.05,0.8949,-1,-1,-1
132,2,12.21,0.41,235.90,472.73,0.7870,-1,-1,-1
132,17,202.43,22.78,81.21,406.47,0.8257,-1,-1,-1
132,5,502.53,193.15,27.40,77.86,0.6382,-1,-1,-1
132,23,-0.74,80.47,49.07,368.74,0.3013,-1,-1,-1
132,9,284.09,190.68,20.74,66.86,0.3164,-1,-1,-1
132,31,295.84,177.78,26.54,81.19,0.4889,-1,-1,-1
133,1,306.02,-0.16,273.70,478.32,0.8991,-1,-1,-1
133,2,9.58,0.31,236.56,474.86,0.8354,-1,-1,-1
133,17,201.54,22.20,81.81,410.18,0.8304,-1,-1,-1
133,5,502.24,193.13,27.72,78.31,0.5817,-1,-1,-1
133,23,-0.85,81.49,42.81,279.33,0.3539,-1,-1,-1
133,9,281.00,188.66,21.58,67.80,0.3878,-1,-1,-1
133,31,294.58,177.91,28.91,81.12,0.5493,-1,-1,-1
134,1,305.36,-0.07,271.80,477.55,0.9026,-1,-1,-1
134,2,10.40,0.42,234.08,477.48,0.8560,-1,-1,-1
134,17,201.03,22.46,81.48,411.71,0.8370,-1,-1,-1
134,5,501.44,192.85,28.65,79.22,0.6181,-1,-1,-1
134,23,-0.75,81.03,45.70,364.43,0.4224,-1,-1,-1
134,9,279.94,188.51,20.72,66.54,0.3069,-1,-1,-1
134,31,294.52,178.24,29.53,80.77,0.5792,-1,-1,-1
134,38,558.17,200.98,19.24,39.96,0.4271,-1,-1,-1
135,1,305.94,-0.23,270.47,479.84,0.8894,-1,-1,-1
135,2,8.12,0.44,234.31,478.62,0.8810,-1,-1,-1
135,17,201.39,22.52,81.15,412.94,0.8353,-1,-1,-1
135,5,500.96,192.97,28.28,79.25,0.6233,-1,-1,-1
135,23,-0.84,80.30,44.48,386.71,0.4110,-1,-1,-1
135,31,294.72,177.82,29.66,81.51,0.5415,-1,-1,-1
135,42,537.40,192.54,19.12,55.40,0.5002,-1,-1,-1
136,1,305.68,-0.16,269.85,480.43,0.8887,-1,-1,-1
136,2,6.17,0.49,231.98,478.72,0.8600,-1,-1,-1
136,17,200.16,23.22,82.37,411.87,0.8276,-1,-1,-1
136,5,500.53,192.75,28.47,79.52,0.6287,-1,-1,-1
136,23,-0.73,78.58,43.96,394.06,0.4137,-1,-1,-1
136,31,296.03,178.24,28.02,81.03,0.4216,-1,-1,-1
136,42,536.05,191.23,20.14,57.57,0.3587,-1,-1,-1
137,1,305.68,-0.17,269.57,480.59,0.8918,-1,-1,-1
137,2,6.21,0.57,227.13,479.03,0.8581,-1,-1,-1
137,17,196.43,22.99,86.73,410.46,0.8259,-1,-1,-1
137,5,500.55,193.18,28.49,79.05,0.5983,-1,-1,-1
137,23,-0.66,79.35,42.18,393.82,0.3929,-1,-1,-1
137,31,297.09,178.19,27.18,80.83,0.5088,-1,-1,-1
137,42,534.58,190.98,21.65,58.25,0.4909,-1,-1,-1
138,1,304.25,-0.31,271.34,480.94,0.9044,-1,-1,-1
138,2,5.08,0.19,223.38,480.25,0.8719,-1,-1,-1
138,17,192.59,23.07,90.43,412.32,0.8407,-1,-1,-1
138,5,501.29,193.05,28.11,79.10,0.5680,-1,-1,-1
138,31,293.81,178.38,31.64,81.06,0.5963,-1,-1,-1
138,42,533.53,190.24,23.50,58.40,0.4541,-1,-1,-1
139,1,304.53,-0.17,272.21,480.56,0.9091,-1,-1,-1
139,2,3.97,0.23,222.53,480.11,0.8725,-1,-1,-1
139,17,190.77,22.62,92.68,411.20,0.8465,-1,-1,-1
139,5,501.71,193.53,27.79,78.43,0.5530,-1,-1,-1
139,31,292.28,178.28,33.96,81.13,0.6195,-1,-1,-1
139,38,556.24,201.48,17.86,40.52,0.4054,-1,-1,-1
140,1,304.94,0.37,273.55,479.69,0.9097,-1,-1,-1
140,2,2.58,0.50,220.68,479.72,0.8782,-1,-1,-1
140,17,189.31,22.45,94.67,410.86,0.8530,-1,-1,-1
140,5,502.32,193.10,27.83,78.47,0.5393,-1,-1,-1
140,31,292.51,177.54,32.76,81.83,0.5998,-1,-1,-1
140,38,556.07,202.96,16.35,38.93,0.3092,-1,-1,-1
141,1,304.03,0.06,275.93,476.44,0.8972,-1,-1,-1
141,2,1.60,0.71,218.56,479.17,0.8870,-1,-1,-1
141,17,187.49,21.39,96.82,412.19,0.8564,-1,-1,-1
141,5,502.14,192.97,27.49,78.24,0.5839,-1,-1,-1
141,31,292.84,178.08,32.12,80.77,0.4852,-1,-1,-1
141,38,554.84,203.73,15.51,38.10,0.3259,-1,-1,-1
142,1,303.76,0.18,277.07,478.12,0.9092,-1,-1,-1
142,2,1.23,0.90,216.26,479.19,0.8835,-1,-1,-1
142,17,186.95,20.87,97.42,413.32,0.8576,-1,-1,-1
142,5,502.40,192.43,27.17,78.80,0.5733,-1,-1,-1
142,31,293.93,178.08,29.20,80.47,0.4505,-1,-1,-1
142,38,555.27,203.49,16.86,38.72,0.3941,-1,-1,-1
143,1,304.70,-0.14,278.28,479.68,0.9055,-1,-1,-1
143,2,0.26,0.81,216.10,479.61,0.8854,-1,-1,-1
143,17,185.30,20.26,99.43,414.47,0.8614,-1,-1,-1
143,5,503.87,191.91,25.29,78.79,0.6006,-1,-1,-1
143,31,292.37,178.24,31.74,81.02,0.5410,-1,-1,-1
143,38,555.44,205.51,14.94,36.93,0.3462,-1,-1,-1
144,1,304.88,-0.22,280.98,480.28,0.9133,-1,-1,-1
144,2,-0.11,0.69,216.19,479.24,0.8931,-1,-1,-1
144,17,184.53,20.25,100.21,414.13,0.8553,-1,-1,-1
144,5,504.44,191.33,24.17,79.05,0.5513,-1,-1,-1
144,31,292.91,178.29,30.42,80.30,0.5562,-1,-1,-1
144,38,554.61,204.07,15.94,38.33,0.4272,-1,-1,-1
145,1,306.43,-0.30,284.69,481.08,0.9008,-1,-1,-1
145,2,-0.24,0.27,214.85,479.27,0.9011,-1,-1,-1
145,17,182.81,19.79,101.71,414.12,0.8540,-1,-1,-1
145,5,505.53,192.24,23.18,78.33,0.5419,-1,-1,-1
145,31,293.71,178.43,28.98,80.05,0.5823,-1,-1,-1
145,38,555.18,202.95,19.24,52.20,0.4430,-1,-1,-1
146,1,308.09,-0.11,285.05,480.40,0.8636,-1,-1,-1
146,2,0.19,0.64,214.47,478.24,0.8961,-1,-1,-1
146,17,182.59,19.96,102.09,413.01,0.8517,-1,-1,-1
146,31,295.12,178.24,27.35,80.18,0.6082,-1,-1,-1
147,1,319.13,-0.09,282.81,477.78,0.8372,-1,-1,-1
147,2,0.52,1.15,215.14,476.70,0.8909,-1,-1,-1
147,17,183.08,20.22,101.64,412.20,0.8537,-1,-1,-1
147,31,296.32,177.48,25.16,81.97,0.3753,-1,-1,-1
148,1,317.66,0.17,289.95,476.34,0.8764,-1,-1,-1
148,2,1.45,1.45,216.24,476.94,0.8660,-1,-1,-1
148,17,185.30,20.53,99.61,411.84,0.8592,-1,-1,-1
148,31,298.35,177.85,23.74,82.89,0.3966,-1,-1,-1
149,1,317.07,0.21,294.13,475.97,0.8834,-1,-1,-1
149,2,2.35,1.17,219.69,477.72,0.8569,-1,-1,-1
149,17,188.10,20.95,96.72,410.55,0.8567,-1,-1,-1
149,31,300.38,178.10,22.25,84.05,0.4446,-1,-1,-1
149,43,289.62,197.54,19.79,62.11,0.4439,-1,-1,-1
150,1,316.35,0.31,297.76,477.69,0.8775,-1,-1,-1
150,2,2.98,1.37,222.51,478.33,0.8662,-1,-1,-1
150,17,189.72,21.77,95.05,411.90,0.8516,-1,-1,-1
150,43,288.97,200.70,19.31,47.84,0.3005,-1,-1,-1
151,1,316.92,0.44,296.37,478.42,0.8472,-1,-1,-1
151,2,4.15,1.40,223.51,478.29,0.8551,-1,-1,-1
151,17,192.29,22.26,92.00,413.22,0.8589,-1,-1,-1
152,1,317.01,0.10,292.40,478.72,0.7906,-1,-1,-1
152,2,7.23,0.97,223.39,478.93,0.8591,-1,-1,-1
152,17,193.47,22.04,90.61,413.25,0.8666,-1,-1,-1
153,1,313.01,0.31,290.89,476.15,0.8157,-1,-1,-1
153,2,9.58,0.84,223.40,476.20,0.8402,-1,-1,-1
153,17,193.84,21.90,89.56,411.20,0.8634,-1,-1,-1
154,1,308.34,0.68,288.59,477.52,0.8791,-1,-1,-1
154,2,7.86,0.58,225.62,475.39,0.8306,-1,-1,-1
154,17,193.18,21.60,89.76,412.44,0.8531,-1,-1,-1
154,23,0.21,80.00,45.25,386.49,0.3632,-1,-1,-1
154,5,502.95,188.49,26.06,79.71,0.6691,-1,-1,-1
154,38,553.81,206.15,15.15,37.09,0.4285,-1,-1,-1
155,1,306.13,0.77,285.94,478.64,0.8915,-1,-1,-1
155,2,8.80,0.74,225.27,476.72,0.8338,-1,-1,-1
155,17,192.80,21.97,89.80,413.79,0.8438,-1,-1,-1
155,23,0.30,79.24,43.78,387.89,0.3494,-1,-1,-1
155,5,500.88,191.44,27.33,77.71,0.6270,-1,-1,-1
155,38,553.63,205.13,15.82,37.41,0.3684,-1,-1,-1
156,1,305.04,0.49,281.65,479.57,0.9019,-1,-1,-1
156,2,7.83,0.68,226.37,478.11,0.8699,-1,-1,-1
156,17,192.32,21.89,89.49,414.01,0.8671,-1,-1,-1
156,5,499.14,194.09,27.95,75.84,0.5552,-1,-1,-1
157,1,303.19,0.14,267.75,480.13,0.9148,-1,-1,-1
157,2,7.50,0.30,226.36,477.34,0.8431,-1,-1,-1
157,17,191.51,21.06,89.11,415.56,0.8664,-1,-1,-1
157,5,497.95,194.54,29.13,76.58,0.5822,-1,-1,-1
158,1,303.72,-0.15,242.09,480.51,0.9173,-1,-1,-1
158,2,6.70,-0.27,225.04,478.14,0.8405,-1,-1,-1
158,17,190.95,19.65,89.05,418.21,0.8578,-1,-1,-1
158,5,497.28,195.61,29.76,75.78,0.5264,-1,-1,-1
158,45,589.79,0.87,49.69,254.89,0.5024,-1,-1,-1
158,38,551.95,207.94,16.73,35.21,0.4214,-1,-1,-1
159,1,301.13,-0.08,223.86,480.75,0.9102,-1,-1,-1
159,2,5.43,-0.12,225.58,478.47,0.8443,-1,-1,-1
159,17,190.55,18.92,90.87,418.69,0.8481,-1,-1,-1
159,5,496.76,188.31,30.87,84.14,0.7024,-1,-1,-1
159,45,587.99,0.43,51.55,252.40,0.3590,-1,-1,-1
159,46,526.86,194.70,20.59,56.94,0.5125,-1,-1,-1
159,38,550.11,206.13,17.29,38.15,0.3347,-1,-1,-1
159,23,-0.05,76.52,39.34,393.42,0.4633,-1,-1,-1
160,1,301.61,0.21,205.27,477.43,0.9184,-1,-1,-1
160,2,1.45,0.20,227.24,479.11,0.8626,-1,-1,-1
160,17,189.85,18.56,90.77,420.11,0.8493,-1,-1,-1
160,5,496.17,186.25,31.90,86.52,0.7203,-1,-1,-1
160,23,-0.44,76.02,39.70,394.07,0.4484,-1,-1,-1
161,1,296.87,-0.35,203.48,480.19,0.9096,-1,-1,-1
161,2,-0.27,-0.05,228.35,480.44,0.8651,-1,-1,-1
161,17,188.79,17.73,91.38,421.73,0.8485,-1,-1,-1
161,5,496.05,186.05,32.17,86.80,0.6977,-1,-1,-1
161,23,-0.78,75.46,37.56,393.90,0.4308,-1,-1,-1
161,45,585.94,0.54,53.82,250.05,0.4045,-1,-1,-1
162,1,291.97,-0.11,207.95,477.22,0.9063,-1,-1,-1
162,2,-0.28,-0.19,229.55,480.01,0.8345,-1,-1,-1
162,17,188.53,15.74,93.69,422.86,0.8519,-1,-1,-1
162,5,497.25,184.64,32.35,88.20,0.7158,-1,-1,-1
162,23,-0.13,73.08,35.83,392.19,0.3705,-1,-1,-1
162,45,588.62,0.33,51.85,249.04,0.3271,-1,-1,-1
162,46,524.94,192.87,19.68,59.60,0.4902,-1,-1,-1
163,1,288.85,0.02,210.60,476.66,0.9060,-1,-1,-1
163,2,-0.96,0.01,229.23,477.40,0.8283,-1,-1,-1
163,17,187.45,15.16,94.20,426.40,0.8496,-1,-1,-1
163,5,497.11,184.04,33.54,88.73,0.7160,-1,-1,-1
163,23,-0.58,71.12,35.77,380.16,0.3279,-1,-1,-1
163,45,589.51,0.35,50.75,248.80,0.4052,-1,-1,-1
164,1,288.59,0.06,210.11,475.74,0.9042,-1,-1,-1
164,2,-1.09,0.01,226.55,476.23,0.8012,-1,-1,-1
164,17,186.24,13.54,94.36,428.89,0.8344,-1,-1,-1
164,5,496.24,182.74,33.14,90.02,0.7203,-1,-1,-1
164,23,-0.73,71.22,33.47,369.15,0.3399,-1,-1,-1
165,1,292.52,-0.14,206.81,479.16,0.9189,-1,-1,-1
165,2,-0.94,0.19,225.04,476.35,0.8195,-1,-1,-1
165,17,186.54,13.29,93.92,429.47,0.8455,-1,-1,-1
165,5,496.52,183.02,33.40,89.89,0.7083,-1,-1,-1
165,23,-0.52,75.85,30.47,354.63,0.3486,-1,-1,-1
166,1,295.13,-0.32,205.21,479.92,0.9220,-1,-1,-1
166,2,-0.24,-0.10,223.64,476.71,0.8164,-1,-1,-1
166,17,185.98,12.07,94.83,430.87,0.8405,-1,-1,-1
166,5,496.86,182.59,33.35,89.88,0.7165,-1,-1,-1
167,1,294.41,-0.15,205.57,480.31,0.9168,-1,-1,-1
167,2,-0.88,0.32,222.19,474.24,0.7967,-1,-1,-1
167,17,184.37,10.96,95.08,432.56,0.8192,-1,-1,-1
167,5,496.04,183.22,33.94,89.43,0.7209,-1,-1,-1
168,1,293.65,-0.16,206.03,480.12,0.9120,-1,-1,-1
168,2,-0.62,0.43,221.31,474.11,0.8150,-1,-1,-1
168,17,183.54,10.40,95.28,432.69,0.8429,-1,-1,-1
168,5,495.89,182.74,34.24,89.53,0.7211,-1,-1,-1
169,1,288.52,0.87,211.54,475.53,0.9022,-1,-1,-1
169,2,-0.15,0.71,221.00,474.07,0.7625,-1,-1,-1
169,17,183.32,10.48,95.94,433.53,0.8437,-1,-1,-1
169,5,496.35,183.41,33.73,89.35,0.7278,-1,-1,-1
170,1,283.11,0.85,216.67,474.76,0.8982,-1,-1,-1
170,2,-0.25,0.16,220.07,473.16,0.7657,-1,-1,-1
170,17,182.91,9.81,95.97,436.02,0.8449,-1,-1,-1
170,5,496.52,183.22,33.62,89.94,0.7091,-1,-1,-1
170,46,526.57,188.76,17.80,63.58,0.3788,-1,-1,-1
171,1,281.20,1.00,217.73,473.19,0.9018,-1,-1,-1
171,2,0.13,0.25,218.87,473.10,0.8001,-1,-1,-1
171,17,182.29,9.86,96.42,436.80,0.8464,-1,-1,-1
172,1,281.81,0.98,217.97,473.58,0.8971,-1,-1,-1
172,2,0.22,0.53,219.17,474.63,0.8437,-1,-1,-1
172,17,182.56,9.88,96.88,437.56,0.8475,-1,-1,-1
173,1,281.04,1.06,219.72,472.07,0.8994,-1,-1,-1
173,2,-0.11,2.50,221.76,472.57,0.8151,-1,-1,-1
173,17,181.04,10.78,100.80,434.29,0.8469,-1,-1,-1
174,1,281.57,1.20,217.44,474.09,0.9020,-1,-1,-1
174,2,-0.02,1.49,219.86,473.75,0.8253,-1,-1,-1
174,17,180.71,10.62,99.46,435.11,0.8486,-1,-1,-1
175,1,281.52,1.32,217.62,475.53,0.8512,-1,-1,-1
175,2,-0.01,1.35,219.60,475.30,0.8559,-1,-1,-1
175,17,179.88,11.12,100.86,439.80,0.8502,-1,-1,-1
176,1,283.12,0.43,216.35,478.32,0.8969,-1,-1,-1
176,2,0.21,0.38,219.15,476.78,0.8282,-1,-1,-1
176,17,180.58,11.09,100.26,440.18,0.8414,-1,-1,-1
177,1,283.78,1.03,214.07,476.58,0.8922,-1,-1,-1
177,2,1.41,-0.48,216.72,475.61,0.7867,-1,-1,-1
177,17,181.87,11.52,97.02,439.37,0.8540,-1,-1,-1
178,1,283.22,0.91,215.26,476.60,0.9038,-1,-1,-1
178,2,2.23,-0.38,215.50,475.91,0.8282,-1,-1,-1
178,17,181.58,11.49,97.48,436.30,0.8587,-1,-1,-1
178,38,547.30,202.90,18.57,42.91,0.5283,-1,-1,-1
178,5,495.67,183.06,34.62,89.34,0.7171,-1,-1,-1
179,1,272.40,0.62,227.28,477.13,0.8592,-1,-1,-1
179,2,0.92,-0.32,216.95,476.26,0.8371,-1,-1,-1
179,17,181.25,11.15,97.93,439.19,0.8664,-1,-1,-1
179,38,548.18,203.74,18.00,41.81,0.3770,-1,-1,-1
179,5,496.42,183.29,33.94,89.63,0.7314,-1,-1,-1
180,1,279.41,0.07,221.30,478.79,0.9018,-1,-1,-1
180,2,0.65,-0.29,217.71,477.50,0.8417,-1,-1,-1
180,17,181.02,11.06,98.45,438.76,0.8566,-1,-1,-1
180,38,549.59,205.06,17.22,41.01,0.3437,-1,-1,-1
180,5,496.86,183.41,33.17,89.49,0.6985,-1,-1,-1
181,1,281.48,0.22,220.04,479.57,0.9072,-1,-1,-1
181,2,0.41,0.17,218.09,477.04,0.8143,-1,-1,-1
181,17,181.93,11.67,97.50,437.93,0.8617,-1,-1,-1
181,38,549.94,205.95,16.87,40.59,0.3514,-1,-1,-1
181,5,496.96,183.57,32.80,89.46,0.6975,-1,-1,-1
182,1,282.36,0.27,220.13,477.14,0.9028,-1,-1,-1
182,2,0.21,-0.30,217.53,475.66,0.8345,-1,-1,-1
182,17,181.76,11.05,96.78,436.49,0.8428,-1,-1,-1
182,5,496.80,183.77,32.39,88.85,0.7097,-1,-1,-1
183,1,282.89,0.36,220.85,476.67,0.9036,-1,-1,-1
183,2,0.24,-0.07,218.15,476.23,0.8469,-1,-1,-1
183,17,182.04,11.34,96.42,436.27,0.8521,-1,-1,-1
183,5,497.27,184.43,31.34,88.08,0.7171,-1,-1,-1
183,38,549.07,205.76,15.95,40.74,0.3478,-1,-1,-1
184,1,284.74,0.65,220.93,476.01,0.9048,-1,-1,-1
184,2,0.36,0.22,218.40,475.84,0.8256,-1,-1,-1
184,17,181.88,11.46,96.76,435.87,0.8486,-1,-1,-1
184,5,498.16,184.42,30.19,88.34,0.7016,-1,-1,-1
184,49,524.04,187.89,25.11,69.24,0.5845,-1,-1,-1
185,1,287.80,0.74,219.64,475.41,0.8949,-1,-1,-1
185,2,0.26,0.31,218.62,475.93,0.8298,-1,-1,-1
185,17,181.41,11.53,97.16,435.70,0.8484,-1,-1,-1
185,5,498.69,184.60,29.66,87.93,0.7004,-1,-1,-1
185,49,523.20,189.05,25.43,67.24,0.4063,-1,-1,-1
186,1,292.85,0.95,216.26,474.92,0.9135,-1,-1,-1
186,2,0.18,0.26,218.75,476.61,0.8622,-1,-1,-1
186,17,181.48,11.40,97.11,436.12,0.8527,-1,-1,-1
186,5,499.04,185.35,28.80,86.66,0.6991,-1,-1,-1
186,49,522.86,188.00,23.19,68.47,0.5298,-1,-1,-1
187,1,294.44,1.06,215.65,474.88,0.9097,-1,-1,-1
187,2,-0.00,0.34,218.84,476.36,0.8730,-1,-1,-1
187,17,181.90,11.46,96.53,436.09,0.8494,-1,-1,-1
187,5,499.37,185.66,28.12,85.84,0.6688,-1,-1,-1
187,49,522.81,190.99,21.10,65.61,0.5341,-1,-1,-1
188,1,295.90,0.95,214.44,474.65,0.9126,-1,-1,-1
188,2,-0.03,0.31,218.80,476.27,0.8592,-1,-1,-1
188,17,181.34,11.31,97.01,435.91,0.8511,-1,-1,-1
188,5,499.74,185.50,28.01,86.32,0.6848,-1,-1,-1
188,49,522.63,191.82,19.68,66.99,0.4120,-1,-1,-1
189,1,296.86,0.84,213.35,474.20,0.9131,-1,-1,-1
189,2,0.05,0.14,218.68,475.92,0.8349,-1,-1,-1
189,17,181.36,10.92,96.66,436.00,0.8537,-1,-1,-1
189,5,499.69,184.97,28.35,86.79,0.6816,-1,-1,-1
189,49,523.51,190.26,20.03,69.08,0.5412,-1,-1,-1
190,1,296.95,0.77,213.19,474.59,0.9129,-1,-1,-1
190,2,0.02,0.19,218.62,475.61,0.8441,-1,-1,-1
190,17,181.63,10.90,96.26,435.24,0.8422,-1,-1,-1
190,5,499.37,185.48,28.70,86.13,0.6703,-1,-1,-1
190,49,523.30,189.45,19.99,70.34,0.5047,-1,-1,-1
191,1,297.11,0.91,212.66,474.67,0.9145,-1,-1,-1
191,2,-0.00,0.36,218.41,475.74,0.8512,-1,-1,-1
191,17,181.58,10.84,96.30,435.78,0.8460,-1,-1,-1
191,5,498.99,185.18,29.16,86.93,0.6867,-1,-1,-1
191,49,524.31,189.56,20.60,70.10,0.4387,-1,-1,-1
191,51,294.67,178.06,22.81,78.33,0.4944,-1,-1,-1
192,1,296.43,0.94,213.29,474.51,0.9100,-1,-1,-1
192,2,-0.06,0.37,218.39,475.78,0.8486,-1,-1,-1
192,17,181.04,10.91,96.99,435.81,0.8515,-1,-1,-1
192,5,498.91,184.79,29.28,87.02,0.6715,-1,-1,-1
192,51,294.15,178.26,23.12,77.86,0.4803,-1,-1,-1
193,1,295.41,0.80,214.25,474.60,0.9083,-1,-1,-1
193,2,-0.11,0.35,218.11,475.10,0.8399,-1,-1,-1
193,17,181.31,11.03,96.68,436.29,0.8518,-1,-1,-1
193,5,498.90,184.90,29.16,87.32,0.6940,-1,-1,-1
193,51,293.30,177.34,23.67,78.21,0.3358,-1,-1,-1
194,1,292.13,0.51,217.18,475.51,0.8953,-1,-1,-1
194,2,0.01,0.26,217.51,475.84,0.8361,-1,-1,-1
194,17,180.55,10.88,97.24,436.60,0.8547,-1,-1,-1
194,5,499.10,184.73,29.05,87.67,0.6972,-1,-1,-1
195,1,287.55,0.33,221.32,476.09,0.8784,-1,-1,-1
195,2,-0.19,0.29,217.27,476.03,0.8521,-1,-1,-1
195,17,180.01,10.81,97.29,436.89,0.8564,-1,-1,-1
195,5,498.71,184.30,28.74,88.37,0.6822,-1,-1,-1
196,1,283.94,0.42,224.92,476.36,0.8892,-1,-1,-1
196,2,-0.06,0.39,217.03,475.08,0.8013,-1,-1,-1
196,17,179.19,10.85,98.25,437.04,0.8550,-1,-1,-1
196,5,499.38,183.89,28.69,89.02,0.6597,-1,-1,-1
197,1,281.79,0.47,227.93,476.69,0.8980,-1,-1,-1
197,2,-0.03,0.54,217.32,474.75,0.8470,-1,-1,-1
197,17,178.29,10.53,99.20,437.51,0.8487,-1,-1,-1
197,5,499.18,184.39,29.02,88.23,0.6457,-1,-1,-1
197,49,526.11,189.12,26.62,73.70,0.4049,-1,-1,-1
198,1,280.76,0.64,228.41,476.29,0.9106,-1,-1,-1
198,2,-0.19,0.55,216.72,474.55,0.8569,-1,-1,-1
198,17,177.19,10.45,99.07,438.45,0.8569,-1,-1,-1
198,5,498.98,184.58,29.74,88.08,0.6877,-1,-1,-1
198,49,524.83,190.09,26.89,72.82,0.3568,-1,-1,-1
199,1,279.30,0.55,229.58,476.82,0.9086,-1,-1,-1
199,2,-0.44,0.86,216.70,473.98,0.8041,-1,-1,-1
199,17,175.80,10.92,98.99,438.26,0.8503,-1,-1,-1
199,5,498.22,184.53,30.43,87.21,0.6859,-1,-1,-1
199,49,524.45,187.83,27.13,75.16,0.4303,-1,-1,-1
200,1,277.29,0.62,231.38,476.20,0.9046,-1,-1,-1
200,2,-0.36,3.63,216.54,470.77,0.7836,-1,-1,-1
200,17,174.58,11.59,97.39,438.01,0.8474,-1,-1,-1
200,5,498.07,184.91,30.82,87.40,0.7218,-1,-1,-1
200,49,528.16,186.49,32.24,74.64,0.3971,-1,-1,-1
201,1,274.66,0.19,233.19,478.83,0.9057,-1,-1,-1
201,2,-0.37,3.17,216.49,471.11,0.7744,-1,-1,-1
201,17,170.75,12.49,98.58,438.64,0.8331,-1,-1,-1
201,5,497.57,185.11,30.54,87.52,0.7041,-1,-1,-1
202,1,272.99,0.03,234.13,480.00,0.9077,-1,-1,-1
202,2,-0.71,7.30,216.98,468.68,0.7075,-1,-1,-1
202,17,165.35,14.38,100.33,437.04,0.8054,-1,-1,-1
202,5,497.21,185.35,30.14,87.38,0.6888,-1,-1,-1
202,49,525.47,188.87,28.39,75.21,0.3936,-1,-1,-1
203,1,273.76,0.58,232.95,476.51,0.8939,-1,-1,-1
203,2,-0.14,10.97,216.00,465.43,0.6574,-1,-1,-1
203,17,158.67,16.21,104.15,434.15,0.7822,-1,-1,-1
203,5,496.87,185.09,29.86,87.81,0.7004,-1,-1,-1
203,49,524.51,188.43,27.97,76.38,0.5284,-1,-1,-1
204,1,272.52,0.91,233.31,475.05,0.8876,-1,-1,-1
204,2,-0.49,5.08,215.45,468.48,0.7070,-1,-1,-1
204,17,155.68,18.39,103.33,424.59,0.8139,-1,-1,-1
204,5,495.45,185.95,29.71,87.27,0.7611,-1,-1,-1
204,49,521.21,189.36,30.02,76.47,0.5667,-1,-1,-1
205,1,272.12,0.78,234.24,474.51,0.8801,-1,-1,-1
205,2,-0.19,2.06,214.61,469.91,0.6726,-1,-1,-1
205,17,153.97,19.96,99.52,416.77,0.8146,-1,-1,-1
205,5,495.98,186.35,28.96,86.51,0.7418,-1,-1,-1
205,49,521.66,188.54,30.09,77.92,0.5926,-1,-1,-1
206,1,269.91,0.64,236.49,474.20,0.8909,-1,-1,-1
206,2,-0.32,1.73,213.25,471.07,0.6259,-1,-1,-1
206,17,152.78,22.35,96.71,409.61,0.7852,-1,-1,-1
206,5,495.31,186.52,29.26,85.74,0.6934,-1,-1,-1
206,49,523.49,187.83,29.01,77.69,0.4346,-1,-1,-1
206,38,548.80,204.39,13.54,45.99,0.3417,-1,-1,-1
207,1,270.87,0.87,235.37,474.00,0.8813,-1,-1,-1
207,2,-0.29,1.76,212.19,470.23,0.5822,-1,-1,-1
207,17,154.93,24.08,92.46,397.93,0.7272,-1,-1,-1
207,5,494.91,186.03,28.97,86.12,0.7353,-1,-1,-1
207,49,520.91,186.58,30.19,79.36,0.5108,-1,-1,-1
208,1,265.45,0.61,241.10,474.56,0.8874,-1,-1,-1
208,2,-0.12,0.66,211.19,473.19,0.7879,-1,-1,-1
208,17,162.25,28.51,87.29,380.68,0.7951,-1,-1,-1
208,5,493.86,186.36,29.55,86.77,0.7036,-1,-1,-1
208,49,519.90,186.87,33.37,78.68,0.4262,-1,-1,-1
209,1,262.40,0.80,244.65,475.03,0.8904,-1,-1,-1
209,2,0.26,0.33,209.40,474.00,0.7603,-1,-1,-1
209,17,167.56,32.57,82.55,368.36,0.7927,-1,-1,-1
209,5,494.27,186.22,29.17,86.66,0.7325,-1,-1,-1
209,49,520.71,186.20,33.88,80.96,0.4648,-1,-1,-1
210,1,257.72,0.96,248.25,475.74,0.8658,-1,-1,-1
210,2,0.12,1.13,205.89,474.34,0.8679,-1,-1,-1
210,17,171.28,41.85,80.36,355.82,0.8383,-1,-1,-1
210,5,492.94,185.75,30.03,87.76,0.7233,-1,-1,-1
210,49,520.09,186.25,27.74,80.87,0.4368,-1,-1,-1
211,1,265.52,1.11,239.93,476.28,0.8084,-1,-1,-1
211,2,0.18,1.29,202.43,475.57,0.8805,-1,-1,-1
211,17,171.94,47.03,82.74,349.22,0.8467,-1,-1,-1
211,5,492.05,184.16,31.12,89.17,0.7393,-1,-1,-1
211,49,523.64,185.29,25.57,80.79,0.4173,-1,-1,-1
212,1,263.60,1.59,241.39,476.29,0.8349,-1,-1,-1
212,2,-0.16,1.63,199.02,473.87,0.8270,-1,-1,-1
212,17,170.39,53.56,89.68,344.48,0.8592,-1,-1,-1
212,5,491.12,185.56,30.52,89.45,0.7107,-1,-1,-1
212,49,525.02,187.12,30.42,79.03,0.3651,-1,-1,-1
213,1,255.24,1.22,248.41,477.20,0.8694,-1,-1,-1
213,2,-0.48,2.17,191.63,474.37,0.7996,-1,-1,-1
213,17,168.15,54.64,98.96,343.03,0.8606,-1,-1,-1
213,5,490.22,185.01,29.67,89.44,0.6585,-1,-1,-1
213,49,522.41,186.42,26.60,79.80,0.4408,-1,-1,-1
214,1,253.72,1.28,247.43,476.82,0.8774,-1,-1,-1
214,2,-0.30,1.74,185.89,476.27,0.8114,-1,-1,-1
214,17,159.40,56.87,114.20,348.70,0.8703,-1,-1,-1
214,5,489.53,184.90,29.35,89.44,0.7120,-1,-1,-1
214,49,519.19,185.88,26.62,81.98,0.5567,-1,-1,-1
215,1,254.81,1.10,243.98,475.69,0.8974,-1,-1,-1
215,2,0.30,1.02,183.06,476.33,0.7637,-1,-1,-1
215,17,160.58,57.77,117.49,345.04,0.8808,-1,-1,-1
215,5,486.68,184.91,31.87,89.59,0.7104,-1,-1,-1
215,49,517.26,185.19,26.38,82.98,0.5329,-1,-1,-1
215,38,539.23,198.40,20.07,54.30,0.4579,-1,-1,-1
216,1,255.57,0.53,240.40,475.89,0.8768,-1,-1,-1
216,2,0.82,0.37,179.25,474.58,0.7141,-1,-1,-1
216,17,165.49,59.51,115.92,340.82,0.8866,-1,-1,-1
216,5,487.50,184.57,29.30,89.83,0.7343,-1,-1,-1
216,49,519.61,186.47,21.81,80.96,0.3970,-1,-1,-1
216,38,537.62,197.66,20.49,53.88,0.4342,-1,-1,-1
217,1,279.43,1.15,215.09,477.13,0.8271,-1,-1,-1
217,2,1.64,0.17,177.65,475.73,0.8081,-1,-1,-1
217,17,169.78,61.86,114.95,336.82,0.8848,-1,-1,-1
217,5,486.18,183.14,30.66,90.99,0.7263,-1,-1,-1
217,49,521.76,185.49,19.58,80.20,0.4864,-1,-1,-1
217,38,537.37,196.29,20.22,54.43,0.4185,-1,-1,-1
218,1,269.72,2.39,221.05,476.61,0.7954,-1,-1,-1
218,2,2.56,1.61,178.37,475.65,0.7916,-1,-1,-1
218,17,173.16,68.73,114.59,330.49,0.8692,-1,-1,-1
218,5,483.01,182.86,30.99,93.26,0.7163,-1,-1,-1
218,49,521.37,189.65,18.61,76.96,0.3651,-1,-1,-1
219,1,288.14,1.75,200.21,477.18,0.8328,-1,-1,-1
219,2,3.23,1.44,179.77,474.46,0.8115,-1,-1,-1
219,17,180.17,74.29,111.40,324.83,0.8708,-1,-1,-1
219,5,481.81,181.60,30.86,93.69,0.7541,-1,-1,-1
219,49,510.93,186.70,26.60,81.10,0.4208,-1,-1,-1
220,1,292.26,8.96,192.98,468.61,0.7458,-1,-1,-1
220,2,4.54,2.26,182.63,473.01,0.8157,-1,-1,-1
220,17,186.94,80.59,107.05,316.26,0.8598,-1,-1,-1
220,5,480.63,181.36,30.99,94.89,0.7697,-1,-1,-1
220,49,509.99,185.89,26.98,83.08,0.5713,-1,-1,-1
221,1,277.91,19.41,208.28,458.81,0.8529,-1,-1,-1
221,2,4.19,3.02,188.54,472.57,0.7672,-1,-1,-1
221,17,190.91,87.69,105.16,303.42,0.8709,-1,-1,-1
221,5,482.87,182.16,27.40,93.79,0.7402,-1,-1,-1
221,49,507.91,185.53,28.61,83.83,0.6096,-1,-1,-1
221,38,537.35,200.07,20.91,52.44,0.3589,-1,-1,-1
222,1,282.41,26.29,208.61,451.12,0.9124,-1,-1,-1
222,2,4.08,3.21,195.24,474.05,0.5367,-1,-1,-1
222,17,197.49,90.93,103.05,291.68,0.8681,-1,-1,-1
222,5,486.35,182.04,24.99,91.96,0.6480,-1,-1,-1
222,49,507.63,182.67,30.04,85.52,0.6811,-1,-1,-1
222,38,538.91,202.00,20.93,50.17,0.4621,-1,-1,-1
223,1,288.87,31.11,205.71,446.37,0.8904,-1,-1,-1
223,2,3.82,1.42,205.30,471.30,0.7572,-1,-1,-1
223,17,203.49,93.01,98.25,276.21,0.8627,-1,-1,-1
223,5,488.45,181.52,22.41,95.58,0.4386,-1,-1,-1
223,49,506.74,182.63,29.57,87.07,0.4544,-1,-1,-1
223,38,538.46,202.99,21.53,49.31,0.5117,-1,-1,-1
224,1,291.54,34.44,204.30,444.09,0.9117,-1,-1,-1
224,2,2.39,0.76,211.89,473.13,0.6475,-1,-1,-1
224,17,208.25,95.27,94.02,270.17,0.8620,-1,-1,-1
224,5,488.82,181.85,22.88,95.65,0.5307,-1,-1,-1
224,49,507.98,184.37,26.54,86.77,0.3095,-1,-1,-1
224,38,538.11,202.54,21.90,50.56,0.5293,-1,-1,-1
225,1,293.47,38.24,202.21,439.60,0.9179,-1,-1,-1
225,2,2.41,0.66,217.47,475.25,0.8294,-1,-1,-1
225,17,214.20,100.85,90.42,264.61,0.8720,-1,-1,-1
225,5,487.31,182.91,26.65,94.98,0.6226,-1,-1,-1
225,38,538.63,201.08,22.24,52.31,0.5180,-1,-1,-1
226,1,295.37,42.68,195.63,436.25,0.9130,-1,-1,-1
226,2,1.47,1.86,224.17,473.67,0.8146,-1,-1,-1
226,17,219.33,106.76,86.84,259.47,0.8773,-1,-1,-1
226,5,485.45,181.12,28.78,97.17,0.6609,-1,-1,-1
226,38,538.82,201.42,23.11,53.32,0.5329,-1,-1,-1
226,49,509.94,188.04,22.39,83.46,0.4272,-1,-1,-1
227,1,298.26,48.96,186.25,431.08,0.9028,-1,-1,-1
227,2,0.63,1.33,226.67,476.62,0.8110,-1,-1,-1
227,17,221.99,111.52,86.51,250.60,0.8707,-1,-1,-1
227,5,482.11,181.14,31.64,99.31,0.7192,-1,-1,-1
227,38,539.07,201.68,22.41,53.86,0.5515,-1,-1,-1
227,49,509.68,189.21,21.60,83.35,0.3935,-1,-1,-1
228,1,301.72,54.16,175.96,425.51,0.9121,-1,-1,-1
228,2,0.04,1.39,230.38,476.39,0.9126,-1,-1,-1
228,17,229.12,112.63,84.12,245.70,0.8466,-1,-1,-1
228,5,481.68,181.17,33.39,101.47,0.7361,-1,-1,-1
228,38,540.89,201.79,21.79,54.93,0.5635,-1,-1,-1
228,49,510.07,187.24,21.76,85.43,0.3587,-1,-1,-1
229,1,305.81,61.03,162.33,419.75,0.9016,-1,-1,-1
229,2,0.79,2.23,227.57,476.19,0.9017,-1,-1,-1
229,17,235.68,112.53,84.95,234.20,0.8604,-1,-1,-1
229,5,483.45,183.72,32.60,101.75,0.7035,-1,-1,-1
229,38,542.53,201.29,23.16,57.39,0.5968,-1,-1,-1
230,1,308.84,65.47,153.30,415.34,0.8850,-1,-1,-1
230,2,-0.54,1.14,226.47,477.50,0.8907,-1,-1,-1
230,17,239.21,111.92,84.43,229.49,0.8493,-1,-1,-1
230,5,484.86,183.58,31.98,103.59,0.6998,-1,-1,-1
230,38,544.66,200.08,22.06,58.83,0.6476,-1,-1,-1
230,57,455.09,169.19,32.11,122.22,0.6839,-1,-1,-1
231,1,308.65,66.33,148.97,414.25,0.8873,-1,-1,-1
231,2,-1.39,2.95,225.43,473.99,0.7144,-1,-1,-1
231,17,243.78,111.10,83.81,228.03,0.8636,-1,-1,-1
231,5,487.73,183.05,30.67,103.87,0.7270,-1,-1,-1
231,38,549.97,199.02,22.34,59.40,0.6591,-1,-1,-1
231,57,453.86,166.02,36.87,125.38,0.7708,-1,-1,-1
231,49,514.52,184.69,22.65,89.07,0.3835,-1,-1,-1
232,1,320.70,66.23,138.50,414.19,0.8683,-1,-1,-1
232,2,-0.80,4.49,223.80,474.36,0.7948,-1,-1,-1
232,17,250.56,113.11,81.74,226.79,0.8524,-1,-1,-1
232,5,492.91,183.11,26.90,102.87,0.6452,-1,-1,-1
232,38,553.21,199.44,25.27,60.45,0.5279,-1,-1,-1
232,57,456.00,163.25,41.12,129.78,0.7540,-1,-1,-1
232,58,577.95,155.87,62.50,190.66,0.6598,-1,-1,-1
232,49,515.13,183.79,24.65,92.33,0.5467,-1,-1,-1
233,1,332.11,65.15,130.36,415.53,0.8684,-1,-1,-1
233,2,0.66,1.40,222.00,473.70,0.5667,-1,-1,-1
233,17,257.63,116.98,79.40,223.38,0.8280,-1,-1,-1
233,5,501.78,180.65,21.53,99.98,0.3901,-1,-1,-1
233,38,558.41,199.46,25.34,61.31,0.6172,-1,-1,-1
233,57,465.12,160.49,39.61,133.30,0.6773,-1,-1,-1
233,58,578.61,162.31,62.65,190.62,0.3856,-1,-1,-1
233,49,522.06,184.03,22.58,93.35,0.5347,-1,-1,-1
234,1,327.78,68.80,152.68,412.10,0.9009,-1,-1,-1
234,2,0.89,-0.04,223.09,473.40,0.6583,-1,-1,-1
234,17,265.86,120.06,76.10,218.20,0.8115,-1,-1,-1
234,38,566.30,201.84,22.64,59.12,0.5095,-1,-1,-1
234,57,475.52,159.83,38.61,133.41,0.5255,-1,-1,-1
234,58,585.65,166.77,55.58,210.35,0.4507,-1,-1,-1
234,49,522.62,184.55,24.86,93.22,0.4990,-1,-1,-1
235,1,335.14,73.54,161.53,407.49,0.8945,-1,-1,-1
235,2,5.74,-0.73,220.76,477.78,0.8420,-1,-1,-1
235,17,272.10,121.78,75.94,213.72,0.8125,-1,-1,-1
235,38,571.51,199.95,26.31,62.52,0.4987,-1,-1,-1
235,57,484.33,159.11,37.44,131.69,0.3873,-1,-1,-1
235,49,527.84,186.68,23.68,93.36,0.3950,-1,-1,-1
236,1,343.11,78.06,166.27,402.61,0.8976,-1,-1,-1
236,2,8.45,-0.54,222.32,478.34,0.8855,-1,-1,-1
236,17,279.80,119.22,73.51,207.32,0.7882,-1,-1,-1
236,38,576.33,194.17,28.20,67.71,0.5464,-1,-1,-1
236,49,531.48,190.41,25.34,88.42,0.4821,-1,-1,-1
236,59,1.32,113.99,43.37,216.65,0.5223,-1,-1,-1
236,58,608.36,169.42,32.38,264.28,0.5813,-1,-1,-1
237,1,360.06,86.71,164.87,395.84,0.9055,-1,-1,-1
237,2,11.37,2.81,227.80,478.18,0.8730,-1,-1,-1
237,17,288.77,120.54,73.69,204.44,0.8386,-1,-1,-1
237,38,586.70,194.85,28.34,69.53,0.5853,-1,-1,-1
237,49,542.37,188.26,21.33,93.11,0.4548,-1,-1,-1
237,59,2.84,119.84,53.88,160.44,0.5865,-1,-1,-1
238,1,371.34,86.99,164.31,394.14,0.9019,-1,-1,-1
238,2,10.91,5.97,234.37,475.04,0.8704,-1,-1,-1
238,17,292.17,120.70,75.85,202.02,0.8184,-1,-1,-1
238,38,590.99,194.96,29.12,68.84,0.5380,-1,-1,-1
238,49,546.49,187.92,20.89,94.83,0.3264,-1,-1,-1
238,59,1.59,117.29,64.43,154.15,0.4512,-1,-1,-1
238,60,611.07,205.28,30.43,274.44,0.5951,-1,-1,-1
238,61,242.22,170.55,30.65,103.03,0.5597,-1,-1,-1
239,1,387.88,88.78,160.51,391.74,0.8982,-1,-1,-1
239,2,6.58,11.75,246.22,469.73,0.8219,-1,-1,-1
239,17,303.78,123.92,69.50,198.46,0.7863,-1,-1,-1
239,38,597.39,197.40,30.07,65.93,0.3643,-1,-1,-1
239,61,248.45,165.16,32.97,112.80,0.5270,-1,-1,-1
239,62,366.27,175.87,22.84,86.86,0.5136,-1,-1,-1
240,1,397.56,86.00,161.78,378.24,0.8861,-1,-1,-1
240,2,14.75,13.92,246.81,465.21,0.7680,-1,-1,-1
240,17,306.39,123.88,70.04,194.36,0.7596,-1,-1,-1
240,38,599.56,190.32,31.47,70.36,0.4988,-1,-1,-1
240,61,253.13,159.16,37.25,116.19,0.7064,-1,-1,-1
240,62,367.89,178.95,24.48,81.23,0.4218,-1,-1,-1
241,1,408.22,84.40,156.36,375.63,0.8934,-1,-1,-1
241,2,4.43,14.13,260.41,462.35,0.7042,-1,-1,-1
241,17,309.91,123.46,73.09,192.98,0.7917,-1,-1,-1
241,38,599.41,194.69,31.14,62.21,0.3268,-1,-1,-1
241,62,366.78,180.73,24.33,79.61,0.3888,-1,-1,-1
242,1,413.33,86.72,150.58,375.08,0.8763,-1,-1,-1
242,2,32.11,11.33,238.18,466.63,0.8344,-1,-1,-1
242,17,297.76,122.73,86.37,191.22,0.8125,-1,-1,-1
242,66,392.81,180.06,24.94,80.91,0.5133,-1,-1,-1
242,59,22.03,114.61,83.39,139.86,0.3604,-1,-1,-1
243,1,415.66,88.78,146.78,377.16,0.8913,-1,-1,-1
243,2,46.33,8.70,228.22,468.64,0.8451,-1,-1,-1
243,17,301.66,122.33,81.34,188.50,0.8455,-1,-1,-1
243,66,391.82,180.69,26.15,80.83,0.5780,-1,-1,-1
243,67,578.74,47.99,60.91,431.59,0.7385,-1,-1,-1
243,68,8.52,115.47,102.24,325.42,0.3924,-1,-1,-1
244,1,422.81,91.83,141.54,375.53,0.8872,-1,-1,-1
244,2,68.85,9.02,211.41,466.33,0.7741,-1,-1,-1
244,17,312.05,121.78,70.95,187.48,0.7209,-1,-1,-1
244,66,393.38,179.50,25.43,82.66,0.5807,-1,-1,-1
244,67,552.87,16.21,86.36,462.84,0.8348,-1,-1,-1
244,69,12.65,168.47,54.90,85.71,0.7418,-1,-1,-1
245,1,427.28,89.45,136.17,379.66,0.8588,-1,-1,-1
245,2,69.78,10.76,213.90,453.35,0.8514,-1,-1,-1
245,17,311.08,121.62,71.94,189.67,0.7811,-1,-1,-1
245,66,391.83,178.90,25.87,82.86,0.6171,-1,-1,-1
245,67,534.89,0.36,105.10,476.93,0.7148,-1,-1,-1
245,70,413.55,173.48,29.93,105.76,0.4434,-1,-1,-1
246,1,432.11,87.10,125.06,378.81,0.8556,-1,-1,-1
246,2,72.85,11.00,214.43,460.43,0.8988,-1,-1,-1
246,17,308.50,121.02,73.77,188.66,0.7952,-1,-1,-1
246,66,388.82,175.12,27.48,85.91,0.5536,-1,-1,-1
246,67,524.49,-3.69,115.86,480.23,0.7462,-1,-1,-1
246,70,411.45,169.57,36.91,108.69,0.7314,-1,-1,-1
247,1,435.15,86.20,119.17,365.73,0.8347,-1,-1,-1
247,2,78.45,12.59,210.76,460.57,0.9034,-1,-1,-1
247,17,306.35,122.26,74.12,190.04,0.8124,-1,-1,-1
247,66,386.34,175.35,26.78,84.97,0.6204,-1,-1,-1
247,67,505.14,-4.05,134.53,479.17,0.8088,-1,-1,-1
247,70,408.61,170.62,35.39,106.74,0.7447,-1,-1,-1
248,1,437.17,87.81,125.07,356.40,0.8467,-1,-1,-1
248,2,85.78,10.33,203.88,465.99,0.8399,-1,-1,-1
248,17,306.63,122.75,73.12,189.34,0.8377,-1,-1,-1
248,66,384.62,174.76,27.70,86.70,0.6638,-1,-1,-1
248,67,512.80,-1.66,126.77,480.72,0.8634,-1,-1,-1
248,70,407.79,170.52,35.17,109.30,0.7632,-1,-1,-1
248,75,27.78,195.02,18.75,38.77,0.6148,-1,-1,-1
248,76,285.76,169.02,28.09,92.80,0.5097,-1,-1,-1
249,1,446.20,87.58,121.45,357.79,0.7637,-1,-1,-1
249,2,96.55,8.10,197.93,469.65,0.8875,-1,-1,-1
249,17,311.59,122.38,72.04,187.01,0.8401,-1,-1,-1
249,66,386.49,174.28,28.89,87.91,0.6810,-1,-1,-1
249,67,501.23,-1.37,139.11,480.45,0.8517,-1,-1,-1
249,70,410.60,170.47,35.06,110.77,0.7695,-1,-1,-1
249,75,30.18,195.33,17.47,38.23,0.5727,-1,-1,-1
249,76,290.26,169.51,25.08,92.38,0.6368,-1,-1,-1
250,1,459.50,89.13,120.52,363.50,0.6563,-1,-1,-1
250,2,108.89,8.33,193.96,471.95,0.9173,-1,-1,-1
250,17,318.93,123.99,71.24,183.86,0.8525,-1,-1,-1
250,66,391.29,175.85,29.73,90.66,0.6716,-1,-1,-1
250,67,501.82,-0.57,141.34,483.22,0.8277,-1,-1,-1
250,70,415.36,172.66,35.26,113.20,0.7773,-1,-1,-1
250,75,33.22,197.56,18.12,39.20,0.5337,-1,-1,-1
250,76,297.54,172.97,21.84,91.83,0.5895,-1,-1,-1
250,77,80.18,176.24,35.19,87.18,0.4607,-1,-1,-1
251,2,119.29,8.44,189.17,472.56,0.9119,-1,-1,-1
251,17,324.16,123.96,68.17,182.74,0.8600,-1,-1,-1
251,66,394.55,175.37,28.09,91.85,0.6112,-1,-1,-1
251,67,506.66,-1.40,135.93,484.08,0.8418,-1,-1,-1
251,70,416.21,171.30,36.55,116.11,0.7775,-1,-1,-1
251,75,34.79,197.03,17.33,40.37,0.5066,-1,-1,-1
251,77,79.74,177.00,39.48,89.32,0.5191,-1,-1,-1
252,2,126.44,14.99,188.63,467.16,0.8872,-1,-1,-1
252,17,327.68,128.35,66.21,181.60,0.8593,-1,-1,-1
252,66,396.97,177.67,27.48,92.70,0.5316,-1,-1,-1
252,67,512.86,1.96,128.79,476.92,0.8685,-1,-1,-1
252,70,416.88,174.50,36.33,117.45,0.7387,-1,-1,-1
252,75,36.63,199.75,16.36,40.76,0.4397,-1,-1,-1
252,77,70.13,180.21,48.62,90.40,0.6265,-1,-1,-1
253,2,136.97,25.11,187.97,456.65,0.9003,-1,-1,-1
253,17,334.03,130.40,67.98,181.71,0.8569,-1,-1,-1
253,66,401.80,175.37,27.90,94.96,0.5157,-1,-1,-1
253,67,518.89,3.65,125.61,469.99,0.8796,-1,-1,-1
253,70,421.29,174.38,37.22,119.70,0.6913,-1,-1,-1
253,75,42.68,203.40,15.12,39.58,0.4279,-1,-1,-1
253,77,68.03,181.59,51.45,92.95,0.6989,-1,-1,-1
253,79,463.37,143.59,57.73,177.66,0.7399,-1,-1,-1
254,2,145.77,28.34,184.38,452.66,0.8885,-1,-1,-1
254,17,338.32,132.99,65.01,180.17,0.8521,-1,-1,-1
254,66,404.73,175.37,26.90,95.53,0.4083,-1,-1,-1
254,67,524.27,3.59,118.64,472.07,0.8787,-1,-1,-1
254,70,422.17,172.33,38.15,122.90,0.6807,-1,-1,-1
254,75,44.24,204.13,14.66,39.23,0.3745,-1,-1,-1
254,77,66.81,181.09,48.73,93.39,0.6655,-1,-1,-1
254,79,461.57,141.75,57.52,180.90,0.7476,-1,-1,-1
255,2,136.17,36.08,202.75,446.44,0.8625,-1,-1,-1
255,17,341.83,137.31,61.59,179.02,0.8380,-1,-1,-1
255,67,525.60,4.49,116.29,474.63,0.8994,-1,-1,-1
255,70,420.16,172.89,38.52,126.05,0.6119,-1,-1,-1
255,77,60.09,182.19,43.90,96.38,0.6568,-1,-1,-1
255,79,445.24,142.30,70.81,186.61,0.8502,-1,-1,-1
255,81,115.76,144.28,51.64,158.83,0.7460,-1,-1,-1
256,2,157.93,35.05,190.96,444.93,0.8942,-1,-1,-1
256,17,344.67,134.86,58.51,177.61,0.7724,-1,-1,-1
256,67,525.06,1.16,115.13,477.22,0.9071,-1,-1,-1
256,70,417.48,168.87,36.83,129.82,0.5355,-1,-1,-1
256,77,43.34,177.94,47.03,99.90,0.6277,-1,-1,-1
256,79,431.06,140.62,82.46,190.72,0.8084,-1,-1,-1
256,81,91.58,136.31,66.94,166.78,0.6099,-1,-1,-1
256,82,497.71,163.56,45.03,137.38,0.5837,-1,-1,-1
257,2,166.62,35.80,186.53,442.62,0.8859,-1,-1,-1
257,17,345.65,133.36,53.61,176.31,0.7833,-1,-1,-1
257,67,523.05,0.15,115.65,478.75,0.9037,-1,-1,-1
257,77,22.25,177.55,58.97,101.47,0.6270,-1,-1,-1
257,79,424.48,138.85,85.79,195.64,0.8730,-1,-1,-1
257,81,66.12,131.93,80.52,174.90,0.7914,-1,-1,-1
257,82,491.33,166.40,50.25,142.73,0.6875,-1,-1,-1
258,2,157.07,29.83,196.18,447.91,0.8629,-1,-1,-1
258,17,342.77,132.92,54.39,178.45,0.7978,-1,-1,-1
258,67,494.46,-0.58,142.86,480.75,0.8364,-1,-1,-1
258,77,3.15,180.01,56.06,98.86,0.3891,-1,-1,-1
258,79,411.77,133.36,82.97,205.43,0.8214,-1,-1,-1
258,81,37.33,130.80,95.60,180.54,0.8599,-1,-1,-1
258,82,484.03,164.79,52.40,148.44,0.6861,-1,-1,-1
259,2,152.88,29.08,197.97,449.43,0.8720,-1,-1,-1
259,17,342.93,135.55,51.16,177.47,0.7986,-1,-1,-1
259,67,476.58,-0.33,159.44,481.33,0.8555,-1,-1,-1
259,77,-3.79,176.84,48.05,99.36,0.4542,-1,-1,-1
259,79,397.89,129.63,77.34,212.40,0.8690,-1,-1,-1
259,81,13.28,128.74,108.66,185.35,0.8812,-1,-1,-1
259,82,479.84,164.97,55.13,149.74,0.5995,-1,-1,-1
260,2,144.22,28.56,196.07,451.00,0.9064,-1,-1,-1
260,17,334.80,140.14,51.75,174.41,0.7844,-1,-1,-1
260,67,483.14,1.01,148.50,480.17,0.8913,-1,-1,-1
260,79,385.99,128.09,74.47,222.34,0.7422,-1,-1,-1
260,81,-5.52,126.95,109.36,191.93,0.8987,-1,-1,-1
260,82,471.62,149.20,55.73,168.45,0.6750,-1,-1,-1
261,2,134.43,28.34,193.21,451.92,0.8981,-1,-1,-1
261,17,323.65,144.85,55.22,172.11,0.8061,-1,-1,-1
261,67,480.92,1.58,150.64,479.07,0.9115,-1,-1,-1
261,79,361.47,128.74,91.58,230.98,0.8346,-1,-1,-1
261,81,-12.55,124.62,93.32,196.15,0.8592,-1,-1,-1
261,82,464.55,146.88,49.15,177.56,0.6085,-1,-1,-1
262,2,119.97,23.72,194.62,454.82,0.8355,-1,-1,-1
262,17,315.37,146.06,55.79,168.82,0.6377,-1,-1,-1
262,67,460.19,1.08,171.36,476.31,0.8859,-1,-1,-1
262,79,334.94,127.31,105.46,238.55,0.8296,-1,-1,-1
263,2,109.82,15.29,196.94,463.13,0.8956,-1,-1,-1
263,67,443.00,-0.60,191.13,476.64,0.9227,-1,-1,-1
263,79,318.05,121.85,107.00,252.33,0.8730,-1,-1,-1
264,2,103.49,12.07,196.13,465.55,0.8332,-1,-1,-1
264,67,434.71,-0.86,201.72,477.61,0.9045,-1,-1,-1
264,79,311.93,117.61,109.33,261.72,0.8477,-1,-1,-1
265,2,79.34,9.48,211.74,469.84,0.8526,-1,-1,-1
265,67,425.33,-0.02,209.68,477.40,0.9077,-1,-1,-1
265,79,288.69,110.47,91.98,275.63,0.7827,-1,-1,-1
266,2,78.15,7.97,212.19,471.08,0.8550,-1,-1,-1
266,67,421.72,-0.52,215.66,477.68,0.8645,-1,-1,-1
266,79,280.87,101.41,73.74,286.45,0.7697,-1,-1,-1
266,85,370.22,156.60,46.66,159.19,0.7847,-1,-1,-1
267,2,63.12,4.51,223.93,471.96,0.8273,-1,-1,-1
267,67,418.34,-2.21,220.66,477.07,0.9142,-1,-1,-1
267,79,259.00,89.62,81.23,294.20,0.7845,-1,-1,-1
267,85,360.65,147.51,59.33,164.19,0.7843,-1,-1,-1
267,86,318.13,140.20,49.36,158.38,0.8257,-1,-1,-1
268,2,45.69,0.30,239.67,477.26,0.7635,-1,-1,-1
268,67,419.99,-1.55,220.97,476.18,0.9183,-1,-1,-1
268,79,244.52,79.06,88.52,301.55,0.5301,-1,-1,-1
268,85,356.18,141.47,66.44,166.41,0.7873,-1,-1,-1
268,86,310.74,134.42,53.32,160.79,0.8494,-1,-1,-1
269,2,36.66,-1.83,254.90,479.69,0.8053,-1,-1,-1
269,67,417.95,-0.77,222.64,474.67,0.9113,-1,-1,-1
269,85,348.63,135.69,63.99,170.34,0.7724,-1,-1,-1
269,86,307.29,129.96,53.63,159.36,0.8011,-1,-1,-1
269,70,276.05,145.35,34.96,130.72,0.3884,-1,-1,-1
270,2,34.88,-7.40,255.85,480.33,0.8793,-1,-1,-1
270,67,407.38,-5.42,231.89,476.07,0.9095,-1,-1,-1
270,85,338.56,114.94,60.01,175.79,0.8002,-1,-1,-1
270,86,308.13,110.67,44.39,160.16,0.7426,-1,-1,-1
270,87,589.08,169.41,49.56,239.67,0.6804,-1,-1,-1
271,2,31.28,-12.16,259.73,478.43,0.8814,-1,-1,-1
271,67,401.38,-10.79,240.03,479.27,0.9131,-1,-1,-1
271,85,329.68,85.44,60.85,181.58,0.7962,-1,-1,-1
271,86,313.34,83.01,36.69,161.99,0.5833,-1,-1,-1
271,87,590.73,97.54,48.92,272.74,0.5310,-1,-1,-1
272,2,27.40,-16.65,253.13,459.98,0.7836,-1,-1,-1
272,67,396.68,-15.15,245.97,485.02,0.9154,-1,-1,-1
272,85,316.47,47.50,66.44,191.71,0.8054,-1,-1,-1
272,87,591.31,37.82,49.24,301.13,0.3797,-1,-1,-1
272,17,270.85,66.98,40.05,139.18,0.4164,-1,-1,-1
273,2,25.63,-4.19,249.16,451.15,0.7013,-1,-1,-1
273,67,396.04,-3.67,246.19,482.81,0.9112,-1,-1,-1
273,85,310.66,41.35,67.09,195.78,0.7529,-1,-1,-1
273,87,586.50,102.15,53.52,220.22,0.3700,-1,-1,-1
273,88,3.61,3.00,105.31,375.94,0.3777,-1,-1,-1
273,17,255.54,61.89,57.29,144.99,0.7575,-1,-1,-1
274,2,60.63,8.57,207.90,467.21,0.7112,-1,-1,-1
274,67,394.73,7.53,248.07,474.85,0.9037,-1,-1,-1
274,85,304.92,55.53,70.64,199.01,0.7841,-1,-1,-1
274,87,584.70,70.55,55.59,253.64,0.4696,-1,-1,-1
274,17,256.23,81.12,54.82,142.35,0.7599,-1,-1,-1
275,2,41.55,12.59,216.86,471.62,0.8332,-1,-1,-1
275,67,392.26,12.12,246.18,472.92,0.8684,-1,-1,-1
275,85,296.75,73.75,67.75,202.17,0.7948,-1,-1,-1
275,87,593.29,30.18,45.03,301.14,0.5290,-1,-1,-1
275,17,261.23,101.67,44.23,139.20,0.6484,-1,-1,-1
275,89,-0.91,71.43,56.49,241.13,0.6422,-1,-1,-1
275,66,250.54,108.03,22.11,108.67,0.3830,-1,-1,-1
276,2,41.03,17.03,212.54,467.14,0.8060,-1,-1,-1
276,67,399.55,16.61,240.75,475.06,0.9049,-1,-1,-1
276,85,292.69,102.63,70.85,204.73,0.8069,-1,-1,-1
276,87,602.22,99.94,37.32,255.55,0.3888,-1,-1,-1
276,17,261.05,133.56,46.15,133.50,0.4739,-1,-1,-1
277,2,43.73,10.10,201.50,444.99,0.8305,-1,-1,-1
277,67,401.03,10.66,237.65,477.86,0.9173,-1,-1,-1
277,85,283.62,112.85,70.48,209.65,0.7247,-1,-1,-1
277,87,597.17,56.72,41.49,310.31,0.4018,-1,-1,-1
277,17,259.64,142.75,39.64,134.78,0.3515,-1,-1,-1
278,2,27.23,4.84,208.43,465.80,0.8541,-1,-1,-1
278,67,396.83,4.01,230.33,477.40,0.9038,-1,-1,-1
278,85,269.33,113.79,73.66,216.36,0.7808,-1,-1,-1
278,87,589.83,76.31,48.05,289.52,0.4695,-1,-1,-1
278,17,242.38,147.21,38.18,129.02,0.5446,-1,-1,-1
278,70,205.05,121.51,45.46,186.39,0.3727,-1,-1,-1
279,2,8.15,23.27,208.84,456.29,0.8788,-1,-1,-1
279,67,379.49,5.77,226.65,476.09,0.8948,-1,-1,-1
279,85,251.18,129.81,77.00,221.71,0.7748,-1,-1,-1
279,87,576.13,67.79,58.75,310.00,0.8160,-1,-1,-1
279,92,313.53,148.79,53.37,144.13,0.6576,-1,-1,-1
279,70,186.27,142.15,59.55,194.30,0.7391,-1,-1,-1
280,2,-5.14,20.29,192.62,457.36,0.8880,-1,-1,-1
280,67,359.07,0.06,224.55,478.47,0.8887,-1,-1,-1
280,85,229.75,127.13,76.36,228.16,0.7831,-1,-1,-1
280,87,562.84,58.73,69.69,318.58,0.8274,-1,-1,-1
280,92,296.23,149.28,54.49,146.25,0.8036,-1,-1,-1
280,70,164.87,143.75,68.68,201.97,0.8050,-1,-1,-1
281,2,-11.67,2.11,158.40,474.36,0.9049,-1,-1,-1
281,67,331.15,-5.48,230.33,483.84,0.9075,-1,-1,-1
281,85,193.65,108.43,77.41,242.07,0.7876,-1,-1,-1
281,87,542.96,50.35,78.52,318.51,0.8355,-1,-1,-1
281,92,268.42,138.52,52.22,146.25,0.8322,-1,-1,-1
281,70,134.83,131.82,72.86,205.30,0.8314,-1,-1,-1
281,82,317.10,101.81,58.07,219.74,0.6713,-1,-1,-1
282,2,-3.75,5.25,119.83,474.37,0.8887,-1,-1,-1
282,67,328.04,2.07,230.34,486.07,0.9031,-1,-1,-1
282,85,165.83,110.55,78.89,254.47,0.8019,-1,-1,-1
282,87,534.26,85.26,76.37,307.30,0.4718,-1,-1,-1
282,92,258.57,146.34,43.58,145.52,0.8069,-1,-1,-1
282,70,130.06,134.35,47.19,201.20,0.6223,-1,-1,-1
282,82,293.66,88.98,70.12,272.60,0.5438,-1,-1,-1
282,66,113.25,156.09,33.12,149.61,0.6196,-1,-1,-1
283,2,3.35,18.62,113.35,460.75,0.8538,-1,-1,-1
283,67,348.24,5.34,226.06,483.67,0.8841,-1,-1,-1
283,85,154.98,117.97,86.47,263.68,0.8314,-1,-1,-1
283,87,535.42,127.16,73.02,291.51,0.3735,-1,-1,-1
283,92,264.66,159.22,36.92,144.46,0.7197,-1,-1,-1
283,82,306.36,120.07,70.53,276.32,0.6519,-1,-1,-1
283,66,112.62,166.27,40.36,149.62,0.6064,-1,-1,-1
284,2,6.44,18.89,120.10,459.88,0.8090,-1,-1,-1
284,67,377.95,1.53,224.31,483.43,0.8916,-1,-1,-1
284,85,154.91,114.20,91.16,272.89,0.8478,-1,-1,-1
284,87,556.61,141.92,61.92,284.78,0.3012,-1,-1,-1
284,92,276.34,161.58,38.67,143.46,0.7334,-1,-1,-1
284,82,320.10,126.57,78.27,287.85,0.7409,-1,-1,-1
284,66,119.44,164.81,42.07,153.30,0.7246,-1,-1,-1
284,93,299.44,86.32,67.36,223.37,0.5068,-1,-1,-1
285,2,6.34,14.21,129.97,464.85,0.8842,-1,-1,-1
285,67,409.34,-3.02,227.44,484.10,0.9158,-1,-1,-1
285,85,160.78,105.52,92.31,280.99,0.8544,-1,-1,-1
285,92,291.41,158.88,37.55,142.60,0.7085,-1,-1,-1
285,82,338.80,97.81,86.79,321.69,0.8517,-1,-1,-1
285,66,124.46,160.42,46.04,159.37,0.6746,-1,-1,-1
285,93,312.83,75.93,68.87,266.52,0.7303,-1,-1,-1
285,86,242.67,170.09,31.62,129.87,0.4798,-1,-1,-1
286,2,3.40,23.48,137.96,460.86,0.9017,-1,-1,-1
286,67,442.04,-2.13,209.28,488.53,0.9088,-1,-1,-1
286,85,164.87,104.40,93.77,290.56,0.8654,-1,-1,-1
286,82,356.31,84.89,99.68,355.28,0.8756,-1,-1,-1
286,66,129.07,163.30,44.70,165.26,0.6672,-1,-1,-1
286,93,319.55,73.70,75.17,288.55,0.6315,-1,-1,-1
286,86,253.71,173.94,33.47,130.24,0.4823,-1,-1,-1
287,2,1.82,33.21,144.84,451.59,0.8881,-1,-1,-1
287,67,472.59,-2.25,180.86,486.25,0.8882,-1,-1,-1
287,85,168.29,103.27,99.62,296.36,0.8161,-1,-1,-1
287,82,370.71,72.31,116.03,382.32,0.8855,-1,-1,-1
287,66,135.23,163.16,42.42,169.90,0.6253,-1,-1,-1
287,93,329.27,72.04,80.00,300.33,0.7634,-1,-1,-1
287,86,266.46,174.95,33.65,129.40,0.4284,-1,-1,-1
288,2,-0.11,37.74,151.14,445.79,0.8960,-1,-1,-1
288,67,502.91,-4.16,149.24,486.23,0.8593,-1,-1,-1
288,85,171.88,98.12,100.09,307.08,0.8298,-1,-1,-1
288,82,385.60,58.36,137.16,407.00,0.8838,-1,-1,-1
288,66,137.82,160.34,46.32,171.30,0.6088,-1,-1,-1
288,93,338.97,64.50,85.87,310.04,0.8203,-1,-1,-1
288,86,278.35,170.38,32.81,132.08,0.5888,-1,-1,-1
289,2,2.84,50.66,160.67,430.94,0.9019,-1,-1,-1
289,67,551.29,1.53,97.89,475.25,0.8115,-1,-1,-1
289,85,183.04,99.93,102.85,316.74,0.8152,-1,-1,-1
289,82,405.94,51.51,151.77,423.61,0.8812,-1,-1,-1
289,66,147.25,160.00,57.07,176.03,0.6001,-1,-1,-1
289,93,354.33,60.57,90.74,316.58,0.7566,-1,-1,-1
289,86,295.26,170.80,33.91,132.18,0.5439,-1,-1,-1
289,94,262.70,158.44,45.76,177.02,0.6761,-1,-1,-1
290,2,4.33,58.96,173.11,421.55,0.8943,-1,-1,-1
290,85,195.06,98.23,106.24,327.79,0.7985,-1,-1,-1
290,82,430.26,39.24,166.29,442.19,0.8724,-1,-1,-1
290,66,158.83,157.54,53.70,178.83,0.7138,-1,-1,-1
290,93,373.21,52.64,93.32,336.31,0.8401,-1,-1,-1
290,86,316.85,171.57,33.43,127.60,0.4530,-1,-1,-1
290,94,286.72,159.77,48.59,181.29,0.5727,-1,-1,-1
290,95,557.30,65.44,68.08,372.53,0.5602,-1,-1,-1
291,2,5.22,57.76,178.44,420.95,0.8652,-1,-1,-1
291,85,208.07,90.95,106.52,344.31,0.8387,-1,-1,-1
291,82,450.34,25.36,179.27,455.63,0.8851,-1,-1,-1
291,66,166.48,151.65,52.11,181.70,0.7131,-1,-1,-1
291,93,389.61,42.57,104.42,353.46,0.8338,-1,-1,-1
291,94,306.53,160.77,50.59,178.91,0.6851,-1,-1,-1
291,95,586.63,57.22,56.96,392.94,0.6466,-1,-1,-1
292,2,11.44,56.13,180.31,422.78,0.8834,-1,-1,-1
292,85,219.85,87.93,111.81,362.55,0.8373,-1,-1,-1
292,82,471.81,13.67,177.09,471.09,0.8906,-1,-1,-1
292,66,171.87,154.55,55.47,180.19,0.7035,-1,-1,-1
292,93,405.70,37.26,111.41,372.13,0.8795,-1,-1,-1
292,94,323.43,166.40,56.31,176.25,0.7834,-1,-1,-1
292,86,358.10,179.80,26.06,119.18,0.3514,-1,-1,-1
293,2,12.29,47.89,181.53,429.12,0.9063,-1,-1,-1
293,85,228.37,77.40,111.29,375.00,0.8474,-1,-1,-1
293,82,488.18,0.29,162.73,484.41,0.8877,-1,-1,-1
293,66,169.72,149.44,60.68,184.01,0.5168,-1,-1,-1
293,93,416.03,26.58,119.72,397.91,0.8627,-1,-1,-1
293,94,333.11,167.93,61.64,174.33,0.8562,-1,-1,-1
294,2,22.18,46.88,179.40,430.42,0.8745,-1,-1,-1
294,85,237.46,69.09,116.41,392.42,0.8390,-1,-1,-1
294,82,511.65,-2.59,139.91,486.53,0.8144,-1,-1,-1
294,93,429.11,18.16,129.60,420.88,0.8424,-1,-1,-1
294,94,349.10,167.67,64.47,174.85,0.8142,-1,-1,-1
295,2,34.42,48.32,179.63,429.12,0.7480,-1,-1,-1
295,85,243.13,59.81,122.67,410.61,0.8841,-1,-1,-1
295,82,533.42,41.24,116.65,440.31,0.8545,-1,-1,-1
295,93,440.38,9.22,141.35,441.09,0.8817,-1,-1,-1
295,94,367.48,166.33,62.81,172.36,0.7727,-1,-1,-1
296,2,12.79,55.05,207.99,421.92,0.8214,-1,-1,-1
296,85,247.86,52.45,126.10,423.83,0.8878,-1,-1,-1
296,82,553.34,55.60,93.60,424.98,0.6993,-1,-1,-1
296,93,448.80,2.18,152.82,459.25,0.8689,-1,-1,-1
296,94,382.94,165.48,59.91,175.02,0.8102,-1,-1,-1
296,96,219.85,194.88,40.36,115.11,0.7670,-1,-1,-1
297,2,4.64,56.05,222.19,419.74,0.8557,-1,-1,-1
297,85,246.91,37.65,133.27,440.29,0.8804,-1,-1,-1
297,93,456.54,-3.60,165.96,470.13,0.8799,-1,-1,-1
297,94,389.23,161.78,66.82,175.63,0.8635,-1,-1,-1
297,96,223.11,195.04,38.71,112.48,0.4741,-1,-1,-1
297,97,1.94,126.37,68.57,207.70,0.7657,-1,-1,-1
298,2,31.53,57.22,202.64,419.86,0.7864,-1,-1,-1
298,85,239.93,21.73,142.74,459.22,0.8803,-1,-1,-1
298,93,464.16,-4.25,174.66,482.77,0.9137,-1,-1,-1
298,94,398.83,164.66,79.60,172.74,0.8572,-1,-1,-1
298,97,-0.51,122.58,58.83,198.61,0.8393,-1,-1,-1
299,2,52.38,56.01,188.17,419.83,0.8536,-1,-1,-1
299,85,237.63,9.90,142.47,471.48,0.8831,-1,-1,-1
299,93,469.62,-3.43,173.20,485.81,0.9088,-1,-1,-1
299,94,404.51,167.25,85.21,169.63,0.8669,-1,-1,-1
299,97,-0.30,117.73,52.31,200.87,0.8594,-1,-1,-1
299,99,394.56,171.71,36.21,123.90,0.3576,-1,-1,-1
300,2,67.90,53.78,174.60,425.07,0.8079,-1,-1,-1
300,85,226.51,-0.92,148.71,482.79,0.8593,-1,-1,-1
300,93,481.67,-4.27,165.41,488.57,0.8943,-1,-1,-1
300,94,412.09,165.27,86.47,170.87,0.8891,-1,-1,-1
300,97,-1.51,131.98,56.70,199.65,0.8118,-1,-1,-1
300,99,405.07,173.30,33.20,120.21,0.3814,-1,-1,-1
300,100,369.68,167.73,48.02,137.44,0.7375,-1,-1,-1
301,2,82.01,50.13,155.50,427.10,0.8637,-1,-1,-1
301,85,211.84,-4.38,163.08,486.22,0.9023,-1,-1,-1
301,93,490.59,-3.07,153.35,486.08,0.9064,-1,-1,-1
301,94,418.36,163.93,82.22,171.36,0.8442,-1,-1,-1
301,97,-0.95,144.86,59.79,182.16,0.7269,-1,-1,-1
301,99,405.83,176.44,33.75,118.10,0.4146,-1,-1,-1
301,100,366.32,165.82,54.05,139.59,0.7496,-1,-1,-1
302,2,91.54,43.44,140.90,431.74,0.7931,-1,-1,-1
302,85,183.42,-7.13,176.33,489.21,0.8221,-1,-1,-1
302,93,504.83,-3.61,138.02,488.89,0.9067,-1,-1,-1
302,94,435.31,160.85,70.59,173.23,0.7772,-1,-1,-1
302,97,-2.76,145.58,54.39,172.41,0.6505,-1,-1,-1
302,100,361.40,164.08,67.73,142.95,0.6428,-1,-1,-1
303,85,122.72,-7.78,210.22,492.43,0.6988,-1,-1,-1
303,93,521.66,-3.41,121.32,491.13,0.8982,-1,-1,-1
303,94,448.12,159.69,70.20,174.96,0.7819,-1,-1,-1
303,100,373.50,163.06,63.27,144.83,0.6016,-1,-1,-1
303,101,47.37,102.14,87.51,307.93,0.6859,-1,-1,-1
303,102,335.35,192.60,31.59,118.00,0.6950,-1,-1,-1
304,85,101.39,-9.42,201.23,492.51,0.7598,-1,-1,-1
304,93,537.05,-2.43,104.62,490.80,0.8452,-1,-1,-1
304,94,458.31,157.70,67.06,175.19,0.8055,-1,-1,-1
304,100,380.21,159.95,57.96,143.48,0.6557,-1,-1,-1
304,101,6.52,92.42,111.64,302.91,0.8254,-1,-1,-1
304,102,334.23,191.18,46.42,122.52,0.6359,-1,-1,-1
304,103,284.64,160.59,60.97,156.35,0.4696,-1,-1,-1
305,93,554.68,2.73,86.18,486.09,0.7458,-1,-1,-1
305,94,464.29,162.15,66.01,173.45,0.8313,-1,-1,-1
305,100,384.79,161.33,53.09,148.15,0.7339,-1,-1,-1
305,101,-7.39,90.13,138.72,303.34,0.8734,-1,-1,-1
305,102,333.69,190.49,57.20,127.11,0.7116,-1,-1,-1
305,103,294.22,157.11,56.97,161.50,0.5738,-1,-1,-1
305,105,276.65,157.03,38.00,151.59,0.5811,-1,-1,-1
305,92,524.84,141.91,72.74,234.44,0.7765,-1,-1,-1
305,66,1.45,90.65,143.28,302.06,0.8734,-1,-1,-1
306,93,574.33,1.43,64.93,482.26,0.3778,-1,-1,-1
306,94,466.29,161.85,69.73,169.79,0.8011,-1,-1,-1
306,100,384.60,159.66,55.79,148.39,0.7582,-1,-1,-1
306,102,343.10,188.18,49.98,127.12,0.5478,-1,-1,-1
306,103,301.33,153.38,53.82,164.94,0.6732,-1,-1,-1
306,105,270.87,159.93,37.62,149.04,0.5999,-1,-1,-1
306,92,515.31,135.77,89.11,241.83,0.8094,-1,-1,-1
306,85,13.46,-5.56,236.70,480.63,0.3624,-1,-1,-1
307,94,468.83,164.16,64.40,168.36,0.7145,-1,-1,-1
307,100,385.80,159.02,63.03,148.30,0.7856,-1,-1,-1
307,102,343.29,186.98,48.90,127.96,0.5461,-1,-1,-1
307,103,305.27,151.97,51.83,166.58,0.7624,-1,-1,-1
307,105,267.03,155.87,40.44,149.13,0.4235,-1,-1,-1
307,92,510.03,130.79,104.66,247.54,0.8198,-1,-1,-1
307,85,-4.13,-2.81,224.93,479.48,0.3578,-1,-1,-1
308,94,476.34,171.33,60.76,155.93,0.3111,-1,-1,-1
308,100,386.16,158.87,70.44,146.70,0.8019,-1,-1,-1
308,102,352.67,185.50,40.51,128.31,0.7018,-1,-1,-1
308,103,309.28,150.61,50.47,167.42,0.7872,-1,-1,-1
308,105,272.36,174.10,34.78,119.52,0.4182,-1,-1,-1
308,92,500.39,125.29,117.08,254.78,0.8266,-1,-1,-1
308,107,155.57,66.44,129.40,400.98,0.8641,-1,-1,-1
309,100,389.77,158.06,71.68,148.19,0.8090,-1,-1,-1
309,102,362.60,184.21,38.08,128.10,0.6309,-1,-1,-1
309,103,311.42,149.64,64.26,168.84,0.8439,-1,-1,-1
309,92,492.96,119.35,130.85,273.09,0.8755,-1,-1,-1
309,107,127.74,59.56,165.02,416.68,0.8777,-1,-1,-1
309,108,467.92,168.40,32.66,121.52,0.6603,-1,-1,-1
309,85,-7.29,-0.18,134.30,475.21,0.4940,-1,-1,-1
310,100,393.04,159.47,66.02,151.36,0.7631,-1,-1,-1
310,102,364.00,185.65,50.14,130.42,0.6398,-1,-1,-1
310,103,308.28,151.65,74.27,171.03,0.8548,-1,-1,-1
310,92,492.60,119.33,137.04,287.39,0.8434,-1,-1,-1
310,107,107.67,78.43,184.31,402.60,0.8653,-1,-1,-1
310,108,464.26,173.74,36.57,119.39,0.6846,-1,-1,-1
310,109,81.39,89.75,82.29,294.92,0.6501,-1,-1,-1
311,100,394.55,159.82,62.41,155.39,0.7748,-1,-1,-1
311,102,364.52,187.10,55.13,132.34,0.6463,-1,-1,-1
311,103,301.06,152.56,82.18,173.23,0.8532,-1,-1,-1
311,92,490.62,116.34,143.60,309.15,0.8855,-1,-1,-1
311,107,107.03,82.09,180.78,400.01,0.8402,-1,-1,-1
311,108,459.50,177.16,38.17,116.81,0.7447,-1,-1,-1
311,109,47.37,78.93,103.82,345.59,0.8252,-1,-1,-1
312,100,395.90,156.26,62.50,160.69,0.7156,-1,-1,-1
312,102,364.09,188.84,57.98,133.27,0.6096,-1,-1,-1
312,103,295.30,151.92,88.01,176.69,0.8809,-1,-1,-1
312,92,487.12,108.69,149.11,326.31,0.8934,-1,-1,-1
312,107,106.20,71.13,178.19,410.24,0.8802,-1,-1,-1
312,108,454.28,177.89,38.22,115.54,0.7266,-1,-1,-1
312,109,9.35,67.04,123.94,382.52,0.8990,-1,-1,-1
313,100,396.84,156.64,61.71,162.05,0.7481,-1,-1,-1
313,102,361.11,188.89,56.77,136.37,0.6829,-1,-1,-1
313,103,294.48,150.79,86.96,179.90,0.8406,-1,-1,-1
313,92,482.09,99.10,150.51,343.55,0.8807,-1,-1,-1
313,107,102.62,69.50,176.23,411.63,0.8771,-1,-1,-1
313,108,447.16,178.38,38.51,113.96,0.7033,-1,-1,-1
313,109,-6.50,56.08,113.95,409.27,0.8878,-1,-1,-1
314,100,398.89,156.04,61.04,162.84,0.7813,-1,-1,-1
314,102,364.37,185.84,52.94,138.09,0.7075,-1,-1,-1
314,103,298.23,149.70,85.75,182.00,0.8179,-1,-1,-1
314,92,478.11,89.00,154.77,358.01,0.8739,-1,-1,-1
314,107,102.92,68.94,177.81,412.01,0.8729,-1,-1,-1
314,108,444.09,177.58,36.63,113.26,0.6601,-1,-1,-1
314,109,-9.04,46.06,97.65,430.84,0.8189,-1,-1,-1
314,2,107.33,65.15,171.74,416.00,0.8729,-1,-1,-1
315,100,405.88,159.25,65.73,162.75,0.7410,-1,-1,-1
315,102,374.47,189.35,50.70,142.51,0.6764,-1,-1,-1
315,103,310.73,152.36,73.03,185.34,0.8030,-1,-1,-1
315,92,478.17,81.75,161.97,384.11,0.8981,-1,-1,-1
315,107,109.05,71.41,178.57,410.52,0.8887,-1,-1,-1
315,112,11.78,149.66,82.57,181.33,0.7499,-1,-1,-1
315,2,114.82,70.43,174.95,409.92,0.8887,-1,-1,-1
316,100,415.21,156.32,63.79,162.28,0.7049,-1,-1,-1
316,102,377.07,187.10,66.14,145.28,0.8127,-1,-1,-1
316,103,318.21,146.80,69.52,190.71,0.7804,-1,-1,-1
316,92,479.37,69.27,162.97,406.35,0.9020,-1,-1,-1
316,107,114.61,65.81,180.40,414.01,0.8914,-1,-1,-1
316,112,17.18,146.84,70.16,179.51,0.8019,-1,-1,-1
316,2,120.29,66.00,178.21,411.89,0.8914,-1,-1,-1
317,100,426.65,155.79,60.07,165.50,0.7245,-1,-1,-1
317,102,386.96,187.42,73.75,147.72,0.5346,-1,-1,-1
317,103,325.09,143.84,76.75,195.77,0.8349,-1,-1,-1
317,92,485.52,56.07,158.00,424.23,0.9219,-1,-1,-1
317,107,122.23,65.10,180.29,413.57,0.8967,-1,-1,-1
317,112,29.76,145.84,57.70,178.44,0.8412,-1,-1,-1
317,2,127.48,65.61,178.78,411.05,0.8967,-1,-1,-1
318,100,435.69,155.78,59.21,166.68,0.7423,-1,-1,-1
318,102,397.70,185.27,74.95,151.13,0.7601,-1,-1,-1
318,103,329.24,141.34,82.35,200.28,0.8615,-1,-1,-1
318,92,490.74,44.29,153.46,438.12,0.9193,-1,-1,-1
318,107,127.72,65.97,184.84,413.71,0.8381,-1,-1,-1
318,112,33.56,146.04,57.29,179.15,0.8355,-1,-1,-1
318,2,132.46,66.42,183.65,411.33,0.8381,-1,-1,-1
319,100,445.40,150.44,59.50,170.01,0.6588,-1,-1,-1
319,102,409.16,182.75,74.69,152.06,0.5511,-1,-1,-1
319,103,334.30,129.48,92.42,212.03,0.8663,-1,-1,-1
319,92,500.90,21.98,144.86,458.16,0.9124,-1,-1,-1
319,107,136.09,68.73,182.90,409.09,0.8736,-1,-1,-1
319,112,38.60,145.40,59.48,177.85,0.8284,-1,-1,-1
319,2,140.44,69.02,181.90,406.90,0.8736,-1,-1,-1
320,100,459.17,145.63,59.20,173.98,0.4494,-1,-1,-1
320,102,422.23,175.88,70.54,157.46,0.6764,-1,-1,-1
320,103,337.58,128.50,100.48,211.57,0.8865,-1,-1,-1
320,92,514.94,3.88,130.55,476.20,0.8835,-1,-1,-1
320,107,147.54,71.97,180.00,405.79,0.8646,-1,-1,-1
320,112,40.66,141.72,64.39,178.41,0.8152,-1,-1,-1
320,2,151.31,72.14,179.18,403.86,0.8646,-1,-1,-1
321,102,453.45,171.78,51.60,160.64,0.5391,-1,-1,-1
321,103,347.34,123.81,104.03,216.17,0.8859,-1,-1,-1
321,92,542.22,29.43,105.06,449.99,0.3336,-1,-1,-1
321,107,167.54,58.78,173.22,420.18,0.8687,-1,-1,-1
321,112,46.43,136.57,68.62,179.61,0.8629,-1,-1,-1
321,2,170.82,58.73,172.55,418.58,0.8687,-1,-1,-1
322,102,473.44,162.21,61.72,169.27,0.6757,-1,-1,-1
322,103,359.30,115.82,105.08,221.34,0.8592,-1,-1,-1
322,107,183.00,46.45,171.25,433.89,0.8801,-1,-1,-1
322,112,56.41,129.11,66.37,179.81,0.8216,-1,-1,-1
322,2,185.72,46.38,170.71,432.42,0.8801,-1,-1,-1
322,115,544.23,158.02,40.05,137.66,0.4897,-1,-1,-1
322,116,147.86,112.29,66.77,196.29,0.7408,-1,-1,-1
322,117,344.44,156.29,47.90,135.41,0.5386,-1,-1,-1
323,102,486.94,160.99,63.82,170.48,0.5932,-1,-1,-1
323,103,381.49,113.24,99.28,225.42,0.8588,-1,-1,-1
323,107,197.36,41.58,174.28,439.30,0.8987,-1,-1,-1
323,112,72.53,126.31,61.21,177.44,0.8231,-1,-1,-1
323,2,199.79,41.37,173.81,438.03,0.8987,-1,-1,-1
323,115,547.29,151.95,53.74,143.80,0.4685,-1,-1,-1
323,116,145.57,105.33,76.53,213.73,0.8351,-1,-1,-1
323,117,360.28,156.43,50.33,117.49,0.4210,-1,-1,-1
323,119,468.92,164.57,36.76,108.84,0.7156,-1,-1,-1
323,100,539.51,148.85,58.79,150.71,0.4685,-1,-1,-1
324,102,493.03,156.50,88.86,174.49,0.7872,-1,-1,-1
324,103,399.38,107.81,87.88,229.32,0.8241,-1,-1,-1
324,107,205.24,34.77,177.22,444.68,0.9029,-1,-1,-1
324,112,78.92,122.17,59.71,176.45,0.7949,-1,-1,-1
324,2,207.37,34.53,176.81,443.59,0.9029,-1,-1,-1
324,116,138.47,97.41,83.08,223.49,0.8379,-1,-1,-1
324,117,370.22,150.28,52.89,159.74,0.5429,-1,-1,-1
324,119,474.99,162.56,35.46,108.52,0.6807,-1,-1,-1
325,102,509.13,152.67,92.31,178.05,0.7594,-1,-1,-1
325,103,418.34,101.33,79.78,236.65,0.8093,-1,-1,-1
325,107,214.28,32.54,180.59,447.91,0.9067,-1,-1,-1
325,112,71.41,121.55,71.50,177.06,0.7976,-1,-1,-1
325,2,216.23,32.23,180.21,446.95,0.9067,-1,-1,-1
325,116,127.22,92.45,89.23,239.50,0.8368,-1,-1,-1
325,117,379.93,145.27,53.45,175.44,0.7388,-1,-1,-1
326,102,525.68,150.95,84.91,180.16,0.6983,-1,-1,-1
326,103,429.74,98.27,76.98,242.94,0.8651,-1,-1,-1
326,107,218.24,33.87,181.62,446.22,0.8985,-1,-1,-1
326,112,67.39,123.28,81.35,178.30,0.7082,-1,-1,-1
326,2,219.95,33.55,181.28,445.37,0.8985,-1,-1,-1
326,116,117.32,89.34,91.90,249.11,0.7956,-1,-1,-1
326,117,386.37,142.70,51.95,181.92,0.6592,-1,-1,-1
326,108,512.85,118.50,74.54,196.85,0.4155,-1,-1,-1
326,100,583.61,162.77,41.49,148.38,0.4698,-1,-1,-1
327,102,553.59,145.25,75.40,183.49,0.8131,-1,-1,-1
327,103,434.96,93.49,84.16,248.56,0.8885,-1,-1,-1
327,107,220.13,35.45,186.04,443.42,0.8838,-1,-1,-1
327,112,70.79,123.58,75.39,176.76,0.6452,-1,-1,-1
327,2,221.64,35.11,185.73,442.67,0.8838,-1,-1,-1
327,116,101.80,82.44,96.78,259.34,0.8716,-1,-1,-1
327,117,393.27,139.58,53.31,184.28,0.7277,-1,-1,-1
327,108,514.72,113.38,83.12,202.47,0.7596,-1,-1,-1
328,102,567.15,143.34,73.51,189.79,0.7885,-1,-1,-1
328,103,433.57,92.27,96.00,252.28,0.8810,-1,-1,-1
328,107,213.53,38.67,200.00,438.46,0.8330,-1,-1,-1
328,2,214.87,38.34,199.73,437.81,0.8330,-1,-1,-1
328,116,88.96,78.65,95.44,275.32,0.7819,-1,-1,-1
328,117,400.25,138.77,50.36,153.54,0.3005,-1,-1,-1
328,108,517.84,110.88,88.73,211.53,0.4405,-1,-1,-1
328,121,-1.39,126.10,32.07,160.09,0.7559,-1,-1,-1
329,102,567.98,144.28,75.31,190.92,0.8136,-1,-1,-1
329,103,428.36,91.14,103.60,255.69,0.8948,-1,-1,-1
329,107,220.01,39.21,195.86,440.39,0.8244,-1,-1,-1
329,2,221.24,38.91,195.60,439.82,0.8244,-1,-1,-1
329,116,59.43,69.43,107.69,290.87,0.8768,-1,-1,-1
329,117,406.08,137.45,46.89,144.33,0.3905,-1,-1,-1
329,108,528.96,107.92,80.27,212.22,0.5179,-1,-1,-1
329,122,511.73,137.60,53.16,157.37,0.4990,-1,-1,-1
330,102,565.87,148.04,79.07,191.98,0.7641,-1,-1,-1
330,103,425.05,92.80,106.46,260.39,0.8871,-1,-1,-1
330,107,234.58,36.93,185.66,444.64,0.8454,-1,-1,-1
330,2,235.65,36.65,185.43,444.14,0.8454,-1,-1,-1
330,116,43.34,63.62,109.51,306.47,0.8425,-1,-1,-1
330,117,410.41,139.75,47.05,150.96,0.5108,-1,-1,-1
330,108,544.80,108.87,67.17,219.11,0.5770,-1,-1,-1
330,122,505.83,138.55,59.16,160.97,0.6500,-1,-1,-1
330,123,-1.54,130.59,47.76,156.94,0.6432,-1,-1,-1
331,103,427.88,92.34,104.32,264.46,0.8714,-1,-1,-1
331,107,242.56,33.25,180.23,447.47,0.8650,-1,-1,-1
331,2,243.45,32.98,180.04,447.02,0.8650,-1,-1,-1
331,116,23.88,54.67,114.90,320.26,0.8606,-1,-1,-1
331,117,399.33,139.95,65.36,180.67,0.6474,-1,-1,-1
331,108,557.80,108.96,60.62,227.57,0.7428,-1,-1,-1
331,122,500.79,137.98,62.42,162.56,0.5637,-1,-1,-1
331,123,-1.78,131.77,47.40,158.55,0.6271,-1,-1,-1
332,103,440.61,88.01,100.09,266.97,0.8636,-1,-1,-1
332,107,241.28,27.80,184.65,452.54,0.9114,-1,-1,-1
332,2,242.07,27.51,184.48,452.15,0.9114,-1,-1,-1
332,116,2.48,43.49,115.22,338.08,0.8854,-1,-1,-1
332,117,407.34,136.40,62.11,195.16,0.6749,-1,-1,-1
332,108,560.59,105.22,69.76,225.60,0.8003,-1,-1,-1
333,103,452.91,87.47,90.64,267.61,0.8366,-1,-1,-1
333,107,243.79,25.68,182.90,455.39,0.8933,-1,-1,-1
333,2,244.49,25.42,182.75,455.05,0.8933,-1,-1,-1
333,116,-5.95,35.42,106.82,352.52,0.9154,-1,-1,-1
333,117,419.02,133.53,56.81,205.89,0.8017,-1,-1,-1
333,108,561.34,107.25,77.32,228.79,0.8675,-1,-1,-1
334,103,460.33,83.53,92.29,271.87,0.8780,-1,-1,-1
334,107,241.57,27.31,181.78,453.16,0.8929,-1,-1,-1
334,2,242.19,27.06,181.65,452.86,0.8929,-1,-1,-1
334,116,-9.22,26.34,81.69,366.83,0.8867,-1,-1,-1
334,117,419.18,130.26,60.38,213.49,0.8470,-1,-1,-1
334,108,555.85,106.94,85.04,227.01,0.9003,-1,-1,-1
334,112,39.86,120.32,61.07,176.92,0.6964,-1,-1,-1
335,103,464.19,84.17,90.81,272.61,0.8340,-1,-1,-1
335,107,241.66,28.86,179.39,449.49,0.9059,-1,-1,-1
335,2,242.19,28.63,179.28,449.23,0.9059,-1,-1,-1
335,116,-6.08,37.49,57.08,363.34,0.8314,-1,-1,-1
335,117,418.09,131.64,58.89,216.24,0.7110,-1,-1,-1
335,108,551.40,109.59,89.66,224.61,0.8962,-1,-1,-1
335,125,78.59,175.93,29.34,87.96,0.3875,-1,-1,-1
335,112,29.99,120.96,69.16,180.34,0.7386,-1,-1,-1
336,103,465.63,78.02,97.44,274.47,0.8483,-1,-1,-1
336,107,241.69,23.46,178.03,452.45,0.9059,-1,-1,-1
336,2,242.15,23.25,177.93,452.23,0.9059,-1,-1,-1
336,117,413.64,127.51,73.44,221.76,0.6505,-1,-1,-1
336,108,552.05,104.63,89.30,226.57,0.8823,-1,-1,-1
336,112,26.07,116.22,63.57,178.98,0.7612,-1,-1,-1
337,103,467.10,70.97,108.93,275.62,0.8440,-1,-1,-1
337,107,242.00,13.85,179.80,462.72,0.9123,-1,-1,-1
337,2,242.40,13.65,179.72,462.53,0.9123,-1,-1,-1
337,117,412.90,119.79,87.03,230.19,0.7516,-1,-1,-1
337,108,565.93,97.55,75.95,225.99,0.8712,-1,-1,-1
337,112,26.77,109.91,57.95,176.71,0.8415,-1,-1,-1
338,103,470.46,68.61,113.76,283.38,0.8415,-1,-1,-1
338,107,242.38,17.47,184.26,461.46,0.9024,-1,-1,-1
338,2,242.74,17.27,184.18,461.29,0.9024,-1,-1,-1
338,117,421.85,117.31,79.40,230.52,0.7719,-1,-1,-1
338,108,586.86,97.49,55.49,224.49,0.7988,-1,-1,-1
338,112,24.85,112.88,61.22,178.67,0.8274,-1,-1,-1
339,103,468.90,68.00,117.31,287.44,0.8664,-1,-1,-1
339,107,242.25,16.71,185.45,462.11,0.9072,-1,-1,-1
339,2,242.56,16.54,185.38,461.96,0.9072,-1,-1,-1
339,117,429.60,115.27,75.25,227.01,0.7668,-1,-1,-1
339,108,594.32,95.01,46.62,228.14,0.8483,-1,-1,-1
339,112,23.69,112.72,62.40,180.19,0.8266,-1,-1,-1
339,128,-0.86,158.04,28.67,133.57,0.4071,-1,-1,-1
340,103,470.49,66.35,126.44,290.39,0.8775,-1,-1,-1
340,107,243.62,12.65,189.45,466.57,0.8842,-1,-1,-1
340,2,243.90,12.49,189.39,466.44,0.8842,-1,-1,-1
340,117,451.88,115.55,61.89,220.13,0.7163,-1,-1,-1
340,108,603.02,94.02,38.05,230.02,0.8196,-1,-1,-1
340,112,16.56,112.00,84.43,182.49,0.8441,-1,-1,-1
340,128,-0.83,125.62,24.35,164.93,0.5350,-1,-1,-1
340,129,188.97,200.62,15.86,38.53,0.4687,-1,-1,-1
341,103,490.01,65.97,122.61,294.61,0.8629,-1,-1,-1
341,107,250.64,14.10,186.32,466.22,0.8703,-1,-1,-1
341,2,250.89,13.95,186.26,466.11,0.8703,-1,-1,-1
341,117,471.65,119.27,56.48,224.60,0.7139,-1,-1,-1
341,108,610.91,111.60,30.52,216.31,0.6599,-1,-1,-1
341,112,8.68,115.79,102.54,182.58,0.8658,-1,-1,-1
341,128,0.07,115.21,27.30,175.98,0.6989,-1,-1,-1
341,130,433.75,108.82,53.81,208.07,0.7775,-1,-1,-1
342,103,511.70,61.11,117.48,299.01,0.8125,-1,-1,-1
342,107,254.80,12.96,190.28,466.26,0.8341,-1,-1,-1
342,2,255.01,12.83,190.23,466.16,0.8341,-1,-1,-1
342,117,486.14,114.27,59.34,234.24,0.8009,-1,-1,-1
342,108,615.25,107.26,25.77,221.60,0.4927,-1,-1,-1
342,112,4.85,115.67,110.66,182.07,0.8855,-1,-1,-1
342,128,1.01,109.31,34.44,181.64,0.7091,-1,-1,-1
342,130,434.21,104.77,63.38,216.54,0.7218,-1,-1,-1
342,131,229.52,170.94,34.06,86.27,0.6911,-1,-1,-1
343,103,541.64,60.65,102.65,307.01,0.8487,-1,-1,-1
343,107,255.85,15.99,207.21,466.13,0.8151,-1,-1,-1
343,2,256.04,15.87,207.17,466.05,0.8151,-1,-1,-1
343,117,500.66,116.86,68.45,240.99,0.7769,-1,-1,-1
343,112,19.16,120.04,98.94,177.11,0.8429,-1,-1,-1
343,128,2.24,113.99,46.83,187.34,0.7706,-1,-1,-1
343,130,450.81,104.90,61.41,220.59,0.8000,-1,-1,-1
343,131,227.52,174.14,37.42,88.75,0.7581,-1,-1,-1
344,103,557.33,58.61,87.97,314.36,0.8877,-1,-1,-1
344,107,259.87,14.78,212.15,465.90,0.8379,-1,-1,-1
344,2,260.05,14.67,212.11,465.83,0.8379,-1,-1,-1
344,117,505.10,118.78,76.89,241.84,0.8528,-1,-1,-1
344,112,31.63,119.81,82.92,177.39,0.8126,-1,-1,-1
344,128,1.32,116.15,54.16,184.69,0.7611,-1,-1,-1
344,130,459.41,103.53,58.55,227.78,0.7380,-1,-1,-1
344,131,221.78,173.25,37.59,90.27,0.7676,-1,-1,-1
345,103,576.27,53.67,71.01,321.11,0.8783,-1,-1,-1
345,107,272.48,6.52,216.25,472.06,0.8018,-1,-1,-1
345,2,272.65,6.42,216.21,472.00,0.8018,-1,-1,-1
345,117,517.73,115.64,80.74,244.72,0.8281,-1,-1,-1
345,112,53.39,116.19,62.08,179.59,0.8015,-1,-1,-1
345,128,0.92,117.39,65.63,179.45,0.8396,-1,-1,-1
345,130,468.04,97.52,52.38,234.71,0.4709,-1,-1,-1
345,131,211.88,169.66,43.82,94.02,0.7514,-1,-1,-1
346,103,596.75,57.56,48.92,327.34,0.7608,-1,-1,-1
346,107,295.33,6.68,204.41,473.68,0.8009,-1,-1,-1
346,2,295.47,6.59,204.37,473.63,0.8009,-1,-1,-1
346,117,541.44,117.02,83.94,253.85,0.7934,-1,-1,-1
346,112,72.37,123.83,52.50,179.20,0.7801,-1,-1,-1
346,128,4.62,127.35,74.96,175.13,0.8402,-1,-1,-1
346,130,467.05,101.99,54.69,243.78,0.4842,-1,-1,-1
346,131,210.75,175.41,47.39,95.69,0.7905,-1,-1,-1
347,107,306.47,1.80,206.93,477.24,0.8293,-1,-1,-1
347,2,306.59,1.72,206.90,477.19,0.8293,-1,-1,-1
347,117,567.66,113.15,76.45,259.95,0.8197,-1,-1,-1
347,112,84.88,127.29,60.02,178.37,0.8379,-1,-1,-1
347,128,9.81,128.64,79.53,176.33,0.8192,-1,-1,-1
347,130,485.63,97.32,58.46,248.63,0.4099,-1,-1,-1
347,131,213.37,175.80,46.71,96.91,0.7563,-1,-1,-1
348,107,314.93,-0.94,204.60,478.70,0.7679,-1,-1,-1
348,2,315.04,-1.02,204.58,478.66,0.7679,-1,-1,-1
348,117,583.71,106.94,63.15,261.39,0.8481,-1,-1,-1
348,112,87.48,126.66,71.77,175.32,0.8702,-1,-1,-1
348,128,20.81,124.55,72.20,176.05,0.7695,-1,-1,-1
348,131,213.01,170.95,43.22,99.51,0.6636,-1,-1,-1
349,107,320.04,0.62,206.92,479.02,0.8008,-1,-1,-1
349,2,320.13,0.55,206.90,478.99,0.8008,-1,-1,-1
349,117,598.52,111.41,47.82,261.80,0.7117,-1,-1,-1
349,112,88.39,131.75,80.65,171.58,0.8345,-1,-1,-1
349,128,40.10,126.84,62.81,176.63,0.7872,-1,-1,-1
349,131,207.54,171.69,43.89,102.11,0.5649,-1,-1,-1
349,130,500.02,85.15,63.03,275.45,0.5437,-1,-1,-1
350,107,321.22,0.49,205.89,479.12,0.8536,-1,-1,-1
350,2,321.30,0.43,205.87,479.09,0.8536,-1,-1,-1
350,117,608.03,127.02,34.44,247.84,0.6047,-1,-1,-1
350,112,87.87,131.01,83.63,173.16,0.8510,-1,-1,-1
350,128,48.84,127.97,58.25,173.57,0.7875,-1,-1,-1
350,131,201.83,170.27,43.89,104.14,0.6784,-1,-1,-1
350,133,25.62,158.61,35.71,117.80,0.5329,-1,-1,-1
350,130,505.73,80.90,59.30,293.71,0.7920,-1,-1,-1
351,107,323.28,0.03,208.99,479.06,0.8343,-1,-1,-1
351,2,323.35,-0.02,208.97,479.03,0.8343,-1,-1,-1
351,112,109.76,127.94,63.98,170.95,0.8042,-1,-1,-1
351,128,51.54,127.20,77.05,171.79,0.8480,-1,-1,-1
351,131,197.41,167.92,44.84,104.31,0.7067,-1,-1,-1
351,133,24.08,155.21,40.47,119.64,0.5864,-1,-1,-1
351,130,511.26,68.34,64.72,319.40,0.7743,-1,-1,-1
352,107,326.05,-0.36,201.53,476.88,0.8278,-1,-1,-1
352,2,326.12,-0.41,201.51,476.85,0.8278,-1,-1,-1
352,112,128.65,126.16,54.74,169.82,0.8238,-1,-1,-1
352,128,53.40,128.50,92.97,168.14,0.8869,-1,-1,-1
352,131,193.37,165.44,46.28,107.37,0.7750,-1,-1,-1
352,133,25.38,153.07,45.60,119.83,0.3259,-1,-1,-1
352,130,512.22,60.04,83.01,341.15,0.5353,-1,-1,-1
353,107,330.07,-1.85,205.06,477.53,0.8397,-1,-1,-1
353,2,330.13,-1.90,205.05,477.51,0.8397,-1,-1,-1
353,112,142.57,121.91,54.76,170.66,0.8160,-1,-1,-1
353,128,57.89,129.24,96.78,163.72,0.8760,-1,-1,-1
353,131,193.95,160.82,44.92,109.17,0.5718,-1,-1,-1
353,130,516.16,48.89,100.16,364.52,0.8679,-1,-1,-1
353,135,0.39,91.84,38.12,254.48,0.7823,-1,-1,-1
354,107,331.27,1.67,208.49,475.89,0.8370,-1,-1,-1
354,2,331.32,1.63,208.48,475.87,0.8370,-1,-1,-1
354,112,152.25,126.31,60.10,170.60,0.8335,-1,-1,-1
354,128,65.39,133.54,93.19,162.56,0.8438,-1,-1,-1
354,131,194.95,164.60,40.20,107.03,0.6758,-1,-1,-1
354,130,521.39,45.81,110.96,380.53,0.9030,-1,-1,-1
354,135,1.08,90.39,42.90,261.73,0.7621,-1,-1,-1
354,136,530.81,57.61,38.61,69.39,0.4832,-1,-1,-1
355,107,330.55,1.38,219.87,475.68,0.7001,-1,-1,-1
355,2,330.59,1.34,219.86,475.66,0.7001,-1,-1,-1
355,112,155.83,132.82,78.78,168.14,0.8625,-1,-1,-1
355,128,87.08,134.95,83.83,162.60,0.8375,-1,-1,-1
355,130,539.00,37.39,103.39,399.68,0.8923,-1,-1,-1
355,135,0.36,75.10,64.98,295.17,0.8474,-1,-1,-1
355,136,537.27,50.08,45.44,100.00,0.5471,-1,-1,-1
356,107,328.86,-1.67,230.12,472.11,0.6602,-1,-1,-1
356,2,328.91,-1.70,230.11,472.09,0.6602,-1,-1,-1
356,112,153.98,128.85,86.69,166.43,0.8637,-1,-1,-1
356,128,105.52,127.68,68.96,162.85,0.7895,-1,-1,-1
356,130,551.95,19.21,91.27,417.07,0.8945,-1,-1,-1
356,135,-1.08,48.28,77.20,315.96,0.8697,-1,-1,-1
357,107,327.18,-1.48,232.73,478.14,0.7388,-1,-1,-1
357,2,327.22,-1.51,232.72,478.13,0.7388,-1,-1,-1
357,112,157.00,127.05,83.27,166.54,0.8393,-1,-1,-1
357,128,120.53,125.51,59.67,161.64,0.7934,-1,-1,-1
357,130,569.20,12.14,74.11,454.90,0.7955,-1,-1,-1
357,135,-2.82,36.93,98.10,319.16,0.9114,-1,-1,-1
358,107,328.69,1.86,233.94,478.62,0.7871,-1,-1,-1
358,2,328.72,1.84,233.93,478.61,0.7871,-1,-1,-1
358,112,169.48,130.23,68.32,165.05,0.7235,-1,-1,-1
358,128,126.74,130.68,59.54,161.61,0.8419,-1,-1,-1
358,130,582.10,46.20,58.83,413.93,0.7926,-1,-1,-1
358,135,-0.84,39.37,107.15,316.11,0.9067,-1,-1,-1
358,122,535.01,20.53,79.67,375.20,0.8170,-1,-1,-1
359,107,329.02,21.32,229.74,464.48,0.8327,-1,-1,-1
359,2,329.05,21.29,229.73,464.47,0.8327,-1,-1,-1
359,112,183.49,154.04,51.84,163.70,0.7828,-1,-1,-1
359,128,122.11,158.21,70.33,157.95,0.8427,-1,-1,-1
359,130,591.58,82.74,46.65,386.84,0.7909,-1,-1,-1
359,135,0.06,70.52,104.36,311.24,0.9112,-1,-1,-1
359,122,531.82,44.62,80.84,384.04,0.8586,-1,-1,-1
360,107,332.74,28.93,228.16,453.74,0.8082,-1,-1,-1
360,2,332.76,28.91,228.15,453.74,0.8082,-1,-1,-1
360,112,193.36,161.15,43.73,164.47,0.7977,-1,-1,-1
360,128,121.89,162.92,74.25,162.30,0.8403,-1,-1,-1
360,135,0.96,79.99,100.54,312.02,0.9076,-1,-1,-1
360,122,534.96,45.97,92.53,399.97,0.8534,-1,-1,-1
361,107,332.82,19.37,227.93,455.53,0.7997,-1,-1,-1
361,2,332.85,19.36,227.93,455.53,0.7997,-1,-1,-1
361,112,190.56,156.71,46.66,164.74,0.8305,-1,-1,-1
361,128,117.91,159.60,73.13,161.64,0.8038,-1,-1,-1
361,135,-2.88,73.29,96.93,317.24,0.9173,-1,-1,-1
361,122,528.58,25.41,107.85,419.23,0.8875,-1,-1,-1
362,107,333.38,11.61,224.57,462.24,0.8164,-1,-1,-1
362,2,333.40,11.59,224.56,462.23,0.8164,-1,-1,-1
362,112,184.28,152.93,52.30,163.19,0.8639,-1,-1,-1
362,128,128.86,153.65,57.21,157.58,0.7221,-1,-1,-1
362,135,-3.58,64.45,95.38,323.92,0.8988,-1,-1,-1
362,122,525.26,5.07,113.34,439.26,0.8849,-1,-1,-1
363,107,339.61,12.77,222.30,461.63,0.8688,-1,-1,-1
363,2,339.62,12.75,222.30,461.63,0.8688,-1,-1,-1
363,112,183.23,156.86,59.17,162.36,0.8100,-1,-1,-1
363,128,138.58,155.55,50.29,155.97,0.7846,-1,-1,-1
363,135,-0.86,66.46,100.47,327.22,0.8989,-1,-1,-1
363,122,530.59,0.46,111.70,451.45,0.8745,-1,-1,-1
363,139,99.99,174.83,45.40,135.29,0.7369,-1,-1,-1
364,107,347.66,17.79,214.83,459.45,0.8227,-1,-1,-1
364,2,347.68,17.78,214.83,459.44,0.8227,-1,-1,-1
364,112,184.90,164.03,59.93,162.91,0.8292,-1,-1,-1
364,128,145.94,162.98,48.17,156.58,0.8070,-1,-1,-1
364,135,-0.64,74.68,106.88,329.27,0.8808,-1,-1,-1
364,122,540.62,1.45,102.98,470.85,0.8284,-1,-1,-1
364,139,95.91,180.45,46.86,137.83,0.7147,-1,-1,-1
365,107,350.67,21.66,205.75,457.91,0.8625,-1,-1,-1
365,2,350.68,21.65,205.74,457.90,0.8625,-1,-1,-1
365,112,190.28,169.12,52.63,160.67,0.8356,-1,-1,-1
365,128,144.40,168.36,51.49,156.88,0.8372,-1,-1,-1
365,135,-1.40,81.95,107.22,327.35,0.8835,-1,-1,-1
365,122,544.93,24.50,95.79,455.72,0.8231,-1,-1,-1
365,139,84.19,180.08,49.46,143.61,0.3803,-1,-1,-1
366,107,351.81,14.62,198.72,465.93,0.8095,-1,-1,-1
366,2,351.83,14.61,198.72,465.93,0.8095,-1,-1,-1
366,112,191.70,155.76,48.84,161.59,0.8511,-1,-1,-1
366,128,132.93,159.35,74.19,155.08,0.8523,-1,-1,-1
366,135,-3.96,67.88,104.22,329.26,0.8837,-1,-1,-1
366,122,565.61,22.59,74.54,459.32,0.8556,-1,-1,-1
367,107,359.76,10.40,199.49,468.72,0.7780,-1,-1,-1
367,2,359.77,10.40,199.49,468.71,0.7780,-1,-1,-1
367,112,201.64,147.61,48.95,160.09,0.8125,-1,-1,-1
367,128,135.99,151.74,76.59,153.26,0.8685,-1,-1,-1
367,135,0.06,60.33,114.27,326.60,0.6830,-1,-1,-1
367,122,591.98,28.22,50.46,454.58,0.4096,-1,-1,-1
367,136,601.49,34.83,38.46,259.41,0.6478,-1,-1,-1
368,107,370.07,13.59,203.54,461.74,0.7900,-1,-1,-1
368,2,370.08,13.58,203.54,461.74,0.7900,-1,-1,-1
368,112,213.71,149.17,53.57,158.66,0.8369,-1,-1,-1
368,128,145.05,154.52,75.43,151.12,0.8735,-1,-1,-1
368,135,4.15,64.21,121.66,324.58,0.9082,-1,-1,-1
369,107,380.71,16.29,207.36,459.95,0.7959,-1,-1,-1
369,2,380.72,16.28,207.35,459.95,0.7959,-1,-1,-1
369,112,223.98,155.56,62.52,158.11,0.8788,-1,-1,-1
369,128,159.74,160.20,71.86,150.90,0.8377,-1,-1,-1
369,135,5.54,75.27,133.55,313.45,0.9075,-1,-1,-1
370,107,377.55,25.43,170.05,445.32,0.3586,-1,-1,-1
370,2,402.52,13.32,192.94,463.37,0.7019,-1,-1,-1
370,112,222.94,160.43,67.12,156.64,0.8729,-1,-1,-1
370,128,171.07,162.51,63.85,148.84,0.8091,-1,-1,-1
370,135,1.28,78.43,139.01,307.12,0.9045,-1,-1,-1
370,140,0.04,208.92,30.41,154.92,0.4404,-1,-1,-1
371,107,378.31,12.54,214.35,463.46,0.7290,-1,-1,-1
371,2,387.11,7.87,219.72,469.67,0.7290,-1,-1,-1
371,112,223.48,159.66,67.02,156.75,0.8604,-1,-1,-1
371,128,184.14,158.25,54.72,151.52,0.8102,-1,-1,-1
371,135,-0.13,75.12,139.19,308.07,0.8947,-1,-1,-1
372,107,389.65,3.68,231.60,471.23,0.7684,-1,-1,-1
372,2,393.19,1.78,233.67,473.39,0.7684,-1,-1,-1
372,112,231.47,159.23,64.42,155.37,0.8306,-1,-1,-1
372,128,194.90,158.24,52.16,151.37,0.8400,-1,-1,-1
372,135,6.09,73.93,137.60,307.99,0.8879,-1,-1,-1
372,140,0.46,168.14,40.39,206.03,0.4339,-1,-1,-1
373,107,392.82,0.37,246.35,475.48,0.7774,-1,-1,-1
373,2,394.05,-0.36,246.84,476.11,0.7774,-1,-1,-1
373,112,247.34,158.23,59.60,156.22,0.8110,-1,-1,-1
373,128,206.48,159.05,54.17,150.63,0.7829,-1,-1,-1
373,135,17.77,78.64,136.62,307.41,0.8791,-1,-1,-1
373,140,1.92,128.21,41.54,250.93,0.5685,-1,-1,-1
374,107,398.18,-0.31,247.46,479.07,0.8057,-1,-1,-1
374,2,398.51,-0.56,247.24,479.15,0.8057,-1,-1,-1
374,112,264.41,158.93,50.25,156.70,0.8141,-1,-1,-1
374,128,214.22,163.44,58.41,148.24,0.8311,-1,-1,-1
374,135,25.59,83.55,136.64,309.94,0.9137,-1,-1,-1
374,140,1.36,107.65,47.43,275.40,0.8115,-1,-1,-1
374,142,187.58,221.00,20.42,49.43,0.6474,-1,-1,-1
375,107,413.18,-1.15,232.83,482.09,0.8298,-1,-1,-1
375,2,413.22,-1.21,232.32,481.97,0.8298,-1,-1,-1
375,112,273.31,157.79,46.28,157.46,0.8173,-1,-1,-1
375,128,217.07,163.61,59.73,147.77,0.8261,-1,-1,-1
375,135,28.93,80.18,132.24,317.47,0.9084,-1,-1,-1
375,140,-0.42,96.42,50.68,288.49,0.8405,-1,-1,-1
375,142,188.55,221.13,18.47,48.33,0.4599,-1,-1,-1
376,107,425.54,-0.76,220.07,483.36,0.8695,-1,-1,-1
376,2,425.46,-0.75,219.52,483.17,0.8695,-1,-1,-1
376,112,278.78,159.18,45.31,155.76,0.8086,-1,-1,-1
376,128,222.35,162.81,56.89,149.55,0.8308,-1,-1,-1
376,135,32.68,79.45,132.04,316.17,0.8985,-1,-1,-1
376,140,-1.62,91.37,57.88,293.58,0.8457,-1,-1,-1
376,142,187.95,219.65,18.44,48.55,0.4857,-1,-1,-1
377,107,448.45,11.96,195.16,470.24,0.8187,-1,-1,-1
377,2,448.39,12.01,194.61,470.03,0.8187,-1,-1,-1
377,112,281.16,160.52,46.47,154.71,0.8218,-1,-1,-1
377,128,229.32,160.46,50.64,147.36,0.8385,-1,-1,-1
377,135,34.87,74.10,135.90,317.00,0.9038,-1,-1,-1
377,140,-1.84,87.38,63.20,299.73,0.8683,-1,-1,-1
377,142,186.31,217.66,19.91,49.39,0.5461,-1,-1,-1
377,143,446.97,192.71,39.69,91.01,0.6962,-1,-1,-1
378,107,474.00,23.70,168.58,457.09,0.7821,-1,-1,-1
378,2,473.97,23.76,168.07,456.89,0.7821,-1,-1,-1
378,112,283.33,160.20,47.49,155.78,0.7888,-1,-1,-1
378,128,234.46,159.61,46.38,147.82,0.8081,-1,-1,-1
378,135,40.95,72.44,133.85,310.46,0.9049,-1,-1,-1
378,140,-2.11,86.91,66.78,302.15,0.8409,-1,-1,-1
378,142,186.41,217.10,19.20,49.10,0.3886,-1,-1,-1
378,143,449.34,193.39,39.88,91.99,0.7434,-1,-1,-1
379,107,499.10,35.86,142.42,444.01,0.8283,-1,-1,-1
379,2,499.11,35.92,141.99,443.84,0.8283,-1,-1,-1
379,112,287.49,156.67,47.35,154.86,0.8232,-1,-1,-1
379,128,237.90,158.34,44.44,147.69,0.7624,-1,-1,-1
379,135,43.01,70.32,131.85,311.48,0.9085,-1,-1,-1
379,140,-2.92,87.15,61.72,292.23,0.8305,-1,-1,-1
379,143,447.75,191.26,41.70,91.04,0.7256,-1,-1,-1
380,107,527.01,51.12,112.81,429.08,0.7964,-1,-1,-1
380,2,527.04,51.18,112.49,428.93,0.7964,-1,-1,-1
380,112,291.43,159.00,45.47,153.65,0.8521,-1,-1,-1
380,128,238.79,161.40,50.53,147.63,0.7756,-1,-1,-1
380,135,41.51,71.77,130.41,316.18,0.9085,-1,-1,-1
380,140,-2.50,91.98,58.05,288.89,0.8292,-1,-1,-1
380,143,445.05,193.35,41.18,91.62,0.7617,-1,-1,-1
381,107,549.48,73.45,89.54,406.26,0.8515,-1,-1,-1
381,2,549.51,73.51,89.33,406.13,0.8515,-1,-1,-1
381,112,293.11,161.73,45.61,154.46,0.8405,-1,-1,-1
381,128,237.28,168.04,56.03,144.92,0.8066,-1,-1,-1
381,135,38.29,75.17,128.42,321.80,0.9007,-1,-1,-1
381,140,-2.73,102.26,53.11,281.79,0.8082,-1,-1,-1
381,143,442.59,195.95,41.94,91.63,0.6509,-1,-1,-1
381,144,509.07,165.22,64.74,167.34,0.7936,-1,-1,-1
381,142,173.26,218.85,20.79,53.27,0.3919,-1,-1,-1
382,107,572.41,107.28,66.64,369.54,0.8177,-1,-1,-1
382,2,572.43,107.33,66.50,369.44,0.8177,-1,-1,-1
382,112,292.23,159.33,50.01,156.08,0.8281,-1,-1,-1
382,128,232.96,168.94,58.09,143.84,0.7927,-1,-1,-1
382,135,33.23,74.89,125.81,328.16,0.8938,-1,-1,-1
382,140,-3.25,114.39,44.97,236.08,0.7705,-1,-1,-1
382,143,448.28,194.43,35.78,90.69,0.5109,-1,-1,-1
382,144,508.47,163.75,74.73,171.87,0.8200,-1,-1,-1
383,107,591.86,201.16,47.35,276.92,0.6709,-1,-1,-1
383,2,591.87,201.23,47.29,276.82,0.6709,-1,-1,-1
383,112,289.88,161.27,55.63,158.52,0.8611,-1,-1,-1
383,128,228.81,171.81,58.87,144.20,0.8340,-1,-1,-1
383,135,23.71,76.09,125.76,334.88,0.9022,-1,-1,-1
383,140,-2.98,130.03,39.94,210.16,0.7255,-1,-1,-1
383,143,443.11,199.34,35.87,87.37,0.5201,-1,-1,-1
383,144,504.36,163.87,86.45,178.75,0.8418,-1,-1,-1
384,112,284.05,160.00,56.35,157.93,0.8816,-1,-1,-1
384,128,227.62,166.83,58.89,144.42,0.8179,-1,-1,-1
384,135,7.41,72.55,127.54,335.52,0.8989,-1,-1,-1
384,140,-3.32,162.98,29.04,161.79,0.5448,-1,-1,-1
384,143,433.90,196.00,41.18,87.52,0.5233,-1,-1,-1
384,144,505.52,154.37,86.66,185.69,0.8669,-1,-1,-1
385,112,283.82,159.65,55.94,157.51,0.8682,-1,-1,-1
385,128,233.52,163.51,54.05,145.10,0.8213,-1,-1,-1
385,135,1.56,68.22,127.01,334.16,0.9153,-1,-1,-1
385,143,432.14,194.45,42.25,86.57,0.7229,-1,-1,-1
385,144,510.73,148.98,82.37,192.27,0.8390,-1,-1,-1
386,112,283.35,157.66,54.31,157.50,0.8677,-1,-1,-1
386,128,236.22,160.60,51.33,147.84,0.8115,-1,-1,-1
386,135,-1.88,63.97,122.86,336.53,0.9179,-1,-1,-1
386,143,427.29,192.10,43.00,86.64,0.7023,-1,-1,-1
386,144,519.56,144.46,65.73,203.46,0.8521,-1,-1,-1
387,112,285.46,153.90,49.13,158.56,0.8390,-1,-1,-1
387,128,234.23,158.50,53.47,149.58,0.8209,-1,-1,-1
387,135,-3.19,58.56,119.06,346.00,0.9155,-1,-1,-1
387,143,421.15,190.86,42.12,86.73,0.6817,-1,-1,-1
387,144,522.11,138.33,67.81,217.87,0.8724,-1,-1,-1
388,112,287.65,154.77,45.55,159.50,0.8065,-1,-1,-1
388,128,234.56,162.02,52.19,147.62,0.8592,-1,-1,-1
388,135,-1.99,57.16,113.31,354.65,0.9084,-1,-1,-1
388,143,417.56,190.72,40.70,88.66,0.6644,-1,-1,-1
388,144,522.70,136.00,69.29,228.72,0.8617,-1,-1,-1
389,112,284.73,162.03,45.43,159.37,0.7721,-1,-1,-1
389,128,229.71,170.22,52.59,144.92,0.8709,-1,-1,-1
389,135,-2.42,60.49,108.09,358.82,0.9008,-1,-1,-1
389,143,412.98,196.38,38.68,88.10,0.4691,-1,-1,-1
389,144,522.90,136.97,72.32,241.28,0.8795,-1,-1,-1
390,112,277.53,161.69,49.54,156.02,0.8300,-1,-1,-1
390,128,223.25,167.33,53.55,147.76,0.8400,-1,-1,-1
390,135,-2.91,57.77,98.56,348.35,0.8795,-1,-1,-1
390,143,404.56,194.17,38.66,86.37,0.7031,-1,-1,-1
390,144,519.93,127.53,75.08,252.50,0.8753,-1,-1,-1
391,112,268.97,161.76,49.15,154.46,0.7899,-1,-1,-1
391,128,216.09,164.66,50.85,144.58,0.8547,-1,-1,-1
391,135,-3.16,81.17,83.62,323.73,0.8827,-1,-1,-1
391,143,395.42,192.04,36.60,84.50,0.6733,-1,-1,-1
391,144,509.11,116.63,91.54,265.33,0.8811,-1,-1,-1
392,112,264.51,157.81,50.12,157.46,0.7482,-1,-1,-1
392,128,213.44,161.85,48.13,145.13,0.8316,-1,-1,-1
392,135,-1.41,92.10,68.42,314.99,0.8578,-1,-1,-1
392,143,388.45,192.04,36.59,80.20,0.7497,-1,-1,-1
392,144,502.08,109.26,110.48,275.47,0.8881,-1,-1,-1
392,150,350.22,217.27,13.28,32.91,0.3918,-1,-1,-1
393,112,260.09,162.63,51.91,154.74,0.8056,-1,-1,-1
393,128,210.24,164.42,46.76,148.34,0.8193,-1,-1,-1
393,135,-0.62,101.88,54.12,311.16,0.7825,-1,-1,-1
393,143,382.90,196.37,36.83,81.47,0.7242,-1,-1,-1
393,144,494.69,107.13,136.55,296.85,0.9017,-1,-1,-1
393,150,342.63,219.84,12.79,33.85,0.4677,-1,-1,-1
394,112,261.67,162.22,51.30,154.16,0.7942,-1,-1,-1
394,128,212.50,164.93,46.05,149.44,0.8255,-1,-1,-1
394,135,1.31,104.64,58.68,311.44,0.6839,-1,-1,-1
394,143,383.14,196.32,37.05,82.34,0.7365,-1,-1,-1
394,144,495.00,103.23,145.59,311.41,0.9114,-1,-1,-1
394,150,342.31,220.92,12.49,33.52,0.3748,-1,-1,-1
395,112,256.23,158.88,51.17,154.53,0.8381,-1,-1,-1
395,128,208.09,161.48,50.09,150.02,0.8520,-1,-1,-1
395,135,-0.24,103.63,40.35,253.45,0.6589,-1,-1,-1
395,143,377.59,193.06,37.12,83.50,0.7718,-1,-1,-1
395,144,489.44,94.31,152.86,331.98,0.9143,-1,-1,-1
396,112,253.85,161.33,49.21,155.23,0.8381,-1,-1,-1
396,128,204.34,165.56,54.54,150.12,0.8406,-1,-1,-1
396,135,-0.18,110.14,26.54,228.60,0.6887,-1,-1,-1
396,143,373.44,196.94,36.02,82.66,0.7011,-1,-1,-1
396,144,488.47,88.95,155.50,356.11,0.9189,-1,-1,-1
397,112,253.92,164.68,47.90,155.06,0.8352,-1,-1,-1
397,128,200.55,168.92,54.62,148.41,0.8528,-1,-1,-1
397,143,370.64,199.65,33.86,81.60,0.5875,-1,-1,-1
397,144,492.03,79.83,152.59,381.82,0.9152,-1,-1,-1
398,112,254.39,168.17,47.49,154.69,0.8327,-1,-1,-1
398,128,199.90,171.78,53.40,147.83,0.8323,-1,-1,-1
398,143,369.74,201.85,33.10,80.45,0.5793,-1,-1,-1
398,144,506.04,65.43,141.14,406.41,0.8970,-1,-1,-1
398,150,323.95,219.18,13.29,38.46,0.4321,-1,-1,-1
399,112,253.65,166.17,49.16,155.26,0.8182,-1,-1,-1
399,128,200.31,169.84,52.68,147.57,0.8130,-1,-1,-1
399,143,368.74,197.29,34.92,82.77,0.5634,-1,-1,-1
399,144,518.56,44.62,128.80,434.20,0.8861,-1,-1,-1
399,150,321.85,218.33,14.31,37.08,0.3713,-1,-1,-1
400,112,251.43,164.53,48.88,153.74,0.8562,-1,-1,-1
400,128,204.14,165.51,46.98,148.23,0.8145,-1,-1,-1
400,143,365.05,195.30,33.14,84.08,0.7185,-1,-1,-1
400,144,534.95,27.87,110.32,456.22,0.8522,-1,-1,-1
400,150,317.18,217.60,13.89,36.32,0.3650,-1,-1,-1
401,112,248.57,164.74,48.48,151.66,0.8286,-1,-1,-1
401,128,200.15,164.80,50.18,148.13,0.8337,-1,-1,-1
401,143,359.71,198.30,32.43,82.15,0.4690,-1,-1,-1
401,144,557.63,24.92,85.21,462.17,0.8573,-1,-1,-1
402,112,246.23,160.98,46.74,150.39,0.8279,-1,-1,-1
402,128,197.30,161.07,50.46,148.93,0.8381,-1,-1,-1
402,143,353.97,197.92,34.29,79.05,0.3102,-1,-1,-1
402,144,580.44,55.85,62.86,429.45,0.8293,-1,-1,-1
403,112,245.77,165.69,48.89,148.54,0.8473,-1,-1,-1
403,128,198.32,164.60,49.94,147.61,0.8576,-1,-1,-1
403,143,352.24,195.41,34.52,82.53,0.3871,-1,-1,-1
403,144,597.50,86.33,43.89,395.55,0.4113,-1,-1,-1
404,112,245.29,166.22,49.85,148.41,0.8068,-1,-1,-1
404,128,198.68,166.28,48.50,145.56,0.8493,-1,-1,-1
404,143,350.38,193.83,34.48,81.91,0.5472,-1,-1,-1
405,112,244.40,165.29,50.70,147.64,0.8268,-1,-1,-1
405,128,196.50,166.69,50.24,143.53,0.8556,-1,-1,-1
405,143,348.04,192.95,32.66,80.31,0.5789,-1,-1,-1
405,150,300.38,215.95,14.41,34.33,0.3724,-1,-1,-1
406,112,244.29,165.03,49.34,145.01,0.8265,-1,-1,-1
406,128,195.63,166.04,51.45,140.62,0.8386,-1,-1,-1
406,143,346.81,192.02,32.31,81.26,0.6781,-1,-1,-1
407,112,247.38,161.17,47.25,143.96,0.8034,-1,-1,-1
407,128,195.67,160.94,50.57,142.07,0.8293,-1,-1,-1
407,143,346.04,191.09,31.62,79.97,0.7170,-1,-1,-1
408,112,249.78,159.48,46.01,143.51,0.8274,-1,-1,-1
408,128,197.98,156.79,47.18,145.04,0.8207,-1,-1,-1
408,143,345.44,190.82,31.89,78.68,0.7954,-1,-1,-1
409,112,249.66,157.12,46.13,144.07,0.8138,-1,-1,-1
409,128,197.08,155.43,46.31,144.62,0.8389,-1,-1,-1
409,143,345.02,187.82,32.65,79.06,0.7878,-1,-1,-1
410,112,246.56,157.38,46.59,144.87,0.8261,-1,-1,-1
410,128,192.00,157.74,47.81,142.96,0.8373,-1,-1,-1
410,143,339.29,185.64,34.07,80.06,0.5549,-1,-1,-1
411,112,242.96,157.66,45.02,145.03,0.8149,-1,-1,-1
411,128,185.13,158.28,50.43,140.45,0.8498,-1,-1,-1
411,143,339.16,188.24,29.11,76.12,0.3394,-1,-1,-1
411,156,334.04,187.58,19.01,71.26,0.4718,-1,-1,-1
412,112,238.59,161.40,45.18,142.81,0.7962,-1,-1,-1
412,128,182.54,161.99,46.39,139.95,0.8217,-1,-1,-1
412,143,329.96,189.35,31.61,76.60,0.6803,-1,-1,-1
412,156,328.44,189.16,29.78,76.07,0.6803,-1,-1,-1
413,112,236.62,159.80,46.19,142.28,0.7732,-1,-1,-1
413,128,182.59,161.43,44.30,139.49,0.8190,-1,-1,-1
413,143,325.82,187.60,32.82,76.54,0.5296,-1,-1,-1
413,156,325.51,187.46,34.06,77.27,0.5296,-1,-1,-1
414,112,233.69,163.02,46.14,139.46,0.7716,-1,-1,-1
414,128,179.00,162.12,46.98,139.38,0.8304,-1,-1,-1
414,143,318.76,188.61,35.57,76.48,0.6139,-1,-1,-1
414,156,318.93,188.53,37.88,77.37,0.6139,-1,-1,-1
415,112,228.00,161.15,45.65,139.78,0.8096,-1,-1,-1
415,128,173.38,160.78,47.66,139.54,0.8281,-1,-1,-1
415,143,311.63,190.90,33.97,74.46,0.4568,-1,-1,-1
415,156,311.85,191.02,36.54,75.16,0.4568,-1,-1,-1
415,157,548.97,143.67,89.52,276.30,0.8272,-1,-1,-1
416,112,222.40,164.75,45.98,138.98,0.7814,-1,-1,-1
416,128,169.73,162.67,49.59,138.72,0.8204,-1,-1,-1
416,143,304.62,195.16,24.55,72.18,0.3158,-1,-1,-1
416,157,543.81,107.09,94.57,318.99,0.8891,-1,-1,-1
417,112,219.65,169.03,43.61,137.65,0.7338,-1,-1,-1
417,128,169.13,164.18,48.90,139.57,0.8350,-1,-1,-1
417,143,300.91,194.55,29.47,75.59,0.6691,-1,-1,-1
417,157,543.74,56.85,95.63,376.78,0.8575,-1,-1,-1
418,112,213.26,166.43,49.22,136.00,0.8214,-1,-1,-1
418,128,167.21,162.19,48.87,137.76,0.8489,-1,-1,-1
418,143,297.45,191.45,30.63,74.06,0.6264,-1,-1,-1
418,157,543.26,25.26,97.76,407.31,0.8711,-1,-1,-1
419,112,210.62,168.81,49.52,134.48,0.8029,-1,-1,-1
419,128,165.55,165.69,49.28,135.20,0.8381,-1,-1,-1
419,143,294.61,191.85,31.37,74.61,0.7494,-1,-1,-1
419,157,530.49,16.34,108.83,419.62,0.8836,-1,-1,-1
420,112,207.52,168.34,45.80,132.40,0.7910,-1,-1,-1
420,128,160.70,165.27,48.85,134.59,0.8033,-1,-1,-1
420,143,287.60,191.99,31.80,71.48,0.7479,-1,-1,-1
420,157,502.43,12.69,133.42,429.42,0.9184,-1,-1,-1
421,112,202.40,168.01,43.59,129.34,0.7542,-1,-1,-1
421,128,154.14,166.52,47.57,130.74,0.8373,-1,-1,-1
421,143,279.96,191.73,32.10,72.84,0.8151,-1,-1,-1
421,157,479.34,15.95,155.86,432.04,0.9189,-1,-1,-1
422,112,199.51,167.51,42.59,127.58,0.7825,-1,-1,-1
422,128,152.11,164.32,46.21,130.26,0.8330,-1,-1,-1
422,143,276.74,190.41,31.01,73.62,0.7269,-1,-1,-1
422,157,466.34,20.90,168.82,428.95,0.9193,-1,-1,-1
423,112,195.63,161.86,42.03,129.76,0.7935,-1,-1,-1
423,128,147.46,160.90,45.91,132.16,0.8234,-1,-1,-1
423,143,271.37,190.12,30.67,71.88,0.6238,-1,-1,-1
423,157,455.81,26.23,174.84,426.75,0.9167,-1,-1,-1
424,112,193.05,161.53,40.40,130.33,0.8010,-1,-1,-1
424,128,142.87,160.06,44.97,133.48,0.7985,-1,-1,-1
424,143,266.11,188.27,29.99,73.61,0.7578,-1,-1,-1
424,157,443.09,34.43,179.65,419.89,0.8850,-1,-1,-1
425,112,185.90,159.91,40.26,131.39,0.7877,-1,-1,-1
425,128,135.44,160.02,45.46,131.94,0.8068,-1,-1,-1
425,143,258.44,186.42,29.91,72.94,0.6970,-1,-1,-1
425,157,428.13,38.72,183.10,412.04,0.8979,-1,-1,-1
426,112,183.43,159.21,39.14,129.96,0.7975,-1,-1,-1
426,128,131.43,158.47,47.58,131.53,0.7784,-1,-1,-1
426,143,254.82,183.85,28.82,72.93,0.6971,-1,-1,-1
426,157,418.58,41.39,187.03,405.71,0.8701,-1,-1,-1
427,112,177.17,156.86,42.26,129.97,0.7669,-1,-1,-1
427,128,124.65,157.56,49.20,130.15,0.7888,-1,-1,-1
427,143,248.41,179.63,27.97,74.89,0.7351,-1,-1,-1
427,157,409.13,41.24,169.41,402.51,0.8813,-1,-1,-1
428,112,173.83,152.84,42.00,129.61,0.7931,-1,-1,-1
428,128,119.87,156.76,50.64,128.55,0.8145,-1,-1,-1
428,143,241.49,178.53,28.83,73.62,0.6678,-1,-1,-1
428,157,403.62,39.70,144.77,387.94,0.9012,-1,-1,-1
428,158,563.12,15.98,74.37,439.96,0.8480,-1,-1,-1
429,112,170.24,152.13,42.39,129.28,0.8009,-1,-1,-1
429,128,116.38,156.10,49.12,127.43,0.8011,-1,-1,-1
429,143,234.99,178.61,28.20,74.19,0.7599,-1,-1,-1
429,157,397.55,41.74,124.26,368.25,0.9052,-1,-1,-1
430,112,166.24,153.14,41.78,128.15,0.7843,-1,-1,-1
430,128,112.17,155.40,50.15,126.63,0.8198,-1,-1,-1
430,143,229.16,181.12,27.53,72.28,0.5460,-1,-1,-1
430,157,372.92,46.58,127.15,357.53,0.8953,-1,-1,-1
430,159,414.65,1.10,222.92,477.87,0.8958,-1,-1,-1
431,112,164.01,153.15,43.02,125.23,0.7838,-1,-1,-1
431,128,109.73,152.63,50.85,125.63,0.7898,-1,-1,-1
431,143,223.42,178.90,29.46,71.73,0.7384,-1,-1,-1
431,157,348.93,49.61,135.37,347.13,0.8957,-1,-1,-1
431,159,391.63,1.00,241.84,475.95,0.8771,-1,-1,-1
432,112,161.60,154.77,42.20,122.19,0.6838,-1,-1,-1
432,128,108.34,152.16,51.65,124.47,0.8161,-1,-1,-1
432,143,220.84,174.98,30.02,74.52,0.7532,-1,-1,-1
432,157,336.24,51.36,130.24,323.54,0.8711,-1,-1,-1
432,159,403.63,-0.18,233.41,475.16,0.8889,-1,-1,-1
432,160,0.19,130.89,58.63,198.63,0.6629,-1,-1,-1
433,112,158.33,154.77,42.03,121.74,0.7035,-1,-1,-1
433,128,107.38,153.89,50.96,122.67,0.8265,-1,-1,-1
433,143,217.93,175.53,30.08,73.32,0.8142,-1,-1,-1
433,157,330.81,55.47,112.83,312.85,0.8579,-1,-1,-1
433,159,407.97,1.38,227.16,474.75,0.8516,-1,-1,-1
433,160,1.57,109.73,67.45,239.40,0.6600,-1,-1,-1
434,112,154.91,156.21,41.34,118.74,0.7855,-1,-1,-1
434,128,102.81,157.62,50.33,118.42,0.8345,-1,-1,-1
434,143,210.89,174.56,30.77,73.50,0.7602,-1,-1,-1
434,157,321.52,60.71,95.85,303.52,0.7899,-1,-1,-1
434,159,384.23,3.10,195.88,466.52,0.7911,-1,-1,-1
434,160,2.33,77.54,75.35,280.09,0.6353,-1,-1,-1
435,112,151.07,152.25,40.85,118.93,0.7713,-1,-1,-1
435,128,97.18,153.60,51.13,120.87,0.8371,-1,-1,-1
435,143,207.25,174.18,30.59,72.51,0.6570,-1,-1,-1
435,157,312.05,83.41,75.04,283.55,0.7166,-1,-1,-1
435,159,353.85,-0.72,174.00,475.09,0.8553,-1,-1,-1
435,160,-0.73,57.31,78.20,303.83,0.5646,-1,-1,-1
436,112,149.13,148.34,39.69,118.79,0.7928,-1,-1,-1
436,128,93.32,150.64,47.31,120.24,0.8044,-1,-1,-1
436,143,203.60,172.82,28.53,72.04,0.7005,-1,-1,-1
436,159,311.12,3.84,177.27,473.99,0.8964,-1,-1,-1
437,112,144.78,149.03,40.72,120.30,0.7442,-1,-1,-1
437,128,86.98,149.24,46.50,121.55,0.8141,-1,-1,-1
437,159,263.11,1.25,208.32,480.35,0.9246,-1,-1,-1
437,160,-0.48,58.08,74.68,279.02,0.3884,-1,-1,-1
438,112,82.16,154.27,46.93,122.94,0.8278,-1,-1,-1
438,159,195.92,-3.48,262.64,499.21,0.9038,-1,-1,-1
438,165,144.50,155.73,40.60,112.76,0.7621,-1,-1,-1
438,166,556.33,68.29,77.64,340.06,0.8586,-1,-1,-1
439,112,77.07,150.11,47.11,123.51,0.8406,-1,-1,-1
439,159,178.71,-1.65,274.93,493.12,0.8656,-1,-1,-1
439,165,138.85,151.40,39.00,117.65,0.8126,-1,-1,-1
439,166,535.20,75.56,98.76,330.24,0.8993,-1,-1,-1
439,168,-3.08,75.23,71.11,291.58,0.3945,-1,-1,-1
439,169,384.81,135.27,48.39,174.02,0.6336,-1,-1,-1
440,159,110.51,-3.56,316.01,492.95,0.8437,-1,-1,-1
440,166,522.94,77.41,112.23,330.93,0.9120,-1,-1,-1
440,168,-4.12,57.12,70.02,338.51,0.6975,-1,-1,-1
440,169,370.90,135.58,53.99,178.40,0.7036,-1,-1,-1
441,159,32.00,-4.95,302.11,496.04,0.8581,-1,-1,-1
441,166,524.16,80.10,113.70,333.49,0.8887,-1,-1,-1
441,169,367.78,136.88,53.15,180.51,0.7014,-1,-1,-1
441,158,277.84,65.73,112.52,337.63,0.7946,-1,-1,-1
442,159,3.71,-5.10,267.86,491.46,0.6991,-1,-1,-1
442,166,530.36,79.50,103.22,323.45,0.8637,-1,-1,-1
442,169,366.67,136.86,51.21,179.29,0.7575,-1,-1,-1
442,158,263.21,66.76,120.33,334.28,0.8798,-1,-1,-1
443,159,-8.98,-4.67,227.75,488.48,0.7601,-1,-1,-1
443,166,524.67,76.74,100.82,314.91,0.7578,-1,-1,-1
443,169,364.12,133.59,48.31,179.75,0.7385,-1,-1,-1
443,158,253.18,63.11,122.69,336.10,0.8875,-1,-1,-1
443,172,608.69,83.64,30.75,230.91,0.5205,-1,-1,-1
444,166,504.61,83.30,108.34,304.18,0.6104,-1,-1,-1
444,169,359.51,135.54,47.45,180.07,0.7325,-1,-1,-1
444,158,247.63,63.52,120.56,328.08,0.8920,-1,-1,-1
444,174,557.06,86.96,81.71,303.14,0.7167,-1,-1,-1
445,166,525.70,81.65,88.53,315.35,0.4926,-1,-1,-1
445,169,357.24,137.76,49.99,180.58,0.7961,-1,-1,-1
445,158,244.14,61.79,119.63,323.52,0.8934,-1,-1,-1
445,174,580.96,84.75,59.30,276.27,0.6816,-1,-1,-1
445,176,141.49,156.40,39.32,117.27,0.7690,-1,-1,-1
446,166,480.19,85.30,139.81,308.80,0.8935,-1,-1,-1
446,169,348.03,139.67,59.16,176.81,0.7751,-1,-1,-1
446,158,244.37,60.64,113.88,318.57,0.8982,-1,-1,-1
446,174,583.28,77.08,55.96,286.62,0.8485,-1,-1,-1
446,176,145.74,156.71,40.57,114.82,0.7540,-1,-1,-1
446,177,95.26,153.10,43.24,118.58,0.8037,-1,-1,-1
446,178,192.24,177.36,29.35,71.75,0.5800,-1,-1,-1
447,166,470.42,87.97,153.34,309.71,0.8379,-1,-1,-1
447,169,343.78,143.48,62.92,176.71,0.7822,-1,-1,-1
447,158,240.09,61.74,111.62,322.33,0.8951,-1,-1,-1
447,174,577.85,81.81,60.78,285.26,0.8181,-1,-1,-1
447,176,147.69,159.65,42.20,113.55,0.7131,-1,-1,-1
447,177,96.77,153.98,46.29,118.91,0.7856,-1,-1,-1
447,178,194.16,179.71,29.38,70.70,0.5228,-1,-1,-1
447,179,0.95,0.39,101.53,308.95,0.7365,-1,-1,-1
448,166,468.45,85.81,140.89,308.43,0.8575,-1,-1,-1
448,169,342.51,142.26,63.18,176.98,0.7854,-1,-1,-1
448,158,236.86,61.03,108.77,325.78,0.8921,-1,-1,-1
448,174,575.23,82.31,62.83,288.58,0.8110,-1,-1,-1
448,176,148.54,157.77,42.07,113.29,0.7715,-1,-1,-1
448,177,98.37,152.23,47.65,117.50,0.8193,-1,-1,-1
448,178,193.18,180.55,32.19,69.01,0.5773,-1,-1,-1
448,179,1.21,-0.62,104.07,436.52,0.8837,-1,-1,-1
449,166,477.30,85.44,116.11,304.33,0.8434,-1,-1,-1
449,169,344.16,143.41,63.16,177.28,0.7918,-1,-1,-1
449,158,239.22,65.22,104.75,328.17,0.8940,-1,-1,-1
449,174,561.98,87.80,78.41,291.33,0.5423,-1,-1,-1
449,176,151.11,159.23,39.35,112.81,0.7920,-1,-1,-1
449,177,103.01,157.10,46.87,114.27,0.8301,-1,-1,-1
449,178,196.66,182.83,33.04,69.63,0.6123,-1,-1,-1
449,179,0.63,0.55,110.38,482.30,0.8950,-1,-1,-1
450,166,492.16,82.66,105.67,309.46,0.8324,-1,-1,-1
450,169,353.62,140.42,59.88,176.31,0.8347,-1,-1,-1
450,158,243.32,66.29,103.24,326.91,0.8909,-1,-1,-1
450,174,554.96,87.77,87.92,276.65,0.5549,-1,-1,-1
450,176,159.80,158.64,37.96,112.36,0.8074,-1,-1,-1
450,177,113.12,158.61,46.26,113.58,0.7794,-1,-1,-1
450,178,205.20,182.61,32.65,70.06,0.6939,-1,-1,-1
450,179,1.70,0.29,119.64,497.27,0.8718,-1,-1,-1
451,166,489.51,85.87,111.77,311.56,0.8499,-1,-1,-1
451,169,358.63,140.56,59.35,177.33,0.8278,-1,-1,-1
451,158,237.21,66.97,112.50,328.02,0.8784,-1,-1,-1
451,174,555.59,89.52,87.26,277.03,0.7018,-1,-1,-1
451,176,165.39,160.90,38.92,111.80,0.7833,-1,-1,-1
451,177,120.49,160.38,44.18,112.98,0.8008,-1,-1,-1
451,178,209.42,184.12,31.65,69.62,0.5862,-1,-1,-1
451,179,0.80,3.44,128.24,497.56,0.9063,-1,-1,-1
452,166,482.17,87.33,127.01,316.57,0.8444,-1,-1,-1
452,169,360.90,139.50,61.30,179.74,0.7761,-1,-1,-1
452,158,229.54,63.83,121.25,325.01,0.8977,-1,-1,-1
452,174,572.79,86.71,70.74,274.92,0.6934,-1,-1,-1
452,176,174.08,160.74,37.19,112.42,0.8054,-1,-1,-1
452,177,130.25,159.28,43.02,112.78,0.8043,-1,-1,-1
452,179,1.11,4.09,135.61,494.36,0.9106,-1,-1,-1
453,166,484.71,84.20,133.02,321.42,0.8528,-1,-1,-1
453,169,363.33,137.95,68.45,180.22,0.7801,-1,-1,-1
453,158,232.09,57.18,124.72,325.65,0.8828,-1,-1,-1
453,174,580.85,79.60,62.53,290.29,0.7424,-1,-1,-1
453,176,182.81,160.26,35.45,111.16,0.7879,-1,-1,-1
453,177,139.22,157.52,42.12,111.85,0.8179,-1,-1,-1
453,179,1.38,3.01,147.33,491.45,0.9060,-1,-1,-1
454,166,496.93,85.51,124.66,326.75,0.8650,-1,-1,-1
454,169,371.06,143.43,71.31,180.67,0.8180,-1,-1,-1
454,158,239.27,60.00,126.87,329.10,0.9019,-1,-1,-1
454,174,588.29,81.83,54.69,298.80,0.7537,-1,-1,-1
454,176,192.25,164.24,35.42,111.51,0.7973,-1,-1,-1
454,177,150.61,160.20,39.17,113.37,0.7889,-1,-1,-1
454,179,1.89,5.36,157.83,487.80,0.9142,-1,-1,-1
455,166,502.84,78.88,112.21,320.63,0.8742,-1,-1,-1
455,169,377.55,140.10,71.12,182.51,0.8268,-1,-1,-1
455,158,250.44,57.74,122.77,336.45,0.8958,-1,-1,-1
455,174,577.43,80.82,64.45,305.81,0.7531,-1,-1,-1
455,176,198.68,161.78,37.93,110.74,0.7648,-1,-1,-1
455,177,159.81,158.96,37.68,111.14,0.8067,-1,-1,-1
455,179,1.66,0.68,168.27,488.71,0.8872,-1,-1,-1
456,166,503.99,79.78,106.76,319.87,0.8728,-1,-1,-1
456,169,381.71,140.85,69.61,185.16,0.7759,-1,-1,-1
456,158,257.49,61.09,120.31,340.56,0.8834,-1,-1,-1
456,174,583.08,83.29,58.22,292.15,0.7756,-1,-1,-1
456,176,205.28,162.43,37.86,110.86,0.7769,-1,-1,-1
456,177,168.66,161.98,33.65,108.48,0.6860,-1,-1,-1
456,179,0.99,1.74,177.79,485.40,0.8847,-1,-1,-1
457,166,489.57,84.88,124.68,324.40,0.8809,-1,-1,-1
457,169,389.34,142.51,66.07,184.29,0.7344,-1,-1,-1
457,158,265.91,65.75,121.06,346.89,0.8819,-1,-1,-1
457,174,597.73,87.11,44.36,291.08,0.7498,-1,-1,-1
457,176,214.23,165.07,37.53,110.58,0.7633,-1,-1,-1
457,177,178.91,166.97,34.01,106.60,0.7326,-1,-1,-1
457,179,2.99,6.62,189.52,478.56,0.8830,-1,-1,-1
458,166,480.15,83.89,141.46,328.77,0.8925,-1,-1,-1
458,169,393.88,138.33,62.26,184.80,0.8145,-1,-1,-1
458,158,271.96,62.57,120.86,349.50,0.8824,-1,-1,-1
458,174,606.12,80.91,34.67,299.35,0.7301,-1,-1,-1
458,176,223.29,161.99,34.99,110.35,0.7643,-1,-1,-1
458,177,187.64,163.95,32.35,105.29,0.5220,-1,-1,-1
458,179,11.87,3.48,191.87,478.63,0.8742,-1,-1,-1
459,166,484.09,90.04,149.83,331.92,0.8955,-1,-1,-1
459,169,400.79,144.09,61.30,186.25,0.7951,-1,-1,-1
459,158,275.51,68.32,124.05,353.38,0.8799,-1,-1,-1
459,174,604.84,85.46,35.46,292.35,0.6074,-1,-1,-1
459,176,232.74,168.95,32.69,109.27,0.7561,-1,-1,-1
459,179,31.16,7.28,191.74,477.62,0.8378,-1,-1,-1
459,178,272.24,194.00,21.02,66.52,0.3402,-1,-1,-1
460,166,489.12,87.66,148.59,338.27,0.8792,-1,-1,-1
460,169,401.84,143.28,61.63,188.42,0.7995,-1,-1,-1
460,158,274.26,65.45,128.95,355.53,0.8962,-1,-1,-1
460,174,605.56,80.33,33.98,301.22,0.6336,-1,-1,-1
460,176,235.33,167.69,31.80,109.33,0.7286,-1,-1,-1
460,179,30.49,4.75,200.66,479.95,0.8581,-1,-1,-1
461,166,503.78,81.39,121.72,327.72,0.8674,-1,-1,-1
461,169,406.22,141.20,59.78,190.86,0.8045,-1,-1,-1
461,158,277.13,58.00,131.39,349.34,0.9037,-1,-1,-1
461,174,602.78,76.59,37.65,304.79,0.6695,-1,-1,-1
461,176,241.39,165.19,31.54,109.67,0.7219,-1,-1,-1
461,179,43.59,1.05,198.43,482.31,0.8833,-1,-1,-1
462,166,510.33,81.56,108.91,329.56,0.8467,-1,-1,-1
462,169,405.01,143.91,61.91,192.61,0.8322,-1,-1,-1
462,158,278.66,57.70,128.85,347.10,0.8920,-1,-1,-1
462,174,593.15,79.56,46.24,300.95,0.7074,-1,-1,-1
462,176,242.21,166.49,35.29,111.26,0.7217,-1,-1,-1
462,179,49.11,1.41,195.48,481.03,0.8677,-1,-1,-1
463,166,504.27,88.66,119.55,333.07,0.8838,-1,-1,-1
463,169,407.47,147.88,56.33,194.70,0.8207,-1,-1,-1
463,158,279.54,61.38,123.89,349.57,0.8943,-1,-1,-1
463,174,585.76,87.27,51.86,296.98,0.6686,-1,-1,-1
463,176,243.36,169.01,34.67,111.03,0.7078,-1,-1,-1
463,179,51.51,5.20,196.67,479.55,0.8537,-1,-1,-1
464,166,487.94,88.78,136.14,336.92,0.8731,-1,-1,-1
464,169,406.15,145.96,55.31,193.95,0.7847,-1,-1,-1
464,158,280.05,58.57,115.92,355.62,0.8839,-1,-1,-1
464,174,585.47,87.87,50.81,297.24,0.7470,-1,-1,-1
464,176,241.95,168.89,33.49,109.05,0.7401,-1,-1,-1
464,179,48.93,0.93,197.34,482.34,0.8771,-1,-1,-1
465,166,478.21,89.51,142.39,337.24,0.8815,-1,-1,-1
465,169,405.91,142.90,55.75,191.65,0.7572,-1,-1,-1
465,158,281.38,56.19,108.65,360.69,0.8803,-1,-1,-1
465,174,586.84,86.14,49.71,304.93,0.7971,-1,-1,-1
465,176,240.27,169.03,34.47,106.76,0.7081,-1,-1,-1
465,179,46.77,-0.31,198.05,482.97,0.8837,-1,-1,-1
466,166,477.57,89.57,136.06,339.13,0.8822,-1,-1,-1
466,169,406.17,141.77,55.57,191.50,0.7673,-1,-1,-1
466,158,279.75,56.85,105.98,362.25,0.8845,-1,-1,-1
466,174,591.54,85.14,46.03,309.21,0.8256,-1,-1,-1
466,176,241.51,166.23,34.36,110.25,0.6982,-1,-1,-1
466,179,46.22,-0.20,198.26,482.91,0.8578,-1,-1,-1
467,166,479.51,87.23,117.88,331.85,0.8805,-1,-1,-1
467,169,400.88,141.70,62.84,192.47,0.7732,-1,-1,-1
467,158,274.25,58.12,109.48,364.18,0.8931,-1,-1,-1
467,174,588.25,84.18,50.07,314.18,0.8736,-1,-1,-1
467,176,243.24,167.41,35.05,109.03,0.6866,-1,-1,-1
467,179,46.63,-0.72,199.28,482.80,0.8859,-1,-1,-1
468,166,470.34,81.94,108.14,326.04,0.8649,-1,-1,-1
468,169,400.74,139.87,61.77,192.90,0.7521,-1,-1,-1
468,158,268.30,51.76,111.28,370.23,0.8771,-1,-1,-1
468,174,574.62,84.22,62.02,315.39,0.8727,-1,-1,-1
468,176,238.20,165.67,35.39,107.14,0.5234,-1,-1,-1
468,179,43.34,-3.58,198.53,483.55,0.8902,-1,-1,-1
469,166,447.79,81.70,121.00,327.82,0.8421,-1,-1,-1
469,169,400.68,139.25,60.44,193.45,0.7193,-1,-1,-1
469,158,258.75,45.75,119.99,367.81,0.8719,-1,-1,-1
469,174,562.26,85.38,74.15,316.51,0.8589,-1,-1,-1
469,179,40.76,-2.70,202.06,477.50,0.8526,-1,-1,-1
470,166,434.92,84.92,130.18,329.87,0.8912,-1,-1,-1
470,169,401.62,140.02,62.14,189.53,0.7699,-1,-1,-1
470,158,256.15,43.53,129.01,365.53,0.8734,-1,-1,-1
470,174,555.05,84.15,84.18,305.99,0.8701,-1,-1,-1
470,179,41.21,-0.20,209.19,480.04,0.8537,-1,-1,-1
471,166,433.53,86.33,133.27,329.60,0.8878,-1,-1,-1
471,169,403.01,137.71,62.74,190.68,0.6027,-1,-1,-1
471,158,255.47,41.10,137.52,365.49,0.8788,-1,-1,-1
471,174,551.17,79.79,89.96,306.45,0.7460,-1,-1,-1
471,179,44.54,0.64,213.17,480.62,0.8736,-1,-1,-1
472,166,435.63,83.48,128.46,331.19,0.8799,-1,-1,-1
472,169,403.44,133.68,62.65,192.66,0.5938,-1,-1,-1
472,158,257.10,36.54,139.32,368.87,0.8840,-1,-1,-1
472,174,555.15,74.95,84.75,315.11,0.8526,-1,-1,-1
472,179,50.20,-0.05,213.11,480.19,0.8803,-1,-1,-1
473,166,438.29,78.77,116.01,326.25,0.8914,-1,-1,-1
473,169,402.72,130.08,60.39,193.84,0.6396,-1,-1,-1
473,158,261.99,32.97,130.23,378.89,0.8726,-1,-1,-1
473,174,563.77,71.32,73.39,320.65,0.8806,-1,-1,-1
473,179,55.89,-0.83,215.26,475.60,0.8492,-1,-1,-1
474,166,443.89,76.64,106.92,321.64,0.8410,-1,-1,-1
474,169,406.29,130.39,56.48,194.92,0.7498,-1,-1,-1
474,158,270.68,32.80,122.44,383.92,0.8805,-1,-1,-1
474,174,549.14,72.39,88.68,319.39,0.8465,-1,-1,-1
474,179,65.37,-0.35,216.84,477.27,0.8371,-1,-1,-1
475,166,449.73,74.68,108.36,326.77,0.8410,-1,-1,-1
475,169,412.62,129.97,55.52,197.13,0.3941,-1,-1,-1
475,158,276.96,34.99,121.14,387.66,0.8834,-1,-1,-1
475,174,535.15,72.99,105.70,304.39,0.9073,-1,-1,-1
475,179,72.23,0.69,219.68,475.91,0.8636,-1,-1,-1
476,166,451.65,78.29,114.16,329.43,0.8849,-1,-1,-1
476,158,281.20,40.08,120.99,389.34,0.8854,-1,-1,-1
476,174,531.20,74.80,110.18,301.45,0.8999,-1,-1,-1
476,179,75.71,2.61,220.73,475.99,0.8706,-1,-1,-1
477,166,448.83,81.03,117.82,333.23,0.7781,-1,-1,-1
477,158,280.65,40.29,123.50,392.44,0.8939,-1,-1,-1
477,174,531.02,73.23,110.19,305.52,0.9042,-1,-1,-1
477,179,77.54,2.76,221.16,468.25,0.7723,-1,-1,-1
478,166,445.15,79.22,119.38,338.38,0.8204,-1,-1,-1
478,158,280.19,36.07,123.33,391.91,0.8981,-1,-1,-1
478,174,533.05,71.58,107.23,309.87,0.8898,-1,-1,-1
478,179,72.13,0.86,223.53,467.21,0.7802,-1,-1,-1
479,166,441.83,85.87,117.44,333.57,0.8499,-1,-1,-1
479,158,277.32,40.24,124.51,379.70,0.8951,-1,-1,-1
479,174,536.51,75.64,103.71,319.24,0.9092,-1,-1,-1
479,179,68.53,3.61,230.13,476.00,0.8112,-1,-1,-1
480,166,440.33,86.48,116.60,325.10,0.8697,-1,-1,-1
480,158,274.97,39.75,124.22,383.33,0.8864,-1,-1,-1
480,174,543.51,76.27,94.98,326.58,0.8242,-1,-1,-1
480,179,70.03,1.74,227.67,478.20,0.8406,-1,-1,-1
480,169,397.39,139.06,63.55,193.34,0.4933,-1,-1,-1
481,166,434.66,82.48,109.80,320.89,0.8599,-1,-1,-1
481,158,272.61,33.45,117.90,388.83,0.8837,-1,-1,-1
481,174,536.36,73.11,96.76,333.11,0.8467,-1,-1,-1
481,179,66.47,-1.78,227.71,477.21,0.8040,-1,-1,-1
482,166,417.87,83.36,113.08,322.05,0.8671,-1,-1,-1
482,158,266.58,33.23,111.93,393.75,0.8880,-1,-1,-1
482,174,519.68,76.26,112.09,337.23,0.8396,-1,-1,-1
482,179,58.30,-1.03,231.58,470.24,0.7473,-1,-1,-1
483,166,401.23,91.87,118.49,324.90,0.8736,-1,-1,-1
483,158,261.09,41.79,106.40,395.01,0.8767,-1,-1,-1
483,174,509.98,84.51,115.11,336.00,0.8809,-1,-1,-1
483,179,49.72,3.91,237.77,471.94,0.7795,-1,-1,-1
484,166,386.95,94.23,124.88,328.87,0.8426,-1,-1,-1
484,158,254.97,46.49,103.25,394.07,0.8580,-1,-1,-1
484,174,507.29,85.29,112.91,338.98,0.8798,-1,-1,-1
484,179,39.83,7.15,243.04,472.88,0.6428,-1,-1,-1
485,166,389.63,92.87,120.18,332.48,0.8135,-1,-1,-1
485,158,250.36,48.31,102.35,397.96,0.8401,-1,-1,-1
485,174,507.98,85.15,102.68,331.03,0.8417,-1,-1,-1
485,179,32.29,6.43,250.21,475.71,0.7236,-1,-1,-1
486,166,393.97,89.42,107.09,327.25,0.8707,-1,-1,-1
486,158,245.40,42.75,102.43,394.63,0.8826,-1,-1,-1
486,174,503.82,82.86,92.44,324.12,0.8698,-1,-1,-1
486,179,26.36,1.54,254.40,479.67,0.7814,-1,-1,-1
487,166,391.45,90.69,100.10,324.32,0.8726,-1,-1,-1
487,158,240.70,40.64,101.73,392.36,0.8849,-1,-1,-1
487,174,491.41,85.94,91.81,326.78,0.8840,-1,-1,-1
487,179,22.35,1.27,257.22,480.36,0.8428,-1,-1,-1
488,166,389.95,92.73,99.44,324.95,0.8503,-1,-1,-1
488,158,242.95,38.11,97.15,385.39,0.8594,-1,-1,-1
488,174,467.30,89.73,110.11,329.16,0.8531,-1,-1,-1
488,179,26.76,-0.29,256.19,479.53,0.8213,-1,-1,-1
489,166,389.65,93.26,99.97,329.01,0.7793,-1,-1,-1
489,158,244.15,34.77,91.37,380.07,0.8651,-1,-1,-1
489,174,454.89,88.51,124.49,333.25,0.8944,-1,-1,-1
489,179,20.30,-2.08,263.06,480.60,0.6914,-1,-1,-1
490,166,384.92,95.63,102.42,328.72,0.8314,-1,-1,-1
490,158,249.00,34.49,79.20,329.73,0.6046,-1,-1,-1
490,174,453.20,90.38,129.10,332.33,0.8816,-1,-1,-1
490,179,9.03,-1.20,239.19,479.67,0.6194,-1,-1,-1
490,181,558.17,84.04,80.44,204.21,0.3504,-1,-1,-1
491,166,378.58,98.36,109.43,334.11,0.8492,-1,-1,-1
491,158,250.57,39.51,75.39,324.36,0.8142,-1,-1,-1
491,174,455.70,93.54,123.98,327.86,0.8671,-1,-1,-1
491,179,1.63,0.12,269.43,479.36,0.8115,-1,-1,-1
492,166,376.97,95.61,108.06,330.51,0.8674,-1,-1,-1
492,158,249.85,39.26,75.25,303.29,0.8188,-1,-1,-1
492,174,460.93,89.94,110.70,322.03,0.8211,-1,-1,-1
492,179,-1.40,-0.42,277.33,478.76,0.7361,-1,-1,-1
493,166,376.16,94.68,104.75,323.43,0.8681,-1,-1,-1
493,158,246.05,41.62,79.84,288.59,0.8049,-1,-1,-1
493,174,465.62,89.05,106.42,326.36,0.8366,-1,-1,-1
493,179,-3.03,2.04,282.12,477.62,0.7165,-1,-1,-1
494,166,373.60,95.83,103.20,324.47,0.8296,-1,-1,-1
494,158,241.63,42.44,86.18,323.27,0.8541,-1,-1,-1
494,174,466.42,90.81,95.99,331.32,0.7655,-1,-1,-1
494,179,-3.71,1.85,284.58,480.45,0.7494,-1,-1,-1
495,166,366.53,91.06,108.00,329.22,0.8743,-1,-1,-1
495,158,234.09,31.40,96.26,344.90,0.8545,-1,-1,-1
495,174,463.51,87.99,95.37,337.54,0.8365,-1,-1,-1
495,179,-1.87,-4.02,276.72,482.65,0.3568,-1,-1,-1
495,169,337.66,142.60,64.20,193.70,0.4044,-1,-1,-1
496,166,366.04,92.67,109.19,332.90,0.8907,-1,-1,-1
496,158,232.12,29.05,102.70,351.72,0.8539,-1,-1,-1
496,174,463.79,89.79,96.73,338.85,0.8426,-1,-1,-1
496,179,-0.35,-2.22,276.18,481.85,0.4482,-1,-1,-1
496,169,342.09,138.16,59.51,206.56,0.5505,-1,-1,-1
497,166,369.73,93.15,104.34,337.41,0.8469,-1,-1,-1
497,158,230.94,27.52,105.70,350.25,0.8479,-1,-1,-1
497,174,464.40,89.68,100.70,340.85,0.8009,-1,-1,-1
497,179,0.53,-1.58,274.26,479.68,0.4805,-1,-1,-1
497,169,344.77,137.04,55.26,206.99,0.6555,-1,-1,-1
498,166,377.47,91.84,95.53,340.29,0.8303,-1,-1,-1
498,158,230.35,25.74,104.43,354.57,0.8067,-1,-1,-1
498,174,467.27,88.67,95.83,338.95,0.7949,-1,-1,-1
498,179,0.26,-1.67,275.41,480.79,0.6737,-1,-1,-1
498,169,340.53,138.23,60.25,204.77,0.6555,-1,-1,-1
498,181,561.57,75.78,78.31,240.83,0.3495,-1,-1,-1
499,166,379.91,88.92,95.66,335.90,0.8388,-1,-1,-1
499,158,230.66,24.53,102.39,329.47,0.8398,-1,-1,-1
499,174,469.96,84.15,96.93,330.66,0.7547,-1,-1,-1
499,179,-1.14,0.22,282.27,479.96,0.6371,-1,-1,-1
499,169,340.67,140.11,61.63,201.02,0.5508,-1,-1,-1
500,166,381.84,89.74,100.39,328.14,0.8535,-1,-1,-1
500,158,233.69,28.45,96.46,323.47,0.8241,-1,-1,-1
500,174,472.27,84.00,91.13,330.10,0.7371,-1,-1,-1
500,179,-1.14,2.40,286.15,478.02,0.5899,-1,-1,-1
500,169,343.62,138.48,59.26,205.96,0.6941,-1,-1,-1
501,166,385.83,89.02,104.07,328.41,0.7851,-1,-1,-1
501,158,239.73,29.96,88.48,320.54,0.8005,-1,-1,-1
501,174,465.96,81.87,100.21,334.84,0.7733,-1,-1,-1
501,179,0.19,2.49,292.45,474.39,0.7244,-1,-1,-1
501,169,350.30,137.22,54.48,208.46,0.6489,-1,-1,-1
502,166,390.99,90.18,106.02,333.62,0.7945,-1,-1,-1
502,158,245.56,31.01,79.42,316.55,0.6700,-1,-1,-1
502,174,460.80,84.78,121.56,340.43,0.6498,-1,-1,-1
502,179,7.01,2.28,292.83,476.05,0.7744,-1,-1,-1
502,169,351.34,136.43,62.00,212.71,0.6777,-1,-1,-1
503,166,393.68,86.70,107.45,335.04,0.8454,-1,-1,-1
503,174,465.16,81.13,123.80,338.60,0.8657,-1,-1,-1
503,179,16.70,-1.23,294.64,474.71,0.5306,-1,-1,-1
504,166,394.69,84.21,107.80,336.69,0.8573,-1,-1,-1
504,174,472.26,77.23,121.70,341.41,0.8780,-1,-1,-1
504,179,8.97,-1.79,307.03,476.45,0.6361,-1,-1,-1
504,169,345.33,126.38,65.44,217.75,0.4548,-1,-1,-1
505,166,395.59,85.73,103.33,334.74,0.8355,-1,-1,-1
505,174,478.18,78.07,117.51,336.51,0.8620,-1,-1,-1
505,179,15.66,2.29,312.44,476.19,0.4918,-1,-1,-1
505,169,340.40,129.32,71.70,221.48,0.5763,-1,-1,-1
506,166,390.87,81.52,101.39,325.44,0.8583,-1,-1,-1
506,174,481.75,74.17,116.05,333.38,0.8719,-1,-1,-1
506,179,13.64,2.67,320.42,473.80,0.5630,-1,-1,-1
506,169,346.23,128.50,62.39,218.97,0.6565,-1,-1,-1
507,166,387.87,82.78,100.29,323.80,0.8183,-1,-1,-1
507,174,482.91,76.87,115.31,336.59,0.8423,-1,-1,-1
507,179,29.57,4.10,310.22,476.58,0.6080,-1,-1,-1
507,169,339.63,131.54,65.63,218.21,0.6409,-1,-1,-1
508,166,381.28,82.79,107.18,326.66,0.8230,-1,-1,-1
508,174,485.32,77.40,113.69,339.33,0.8562,-1,-1,-1
508,179,52.71,2.69,293.93,473.35,0.6204,-1,-1,-1
508,169,341.07,129.60,64.47,214.89,0.7107,-1,-1,-1
509,166,371.74,79.97,115.97,329.12,0.8558,-1,-1,-1
509,174,487.28,75.23,106.88,342.41,0.8479,-1,-1,-1
509,179,70.60,-0.18,279.50,471.99,0.6087,-1,-1,-1
509,169,344.17,123.91,61.12,213.45,0.6626,-1,-1,-1
509,182,1.51,94.07,86.84,219.10,0.5887,-1,-1,-1
510,166,372.01,84.23,114.00,332.52,0.8364,-1,-1,-1
510,174,489.90,80.30,106.01,339.01,0.8092,-1,-1,-1
510,179,88.96,0.67,270.40,471.65,0.3884,-1,-1,-1
510,169,350.25,127.12,55.55,210.39,0.5549,-1,-1,-1
510,182,4.00,81.25,100.41,246.84,0.7471,-1,-1,-1
511,166,380.98,83.35,105.12,333.91,0.8334,-1,-1,-1
511,174,494.67,78.66,99.80,339.68,0.7691,-1,-1,-1
511,179,107.48,1.25,224.39,471.92,0.3631,-1,-1,-1
511,169,362.87,125.96,47.56,211.59,0.3509,-1,-1,-1
511,182,6.85,65.65,119.73,276.11,0.6903,-1,-1,-1
512,166,387.75,86.83,102.95,335.95,0.8602,-1,-1,-1
512,174,501.47,81.78,97.60,332.90,0.7433,-1,-1,-1
512,179,122.36,4.54,257.46,474.64,0.5828,-1,-1,-1
512,182,18.80,67.12,127.55,288.89,0.7088,-1,-1,-1
513,166,401.99,92.00,97.77,323.01,0.8302,-1,-1,-1
513,174,507.68,83.45,95.03,329.06,0.8383,-1,-1,-1
513,179,148.39,7.49,270.86,468.40,0.6918,-1,-1,-1
513,182,55.31,75.44,116.93,318.02,0.8395,-1,-1,-1
513,185,15.68,127.98,79.28,226.45,0.8397,-1,-1,-1
514,166,411.60,89.09,86.10,316.59,0.8663,-1,-1,-1
514,174,505.03,79.70,95.21,332.71,0.8386,-1,-1,-1
514,179,158.57,3.60,275.80,468.73,0.5573,-1,-1,-1
514,182,76.33,70.13,104.72,331.09,0.8860,-1,-1,-1
514,185,8.48,118.34,81.57,234.96,0.8469,-1,-1,-1
515,166,427.44,94.13,71.45,227.47,0.8137,-1,-1,-1
515,174,493.30,83.17,108.57,334.25,0.8476,-1,-1,-1
515,179,185.28,4.94,272.47,464.97,0.7107,-1,-1,-1
515,182,95.37,74.24,109.43,331.69,0.8882,-1,-1,-1
516,174,491.75,85.02,121.06,335.04,0.8204,-1,-1,-1
516,179,222.08,2.61,263.62,462.52,0.7184,-1,-1,-1
516,182,109.61,74.02,114.23,328.94,0.8783,-1,-1,-1
517,174,500.28,86.39,124.15,335.82,0.8845,-1,-1,-1
517,179,248.00,1.33,266.83,461.06,0.7372,-1,-1,-1
517,188,196.41,77.89,75.59,298.58,0.5606,-1,-1,-1
517,185,97.24,88.47,108.42,313.52,0.8728,-1,-1,-1
518,174,515.56,89.97,115.46,338.26,0.8421,-1,-1,-1
518,179,266.09,-1.02,276.04,470.69,0.7421,-1,-1,-1
518,188,196.43,39.86,102.55,346.98,0.8534,-1,-1,-1
518,185,104.67,82.56,114.86,325.84,0.8749,-1,-1,-1
519,179,280.56,-4.71,292.19,484.78,0.7161,-1,-1,-1
519,188,188.73,22.88,117.47,395.18,0.8762,-1,-1,-1
519,185,111.36,74.16,106.12,326.26,0.8662,-1,-1,-1
520,179,292.77,-1.84,304.73,486.45,0.8195,-1,-1,-1
520,188,182.95,17.68,135.00,440.48,0.8779,-1,-1,-1
520,185,122.48,73.67,95.12,325.83,0.8327,-1,-1,-1
521,179,322.15,0.12,314.34,485.05,0.8640,-1,-1,-1
521,188,182.82,14.08,151.80,455.16,0.8781,-1,-1,-1
521,185,118.91,78.19,104.85,323.61,0.8406,-1,-1,-1
522,179,342.46,0.84,301.55,479.47,0.7766,-1,-1,-1
522,188,182.09,15.38,159.93,454.49,0.8846,-1,-1,-1
522,185,113.95,83.83,109.65,321.38,0.8215,-1,-1,-1
523,179,358.18,-2.69,290.40,482.65,0.8158,-1,-1,-1
523,188,183.54,10.04,160.38,463.87,0.8990,-1,-1,-1
523,185,106.85,84.46,113.47,322.07,0.7719,-1,-1,-1
524,179,373.37,-7.96,280.04,488.97,0.7940,-1,-1,-1
524,188,184.39,1.14,160.97,479.31,0.8957,-1,-1,-1
524,185,101.73,76.98,117.35,323.12,0.8316,-1,-1,-1
525,179,391.95,-4.97,262.43,489.30,0.8912,-1,-1,-1
525,188,194.90,7.15,159.44,481.09,0.8886,-1,-1,-1
525,185,108.42,79.63,117.25,312.56,0.8322,-1,-1,-1
526,179,406.93,-3.26,243.81,488.71,0.8946,-1,-1,-1
526,188,202.21,8.87,159.79,480.90,0.8718,-1,-1,-1
526,185,125.68,76.05,105.40,300.96,0.8531,-1,-1,-1
527,179,417.09,-0.70,225.79,486.45,0.8683,-1,-1,-1
527,188,200.98,8.99,161.28,479.03,0.8633,-1,-1,-1
527,185,138.83,72.62,91.70,299.76,0.8484,-1,-1,-1
528,179,437.90,4.10,204.82,490.32,0.9050,-1,-1,-1
528,188,199.63,18.12,168.88,475.67,0.8619,-1,-1,-1
528,185,156.46,83.34,78.71,301.64,0.8615,-1,-1,-1
529,179,448.31,4.17,193.00,480.14,0.8912,-1,-1,-1
529,188,198.89,26.06,174.92,462.14,0.8824,-1,-1,-1
529,185,160.43,96.11,79.58,293.90,0.8443,-1,-1,-1
529,192,126.61,165.45,47.21,145.81,0.7855,-1,-1,-1
529,193,384.79,105.85,85.66,317.24,0.8217,-1,-1,-1
530,179,464.88,0.39,177.06,477.89,0.9017,-1,-1,-1
530,188,203.11,26.80,177.55,447.35,0.8743,-1,-1,-1
530,185,158.25,100.56,86.44,289.17,0.8630,-1,-1,-1
530,192,120.69,162.41,48.01,151.41,0.7848,-1,-1,-1
530,193,386.02,108.38,92.96,319.17,0.7544,-1,-1,-1
531,179,474.50,0.53,164.45,475.98,0.8948,-1,-1,-1
531,188,211.01,28.21,170.64,447.36,0.8794,-1,-1,-1
531,185,156.41,103.47,91.07,286.96,0.8506,-1,-1,-1
531,192,113.17,160.24,53.90,156.94,0.8116,-1,-1,-1
531,193,385.42,111.86,97.00,322.29,0.8243,-1,-1,-1
532,179,484.29,0.28,152.88,475.25,0.8857,-1,-1,-1
532,188,218.80,26.17,156.44,450.88,0.8946,-1,-1,-1
532,185,161.76,100.99,86.38,277.88,0.8386,-1,-1,-1
532,192,96.86,157.20,62.12,163.84,0.7383,-1,-1,-1
532,193,379.39,106.32,98.35,322.56,0.8422,-1,-1,-1
533,179,483.92,-1.42,152.40,476.41,0.8881,-1,-1,-1
533,188,215.59,21.31,149.51,456.16,0.8804,-1,-1,-1
533,185,166.82,94.33,77.71,276.79,0.7980,-1,-1,-1
533,192,76.49,152.47,72.34,169.50,0.7993,-1,-1,-1
533,193,371.25,98.24,98.85,315.34,0.8451,-1,-1,-1
533,194,464.93,92.02,50.05,264.60,0.5603,-1,-1,-1
534,179,485.51,1.16,149.16,476.58,0.8864,-1,-1,-1
534,188,202.32,21.19,144.67,458.27,0.8863,-1,-1,-1
534,185,151.04,89.68,84.39,279.96,0.7935,-1,-1,-1
534,192,54.91,146.13,69.66,180.22,0.7992,-1,-1,-1
534,193,357.86,95.42,96.98,315.23,0.7959,-1,-1,-1
534,194,454.09,89.43,59.76,292.61,0.7778,-1,-1,-1
535,179,491.85,3.23,143.91,473.57,0.8781,-1,-1,-1
535,188,191.57,22.90,147.76,457.29,0.8779,-1,-1,-1
535,185,140.81,90.24,89.60,289.05,0.5192,-1,-1,-1
535,192,41.41,139.76,69.81,190.33,0.7876,-1,-1,-1
535,193,342.91,96.13,102.97,317.12,0.7732,-1,-1,-1
535,194,448.60,89.45,68.04,318.85,0.8446,-1,-1,-1
536,179,499.68,1.67,139.02,474.71,0.8786,-1,-1,-1
536,188,191.99,18.96,146.98,457.17,0.8802,-1,-1,-1
536,185,138.20,114.86,83.83,201.68,0.5435,-1,-1,-1
536,192,30.67,132.62,74.13,200.04,0.7924,-1,-1,-1
536,193,328.30,96.11,115.14,321.22,0.8510,-1,-1,-1
536,194,445.99,88.18,77.07,321.88,0.8435,-1,-1,-1
537,179,505.85,4.93,133.10,470.61,0.8811,-1,-1,-1
537,188,191.97,6.45,147.96,457.01,0.8821,-1,-1,-1
537,185,135.71,119.07,79.72,173.73,0.4668,-1,-1,-1
537,192,14.27,118.63,80.30,210.24,0.8038,-1,-1,-1
537,193,320.03,91.61,119.87,327.93,0.8477,-1,-1,-1
537,194,442.79,83.46,84.26,322.13,0.8735,-1,-1,-1
538,179,511.90,4.24,126.72,473.01,0.8770,-1,-1,-1
538,188,193.79,3.26,151.55,453.84,0.8939,-1,-1,-1
538,185,134.25,125.23,76.44,162.58,0.6181,-1,-1,-1
538,192,6.20,115.76,82.84,221.45,0.8460,-1,-1,-1
538,193,323.85,91.17,112.68,332.37,0.8036,-1,-1,-1
538,194,440.20,85.03,90.53,334.25,0.8515,-1,-1,-1
538,196,124.98,145.83,37.57,140.39,0.6685,-1,-1,-1
539,179,530.61,1.70,110.79,474.03,0.8591,-1,-1,-1
539,188,197.72,-0.65,158.47,463.68,0.8850,-1,-1,-1
539,185,148.99,121.96,63.56,161.80,0.6395,-1,-1,-1
539,192,-0.12,109.37,85.88,235.71,0.8731,-1,-1,-1
539,193,333.46,86.49,103.55,331.11,0.8625,-1,-1,-1
539,194,447.43,82.04,93.74,330.49,0.8431,-1,-1,-1
539,196,122.66,140.38,44.74,144.87,0.7936,-1,-1,-1
539,197,409.65,125.59,49.48,225.53,0.7746,-1,-1,-1
540,179,542.35,5.33,100.30,468.17,0.8130,-1,-1,-1
540,188,201.52,-0.23,162.77,473.04,0.8774,-1,-1,-1
540,192,-3.67,112.23,89.11,246.36,0.8679,-1,-1,-1
540,193,340.40,87.55,98.69,326.78,0.8684,-1,-1,-1
540,194,451.06,78.60,101.48,339.04,0.8325,-1,-1,-1
540,196,121.25,139.16,52.64,151.24,0.7798,-1,-1,-1
540,197,413.42,127.26,51.52,223.78,0.7177,-1,-1,-1
541,179,562.28,18.78,81.63,423.87,0.7516,-1,-1,-1
541,188,213.07,-0.34,162.72,473.97,0.8649,-1,-1,-1
541,192,-2.85,108.66,84.24,262.50,0.8604,-1,-1,-1
541,193,350.66,84.05,95.44,334.54,0.8395,-1,-1,-1
541,194,457.96,74.29,112.14,346.71,0.7477,-1,-1,-1
541,196,119.52,139.48,61.82,155.79,0.8553,-1,-1,-1
541,197,423.31,125.90,49.62,233.30,0.6613,-1,-1,-1
541,198,187.54,123.80,57.82,247.27,0.7298,-1,-1,-1
542,179,588.85,39.16,53.49,391.13,0.5152,-1,-1,-1
542,188,226.20,0.98,157.93,474.50,0.8777,-1,-1,-1
542,192,-2.71,99.93,76.82,280.25,0.8402,-1,-1,-1
542,193,360.38,83.80,91.02,339.48,0.7903,-1,-1,-1
542,194,453.36,72.22,124.45,355.47,0.6086,-1,-1,-1
542,196,111.62,139.51,71.92,161.61,0.8641,-1,-1,-1
542,198,204.78,122.28,47.36,251.80,0.4856,-1,-1,-1
542,185,187.00,124.30,49.50,174.86,0.3974,-1,-1,-1
543,188,234.08,6.95,158.99,471.56,0.8471,-1,-1,-1
543,192,-2.65,94.16,73.63,293.49,0.8624,-1,-1,-1
543,193,365.01,89.39,88.60,345.31,0.6815,-1,-1,-1
543,194,445.00,76.26,127.17,362.63,0.8083,-1,-1,-1
543,196,104.39,143.39,77.82,163.14,0.8734,-1,-1,-1
543,198,213.42,123.64,43.81,256.69,0.5371,-1,-1,-1
543,185,187.31,144.01,40.37,156.84,0.5635,-1,-1,-1
543,197,431.71,125.79,51.29,280.72,0.3403,-1,-1,-1
544,188,243.73,3.21,157.46,474.79,0.8631,-1,-1,-1
544,192,-0.48,84.08,59.68,303.68,0.8049,-1,-1,-1
544,193,382.65,87.81,75.94,326.30,0.5113,-1,-1,-1
544,194,447.61,75.71,130.99,367.87,0.8115,-1,-1,-1
544,196,100.92,136.36,80.39,168.34,0.8779,-1,-1,-1
544,198,219.92,128.80,44.11,248.16,0.6304,-1,-1,-1
544,185,186.13,144.96,47.03,152.86,0.7647,-1,-1,-1
545,188,245.79,1.26,164.73,476.20,0.8529,-1,-1,-1
545,192,-0.04,99.47,60.46,289.03,0.7940,-1,-1,-1
545,193,394.18,87.40,69.46,327.93,0.5127,-1,-1,-1
545,194,453.64,74.41,131.45,371.57,0.8018,-1,-1,-1
545,196,101.41,134.06,81.48,170.91,0.8723,-1,-1,-1
545,198,227.11,139.01,43.12,236.80,0.3973,-1,-1,-1
545,185,187.63,147.24,49.96,151.70,0.7175,-1,-1,-1
546,188,254.35,0.38,172.42,477.30,0.8988,-1,-1,-1
546,192,0.40,112.18,55.83,283.10,0.7538,-1,-1,-1
546,193,384.35,84.48,89.21,343.78,0.6332,-1,-1,-1
546,194,468.78,71.39,126.97,374.22,0.7783,-1,-1,-1
546,196,105.27,131.10,81.67,175.93,0.8594,-1,-1,-1
546,185,194.54,148.92,50.96,152.94,0.7538,-1,-1,-1
547,188,252.13,-1.26,187.06,479.36,0.8883,-1,-1,-1
547,192,-0.93,120.14,38.45,275.17,0.5087,-1,-1,-1
547,193,391.97,80.76,89.58,342.78,0.6960,-1,-1,-1
547,194,483.52,65.80,123.95,370.38,0.7325,-1,-1,-1
547,196,109.13,122.39,74.41,183.77,0.7799,-1,-1,-1
547,185,194.58,143.26,54.27,158.51,0.8160,-1,-1,-1
548,188,252.22,-0.82,194.59,474.76,0.8801,-1,-1,-1
548,193,401.64,81.68,85.25,346.46,0.5521,-1,-1,-1
548,194,500.16,64.21,120.53,376.72,0.7064,-1,-1,-1
548,196,115.03,120.16,67.22,188.79,0.8184,-1,-1,-1
548,185,196.40,139.89,59.67,164.40,0.8384,-1,-1,-1
548,197,475.46,116.42,45.54,257.93,0.6042,-1,-1,-1
549,188,252.93,-0.55,196.98,472.01,0.8581,-1,-1,-1
549,193,421.73,85.91,69.50,334.42,0.4107,-1,-1,-1
549,194,511.30,62.20,124.44,386.29,0.7678,-1,-1,-1
549,196,115.98,117.98,66.30,192.96,0.8270,-1,-1,-1
549,185,195.24,136.40,63.13,169.45,0.8234,-1,-1,-1
549,197,480.38,121.14,48.29,247.98,0.6879,-1,-1,-1
550,188,258.23,-5.19,194.23,480.65,0.7806,-1,-1,-1
550,193,411.47,67.99,79.00,360.44,0.3748,-1,-1,-1
550,194,525.70,48.28,117.37,400.98,0.8857,-1,-1,-1
550,196,107.78,103.17,70.45,202.22,0.7406,-1,-1,-1
550,185,194.99,119.22,63.69,177.27,0.8323,-1,-1,-1
550,197,486.34,111.55,54.25,248.64,0.7874,-1,-1,-1
551,188,264.13,-1.23,184.35,478.84,0.7967,-1,-1,-1
551,193,406.83,69.04,82.78,366.21,0.5860,-1,-1,-1
551,194,531.65,44.60,111.22,407.32,0.9004,-1,-1,-1
551,196,95.42,98.97,77.42,208.50,0.8393,-1,-1,-1
551,185,193.00,114.51,63.85,181.54,0.8224,-1,-1,-1
551,197,487.39,109.82,61.23,249.05,0.7396,-1,-1,-1
551,198,256.35,123.37,54.89,212.61,0.3582,-1,-1,-1
552,188,262.24,4.14,205.48,465.30,0.7587,-1,-1,-1
552,193,414.12,70.89,69.53,285.58,0.6668,-1,-1,-1
552,194,537.25,50.55,104.83,410.12,0.8938,-1,-1,-1
552,196,79.78,104.06,83.66,216.64,0.8672,-1,-1,-1
552,185,182.46,117.89,72.46,190.84,0.8713,-1,-1,-1
552,197,490.43,117.33,60.64,248.24,0.8076,-1,-1,-1
552,198,256.80,129.71,52.79,207.18,0.3617,-1,-1,-1
553,188,256.93,6.29,208.91,471.09,0.8626,-1,-1,-1
553,193,412.40,69.35,67.82,255.49,0.6941,-1,-1,-1
553,194,544.42,52.27,96.82,412.37,0.8772,-1,-1,-1
553,196,71.51,100.18,83.33,225.89,0.8717,-1,-1,-1
553,185,173.01,117.42,78.57,196.02,0.8709,-1,-1,-1
553,197,494.67,119.19,60.55,247.89,0.8022,-1,-1,-1
554,188,249.89,2.51,198.75,478.29,0.8940,-1,-1,-1
554,193,423.46,103.25,53.96,221.40,0.3366,-1,-1,-1
554,194,550.53,51.81,90.45,408.62,0.8937,-1,-1,-1
554,196,63.31,96.42,81.40,235.17,0.8515,-1,-1,-1
554,185,167.04,116.41,81.22,204.13,0.8594,-1,-1,-1
554,197,500.04,119.81,61.78,247.75,0.7739,-1,-1,-1
555,188,256.52,-0.79,191.85,480.02,0.9115,-1,-1,-1
555,193,411.94,111.55,61.40,237.06,0.6364,-1,-1,-1
555,194,559.42,45.75,82.80,403.75,0.8912,-1,-1,-1
555,196,60.02,89.10,74.83,242.83,0.8406,-1,-1,-1
555,185,166.97,109.62,78.75,213.57,0.8788,-1,-1,-1
555,197,506.91,113.26,65.47,247.28,0.7634,-1,-1,-1
556,188,253.31,2.14,193.59,478.73,0.9068,-1,-1,-1
556,193,412.09,117.23,63.96,244.57,0.6906,-1,-1,-1
556,194,564.47,47.56,76.52,402.51,0.8649,-1,-1,-1
556,196,48.61,89.78,78.16,248.43,0.8288,-1,-1,-1
556,185,164.53,111.15,77.26,220.31,0.8750,-1,-1,-1
556,197,509.34,115.99,69.29,247.73,0.7762,-1,-1,-1
557,188,258.33,6.70,190.62,477.65,0.9199,-1,-1,-1
557,193,417.44,124.72,73.01,269.82,0.7216,-1,-1,-1
557,194,555.74,61.39,84.60,392.91,0.8380,-1,-1,-1
557,196,26.89,92.95,87.67,258.12,0.8664,-1,-1,-1
557,185,157.46,113.66,78.06,231.06,0.8784,-1,-1,-1
557,197,515.47,129.16,66.41,245.31,0.8206,-1,-1,-1
558,188,260.71,7.49,189.10,471.31,0.9064,-1,-1,-1
558,193,418.23,120.03,84.72,283.34,0.8163,-1,-1,-1
558,194,549.97,60.90,89.92,381.04,0.8483,-1,-1,-1
558,196,6.38,85.16,97.98,267.01,0.8958,-1,-1,-1
558,185,152.65,107.85,79.76,237.03,0.8700,-1,-1,-1
558,197,519.75,129.76,62.96,235.30,0.8104,-1,-1,-1
559,188,268.79,1.01,190.00,473.60,0.9218,-1,-1,-1
559,193,428.05,106.25,102.27,308.87,0.8134,-1,-1,-1
559,194,557.47,49.97,88.21,374.41,0.8593,-1,-1,-1
559,196,-2.20,79.10,100.50,274.28,0.9028,-1,-1,-1
559,185,150.05,97.03,86.72,245.88,0.8656,-1,-1,-1
559,197,531.98,118.11,64.79,246.26,0.7389,-1,-1,-1
560,188,270.64,0.59,188.11,476.22,0.9129,-1,-1,-1
560,193,439.04,95.62,106.04,331.14,0.8067,-1,-1,-1
560,194,569.36,45.54,73.94,376.38,0.8585,-1,-1,-1
560,196,-6.14,77.67,96.73,281.21,0.9208,-1,-1,-1
560,185,144.12,91.86,91.61,258.79,0.8767,-1,-1,-1
560,197,537.36,114.18,61.77,242.97,0.7411,-1,-1,-1
561,188,256.54,-1.22,195.80,480.76,0.8974,-1,-1,-1
561,193,443.64,76.06,111.13,358.98,0.6801,-1,-1,-1
561,194,571.86,38.85,68.99,387.02,0.8866,-1,-1,-1
561,196,-11.05,67.79,84.04,290.22,0.8847,-1,-1,-1
561,185,126.29,79.53,96.70,278.10,0.8088,-1,-1,-1
561,197,544.02,109.79,49.08,246.55,0.6010,-1,-1,-1
562,188,245.33,-1.90,201.45,480.78,0.8976,-1,-1,-1
562,193,451.42,59.65,113.54,377.56,0.8027,-1,-1,-1
562,194,568.77,34.60,70.31,395.85,0.9047,-1,-1,-1
562,196,-9.05,77.08,65.69,277.41,0.8566,-1,-1,-1
562,185,111.37,70.40,99.63,289.98,0.8725,-1,-1,-1
563,188,237.09,0.87,214.46,481.32,0.9237,-1,-1,-1
563,193,468.70,47.53,125.87,418.11,0.6087,-1,-1,-1
563,194,578.02,38.25,64.18,406.06,0.8298,-1,-1,-1
563,196,-6.11,96.85,40.29,263.06,0.5189,-1,-1,-1
563,185,96.89,64.87,107.61,312.52,0.8224,-1,-1,-1
563,200,410.90,80.04,71.44,271.70,0.6146,-1,-1,-1
564,188,233.01,1.71,217.79,479.91,0.9027,-1,-1,-1
564,193,501.53,39.05,118.92,435.43,0.5539,-1,-1,-1
564,194,583.13,39.73,58.13,411.50,0.6520,-1,-1,-1
564,185,86.24,57.88,114.97,330.12,0.8660,-1,-1,-1
564,200,413.39,78.74,73.41,280.27,0.7002,-1,-1,-1
565,188,232.28,-0.20,219.05,481.43,0.9222,-1,-1,-1
565,193,493.10,26.13,148.58,457.04,0.8325,-1,-1,-1
565,185,73.24,48.04,119.33,351.92,0.8618,-1,-1,-1
565,200,415.29,74.03,82.73,297.11,0.7743,-1,-1,-1
566,188,231.24,0.34,214.30,477.13,0.9166,-1,-1,-1
566,193,501.92,57.47,144.91,429.21,0.5207,-1,-1,-1
566,185,59.83,38.18,125.13,368.87,0.8927,-1,-1,-1
566,200,420.40,65.47,83.23,316.19,0.8398,-1,-1,-1
567,188,230.62,0.41,208.70,474.75,0.9184,-1,-1,-1
567,193,523.75,67.53,125.08,417.00,0.8178,-1,-1,-1
567,185,43.04,25.23,133.03,390.67,0.9009,-1,-1,-1
567,200,424.17,54.37,89.63,335.13,0.8577,-1,-1,-1
568,188,228.07,0.78,205.82,471.16,0.9183,-1,-1,-1
568,193,537.40,60.59,110.76,421.59,0.6882,-1,-1,-1
568,185,24.11,15.23,143.40,409.95,0.9120,-1,-1,-1
568,200,424.78,44.17,103.07,355.66,0.8650,-1,-1,-1
569,188,221.75,-0.36,206.10,473.57,0.9234,-1,-1,-1
569,193,563.07,52.37,85.94,428.63,0.4895,-1,-1,-1
569,185,3.21,1.38,152.11,441.67,0.9095,-1,-1,-1
569,200,421.49,26.48,123.96,380.47,0.8641,-1,-1,-1
570,188,213.61,1.00,208.20,472.33,0.9174,-1,-1,-1
570,193,567.85,47.04,76.15,391.05,0.6661,-1,-1,-1
570,185,-2.87,-1.56,147.24,440.80,0.9157,-1,-1,-1
570,200,423.92,13.37,132.22,399.96,0.8621,-1,-1,-1
571,188,196.79,0.20,222.18,476.77,0.9085,-1,-1,-1
571,193,569.14,52.06,73.19,375.26,0.8807,-1,-1,-1
571,185,-6.46,-5.43,131.20,454.14,0.8983,-1,-1,-1
571,200,431.10,1.72,141.01,429.72,0.8689,-1,-1,-1
572,188,185.29,-0.88,230.73,477.62,0.9156,-1,-1,-1
572,193,573.33,59.15,67.72,330.70,0.7236,-1,-1,-1
572,185,-6.23,-7.83,114.71,464.48,0.8821,-1,-1,-1
572,200,438.63,-3.54,149.07,451.75,0.8795,-1,-1,-1
573,188,179.03,1.83,239.09,477.37,0.9156,-1,-1,-1
573,193,588.79,69.99,51.76,319.65,0.4393,-1,-1,-1
573,185,-4.26,8.01,100.07,463.89,0.8301,-1,-1,-1
573,200,442.97,-1.98,169.51,476.11,0.8487,-1,-1,-1
574,188,178.80,0.41,248.60,479.39,0.9123,-1,-1,-1
574,200,455.90,-4.38,180.06,490.45,0.9038,-1,-1,-1
575,188,185.07,1.29,248.83,475.29,0.9031,-1,-1,-1
575,200,463.88,-4.18,181.39,489.21,0.9124,-1,-1,-1
576,188,191.78,-0.81,251.73,480.81,0.9181,-1,-1,-1
576,200,478.23,-7.21,176.54,494.08,0.9045,-1,-1,-1
577,188,201.38,0.01,248.41,478.91,0.9218,-1,-1,-1
577,200,492.45,-5.23,160.39,488.90,0.8964,-1,-1,-1
578,188,211.56,-0.83,244.82,481.15,0.9245,-1,-1,-1
578,200,516.54,-4.62,135.75,490.71,0.6971,-1,-1,-1
579,188,221.41,-3.13,239.57,482.87,0.9081,-1,-1,-1
580,188,231.60,2.02,234.27,474.44,0.9175,-1,-1,-1
580,205,502.91,95.92,128.24,318.77,0.8426,-1,-1,-1
581,188,252.31,5.85,229.44,469.34,0.9247,-1,-1,-1
581,205,507.51,79.92,93.67,324.60,0.6698,-1,-1,-1
581,206,218.68,151.27,46.43,131.62,0.7783,-1,-1,-1
582,188,258.25,5.61,231.36,466.24,0.9220,-1,-1,-1
582,205,498.53,71.69,84.67,325.32,0.6162,-1,-1,-1
582,206,213.41,150.74,52.24,135.23,0.8189,-1,-1,-1
583,188,265.48,6.48,241.28,467.46,0.9159,-1,-1,-1
583,205,499.75,79.06,75.57,323.25,0.7003,-1,-1,-1
583,206,209.88,159.18,57.05,137.59,0.7251,-1,-1,-1
584,188,270.20,3.80,256.44,468.59,0.9156,-1,-1,-1
584,206,206.02,158.71,58.68,142.68,0.7254,-1,-1,-1
584,208,513.89,102.34,117.16,313.76,0.5535,-1,-1,-1
585,188,273.24,1.56,271.59,467.52,0.9056,-1,-1,-1
585,206,201.86,151.48,58.18,149.20,0.7405,-1,-1,-1
585,209,548.60,118.14,59.42,230.05,0.5016,-1,-1,-1
586,188,277.63,3.70,275.47,467.37,0.9019,-1,-1,-1
586,206,198.65,148.61,60.03,158.74,0.8040,-1,-1,-1
586,209,539.97,121.51,67.10,252.67,0.7521,-1,-1,-1
586,210,1.57,0.93,115.74,474.94,0.5818,-1,-1,-1
586,205,458.81,90.17,123.99,319.97,0.3705,-1,-1,-1
587,188,276.34,2.77,267.12,464.36,0.9123,-1,-1,-1
587,206,188.36,144.66,61.98,160.88,0.8196,-1,-1,-1
587,209,524.12,117.56,70.01,256.40,0.6663,-1,-1,-1
587,210,0.43,0.96,112.65,475.08,0.6654,-1,-1,-1
587,205,447.96,121.43,116.84,277.10,0.5165,-1,-1,-1
588,188,273.24,3.97,257.32,470.75,0.9147,-1,-1,-1
588,206,178.32,146.58,63.13,164.29,0.8340,-1,-1,-1
588,209,513.28,123.29,71.86,254.34,0.7185,-1,-1,-1
588,210,-0.64,1.58,104.98,477.41,0.6293,-1,-1,-1
588,205,444.42,163.35,94.80,230.40,0.5743,-1,-1,-1
589,188,248.69,4.13,252.82,473.14,0.9046,-1,-1,-1
589,206,153.59,145.67,64.43,170.74,0.7255,-1,-1,-1
589,209,474.88,128.62,88.23,247.97,0.6466,-1,-1,-1
589,210,-2.67,1.45,96.29,476.22,0.6088,-1,-1,-1
590,188,234.51,1.55,255.17,473.70,0.8840,-1,-1,-1
590,206,139.14,141.11,68.75,177.44,0.8207,-1,-1,-1
590,209,457.35,125.86,96.43,247.17,0.7966,-1,-1,-1
590,210,-1.73,2.26,51.81,472.92,0.3995,-1,-1,-1
591,188,208.06,-0.16,264.53,476.56,0.8693,-1,-1,-1
591,206,120.66,139.41,68.80,183.26,0.8112,-1,-1,-1
591,209,442.35,122.78,95.74,246.40,0.6331,-1,-1,-1
592,188,188.66,1.40,262.76,477.71,0.8813,-1,-1,-1
592,206,102.46,143.01,72.16,193.89,0.8553,-1,-1,-1
592,209,410.22,126.32,105.96,257.78,0.7648,-1,-1,-1
592,211,-3.24,1.41,81.27,395.16,0.7678,-1,-1,-1
593,188,187.53,-1.73,254.89,479.19,0.8944,-1,-1,-1
593,206,83.43,132.27,75.36,205.86,0.8102,-1,-1,-1
593,209,380.85,122.49,101.75,256.63,0.3647,-1,-1,-1
594,188,188.49,-1.97,248.80,478.80,0.8995,-1,-1,-1
594,206,71.60,124.02,77.17,214.42,0.8386,-1,-1,-1
594,212,-1.62,25.28,98.20,452.69,0.5234,-1,-1,-1
595,188,189.17,1.02,243.28,480.79,0.9069,-1,-1,-1
595,206,47.19,121.01,87.62,228.17,0.7736,-1,-1,-1
596,188,189.94,0.76,236.68,480.18,0.9062,-1,-1,-1
596,206,34.66,113.13,91.26,237.79,0.8217,-1,-1,-1
596,215,405.17,127.75,54.88,243.20,0.3774,-1,-1,-1
596,209,364.64,125.16,84.86,262.40,0.6093,-1,-1,-1
597,188,194.18,0.02,225.87,480.21,0.9003,-1,-1,-1
597,206,24.47,106.23,90.39,247.27,0.7997,-1,-1,-1
597,215,367.68,137.30,78.91,242.83,0.3444,-1,-1,-1
597,216,-1.39,52.61,38.64,301.50,0.5786,-1,-1,-1
597,209,359.55,135.10,83.52,249.57,0.3444,-1,-1,-1
598,188,198.88,1.22,219.78,478.95,0.9109,-1,-1,-1
598,206,14.44,105.77,88.91,253.71,0.7572,-1,-1,-1
598,216,-0.93,106.73,35.47,249.00,0.4633,-1,-1,-1
598,217,158.10,154.90,53.43,149.39,0.7727,-1,-1,-1
599,188,199.59,-0.04,222.30,477.55,0.9026,-1,-1,-1
599,206,1.76,100.43,91.68,273.90,0.8240,-1,-1,-1
599,217,151.15,152.48,58.16,152.17,0.7996,-1,-1,-1
599,218,607.30,200.14,32.48,141.22,0.6164,-1,-1,-1
599,215,366.01,139.70,61.61,232.21,0.3649,-1,-1,-1
600,188,200.90,1.17,230.05,476.50,0.9120,-1,-1,-1
600,206,-2.96,96.28,78.63,279.34,0.8665,-1,-1,-1
600,217,146.87,153.53,59.65,158.69,0.8131,-1,-1,-1
600,218,600.27,161.11,40.10,189.68,0.6079,-1,-1,-1
601,188,199.54,1.14,236.77,476.78,0.9207,-1,-1,-1
601,206,-2.47,119.85,63.08,255.85,0.4287,-1,-1,-1
601,217,142.28,153.39,62.01,162.85,0.8208,-1,-1,-1
601,218,596.43,135.28,44.59,218.96,0.5476,-1,-1,-1
602,188,195.45,-0.94,243.86,478.29,0.9100,-1,-1,-1
602,217,140.10,150.23,60.26,167.21,0.8188,-1,-1,-1
602,218,592.73,112.91,48.88,243.84,0.5305,-1,-1,-1
603,188,193.45,0.46,241.15,479.63,0.9093,-1,-1,-1
603,217,132.90,152.21,62.65,172.92,0.8611,-1,-1,-1
603,218,589.57,104.15,51.39,261.40,0.5793,-1,-1,-1
604,188,192.91,-0.27,235.85,479.68,0.9050,-1,-1,-1
604,217,129.49,148.67,67.54,178.54,0.8112,-1,-1,-1
604,218,583.62,97.38,57.24,339.65,0.4397,-1,-1,-1
605,188,196.29,-0.14,224.11,480.51,0.9088,-1,-1,-1
605,217,127.20,145.58,68.65,183.69,0.8057,-1,-1,-1
605,218,584.76,91.77,56.58,302.76,0.5008,-1,-1,-1
605,219,-0.82,216.48,61.31,206.29,0.5011,-1,-1,-1
605,220,372.12,184.48,56.14,187.20,0.3427,-1,-1,-1
606,188,200.81,-0.60,214.85,478.67,0.9118,-1,-1,-1
606,217,125.73,140.63,70.32,185.93,0.8143,-1,-1,-1
606,218,589.46,89.48,52.71,361.54,0.4916,-1,-1,-1
606,219,0.16,215.98,66.94,251.91,0.4038,-1,-1,-1
607,188,198.28,-1.04,212.26,481.37,0.9038,-1,-1,-1
607,217,116.39,133.91,76.54,195.05,0.8296,-1,-1,-1
607,219,-1.89,200.02,69.43,240.01,0.4047,-1,-1,-1
608,188,195.86,-0.64,213.21,482.39,0.9077,-1,-1,-1
608,217,101.28,131.41,87.85,203.37,0.8431,-1,-1,-1
609,188,200.51,-3.65,217.25,482.24,0.8994,-1,-1,-1
609,217,95.42,122.43,93.37,212.48,0.8683,-1,-1,-1
610,188,207.38,-1.54,220.16,481.34,0.7998,-1,-1,-1
610,217,92.79,121.62,89.51,220.97,0.8540,-1,-1,-1
611,188,220.52,0.86,214.65,480.58,0.8621,-1,-1,-1
611,217,90.58,123.94,85.62,227.90,0.8520,-1,-1,-1
612,188,229.13,-0.60,219.66,480.07,0.8854,-1,-1,-1
612,217,81.67,116.47,86.55,238.29,0.8626,-1,-1,-1
612,224,193.18,140.08,69.33,244.42,0.4420,-1,-1,-1
612,225,162.32,166.73,37.73,122.98,0.7429,-1,-1,-1
613,188,230.44,-1.42,225.57,479.02,0.8851,-1,-1,-1
613,217,61.95,107.95,96.25,244.53,0.8598,-1,-1,-1
613,224,186.62,124.71,80.62,246.66,0.5750,-1,-1,-1
613,225,153.99,161.84,43.04,124.83,0.7298,-1,-1,-1
613,226,-0.53,17.29,74.54,305.78,0.7617,-1,-1,-1
614,188,242.23,0.81,226.99,478.45,0.8758,-1,-1,-1
614,217,49.60,101.73,94.43,262.60,0.8845,-1,-1,-1
614,224,176.43,109.76,89.17,258.83,0.8666,-1,-1,-1
614,225,141.89,159.63,48.26,130.27,0.7490,-1,-1,-1
614,226,-1.18,25.82,74.65,310.31,0.6976,-1,-1,-1
615,188,257.02,1.94,221.98,476.98,0.8892,-1,-1,-1
615,217,47.20,97.40,90.90,272.89,0.8411,-1,-1,-1
615,224,178.95,105.51,87.85,264.82,0.8639,-1,-1,-1
615,225,137.15,158.20,50.15,133.01,0.7917,-1,-1,-1
615,226,0.51,23.41,72.63,370.42,0.7923,-1,-1,-1
616,188,271.23,-0.32,224.64,480.17,0.8927,-1,-1,-1
616,217,47.03,90.38,82.65,273.73,0.7557,-1,-1,-1
616,224,183.99,103.58,83.76,271.21,0.8412,-1,-1,-1
616,225,130.06,152.42,54.20,138.73,0.8217,-1,-1,-1
616,226,-0.15,11.37,77.83,431.82,0.6534,-1,-1,-1
617,188,278.77,-2.30,226.51,479.60,0.8876,-1,-1,-1
617,217,43.64,77.84,77.93,231.31,0.6229,-1,-1,-1
617,224,184.42,98.01,81.98,272.95,0.8543,-1,-1,-1
617,225,125.77,144.12,56.80,143.08,0.7931,-1,-1,-1
617,226,0.00,1.70,85.18,462.10,0.4641,-1,-1,-1
617,227,251.41,109.77,55.52,192.26,0.5992,-1,-1,-1
618,188,278.76,-2.98,227.11,481.76,0.8922,-1,-1,-1
618,224,179.01,92.95,77.07,275.84,0.8569,-1,-1,-1
618,225,109.97,136.68,64.29,149.88,0.7885,-1,-1,-1
618,226,-1.27,-5.76,88.81,487.44,0.8110,-1,-1,-1
618,215,265.06,95.96,50.43,256.00,0.7224,-1,-1,-1
619,188,276.84,-0.07,225.80,479.57,0.9010,-1,-1,-1
619,224,172.08,93.33,74.20,270.97,0.8627,-1,-1,-1
619,225,101.77,134.11,57.60,152.59,0.8061,-1,-1,-1
619,226,0.73,-4.83,92.14,489.36,0.8409,-1,-1,-1
619,215,258.85,92.61,55.59,258.97,0.7921,-1,-1,-1
620,188,279.49,1.36,222.63,478.66,0.8570,-1,-1,-1
620,224,168.54,93.50,72.61,266.15,0.8329,-1,-1,-1
620,225,92.83,134.75,60.98,157.50,0.8075,-1,-1,-1
620,226,0.39,-1.42,100.10,489.32,0.8417,-1,-1,-1
620,215,255.29,91.09,61.36,264.14,0.8087,-1,-1,-1
620,229,233.49,124.83,41.78,175.54,0.6603,-1,-1,-1
621,188,289.95,4.34,211.64,474.91,0.8914,-1,-1,-1
621,224,169.71,103.69,73.26,264.95,0.7897,-1,-1,-1
621,225,90.56,142.42,64.45,161.34,0.7956,-1,-1,-1
621,226,0.04,5.77,107.33,488.83,0.8718,-1,-1,-1
621,215,255.13,101.06,67.39,262.56,0.8146,-1,-1,-1
621,229,237.46,134.32,40.19,175.88,0.7083,-1,-1,-1
622,188,305.88,4.88,198.05,475.40,0.9050,-1,-1,-1
622,224,173.43,112.59,73.30,265.45,0.8537,-1,-1,-1
622,225,90.51,146.74,64.56,162.54,0.8038,-1,-1,-1
622,226,0.17,6.14,119.14,489.94,0.8894,-1,-1,-1
622,215,259.86,111.25,65.89,265.07,0.8234,-1,-1,-1
622,229,242.46,144.04,35.76,169.79,0.6856,-1,-1,-1
623,188,310.04,3.28,190.25,476.94,0.9142,-1,-1,-1
623,224,171.13,117.90,73.57,266.91,0.8560,-1,-1,-1
623,225,89.11,145.68,59.20,151.45,0.7322,-1,-1,-1
623,226,-1.79,7.49,125.50,485.69,0.8098,-1,-1,-1
623,215,259.61,117.65,64.16,265.35,0.8236,-1,-1,-1
623,229,240.97,151.07,32.14,166.07,0.7120,-1,-1,-1
624,188,309.41,1.65,185.56,477.43,0.9198,-1,-1,-1
624,224,167.92,121.23,76.08,266.71,0.8291,-1,-1,-1
624,225,85.57,128.07,53.26,148.14,0.4238,-1,-1,-1
624,226,-0.76,2.85,122.38,487.20,0.6333,-1,-1,-1
624,215,257.23,119.36,67.17,264.55,0.8281,-1,-1,-1
624,229,240.00,155.17,29.41,165.02,0.5072,-1,-1,-1
625,188,309.61,-1.26,186.25,479.26,0.9176,-1,-1,-1
625,224,165.22,116.79,81.66,268.35,0.8051,-1,-1,-1
625,226,-0.38,47.18,101.69,437.89,0.7139,-1,-1,-1
625,215,249.09,115.60,76.09,257.06,0.8605,-1,-1,-1
626,188,311.63,-2.51,192.82,480.39,0.9134,-1,-1,-1
626,224,160.07,112.48,93.51,268.37,0.8234,-1,-1,-1
626,226,0.55,14.23,128.25,460.61,0.5803,-1,-1,-1
626,215,250.18,110.02,75.89,254.81,0.8532,-1,-1,-1
627,188,313.57,-4.08,205.20,482.52,0.9043,-1,-1,-1
627,224,169.11,103.51,85.82,264.96,0.7922,-1,-1,-1
627,226,-1.14,0.66,139.29,479.71,0.6292,-1,-1,-1
627,215,253.04,103.68,71.77,258.31,0.8533,-1,-1,-1
628,188,320.46,-3.60,221.16,482.31,0.9192,-1,-1,-1
628,224,175.42,97.63,83.48,264.01,0.8355,-1,-1,-1
628,226,0.28,-2.79,150.39,485.39,0.6050,-1,-1,-1
628,215,256.67,100.61,73.93,260.42,0.8710,-1,-1,-1
629,188,330.79,1.45,244.60,479.10,0.8928,-1,-1,-1
629,224,185.92,106.56,82.75,263.26,0.8063,-1,-1,-1
629,226,2.77,2.96,164.24,484.75,0.5840,-1,-1,-1
629,215,265.77,111.01,76.25,258.51,0.8287,-1,-1,-1
630,188,342.96,0.20,269.39,483.06,0.8916,-1,-1,-1
630,224,190.07,113.36,91.27,264.59,0.7750,-1,-1,-1
630,226,-1.39,3.70,183.94,487.40,0.8052,-1,-1,-1
630,215,274.14,114.97,79.38,259.34,0.8109,-1,-1,-1
630,230,161.10,134.37,54.36,183.82,0.7478,-1,-1,-1
631,188,354.36,1.54,271.94,474.55,0.8927,-1,-1,-1
631,224,211.03,116.45,77.14,260.85,0.8279,-1,-1,-1
631,226,3.29,2.83,193.49,480.83,0.8941,-1,-1,-1
631,215,284.06,115.47,77.89,253.64,0.8244,-1,-1,-1
631,230,168.02,131.11,56.83,191.68,0.7420,-1,-1,-1
632,188,366.59,2.75,263.52,474.80,0.9162,-1,-1,-1
632,224,222.70,118.77,65.87,259.46,0.8485,-1,-1,-1
632,226,6.14,1.18,195.00,479.98,0.8916,-1,-1,-1
632,215,289.86,117.28,75.05,245.22,0.8490,-1,-1,-1
632,230,174.82,131.32,52.39,146.09,0.4505,-1,-1,-1
633,188,383.37,1.58,256.84,477.36,0.9030,-1,-1,-1
633,224,231.42,117.56,62.20,254.33,0.8406,-1,-1,-1
633,226,19.52,-0.63,191.90,481.13,0.8599,-1,-1,-1
633,215,298.16,115.48,73.18,245.38,0.8490,-1,-1,-1
633,230,178.27,130.04,50.91,229.05,0.5448,-1,-1,-1
634,188,401.02,-1.26,245.78,478.72,0.9101,-1,-1,-1
634,224,237.24,112.56,63.79,253.84,0.8282,-1,-1,-1
634,226,30.87,-2.97,179.22,484.38,0.7751,-1,-1,-1
634,215,306.97,112.67,72.03,247.77,0.8369,-1,-1,-1
634,231,0.42,69.40,54.36,304.59,0.7634,-1,-1,-1
635,188,415.87,-1.55,235.29,478.91,0.9103,-1,-1,-1
635,224,243.01,114.06,65.43,250.45,0.8123,-1,-1,-1
635,226,34.48,0.37,199.17,482.30,0.8713,-1,-1,-1
635,215,314.63,115.55,74.37,247.84,0.8465,-1,-1,-1
635,229,292.34,142.28,36.39,168.98,0.4369,-1,-1,-1
636,188,419.16,-0.72,226.92,478.17,0.9127,-1,-1,-1
636,224,238.18,115.98,68.14,247.32,0.7708,-1,-1,-1
636,226,35.16,1.35,208.85,480.02,0.8530,-1,-1,-1
636,215,314.29,115.88,72.80,244.94,0.8183,-1,-1,-1
636,229,289.93,140.98,39.28,168.01,0.4223,-1,-1,-1
637,188,421.69,0.53,221.33,476.31,0.9242,-1,-1,-1
637,224,243.31,118.19,62.61,240.65,0.7622,-1,-1,-1
637,226,45.98,1.02,203.39,478.43,0.8353,-1,-1,-1
637,215,314.63,115.63,70.36,239.83,0.8083,-1,-1,-1
637,229,291.58,140.21,37.88,166.54,0.5381,-1,-1,-1
638,188,420.41,1.81,219.47,474.02,0.9148,-1,-1,-1
638,224,247.30,118.27,59.72,230.06,0.8299,-1,-1,-1
638,226,59.54,1.17,195.69,476.32,0.8364,-1,-1,-1
638,215,313.56,114.58,69.82,232.40,0.8131,-1,-1,-1
639,188,409.81,2.72,227.22,473.04,0.8981,-1,-1,-1
639,224,248.33,115.95,56.71,228.56,0.8159,-1,-1,-1
639,226,65.90,1.72,185.91,475.25,0.7886,-1,-1,-1
639,215,310.00,113.23,71.09,232.98,0.8494,-1,-1,-1
639,229,291.15,137.94,37.31,159.60,0.3424,-1,-1,-1
640,188,404.91,3.57,229.58,475.26,0.8854,-1,-1,-1
640,224,242.67,113.04,58.64,232.70,0.8086,-1,-1,-1
640,226,34.22,1.88,211.03,476.45,0.8365,-1,-1,-1
640,215,302.83,114.24,74.34,234.69,0.8367,-1,-1,-1
641,188,409.16,4.49,224.02,473.67,0.9249,-1,-1,-1
641,224,237.29,119.02,59.58,233.37,0.7435,-1,-1,-1
641,226,26.02,3.32,216.42,475.64,0.8194,-1,-1,-1
641,215,296.00,119.09,73.86,233.74,0.8306,-1,-1,-1
642,188,406.35,3.38,228.51,475.58,0.9183,-1,-1,-1
642,224,236.40,122.87,59.67,236.26,0.7440,-1,-1,-1
642,226,20.88,2.83,220.81,475.21,0.8618,-1,-1,-1
642,215,293.19,121.67,74.98,233.20,0.8353,-1,-1,-1
642,232,7.58,50.20,97.10,337.01,0.5723,-1,-1,-1
642,231,-0.18,75.46,32.78,340.79,0.4636,-1,-1,-1
643,188,403.19,0.37,231.78,476.51,0.9265,-1,-1,-1
643,224,234.21,122.03,60.47,235.97,0.7134,-1,-1,-1
643,226,28.31,1.92,210.63,475.66,0.7334,-1,-1,-1
643,215,292.39,119.67,74.50,232.38,0.8150,-1,-1,-1
643,232,0.68,32.42,83.89,370.35,0.7653,-1,-1,-1
643,229,270.07,142.38,37.99,159.50,0.4583,-1,-1,-1
644,188,397.92,1.62,236.48,474.04,0.9292,-1,-1,-1
644,224,218.92,126.31,70.58,234.27,0.6403,-1,-1,-1
644,226,19.93,7.67,213.98,471.06,0.9026,-1,-1,-1
644,215,290.83,123.66,73.27,226.93,0.8298,-1,-1,-1
644,229,271.53,149.25,32.32,155.30,0.4122,-1,-1,-1
645,188,393.91,-0.12,242.24,474.67,0.9304,-1,-1,-1
645,224,218.49,125.52,63.22,229.35,0.7839,-1,-1,-1
645,226,33.21,2.60,193.81,475.46,0.8644,-1,-1,-1
645,215,287.47,120.62,70.61,229.00,0.8558,-1,-1,-1
645,229,268.91,145.85,30.94,158.51,0.5297,-1,-1,-1
646,188,389.51,0.29,247.13,474.22,0.9125,-1,-1,-1
646,224,218.68,125.02,56.90,214.68,0.7930,-1,-1,-1
646,226,53.85,0.61,169.22,478.29,0.8947,-1,-1,-1
646,215,283.71,121.92,66.98,229.49,0.7899,-1,-1,-1
646,229,264.51,145.30,28.04,127.83,0.5413,-1,-1,-1
647,188,388.35,1.37,249.35,476.28,0.9188,-1,-1,-1
647,224,218.26,126.14,52.72,198.06,0.8169,-1,-1,-1
647,226,63.76,-0.20,158.01,480.19,0.8986,-1,-1,-1
647,215,280.67,125.31,65.59,229.90,0.7945,-1,-1,-1
647,229,257.35,149.19,31.14,147.30,0.6744,-1,-1,-1
648,188,389.64,1.91,249.19,475.25,0.9138,-1,-1,-1
648,224,218.34,129.90,50.62,194.55,0.7434,-1,-1,-1
648,226,68.07,0.61,154.25,479.62,0.9031,-1,-1,-1
648,215,280.13,129.18,64.79,228.25,0.7772,-1,-1,-1
648,229,255.36,151.38,32.84,150.59,0.6566,-1,-1,-1
649,188,390.08,3.03,249.25,475.54,0.9187,-1,-1,-1
649,224,218.05,137.46,50.75,200.61,0.7265,-1,-1,-1
649,226,66.81,3.72,155.26,477.29,0.8981,-1,-1,-1
649,215,279.10,133.54,65.15,226.46,0.7801,-1,-1,-1
649,229,254.89,155.67,32.65,149.44,0.6756,-1,-1,-1
650,188,390.66,1.10,247.58,477.18,0.9189,-1,-1,-1
650,224,215.98,139.32,51.72,201.80,0.8063,-1,-1,-1
650,226,62.72,4.18,156.56,475.14,0.8958,-1,-1,-1
650,215,275.57,131.45,67.05,222.89,0.7868,-1,-1,-1
651,188,387.88,-1.90,249.33,479.06,0.8971,-1,-1,-1
651,224,207.66,127.79,54.00,213.49,0.7617,-1,-1,-1
651,226,44.42,-0.87,167.02,478.12,0.8885,-1,-1,-1
651,215,262.47,123.24,72.74,220.08,0.8016,-1,-1,-1
652,188,390.91,0.90,246.33,478.98,0.9019,-1,-1,-1
652,224,205.26,129.40,56.41,217.45,0.8169,-1,-1,-1
652,226,41.25,1.86,169.50,476.21,0.8967,-1,-1,-1
652,215,258.85,127.15,73.92,219.92,0.8330,-1,-1,-1
653,188,394.22,2.77,244.69,479.00,0.8968,-1,-1,-1
653,224,204.54,135.64,57.16,219.86,0.8134,-1,-1,-1
653,226,40.62,6.20,172.03,475.07,0.8765,-1,-1,-1
653,215,258.73,134.67,72.46,221.65,0.8488,-1,-1,-1
654,188,394.44,-2.19,245.43,479.09,0.9105,-1,-1,-1
654,224,202.29,131.07,57.57,220.58,0.7870,-1,-1,-1
654,226,35.07,-0.49,178.13,478.34,0.8867,-1,-1,-1
654,215,258.94,129.63,70.79,222.11,0.8303,-1,-1,-1
655,188,394.88,-1.21,245.29,479.43,0.9171,-1,-1,-1
655,224,196.85,133.74,64.97,220.63,0.8422,-1,-1,-1
655,226,25.42,0.05,191.57,479.88,0.8762,-1,-1,-1
655,215,262.35,131.09,70.12,222.58,0.8468,-1,-1,-1
656,188,391.52,-0.47,246.73,479.71,0.8974,-1,-1,-1
656,224,200.95,134.41,59.97,220.23,0.7754,-1,-1,-1
656,226,15.61,0.52,203.66,479.50,0.8908,-1,-1,-1
656,215,265.54,130.56,67.37,220.38,0.8459,-1,-1,-1
657,188,380.52,-1.62,258.28,478.00,0.8900,-1,-1,-1
657,224,209.93,125.93,54.18,214.14,0.7767,-1,-1,-1
657,226,16.95,1.41,206.17,474.15,0.9119,-1,-1,-1
657,215,271.20,121.84,68.14,215.47,0.8601,-1,-1,-1
658,188,381.12,1.53,254.36,474.12,0.8898,-1,-1,-1
658,224,216.81,126.16,52.12,208.09,0.8064,-1,-1,-1
658,226,27.51,8.49,199.14,466.08,0.8941,-1,-1,-1
658,215,275.41,120.75,68.03,212.26,0.8431,-1,-1,-1
659,188,383.25,2.31,244.24,471.40,0.9049,-1,-1,-1
659,224,219.85,128.18,55.18,197.79,0.7827,-1,-1,-1
659,226,51.75,12.49,178.28,463.00,0.9088,-1,-1,-1
659,215,279.86,120.93,68.59,211.54,0.8345,-1,-1,-1
660,188,385.05,2.39,237.82,474.70,0.9026,-1,-1,-1
660,224,210.64,134.40,58.82,192.74,0.7525,-1,-1,-1
660,226,68.69,13.25,154.16,462.25,0.8861,-1,-1,-1
660,215,274.62,128.50,68.76,211.47,0.8408,-1,-1,-1
661,188,388.21,-0.83,242.40,475.60,0.9168,-1,-1,-1
661,224,208.70,136.71,62.18,190.88,0.6281,-1,-1,-1
661,226,79.77,8.30,146.43,469.83,0.8868,-1,-1,-1
661,215,274.35,130.21,70.38,208.74,0.8164,-1,-1,-1
662,188,387.88,-0.88,249.12,479.25,0.8957,-1,-1,-1
662,224,216.02,138.76,54.18,170.50,0.5168,-1,-1,-1
662,226,85.84,4.72,140.19,476.05,0.8752,-1,-1,-1
662,215,273.56,131.53,68.41,211.61,0.8511,-1,-1,-1
663,188,390.25,-0.32,249.31,477.51,0.8749,-1,-1,-1
663,224,221.94,138.21,52.23,161.24,0.5610,-1,-1,-1
663,226,89.50,4.21,142.32,475.25,0.8713,-1,-1,-1
663,215,274.28,131.35,67.40,207.67,0.8604,-1,-1,-1
663,235,36.80,130.39,67.28,211.16,0.7997,-1,-1,-1
664,188,392.81,0.46,247.23,476.84,0.9140,-1,-1,-1
664,224,224.35,136.71,51.48,156.89,0.6759,-1,-1,-1
664,226,91.76,7.38,139.52,451.44,0.8851,-1,-1,-1
664,215,274.85,131.42,67.48,205.37,0.8651,-1,-1,-1
664,235,12.98,126.10,89.94,217.72,0.7691,-1,-1,-1
665,188,401.96,-0.07,240.08,482.39,0.9069,-1,-1,-1
665,224,226.71,133.73,51.31,160.24,0.8047,-1,-1,-1
665,226,95.40,11.65,135.98,462.27,0.8715,-1,-1,-1
665,215,277.55,130.28,68.53,204.98,0.8233,-1,-1,-1
665,235,4.20,114.91,90.19,231.25,0.8406,-1,-1,-1
666,188,412.97,-0.25,227.82,480.40,0.8765,-1,-1,-1
666,224,228.05,131.32,51.39,162.05,0.8169,-1,-1,-1
666,226,98.63,12.00,134.20,463.56,0.8329,-1,-1,-1
666,215,279.05,127.16,66.92,206.16,0.8202,-1,-1,-1
666,235,0.67,105.53,87.06,239.77,0.8899,-1,-1,-1
666,236,81.16,155.82,34.85,181.49,0.4415,-1,-1,-1
667,188,428.76,-0.33,213.35,481.41,0.8937,-1,-1,-1
667,224,233.50,132.24,47.16,160.09,0.7264,-1,-1,-1
667,226,100.91,11.38,132.73,467.84,0.8724,-1,-1,-1
667,215,280.58,127.45,67.08,207.12,0.7957,-1,-1,-1
667,235,-2.59,97.37,85.56,250.22,0.8909,-1,-1,-1
667,236,77.81,108.47,44.66,229.59,0.6733,-1,-1,-1
668,188,446.50,0.56,195.96,481.55,0.9085,-1,-1,-1
668,224,236.72,135.66,48.91,163.87,0.7591,-1,-1,-1
668,226,110.16,11.59,131.84,469.01,0.8680,-1,-1,-1
668,215,285.00,130.31,66.62,205.52,0.8463,-1,-1,-1
668,235,-2.13,94.64,79.92,259.63,0.8739,-1,-1,-1
668,236,73.19,93.28,50.57,256.87,0.7927,-1,-1,-1
669,188,456.97,-1.04,183.71,479.66,0.9210,-1,-1,-1
669,224,235.78,130.93,53.17,158.77,0.5435,-1,-1,-1
669,226,100.92,5.18,145.58,457.45,0.8749,-1,-1,-1
669,215,287.95,124.91,65.31,199.27,0.8847,-1,-1,-1
669,235,-1.75,87.48,69.47,265.59,0.8547,-1,-1,-1
669,236,64.38,82.72,58.69,272.04,0.7812,-1,-1,-1
669,237,383.34,100.58,95.70,269.24,0.7821,-1,-1,-1
670,188,464.51,0.36,176.28,479.62,0.9170,-1,-1,-1
670,224,236.37,129.68,55.26,179.91,0.7522,-1,-1,-1
670,226,93.78,6.43,157.83,458.08,0.8670,-1,-1,-1
670,215,290.57,124.16,65.09,198.28,0.8703,-1,-1,-1
670,235,-1.52,88.66,57.60,269.23,0.8533,-1,-1,-1
670,236,53.42,78.17,69.39,289.25,0.6698,-1,-1,-1
670,237,399.40,102.59,88.43,266.08,0.8385,-1,-1,-1
671,188,466.74,3.45,173.38,477.98,0.9120,-1,-1,-1
671,224,241.11,136.99,50.32,188.11,0.7407,-1,-1,-1
671,226,81.22,18.05,173.33,455.20,0.8171,-1,-1,-1
671,215,290.34,131.59,66.29,198.40,0.8546,-1,-1,-1
671,235,-2.02,111.46,47.86,257.56,0.8164,-1,-1,-1
671,236,40.59,80.77,80.72,308.63,0.7910,-1,-1,-1
671,237,392.71,113.02,95.50,266.76,0.7799,-1,-1,-1
672,188,468.41,5.89,170.45,478.61,0.8929,-1,-1,-1
672,224,247.35,148.80,43.22,187.00,0.7276,-1,-1,-1
672,226,93.60,36.91,160.51,444.15,0.7915,-1,-1,-1
672,215,290.64,142.87,64.41,200.14,0.8572,-1,-1,-1
672,235,-2.06,126.30,29.32,261.62,0.6511,-1,-1,-1
672,236,24.79,82.37,93.51,330.11,0.8439,-1,-1,-1
672,237,397.83,126.77,87.86,270.25,0.8340,-1,-1,-1
673,188,460.89,-2.05,180.62,479.61,0.8636,-1,-1,-1
673,224,253.23,139.63,42.33,182.78,0.7716,-1,-1,-1
673,226,106.72,29.50,148.87,447.49,0.8736,-1,-1,-1
673,215,294.87,133.23,63.79,198.99,0.8391,-1,-1,-1
673,236,6.97,58.72,111.65,353.10,0.8704,-1,-1,-1
673,237,404.21,113.01,88.70,274.64,0.8539,-1,-1,-1
674,188,460.31,-1.54,177.83,478.13,0.8829,-1,-1,-1
674,224,249.46,135.03,44.60,182.69,0.7841,-1,-1,-1
674,226,104.46,24.15,142.74,451.37,0.7558,-1,-1,-1
674,215,291.99,127.77,60.39,197.46,0.8542,-1,-1,-1
674,236,-2.94,39.62,116.11,374.34,0.8912,-1,-1,-1
674,237,400.69,104.42,83.69,271.81,0.8330,-1,-1,-1
675,188,475.74,3.36,158.04,476.09,0.9059,-1,-1,-1
675,224,236.25,140.24,53.97,181.75,0.6345,-1,-1,-1
675,226,99.39,25.56,137.80,452.76,0.8814,-1,-1,-1
675,215,287.51,135.39,57.23,189.25,0.8582,-1,-1,-1
675,236,-4.35,30.22,100.23,393.46,0.8873,-1,-1,-1
675,237,394.05,110.12,79.76,265.92,0.8420,-1,-1,-1
676,188,472.82,5.05,161.72,475.02,0.8097,-1,-1,-1
676,224,237.29,142.69,48.20,185.75,0.8116,-1,-1,-1
676,226,97.63,26.48,137.94,446.41,0.8960,-1,-1,-1
676,215,283.24,139.58,56.38,187.92,0.8431,-1,-1,-1
676,236,-4.06,20.26,81.69,411.60,0.8603,-1,-1,-1
676,237,384.79,116.40,85.21,263.38,0.7584,-1,-1,-1
677,188,477.18,1.96,161.30,476.61,0.8999,-1,-1,-1
677,224,241.24,140.66,46.58,186.95,0.8171,-1,-1,-1
677,226,97.37,21.53,143.68,447.20,0.8871,-1,-1,-1
677,215,285.14,138.75,57.60,188.39,0.8213,-1,-1,-1
677,236,-2.81,19.46,62.13,417.83,0.7124,-1,-1,-1
677,237,387.46,115.72,86.32,267.45,0.7710,-1,-1,-1
678,188,473.78,-0.09,165.29,476.04,0.9057,-1,-1,-1
678,224,239.38,139.70,45.14,183.92,0.8250,-1,-1,-1
678,226,100.93,18.68,139.15,453.07,0.8654,-1,-1,-1
678,215,281.18,136.93,59.81,190.06,0.8502,-1,-1,-1
678,237,385.64,113.26,87.34,272.21,0.8421,-1,-1,-1
679,188,470.88,1.44,169.43,477.96,0.8919,-1,-1,-1
679,224,238.70,147.07,45.04,192.62,0.7126,-1,-1,-1
679,226,104.79,27.65,133.36,451.30,0.8242,-1,-1,-1
679,215,280.82,142.14,59.84,191.18,0.8571,-1,-1,-1
679,237,382.84,118.21,91.65,274.67,0.7684,-1,-1,-1
679,238,82.26,164.00,43.33,157.42,0.5588,-1,-1,-1
680,188,469.06,2.54,170.24,478.21,0.9073,-1,-1,-1
680,224,238.07,151.80,45.22,188.39,0.7565,-1,-1,-1
680,226,104.91,36.78,132.23,428.41,0.8204,-1,-1,-1
680,215,280.00,145.28,59.34,191.87,0.8629,-1,-1,-1
680,237,380.30,121.50,93.77,277.37,0.7601,-1,-1,-1
680,238,75.60,159.39,50.14,167.39,0.5711,-1,-1,-1
681,188,468.62,0.65,169.96,478.98,0.9145,-1,-1,-1
681,224,235.37,149.90,44.77,180.99,0.7847,-1,-1,-1
681,226,103.42,39.69,132.76,426.98,0.8005,-1,-1,-1
681,215,276.37,142.98,60.48,188.09,0.8528,-1,-1,-1
681,237,376.26,118.18,92.49,279.90,0.8344,-1,-1,-1
681,238,63.64,137.98,56.64,190.10,0.7481,-1,-1,-1
682,188,473.50,0.23,164.80,479.51,0.9120,-1,-1,-1
682,224,231.44,146.83,45.62,181.30,0.7945,-1,-1,-1
682,226,100.26,34.89,137.10,439.39,0.8522,-1,-1,-1
682,215,275.56,140.28,58.88,188.38,0.8670,-1,-1,-1
682,237,372.51,114.67,90.38,276.40,0.8119,-1,-1,-1
682,238,50.36,126.52,67.23,210.69,0.7811,-1,-1,-1
683,188,480.52,1.00,158.59,478.25,0.9119,-1,-1,-1
683,224,234.39,146.50,41.85,181.68,0.7584,-1,-1,-1
683,226,98.73,35.81,140.75,442.15,0.8581,-1,-1,-1
683,215,275.67,140.89,57.96,185.98,0.8624,-1,-1,-1
683,237,356.21,114.22,99.21,274.97,0.6981,-1,-1,-1
683,238,45.08,122.36,68.45,225.96,0.7943,-1,-1,-1
684,188,488.83,-0.86,151.30,479.55,0.9159,-1,-1,-1
684,224,229.61,143.02,45.24,184.35,0.6506,-1,-1,-1
684,226,96.33,27.48,141.74,439.32,0.8692,-1,-1,-1
684,215,272.52,137.55,60.18,187.98,0.8583,-1,-1,-1
684,237,353.45,108.66,98.99,280.44,0.7267,-1,-1,-1
684,238,34.50,111.13,77.69,241.86,0.7664,-1,-1,-1
685,188,495.33,-0.19,145.70,479.59,0.9135,-1,-1,-1
685,224,217.22,142.07,58.23,197.03,0.7170,-1,-1,-1
685,226,87.22,25.09,151.99,442.30,0.8803,-1,-1,-1
685,215,273.09,136.77,61.11,189.16,0.8604,-1,-1,-1
685,237,349.64,109.79,103.28,281.47,0.7699,-1,-1,-1
685,238,21.30,105.05,87.44,253.53,0.5417,-1,-1,-1
686,188,496.27,-0.95,145.00,479.62,0.8979,-1,-1,-1
686,224,217.47,142.21,56.61,195.97,0.3858,-1,-1,-1
686,226,78.55,25.24,159.44,450.51,0.8908,-1,-1,-1
686,215,270.94,135.40,60.46,189.35,0.8176,-1,-1,-1
686,237,353.95,109.63,97.32,284.18,0.7973,-1,-1,-1
686,238,11.99,93.53,89.94,267.34,0.7942,-1,-1,-1
687,188,497.26,-0.57,143.80,480.18,0.9097,-1,-1,-1
687,224,227.11,143.10,47.02,160.73,0.5304,-1,-1,-1
687,226,77.08,29.60,160.49,449.76,0.8823,-1,-1,-1
687,215,271.15,135.53,59.56,185.75,0.8414,-1,-1,-1
687,237,357.86,108.39,92.32,288.61,0.8442,-1,-1,-1
687,238,0.25,83.33,92.96,281.61,0.8845,-1,-1,-1
688,188,493.54,-0.97,147.06,480.51,0.9195,-1,-1,-1
688,224,227.03,138.72,41.46,144.67,0.5473,-1,-1,-1
688,226,65.48,31.11,166.80,449.44,0.8694,-1,-1,-1
688,215,266.63,131.58,59.70,185.52,0.7759,-1,-1,-1
688,237,356.38,104.34,93.56,289.16,0.8472,-1,-1,-1
688,238,-5.81,73.28,87.81,292.84,0.8170,-1,-1,-1
689,188,482.90,0.10,158.10,480.54,0.8959,-1,-1,-1
689,224,224.37,141.29,42.83,166.23,0.7230,-1,-1,-1
689,226,78.47,33.75,151.02,448.52,0.8262,-1,-1,-1
689,215,264.98,132.72,58.62,187.61,0.8268,-1,-1,-1
689,237,357.07,105.08,91.31,285.13,0.8418,-1,-1,-1
689,238,-5.90,68.26,78.12,299.50,0.7613,-1,-1,-1
689,241,307.06,151.67,46.06,138.43,0.6558,-1,-1,-1
690,188,456.20,0.13,184.38,480.13,0.8628,-1,-1,-1
690,224,220.39,141.03,45.20,174.94,0.6371,-1,-1,-1
690,226,80.46,33.16,147.50,448.30,0.8667,-1,-1,-1
690,215,262.75,133.53,57.68,186.65,0.8418,-1,-1,-1
690,237,357.13,103.43,87.09,280.63,0.8489,-1,-1,-1
690,238,-4.44,72.08,69.44,301.83,0.6791,-1,-1,-1
690,241,307.32,151.92,47.84,139.39,0.7225,-1,-1,-1
691,188,451.96,0.83,186.71,477.71,0.8528,-1,-1,-1
691,224,217.74,143.78,46.06,199.30,0.4448,-1,-1,-1
691,226,96.94,32.47,132.86,442.96,0.8921,-1,-1,-1
691,215,260.60,136.59,58.66,186.31,0.8216,-1,-1,-1
691,237,353.23,102.84,87.04,282.26,0.8214,-1,-1,-1
691,238,-3.12,82.09,57.90,229.07,0.5260,-1,-1,-1
691,241,308.47,153.64,47.04,139.23,0.8019,-1,-1,-1
692,188,478.41,3.34,158.65,472.11,0.8502,-1,-1,-1
692,224,223.89,146.81,38.58,148.82,0.4733,-1,-1,-1
692,226,107.18,32.79,125.69,434.47,0.8956,-1,-1,-1
692,215,259.76,140.80,58.79,183.58,0.8374,-1,-1,-1
692,237,351.99,104.15,86.50,283.76,0.8517,-1,-1,-1
692,238,-0.92,86.27,44.55,208.59,0.5232,-1,-1,-1
692,241,310.17,152.66,48.78,141.86,0.7714,-1,-1,-1
692,242,52.76,135.99,60.46,181.08,0.7515,-1,-1,-1
693,188,493.51,2.92,143.02,469.01,0.8824,-1,-1,-1
693,224,229.17,143.01,35.91,124.49,0.3328,-1,-1,-1
693,226,115.61,28.22,125.67,437.56,0.8838,-1,-1,-1
693,215,262.06,134.45,59.41,182.96,0.8386,-1,-1,-1
693,237,351.32,101.65,93.20,284.44,0.7832,-1,-1,-1
693,238,1.64,102.20,40.90,201.73,0.4588,-1,-1,-1
693,241,315.40,146.44,48.75,144.16,0.6308,-1,-1,-1
693,242,45.71,130.20,67.56,188.76,0.7376,-1,-1,-1
694,188,445.31,-1.16,193.02,472.34,0.8530,-1,-1,-1
694,224,226.68,137.99,37.35,133.66,0.3434,-1,-1,-1
694,226,119.14,25.83,120.58,442.37,0.8490,-1,-1,-1
694,215,260.91,129.74,61.28,180.84,0.8175,-1,-1,-1
694,237,349.19,96.32,94.10,288.50,0.7745,-1,-1,-1
694,241,317.12,137.73,46.85,130.64,0.4842,-1,-1,-1
694,242,25.18,124.89,78.98,195.61,0.7788,-1,-1,-1
695,188,434.33,-0.43,205.26,476.25,0.8869,-1,-1,-1
695,226,122.71,26.82,128.08,449.17,0.8055,-1,-1,-1
695,215,260.09,127.86,60.84,178.50,0.8329,-1,-1,-1
695,237,343.29,94.47,95.41,291.27,0.7157,-1,-1,-1
695,241,317.33,133.50,50.07,118.05,0.4308,-1,-1,-1
695,242,11.46,120.94,81.90,208.25,0.8225,-1,-1,-1
695,244,94.42,141.54,40.67,149.25,0.7330,-1,-1,-1
696,188,441.17,3.44,199.06,476.59,0.8436,-1,-1,-1
696,226,121.61,38.71,137.36,442.38,0.7728,-1,-1,-1
696,215,260.89,133.61,62.46,178.91,0.7880,-1,-1,-1
696,237,342.21,99.10,93.94,289.55,0.7883,-1,-1,-1
696,242,5.37,119.22,81.47,221.75,0.8231,-1,-1,-1
696,244,94.18,145.41,42.44,152.91,0.7682,-1,-1,-1
697,188,462.57,2.37,177.82,477.62,0.9052,-1,-1,-1
697,226,125.67,39.91,138.33,440.62,0.8679,-1,-1,-1
697,215,264.75,133.22,60.64,181.08,0.8409,-1,-1,-1
697,237,344.29,97.57,89.70,283.62,0.8372,-1,-1,-1
697,242,2.20,115.22,77.57,228.51,0.8321,-1,-1,-1
697,244,93.67,142.75,42.54,157.60,0.7209,-1,-1,-1
698,188,461.76,0.76,177.24,477.70,0.9090,-1,-1,-1
698,226,136.89,35.03,129.93,435.23,0.8735,-1,-1,-1
698,215,265.10,133.42,58.89,179.83,0.8006,-1,-1,-1
698,237,333.90,92.99,95.48,284.03,0.8179,-1,-1,-1
698,242,-2.60,106.85,76.61,237.38,0.8054,-1,-1,-1
698,244,87.29,138.58,44.13,159.79,0.5102,-1,-1,-1
699,188,459.60,3.41,179.00,478.25,0.9084,-1,-1,-1
699,226,144.29,39.47,124.45,416.63,0.8978,-1,-1,-1
699,215,267.56,140.52,54.85,179.06,0.8257,-1,-1,-1
699,237,333.76,98.16,92.62,285.85,0.8308,-1,-1,-1
699,242,-2.80,107.87,73.65,243.79,0.8397,-1,-1,-1
699,244,84.00,143.45,41.66,152.51,0.5338,-1,-1,-1
699,245,104.32,172.62,50.81,181.57,0.7098,-1,-1,-1
700,188,457.69,5.33,181.66,478.46,0.9088,-1,-1,-1
700,226,137.64,46.17,136.80,411.03,0.8781,-1,-1,-1
700,215,272.93,147.91,50.30,175.59,0.7998,-1,-1,-1
700,237,333.84,106.52,90.55,289.41,0.8486,-1,-1,-1
700,242,-2.36,110.19,66.44,258.74,0.7297,-1,-1,-1
700,244,84.05,149.15,41.07,108.58,0.3025,-1,-1,-1
700,245,94.12,175.46,57.22,193.40,0.6919,-1,-1,-1
701,188,457.58,-0.58,179.65,479.37,0.9211,-1,-1,-1
701,226,132.17,34.89,144.55,418.76,0.8657,-1,-1,-1
701,215,271.73,137.85,46.62,162.69,0.7889,-1,-1,-1
701,237,327.62,99.92,89.48,292.60,0.8375,-1,-1,-1
701,242,-4.07,122.29,47.97,232.09,0.3736,-1,-1,-1
701,245,78.21,156.72,61.03,210.99,0.6747,-1,-1,-1
701,246,30.25,151.72,41.10,146.57,0.6820,-1,-1,-1
702,188,450.46,-0.43,187.46,478.51,0.9250,-1,-1,-1
702,226,126.91,37.84,150.92,423.14,0.8599,-1,-1,-1
702,215,268.08,137.17,46.91,156.77,0.7728,-1,-1,-1
702,237,311.62,99.58,105.16,294.99,0.8068,-1,-1,-1
702,245,63.10,155.32,63.94,220.36,0.7403,-1,-1,-1
702,246,15.39,147.34,51.65,157.09,0.7423,-1,-1,-1
702,247,113.43,125.58,48.75,211.70,0.5800,-1,-1,-1
702,244,62.25,129.93,34.28,81.39,0.3727,-1,-1,-1
703,188,442.79,2.22,196.45,476.23,0.9263,-1,-1,-1
703,226,122.92,46.35,156.63,426.49,0.8436,-1,-1,-1
703,215,268.03,140.08,46.10,147.65,0.6965,-1,-1,-1
703,237,313.66,102.03,97.28,294.08,0.8227,-1,-1,-1
703,245,48.00,156.11,73.48,233.02,0.8136,-1,-1,-1
703,246,5.35,148.58,58.04,157.70,0.7033,-1,-1,-1
703,247,110.72,125.32,47.42,220.96,0.5758,-1,-1,-1
704,188,435.72,0.59,205.65,477.64,0.9197,-1,-1,-1
704,226,120.00,50.91,158.84,425.54,0.8511,-1,-1,-1
704,215,265.38,142.41,46.06,150.19,0.6559,-1,-1,-1
704,237,313.42,101.23,90.64,289.92,0.8288,-1,-1,-1
704,245,29.65,154.53,80.65,251.10,0.7223,-1,-1,-1
704,246,-1.95,150.83,57.88,161.79,0.7163,-1,-1,-1
704,247,97.31,122.24,57.67,227.53,0.7090,-1,-1,-1
704,249,383.56,115.23,62.60,207.78,0.7884,-1,-1,-1
705,188,427.95,-1.30,212.78,479.30,0.9228,-1,-1,-1
705,226,125.19,47.75,149.25,428.15,0.8734,-1,-1,-1
705,215,261.69,140.81,46.27,156.83,0.6732,-1,-1,-1
705,237,310.50,96.45,88.93,284.37,0.8502,-1,-1,-1
705,245,6.67,147.61,91.65,271.44,0.8043,-1,-1,-1
705,246,-3.83,165.96,47.65,146.55,0.3145,-1,-1,-1
705,247,84.20,114.97,64.94,237.03,0.7982,-1,-1,-1
705,249,381.94,110.27,63.01,215.73,0.6830,-1,-1,-1
706,188,417.89,-0.04,221.37,479.50,0.9201,-1,-1,-1
706,226,135.41,42.47,134.55,427.91,0.8624,-1,-1,-1
706,215,258.54,140.16,44.52,133.66,0.7313,-1,-1,-1
706,237,302.16,95.16,88.68,287.77,0.8317,-1,-1,-1
706,245,-3.20,141.42,85.48,288.35,0.8789,-1,-1,-1
706,247,66.08,107.17,77.46,250.17,0.8455,-1,-1,-1
706,249,379.25,103.34,57.84,230.41,0.4913,-1,-1,-1
707,188,401.65,2.50,235.98,478.25,0.8939,-1,-1,-1
707,226,136.37,42.03,129.81,414.50,0.8935,-1,-1,-1
707,215,255.69,142.50,43.17,117.18,0.6344,-1,-1,-1
707,237,297.74,98.39,86.65,289.64,0.8561,-1,-1,-1
707,245,-5.54,137.69,71.56,303.28,0.8281,-1,-1,-1
707,247,44.62,103.83,91.81,265.05,0.7717,-1,-1,-1
707,249,374.52,103.22,61.04,238.27,0.6280,-1,-1,-1
708,188,367.91,3.74,266.85,475.92,0.8647,-1,-1,-1
708,226,133.47,39.18,127.49,412.25,0.8719,-1,-1,-1
708,215,251.49,142.90,43.36,113.47,0.6131,-1,-1,-1
708,237,288.73,101.18,88.72,291.33,0.8360,-1,-1,-1
708,245,-5.53,131.25,52.56,315.28,0.7574,-1,-1,-1
708,247,19.16,100.06,105.93,274.57,0.7057,-1,-1,-1
709,188,365.54,5.65,259.73,470.79,0.8647,-1,-1,-1
709,226,130.21,40.25,129.31,408.90,0.8671,-1,-1,-1
709,215,247.91,142.38,44.59,117.68,0.6978,-1,-1,-1
709,237,282.26,103.41,89.31,290.05,0.8043,-1,-1,-1
709,247,5.34,96.04,108.79,319.51,0.7004,-1,-1,-1
710,188,337.22,6.44,272.36,465.17,0.8913,-1,-1,-1
710,226,126.68,44.43,132.19,413.30,0.8634,-1,-1,-1
710,215,244.45,142.82,45.59,114.62,0.7361,-1,-1,-1
710,237,273.65,102.91,95.18,289.78,0.7569,-1,-1,-1
710,247,-1.06,90.69,109.82,351.38,0.6749,-1,-1,-1
711,188,313.75,1.95,285.05,471.15,0.8844,-1,-1,-1
711,226,121.09,41.57,134.57,405.48,0.8233,-1,-1,-1
711,215,242.64,139.57,42.93,114.71,0.6733,-1,-1,-1
711,237,269.76,95.55,96.20,296.50,0.7709,-1,-1,-1
711,247,-7.59,72.38,107.70,337.41,0.8849,-1,-1,-1
712,188,299.42,-1.36,292.22,478.71,0.8907,-1,-1,-1
712,226,118.50,39.11,132.95,425.92,0.8876,-1,-1,-1
712,215,241.55,140.17,41.11,112.81,0.5999,-1,-1,-1
712,237,266.73,89.37,95.27,297.24,0.8244,-1,-1,-1
712,247,-10.33,50.62,85.99,363.36,0.7476,-1,-1,-1
713,188,320.92,-3.68,277.26,484.00,0.9152,-1,-1,-1
713,226,115.65,33.97,135.13,435.70,0.9002,-1,-1,-1
713,215,243.31,139.19,37.64,111.34,0.6916,-1,-1,-1
713,237,266.00,85.22,93.78,298.67,0.8218,-1,-1,-1
713,247,-9.10,32.36,69.73,411.83,0.7344,-1,-1,-1
714,188,328.62,-3.70,299.22,486.42,0.9019,-1,-1,-1
714,226,111.59,32.26,142.00,432.66,0.8966,-1,-1,-1
714,215,247.92,140.64,36.66,105.51,0.7428,-1,-1,-1
714,237,268.14,86.14,95.81,301.53,0.8164,-1,-1,-1
715,188,330.20,-1.81,309.32,481.30,0.9128,-1,-1,-1
715,226,109.34,30.69,148.55,414.52,0.9008,-1,-1,-1
715,215,252.10,139.29,36.58,105.05,0.6286,-1,-1,-1
715,237,272.93,87.65,94.67,301.72,0.8291,-1,-1,-1
715,251,28.80,87.66,73.00,233.37,0.7657,-1,-1,-1
716,188,336.39,1.43,305.66,477.96,0.8795,-1,-1,-1
716,226,107.88,33.93,154.75,407.23,0.8987,-1,-1,-1
716,215,257.99,142.38,35.74,102.56,0.6762,-1,-1,-1
716,237,276.52,91.97,95.37,306.68,0.8410,-1,-1,-1
716,251,28.69,86.96,78.51,249.44,0.8307,-1,-1,-1
716,253,1.62,69.08,69.78,269.80,0.3633,-1,-1,-1
717,188,347.43,2.52,292.07,476.91,0.8722,-1,-1,-1
717,226,105.78,39.94,158.42,399.94,0.8875,-1,-1,-1
717,215,262.08,143.37,37.71,100.73,0.7208,-1,-1,-1
717,237,279.82,95.00,96.86,304.55,0.8477,-1,-1,-1
717,251,15.10,82.30,93.22,262.88,0.8887,-1,-1,-1
717,253,9.30,77.52,91.48,265.10,0.8887,-1,-1,-1
718,188,365.29,2.99,274.26,476.17,0.8969,-1,-1,-1
718,226,103.89,48.26,163.62,406.18,0.8906,-1,-1,-1
718,215,267.29,148.34,37.63,104.15,0.7600,-1,-1,-1
718,237,287.78,97.45,95.98,306.02,0.8147,-1,-1,-1
718,251,6.96,79.47,100.83,286.53,0.8809,-1,-1,-1
718,253,8.27,80.02,101.37,285.40,0.8809,-1,-1,-1
719,188,377.57,1.40,263.71,476.83,0.9053,-1,-1,-1
719,226,102.57,54.12,162.91,410.24,0.8865,-1,-1,-1
719,215,272.45,150.38,36.60,106.65,0.7058,-1,-1,-1
719,237,294.47,97.12,92.79,306.73,0.6851,-1,-1,-1
719,251,-0.70,76.79,111.72,298.32,0.8988,-1,-1,-1
719,253,2.58,78.94,113.13,295.70,0.8988,-1,-1,-1
720,188,386.20,-0.53,256.69,478.52,0.9159,-1,-1,-1
720,226,103.55,54.31,162.66,408.49,0.8871,-1,-1,-1
720,215,277.27,149.58,36.22,112.26,0.6764,-1,-1,-1
720,237,300.67,95.50,90.71,298.37,0.8488,-1,-1,-1
720,251,-1.85,72.20,115.18,312.88,0.8949,-1,-1,-1
720,253,1.93,74.61,116.69,310.22,0.8949,-1,-1,-1
720,254,255.64,159.58,23.66,95.93,0.4359,-1,-1,-1
721,188,394.70,-3.45,250.66,482.71,0.9264,-1,-1,-1
721,226,109.08,49.14,152.77,399.18,0.8894,-1,-1,-1
721,215,282.82,145.92,37.09,108.72,0.6185,-1,-1,-1
721,237,305.60,92.26,91.68,299.98,0.8523,-1,-1,-1
721,251,-5.91,57.55,116.02,338.22,0.9200,-1,-1,-1
721,253,-2.29,59.92,117.29,335.85,0.9200,-1,-1,-1
721,254,246.47,150.50,38.33,117.77,0.5524,-1,-1,-1
722,188,399.79,-0.79,243.66,479.78,0.9254,-1,-1,-1
722,226,118.35,51.41,142.01,384.60,0.9032,-1,-1,-1
722,215,288.15,147.79,34.64,102.88,0.5933,-1,-1,-1
722,237,308.13,94.64,93.38,301.43,0.8782,-1,-1,-1
722,251,-5.35,51.11,114.14,352.26,0.9221,-1,-1,-1
722,253,-2.10,53.23,115.12,350.07,0.9221,-1,-1,-1
722,254,244.42,153.59,45.43,129.00,0.4915,-1,-1,-1
723,188,399.82,0.58,243.48,480.01,0.9145,-1,-1,-1
723,226,132.65,52.98,130.45,384.77,0.8949,-1,-1,-1
723,215,294.85,152.33,33.35,99.85,0.6342,-1,-1,-1
723,237,316.42,98.63,91.00,304.64,0.6998,-1,-1,-1
723,251,-3.57,45.38,113.11,366.12,0.9248,-1,-1,-1
723,253,-0.73,47.29,113.86,364.16,0.9248,-1,-1,-1
723,254,251.45,156.79,45.85,141.76,0.6142,-1,-1,-1
724,188,395.57,1.16,245.21,479.21,0.9035,-1,-1,-1
724,226,142.05,54.63,121.30,386.83,0.8989,-1,-1,-1
724,215,298.86,154.12,31.66,100.40,0.6617,-1,-1,-1
724,237,318.09,101.41,91.19,304.60,0.8474,-1,-1,-1
724,251,-3.08,37.38,110.59,378.56,0.9171,-1,-1,-1
724,253,-0.67,39.21,111.18,376.83,0.9171,-1,-1,-1
724,254,248.39,159.48,51.55,153.11,0.5791,-1,-1,-1
725,188,395.14,0.82,243.64,478.33,0.8740,-1,-1,-1
725,226,148.26,55.72,115.32,390.49,0.8945,-1,-1,-1
725,215,301.00,152.49,30.87,100.75,0.4192,-1,-1,-1
725,237,316.66,100.03,94.14,302.25,0.8193,-1,-1,-1
725,251,-3.19,23.60,103.47,395.17,0.9023,-1,-1,-1
725,253,-1.11,25.22,103.93,393.69,0.9023,-1,-1,-1
725,254,254.25,156.95,48.62,157.66,0.6936,-1,-1,-1
725,255,93.33,188.38,21.30,69.03,0.5546,-1,-1,-1
725,256,139.95,197.80,15.00,46.31,0.5796,-1,-1,-1
725,257,124.38,201.19,13.30,43.69,0.5047,-1,-1,-1
726,188,407.03,3.08,229.14,474.68,0.9228,-1,-1,-1
726,226,156.76,62.25,107.39,391.05,0.8774,-1,-1,-1
726,215,304.52,154.37,31.08,98.93,0.5525,-1,-1,-1
726,237,318.60,101.19,90.98,300.48,0.8208,-1,-1,-1
726,251,-0.45,12.44,93.64,413.16,0.8904,-1,-1,-1
726,253,1.22,13.87,93.97,411.95,0.8904,-1,-1,-1
726,254,260.36,157.21,45.73,156.16,0.7986,-1,-1,-1
726,255,92.45,189.75,26.38,68.65,0.7163,-1,-1,-1
726,256,145.60,198.23,13.52,47.88,0.4236,-1,-1,-1
727,188,404.80,0.71,232.04,473.07,0.9248,-1,-1,-1
727,226,160.69,61.77,105.74,389.79,0.8890,-1,-1,-1
727,215,306.42,150.38,29.51,96.36,0.5053,-1,-1,-1
727,237,318.55,95.54,90.12,297.78,0.8270,-1,-1,-1
727,251,-1.16,4.03,84.36,424.01,0.8768,-1,-1,-1
727,253,0.30,5.12,84.59,422.92,0.8768,-1,-1,-1
727,254,263.45,153.50,44.61,154.96,0.8101,-1,-1,-1
727,255,92.70,187.17,25.78,70.24,0.6373,-1,-1,-1
727,256,147.03,195.95,12.43,47.81,0.4986,-1,-1,-1
727,257,131.32,198.07,14.50,45.98,0.4207,-1,-1,-1
728,188,393.77,-0.60,243.38,473.65,0.9274,-1,-1,-1
728,226,159.25,60.96,106.46,388.76,0.8863,-1,-1,-1
728,215,304.30,148.28,30.25,89.87,0.5081,-1,-1,-1
728,237,314.38,92.61,97.30,292.18,0.8119,-1,-1,-1
728,251,-4.12,22.54,68.58,411.03,0.7118,-1,-1,-1
728,253,-2.85,23.31,68.69,410.00,0.7118,-1,-1,-1
728,254,262.40,152.26,44.67,154.62,0.8359,-1,-1,-1
728,255,89.13,187.65,24.12,70.26,0.5338,-1,-1,-1
728,256,142.50,195.57,14.09,48.56,0.5390,-1,-1,-1
728,257,125.49,197.07,16.55,46.96,0.4760,-1,-1,-1
729,188,384.84,-1.33,255.01,473.67,0.9292,-1,-1,-1
729,226,158.40,58.56,108.12,380.12,0.8959,-1,-1,-1
729,215,304.23,148.16,28.26,85.13,0.5690,-1,-1,-1
729,237,312.98,90.18,96.41,295.25,0.8497,-1,-1,-1
729,254,262.35,152.28,45.40,153.84,0.8532,-1,-1,-1
729,255,82.59,187.17,25.37,71.19,0.5909,-1,-1,-1
729,256,139.53,196.03,14.92,47.50,0.5535,-1,-1,-1
729,257,120.87,195.96,18.83,48.15,0.4501,-1,-1,-1
730,188,377.40,2.23,261.83,473.90,0.9259,-1,-1,-1
730,226,159.85,64.38,107.24,368.96,0.9011,-1,-1,-1
730,215,304.91,156.05,28.49,83.97,0.4529,-1,-1,-1
730,237,313.89,98.81,94.39,298.50,0.8143,-1,-1,-1
730,254,264.06,160.55,45.05,151.80,0.8153,-1,-1,-1
730,255,83.73,193.51,23.03,71.53,0.5885,-1,-1,-1
731,188,374.01,2.65,266.57,475.71,0.9267,-1,-1,-1
731,226,160.69,68.73,108.56,368.44,0.9000,-1,-1,-1
731,215,306.95,161.32,31.19,83.07,0.4198,-1,-1,-1
731,237,315.26,102.46,94.80,307.56,0.8323,-1,-1,-1
731,254,267.18,165.64,42.96,149.10,0.7855,-1,-1,-1
731,255,82.13,195.81,25.25,74.80,0.6436,-1,-1,-1
731,257,122.54,206.12,16.51,48.37,0.5114,-1,-1,-1
732,188,373.81,2.25,265.32,477.61,0.9186,-1,-1,-1
732,226,155.75,72.73,112.47,372.61,0.8992,-1,-1,-1
732,215,307.37,163.81,31.99,84.46,0.3996,-1,-1,-1
732,237,315.32,108.60,94.05,309.00,0.8570,-1,-1,-1
732,254,268.26,166.74,40.91,146.50,0.7762,-1,-1,-1
732,255,76.92,194.86,27.01,77.21,0.6473,-1,-1,-1
732,257,120.22,206.04,16.75,49.43,0.5277,-1,-1,-1
733,188,379.90,2.48,257.32,479.51,0.9085,-1,-1,-1
733,226,149.44,80.47,112.21,376.46,0.8731,-1,-1,-1
733,215,310.45,165.34,29.41,88.46,0.3472,-1,-1,-1
733,237,316.12,111.73,89.30,308.65,0.8622,-1,-1,-1
733,254,266.49,166.85,40.31,145.15,0.7974,-1,-1,-1
733,255,67.38,193.85,30.60,80.19,0.6023,-1,-1,-1
733,257,113.74,203.96,21.63,52.85,0.3560,-1,-1,-1
734,188,387.73,2.73,249.19,479.62,0.9113,-1,-1,-1
734,226,142.65,88.45,112.74,377.12,0.8845,-1,-1,-1
734,237,317.01,116.63,87.42,304.10,0.8310,-1,-1,-1
734,254,266.43,169.99,40.37,138.98,0.7479,-1,-1,-1
734,255,62.47,198.00,32.05,79.84,0.6118,-1,-1,-1
735,188,394.26,-1.84,244.50,480.80,0.9145,-1,-1,-1
735,226,133.51,83.57,117.99,375.86,0.8507,-1,-1,-1
735,237,317.21,109.07,88.34,296.67,0.8278,-1,-1,-1
735,254,265.82,164.41,41.38,141.14,0.7572,-1,-1,-1
735,255,58.68,192.60,30.98,81.69,0.6119,-1,-1,-1
735,258,241.43,161.46,31.74,121.46,0.5746,-1,-1,-1
736,188,398.29,-3.14,241.27,480.30,0.8924,-1,-1,-1
736,226,143.86,78.15,110.74,367.18,0.8237,-1,-1,-1
736,237,316.37,103.70,89.60,296.21,0.8276,-1,-1,-1
736,254,264.52,162.86,41.80,141.99,0.7878,-1,-1,-1
736,255,54.89,189.47,31.25,82.92,0.5746,-1,-1,-1
736,258,239.65,157.30,31.20,112.29,0.4717,-1,-1,-1
737,188,400.83,-1.56,238.13,478.45,0.9136,-1,-1,-1
737,226,145.82,74.93,110.53,353.56,0.8512,-1,-1,-1
737,237,315.40,104.66,89.20,297.93,0.8297,-1,-1,-1
737,254,261.49,164.58,42.56,143.27,0.7917,-1,-1,-1
737,255,47.46,188.16,31.24,84.48,0.6159,-1,-1,-1
737,258,237.36,156.87,33.42,135.37,0.3206,-1,-1,-1
737,259,110.99,138.24,52.62,183.02,0.7970,-1,-1,-1
738,188,401.38,-0.63,237.92,477.50,0.9187,-1,-1,-1
738,226,144.92,73.49,110.32,351.57,0.8403,-1,-1,-1
738,237,314.18,106.98,91.12,299.14,0.8272,-1,-1,-1
738,254,259.30,164.12,44.34,144.62,0.7892,-1,-1,-1
738,255,42.66,185.63,31.66,86.21,0.6997,-1,-1,-1
738,258,236.57,155.23,34.13,144.77,0.4662,-1,-1,-1
738,259,106.12,134.56,53.58,189.96,0.7901,-1,-1,-1
739,188,400.02,-0.38,240.76,479.30,0.9139,-1,-1,-1
739,226,143.12,74.93,102.41,355.48,0.8652,-1,-1,-1
739,237,311.25,110.24,92.44,302.24,0.8414,-1,-1,-1
739,254,255.54,163.86,47.79,145.00,0.7589,-1,-1,-1
739,255,35.20,184.99,32.13,88.26,0.6107,-1,-1,-1
739,258,235.38,156.26,32.61,125.66,0.5594,-1,-1,-1
739,259,94.59,132.27,59.91,196.46,0.8109,-1,-1,-1
740,188,398.02,-0.87,245.26,480.72,0.9137,-1,-1,-1
740,226,142.53,80.08,103.84,358.76,0.8760,-1,-1,-1
740,237,311.43,111.14,92.43,303.34,0.8459,-1,-1,-1
740,254,255.23,162.54,52.67,145.81,0.7475,-1,-1,-1
740,255,29.43,183.67,33.61,90.43,0.7169,-1,-1,-1
740,258,236.64,156.97,31.49,133.72,0.4064,-1,-1,-1
740,259,84.27,130.45,66.41,209.72,0.8318,-1,-1,-1
741,188,391.88,-1.27,249.35,480.06,0.8973,-1,-1,-1
741,226,142.79,81.81,101.99,357.95,0.8796,-1,-1,-1
741,237,307.75,106.84,93.72,304.35,0.8274,-1,-1,-1
741,254,254.49,159.48,52.92,145.66,0.7385,-1,-1,-1
741,255,24.59,178.62,34.03,91.95,0.6856,-1,-1,-1
741,258,236.21,153.37,30.83,137.98,0.5007,-1,-1,-1
741,259,76.13,122.91,73.22,217.52,0.8383,-1,-1,-1
742,188,395.57,1.05,242.38,479.64,0.9141,-1,-1,-1
742,226,142.89,86.58,100.37,349.29,0.8839,-1,-1,-1
742,237,307.58,105.94,89.43,297.07,0.8354,-1,-1,-1
742,254,257.93,160.54,48.48,144.33,0.7682,-1,-1,-1
742,255,22.34,177.56,31.35,93.10,0.6876,-1,-1,-1
742,258,235.58,152.68,31.70,138.27,0.5217,-1,-1,-1
742,259,71.43,116.32,76.05,227.05,0.7990,-1,-1,-1
743,188,397.96,2.86,236.73,476.20,0.9037,-1,-1,-1
743,226,140.20,86.75,103.35,345.15,0.8708,-1,-1,-1
743,237,311.61,105.82,80.99,286.86,0.8076,-1,-1,-1
743,254,258.04,161.50,48.28,142.22,0.7601,-1,-1,-1
743,255,15.89,176.36,32.69,92.43,0.6116,-1,-1,-1
743,258,235.96,152.86,31.25,138.05,0.5792,-1,-1,-1
743,259,55.54,108.50,89.04,236.04,0.6793,-1,-1,-1
743,261,0.14,185.99,15.48,70.20,0.4705,-1,-1,-1
744,188,393.77,3.93,232.15,471.22,0.8926,-1,-1,-1
744,226,149.88,85.89,97.21,331.41,0.8608,-1,-1,-1
744,237,308.02,105.90,83.84,285.92,0.8277,-1,-1,-1
744,254,257.89,162.46,51.64,139.96,0.7155,-1,-1,-1
744,255,13.62,174.76,34.30,94.81,0.6027,-1,-1,-1
744,258,238.30,151.47,31.17,140.19,0.5588,-1,-1,-1
744,259,48.47,101.69,92.39,246.99,0.8552,-1,-1,-1
745,188,396.71,0.90,232.23,472.78,0.9241,-1,-1,-1
745,226,153.74,82.04,96.44,324.38,0.8716,-1,-1,-1
745,237,307.31,101.65,92.18,293.29,0.8201,-1,-1,-1
745,254,262.34,160.41,49.53,138.02,0.6844,-1,-1,-1
745,255,8.96,173.38,33.12,94.85,0.3521,-1,-1,-1
745,258,240.65,149.66,31.71,140.45,0.6226,-1,-1,-1
745,259,25.80,96.60,108.81,260.92,0.8605,-1,-1,-1
745,262,122.85,133.67,45.94,175.29,0.7100,-1,-1,-1
746,188,391.84,-0.72,248.42,474.16,0.9075,-1,-1,-1
746,226,157.26,85.42,101.74,325.29,0.8748,-1,-1,-1
746,237,307.53,137.57,97.51,264.01,0.7916,-1,-1,-1
746,254,266.87,160.34,52.92,138.15,0.5295,-1,-1,-1
746,258,245.76,154.61,32.37,134.28,0.5038,-1,-1,-1
746,259,6.32,95.97,120.06,281.08,0.8706,-1,-1,-1
746,262,115.29,132.93,60.21,183.30,0.8623,-1,-1,-1
747,188,390.04,-0.76,250.30,475.21,0.8953,-1,-1,-1
747,226,161.37,84.61,100.24,327.90,0.8681,-1,-1,-1
747,237,309.46,117.45,95.97,288.22,0.8500,-1,-1,-1
747,254,266.60,158.43,54.34,139.22,0.6861,-1,-1,-1
747,258,249.63,153.78,29.53,128.10,0.3050,-1,-1,-1
747,259,-1.76,88.49,118.66,296.37,0.8908,-1,-1,-1
747,262,112.07,127.66,64.28,190.26,0.8161,-1,-1,-1
748,188,391.10,-0.63,250.60,477.96,0.9187,-1,-1,-1
748,226,163.49,87.35,102.05,333.12,0.8677,-1,-1,-1
748,237,313.77,111.07,92.74,297.92,0.8369,-1,-1,-1
748,254,269.73,159.88,53.41,140.66,0.6636,-1,-1,-1
748,258,251.50,154.02,31.37,112.20,0.4607,-1,-1,-1
748,259,-5.51,78.81,105.53,313.86,0.8864,-1,-1,-1
748,262,111.27,124.16,63.60,198.25,0.8230,-1,-1,-1
749,188,394.64,1.81,246.92,479.78,0.9208,-1,-1,-1
749,226,165.48,93.14,103.25,336.86,0.8554,-1,-1,-1
749,237,318.60,111.67,93.46,299.67,0.7916,-1,-1,-1
749,254,273.75,166.30,53.20,139.33,0.6495,-1,-1,-1
749,258,253.13,156.73,36.67,131.71,0.5104,-1,-1,-1
749,259,-4.15,68.97,92.07,330.35,0.8906,-1,-1,-1
749,262,109.19,121.84,65.24,208.21,0.8595,-1,-1,-1
750,188,405.30,0.37,237.20,480.48,0.9128,-1,-1,-1
750,226,172.33,91.57,102.24,331.88,0.8700,-1,-1,-1
750,237,326.90,106.83,89.04,293.21,0.8453,-1,-1,-1
750,254,282.05,164.37,52.99,139.86,0.7229,-1,-1,-1
750,258,259.23,153.39,38.19,137.86,0.6271,-1,-1,-1
750,259,-1.73,50.95,81.71,360.51,0.8680,-1,-1,-1
750,262,108.89,113.39,66.68,216.84,0.8589,-1,-1,-1
751,188,414.54,-0.98,226.44,480.50,0.9105,-1,-1,-1
751,226,179.90,87.02,88.05,327.42,0.8319,-1,-1,-1
751,237,335.11,98.71,86.09,292.15,0.8079,-1,-1,-1
751,254,290.38,159.61,50.67,135.65,0.7311,-1,-1,-1
751,258,264.43,146.83,40.71,142.09,0.7273,-1,-1,-1
751,259,-0.48,33.13,73.65,371.46,0.7753,-1,-1,-1
751,262,104.30,104.21,76.98,222.67,0.8693,-1,-1,-1
752,188,421.15,0.60,220.63,481.89,0.9187,-1,-1,-1
752,226,186.42,85.50,95.48,312.57,0.8905,-1,-1,-1
752,237,339.20,100.31,87.96,295.49,0.8445,-1,-1,-1
752,254,296.78,160.34,51.48,130.10,0.6199,-1,-1,-1
752,258,271.11,147.23,40.50,137.63,0.6838,-1,-1,-1
752,259,-0.37,11.54,76.79,392.86,0.7307,-1,-1,-1
752,262,98.84,98.49,83.93,234.26,0.8713,-1,-1,-1
753,188,416.65,-0.01,224.98,480.34,0.9175,-1,-1,-1
753,226,188.50,83.22,98.31,309.18,0.8959,-1,-1,-1
753,237,341.14,100.90,91.86,297.11,0.8251,-1,-1,-1
753,254,303.64,158.68,49.11,126.10,0.4139,-1,-1,-1
753,258,275.16,148.45,40.13,131.78,0.7478,-1,-1,-1
753,259,-1.85,47.27,78.08,355.70,0.4494,-1,-1,-1
753,262,92.35,93.23,90.51,245.32,0.8779,-1,-1,-1
754,188,416.70,-0.62,228.79,481.89,0.9184,-1,-1,-1
754,226,194.87,83.27,100.24,313.51,0.8758,-1,-1,-1
754,237,347.14,103.77,94.83,301.01,0.7779,-1,-1,-1
754,254,318.03,159.57,42.97,113.13,0.4955,-1,-1,-1
754,258,283.27,148.72,40.82,136.67,0.7229,-1,-1,-1
754,262,80.98,89.21,102.43,263.57,0.8932,-1,-1,-1
755,188,424.22,-0.07,220.23,479.47,0.9133,-1,-1,-1
755,226,200.49,85.32,97.05,313.04,0.8660,-1,-1,-1
755,237,348.71,102.67,95.66,299.55,0.8343,-1,-1,-1
755,254,325.87,160.33,37.74,107.13,0.4093,-1,-1,-1
755,258,286.10,150.72,41.57,134.36,0.7337,-1,-1,-1
755,262,72.27,84.80,109.55,273.63,0.9011,-1,-1,-1
755,263,31.53,167.77,40.14,88.45,0.5965,-1,-1,-1
756,188,454.90,-1.26,191.40,481.97,0.9030,-1,-1,-1
756,226,209.32,87.12,93.37,317.27,0.8661,-1,-1,-1
756,237,351.79,98.22,98.37,306.07,0.7152,-1,-1,-1
756,254,331.52,160.36,37.71,109.58,0.3654,-1,-1,-1
756,258,292.80,150.44,38.35,134.47,0.7259,-1,-1,-1
756,262,65.34,77.99,114.37,294.40,0.9012,-1,-1,-1
756,263,38.07,170.11,33.62,87.90,0.5863,-1,-1,-1
756,261,0.21,155.46,28.33,123.85,0.7069,-1,-1,-1
757,188,482.14,-2.00,168.12,484.75,0.9004,-1,-1,-1
757,226,207.83,90.22,101.06,318.71,0.8613,-1,-1,-1
757,237,354.23,95.41,100.60,306.99,0.8068,-1,-1,-1
757,254,332.52,159.90,39.78,112.87,0.3766,-1,-1,-1
757,258,297.04,150.58,39.06,133.90,0.7463,-1,-1,-1
757,262,52.46,70.54,121.46,315.75,0.8887,-1,-1,-1
758,226,215.77,85.29,90.57,321.21,0.8679,-1,-1,-1
758,237,352.44,93.44,96.61,305.18,0.7988,-1,-1,-1
758,254,325.39,159.53,45.01,114.09,0.3913,-1,-1,-1
758,258,300.43,147.07,32.46,131.31,0.5371,-1,-1,-1
758,262,43.37,50.48,117.60,338.05,0.8993,-1,-1,-1
759,226,207.74,89.04,99.37,304.27,0.8748,-1,-1,-1
759,237,352.17,96.21,94.21,299.53,0.7741,-1,-1,-1
759,258,302.95,150.03,31.98,131.77,0.5894,-1,-1,-1
759,262,25.93,40.68,126.68,351.98,0.9099,-1,-1,-1
759,267,191.71,162.76,31.93,116.83,0.3868,-1,-1,-1
759,188,481.89,5.30,158.16,482.28,0.4049,-1,-1,-1
760,226,203.31,85.11,104.23,296.72,0.8701,-1,-1,-1
760,237,348.52,93.11,96.13,299.01,0.8232,-1,-1,-1
760,258,304.10,146.19,30.83,129.75,0.5511,-1,-1,-1
760,262,7.73,27.48,133.55,366.60,0.9173,-1,-1,-1
760,267,183.87,162.10,41.28,118.30,0.5218,-1,-1,-1
760,188,487.84,3.33,147.25,476.54,0.5897,-1,-1,-1
760,256,133.85,180.59,22.20,67.43,0.5833,-1,-1,-1
761,226,206.14,84.22,103.81,293.95,0.8709,-1,-1,-1
761,237,348.38,96.13,94.57,298.60,0.8531,-1,-1,-1
761,258,307.03,151.60,30.41,121.97,0.5028,-1,-1,-1
761,262,3.24,14.01,120.39,382.96,0.9316,-1,-1,-1
761,267,180.94,161.04,40.22,120.66,0.5951,-1,-1,-1
761,188,497.51,3.01,134.47,472.30,0.8404,-1,-1,-1
761,256,132.20,179.62,23.55,67.37,0.6411,-1,-1,-1
762,226,190.98,81.19,124.49,297.71,0.8664,-1,-1,-1
762,237,350.89,93.77,95.58,301.53,0.8572,-1,-1,-1
762,258,309.81,147.01,28.42,123.04,0.6109,-1,-1,-1
762,262,-0.85,3.05,111.01,397.42,0.9148,-1,-1,-1
762,267,177.34,156.05,41.05,121.68,0.6117,-1,-1,-1
762,188,492.37,-0.32,144.01,473.61,0.8876,-1,-1,-1
762,256,130.91,176.07,25.39,68.64,0.5872,-1,-1,-1
762,268,108.25,175.25,20.46,72.56,0.4043,-1,-1,-1
763,226,188.64,75.35,127.40,301.10,0.8906,-1,-1,-1
763,237,351.10,84.18,95.56,300.85,0.8568,-1,-1,-1
763,258,308.02,136.15,29.62,120.24,0.5841,-1,-1,-1
763,262,-3.38,12.29,93.74,388.21,0.8851,-1,-1,-1
763,267,168.87,144.16,39.68,125.21,0.6856,-1,-1,-1
763,188,470.34,-3.31,166.78,474.35,0.8828,-1,-1,-1
763,256,126.46,166.24,25.53,70.97,0.6760,-1,-1,-1
763,269,81.51,160.90,39.93,82.94,0.7028,-1,-1,-1
764,226,198.74,83.23,120.58,304.22,0.8774,-1,-1,-1
764,237,354.70,89.70,94.60,297.84,0.8298,-1,-1,-1
764,258,308.39,140.17,32.24,121.19,0.6037,-1,-1,-1
764,262,-5.40,22.30,76.27,393.39,0.7966,-1,-1,-1
764,267,161.58,149.63,40.99,125.84,0.7277,-1,-1,-1
764,188,459.30,-0.70,181.98,457.28,0.7820,-1,-1,-1
764,256,123.65,171.81,26.04,71.47,0.6277,-1,-1,-1
764,269,82.38,164.57,39.31,86.00,0.6884,-1,-1,-1
764,270,52.12,158.22,40.35,93.01,0.5036,-1,-1,-1
765,226,210.82,89.62,113.47,300.37,0.8729,-1,-1,-1
765,237,358.30,93.36,96.41,291.89,0.8521,-1,-1,-1
765,258,310.73,145.28,34.60,118.93,0.6672,-1,-1,-1
765,267,151.15,155.79,49.38,125.67,0.7891,-1,-1,-1
765,188,455.57,1.80,187.22,467.96,0.8640,-1,-1,-1
765,256,125.81,177.37,25.26,72.27,0.6270,-1,-1,-1
765,269,92.45,169.67,32.85,85.81,0.6513,-1,-1,-1
765,270,58.99,162.73,41.31,95.45,0.6680,-1,-1,-1
765,271,199.35,156.24,32.00,114.93,0.5972,-1,-1,-1
766,226,219.65,88.25,103.22,301.67,0.8903,-1,-1,-1
766,237,359.20,92.58,95.35,291.73,0.7787,-1,-1,-1
766,258,310.45,147.01,31.92,119.80,0.6269,-1,-1,-1
766,267,141.40,155.38,53.63,127.86,0.8341,-1,-1,-1
766,188,454.33,1.02,187.18,474.95,0.8748,-1,-1,-1
766,256,123.70,177.16,23.28,73.09,0.6237,-1,-1,-1
766,269,94.82,167.25,28.97,89.08,0.6800,-1,-1,-1
766,270,60.87,163.99,39.79,95.03,0.6305,-1,-1,-1
766,271,198.48,156.41,33.34,118.57,0.6872,-1,-1,-1
767,226,225.60,81.68,92.34,295.06,0.8888,-1,-1,-1
767,237,355.89,91.13,95.60,296.28,0.8013,-1,-1,-1
767,258,310.45,146.57,32.30,119.72,0.3977,-1,-1,-1
767,267,129.18,153.09,57.01,128.27,0.8200,-1,-1,-1
767,188,455.65,0.43,183.43,479.58,0.9002,-1,-1,-1
767,269,92.43,163.01,25.78,90.94,0.4849,-1,-1,-1
767,270,57.33,159.28,36.30,96.80,0.6107,-1,-1,-1
767,271,189.72,151.70,39.18,124.33,0.8000,-1,-1,-1
768,226,226.08,82.57,89.77,291.37,0.8776,-1,-1,-1
768,237,352.68,94.24,96.49,301.33,0.7914,-1,-1,-1
768,267,120.42,156.40,58.04,127.91,0.7991,-1,-1,-1
768,188,455.59,1.81,183.08,480.63,0.8853,-1,-1,-1
768,269,91.65,164.41,31.20,92.48,0.4539,-1,-1,-1
768,270,52.24,160.95,35.60,98.40,0.6336,-1,-1,-1
768,271,184.96,154.53,41.60,127.06,0.8360,-1,-1,-1
769,226,227.36,83.34,87.61,294.23,0.8832,-1,-1,-1
769,237,352.86,97.31,94.03,305.10,0.7838,-1,-1,-1
769,267,115.16,154.58,50.49,131.02,0.7311,-1,-1,-1
769,188,461.59,2.19,177.89,482.26,0.8707,-1,-1,-1
769,269,89.48,165.25,29.65,93.30,0.4952,-1,-1,-1
769,270,53.45,160.04,31.57,100.41,0.6640,-1,-1,-1
769,271,182.85,154.44,44.35,130.71,0.8509,-1,-1,-1
769,263,54.45,161.29,30.96,100.02,0.6640,-1,-1,-1
770,226,227.10,83.05,91.45,296.34,0.8887,-1,-1,-1
770,237,351.94,93.82,96.39,305.87,0.7906,-1,-1,-1
770,267,109.70,152.61,46.43,131.08,0.5589,-1,-1,-1
770,188,471.85,-0.93,170.68,481.11,0.8337,-1,-1,-1
770,269,88.68,163.59,27.11,94.50,0.4012,-1,-1,-1
770,270,53.46,159.63,34.33,101.29,0.6322,-1,-1,-1
770,271,180.44,152.38,47.70,133.19,0.8414,-1,-1,-1
770,263,54.47,160.13,34.36,101.06,0.6322,-1,-1,-1
771,226,221.70,86.93,93.79,300.63,0.8723,-1,-1,-1
771,237,348.11,92.31,93.94,305.43,0.8289,-1,-1,-1
771,267,98.63,152.57,41.71,134.28,0.5620,-1,-1,-1
771,188,492.43,-2.28,151.29,479.57,0.8525,-1,-1,-1
771,269,80.69,162.26,30.82,98.13,0.4956,-1,-1,-1
771,270,46.76,159.89,36.30,103.82,0.6891,-1,-1,-1
771,271,168.87,150.15,51.85,139.71,0.8295,-1,-1,-1
771,263,47.55,160.10,36.73,103.65,0.6891,-1,-1,-1
772,226,214.11,87.64,99.00,299.15,0.8942,-1,-1,-1
772,237,344.64,90.78,91.89,298.33,0.8183,-1,-1,-1
772,267,83.91,150.80,47.94,134.90,0.7208,-1,-1,-1
772,188,494.39,-3.62,148.47,478.73,0.8111,-1,-1,-1
772,270,44.42,156.45,37.58,105.06,0.6397,-1,-1,-1
772,271,162.58,145.29,53.87,142.36,0.8305,-1,-1,-1
772,263,45.00,156.57,38.13,104.94,0.6397,-1,-1,-1
773,226,212.57,87.68,98.85,296.92,0.8933,-1,-1,-1
773,237,340.00,86.77,95.60,295.19,0.8622,-1,-1,-1
773,267,71.96,149.72,48.13,135.12,0.7851,-1,-1,-1
773,188,495.33,-3.86,147.61,479.58,0.7814,-1,-1,-1
773,270,41.41,154.46,38.34,104.72,0.6603,-1,-1,-1
773,271,150.83,140.21,60.45,147.63,0.8440,-1,-1,-1
773,263,41.80,154.51,38.90,104.69,0.6603,-1,-1,-1
774,226,217.70,87.75,95.55,290.06,0.8901,-1,-1,-1
774,237,337.29,87.20,96.83,295.12,0.8523,-1,-1,-1
774,267,65.05,149.99,49.57,135.58,0.6564,-1,-1,-1
774,188,496.19,1.12,146.10,476.06,0.8340,-1,-1,-1
774,270,43.81,156.85,38.59,97.87,0.4106,-1,-1,-1
774,271,151.36,137.30,56.39,153.69,0.8319,-1,-1,-1
774,263,44.11,156.85,39.12,97.94,0.4106,-1,-1,-1
775,226,216.46,87.96,97.97,280.48,0.8728,-1,-1,-1
775,237,337.05,88.57,94.99,297.61,0.7928,-1,-1,-1
775,267,63.31,152.67,44.93,134.02,0.4725,-1,-1,-1
775,188,523.52,0.75,116.69,460.85,0.4046,-1,-1,-1
775,270,44.26,155.62,39.06,106.18,0.4499,-1,-1,-1
775,271,151.00,137.57,54.07,158.67,0.8506,-1,-1,-1
775,263,44.59,155.63,39.51,106.15,0.4499,-1,-1,-1
776,226,213.68,89.54,101.19,278.05,0.8737,-1,-1,-1
776,237,336.97,93.68,92.68,299.22,0.8494,-1,-1,-1
776,267,47.87,153.32,49.64,134.97,0.6256,-1,-1,-1
776,188,503.92,2.19,134.24,470.67,0.8038,-1,-1,-1
776,271,145.80,139.44,54.76,161.42,0.8254,-1,-1,-1
776,263,45.12,154.23,47.65,125.36,0.6256,-1,-1,-1
776,273,419.49,22.00,161.43,418.45,0.7664,-1,-1,-1
776,274,89.20,170.13,35.25,93.92,0.6783,-1,-1,-1
777,226,210.20,91.74,104.82,277.15,0.8751,-1,-1,-1
777,237,335.88,95.79,90.90,299.07,0.8449,-1,-1,-1
777,267,39.89,151.76,50.66,137.09,0.5902,-1,-1,-1
777,188,496.77,2.40,139.12,473.53,0.7796,-1,-1,-1
777,271,142.64,138.59,54.24,165.46,0.8241,-1,-1,-1
777,263,42.81,152.08,50.03,134.10,0.5902,-1,-1,-1
777,273,404.79,30.91,166.83,408.74,0.7671,-1,-1,-1
777,274,92.48,170.48,31.92,93.70,0.6742,-1,-1,-1
778,226,210.11,97.50,109.20,276.83,0.8362,-1,-1,-1
778,237,339.55,97.71,87.10,296.52,0.8543,-1,-1,-1
778,267,31.29,152.97,57.05,137.44,0.8034,-1,-1,-1
778,188,507.96,3.46,125.68,469.70,0.7212,-1,-1,-1
778,271,136.52,136.77,59.79,171.32,0.8295,-1,-1,-1
778,273,404.84,29.52,158.02,417.61,0.8395,-1,-1,-1
778,274,93.48,166.61,37.90,99.33,0.6576,-1,-1,-1
779,226,227.28,105.77,98.27,273.86,0.8118,-1,-1,-1
779,237,346.22,99.71,86.21,276.41,0.6087,-1,-1,-1
779,267,28.00,157.02,58.13,136.66,0.8390,-1,-1,-1
779,188,506.68,7.71,127.21,466.02,0.7673,-1,-1,-1
779,271,139.47,135.62,58.91,177.33,0.8332,-1,-1,-1
779,273,411.86,28.56,147.95,440.19,0.8520,-1,-1,-1
779,274,105.08,168.25,32.33,101.24,0.7556,-1,-1,-1
779,276,209.53,141.23,46.72,177.82,0.7156,-1,-1,-1
779,270,73.34,162.25,28.98,107.55,0.6241,-1,-1,-1
780,226,234.04,108.15,93.96,269.91,0.8383,-1,-1,-1
780,237,348.83,97.44,85.16,278.66,0.5777,-1,-1,-1
780,267,22.80,157.14,60.62,137.38,0.7956,-1,-1,-1
780,188,496.13,4.90,138.04,468.72,0.8511,-1,-1,-1
780,271,134.67,132.27,64.74,181.88,0.8553,-1,-1,-1
780,273,415.97,23.14,126.78,448.36,0.7422,-1,-1,-1
780,274,108.96,166.74,31.59,104.35,0.7884,-1,-1,-1
780,276,213.49,137.32,45.70,185.41,0.7390,-1,-1,-1
780,270,75.47,161.27,29.04,109.83,0.6249,-1,-1,-1
781,226,237.86,105.24,92.21,263.60,0.8494,-1,-1,-1
781,237,350.57,96.30,79.54,217.89,0.4691,-1,-1,-1
781,267,20.80,154.61,59.92,138.19,0.7544,-1,-1,-1
781,188,472.68,3.95,158.93,466.22,0.8809,-1,-1,-1
781,271,130.18,127.31,67.93,190.45,0.8483,-1,-1,-1
781,273,394.66,19.02,130.70,449.91,0.7397,-1,-1,-1
781,274,111.70,164.65,26.46,103.62,0.6525,-1,-1,-1
781,276,211.55,130.85,47.56,195.55,0.7592,-1,-1,-1
781,270,74.49,159.85,37.49,110.61,0.6677,-1,-1,-1
782,226,242.73,104.17,88.73,262.34,0.8648,-1,-1,-1
782,267,14.32,152.56,58.38,142.29,0.8252,-1,-1,-1
782,188,456.95,3.42,177.26,471.53,0.8584,-1,-1,-1
782,271,119.32,125.93,76.12,197.68,0.8523,-1,-1,-1
782,273,391.50,23.02,114.86,443.74,0.6734,-1,-1,-1
782,274,111.12,166.62,23.65,102.93,0.3448,-1,-1,-1
782,276,203.63,126.40,55.87,205.34,0.8017,-1,-1,-1
782,270,73.92,159.85,42.62,112.57,0.7231,-1,-1,-1
783,226,249.29,104.56,83.99,256.85,0.8775,-1,-1,-1
783,267,9.56,152.96,54.97,144.22,0.7776,-1,-1,-1
783,188,451.07,1.25,187.59,473.46,0.7694,-1,-1,-1
783,271,112.36,125.79,82.21,206.23,0.8759,-1,-1,-1
783,273,389.08,25.58,113.63,444.86,0.6832,-1,-1,-1
783,276,200.12,122.60,60.56,212.21,0.8245,-1,-1,-1
783,270,75.55,161.84,45.36,113.39,0.7119,-1,-1,-1
783,237,347.83,132.93,79.67,278.22,0.4218,-1,-1,-1
784,226,255.45,107.47,78.81,255.84,0.8702,-1,-1,-1
784,267,6.63,153.99,51.29,147.24,0.7195,-1,-1,-1
784,188,452.78,1.55,186.57,476.65,0.8209,-1,-1,-1
784,271,107.52,124.56,80.72,216.23,0.8491,-1,-1,-1
784,273,363.84,29.85,126.25,429.35,0.8029,-1,-1,-1
784,276,194.80,120.84,66.54,219.89,0.8447,-1,-1,-1
784,270,76.97,160.59,41.97,117.80,0.6685,-1,-1,-1
785,226,256.15,109.16,73.10,257.75,0.8588,-1,-1,-1
785,267,-1.26,154.65,42.94,147.84,0.6555,-1,-1,-1
785,188,459.92,1.32,179.29,456.66,0.6797,-1,-1,-1
785,271,93.57,118.29,85.11,228.98,0.8822,-1,-1,-1
785,273,354.54,31.24,131.49,443.63,0.8128,-1,-1,-1
785,276,183.61,115.97,75.08,230.97,0.8672,-1,-1,-1
786,226,253.51,114.94,71.59,253.66,0.8606,-1,-1,-1
786,267,-3.67,152.43,28.34,149.25,0.5802,-1,-1,-1
786,188,474.46,1.07,164.00,454.26,0.7072,-1,-1,-1
786,271,71.76,110.06,93.63,239.89,0.8668,-1,-1,-1
786,273,348.03,33.25,131.02,433.74,0.5814,-1,-1,-1
786,276,167.39,112.75,80.96,243.01,0.8602,-1,-1,-1
787,226,254.85,118.97,69.51,250.71,0.8658,-1,-1,-1
787,188,490.49,0.31,149.72,473.00,0.6826,-1,-1,-1
787,271,57.26,105.14,99.39,248.97,0.8460,-1,-1,-1
787,273,343.04,33.08,150.97,428.81,0.7679,-1,-1,-1
787,276,156.29,110.92,87.94,251.86,0.8727,-1,-1,-1
787,278,9.76,167.86,31.74,106.22,0.4065,-1,-1,-1
788,226,253.58,119.02,70.95,251.28,0.8255,-1,-1,-1
788,188,500.41,-0.76,140.46,480.33,0.7143,-1,-1,-1
788,271,40.56,99.14,106.02,265.45,0.8593,-1,-1,-1
788,273,335.32,32.41,177.01,435.17,0.8435,-1,-1,-1
788,276,141.89,105.65,94.91,270.82,0.8489,-1,-1,-1
788,278,0.48,167.64,36.50,108.16,0.4555,-1,-1,-1
788,280,457.72,27.19,77.16,423.63,0.4993,-1,-1,-1
789,226,249.79,118.58,71.89,244.95,0.8357,-1,-1,-1
789,188,501.34,-0.93,140.74,482.42,0.8091,-1,-1,-1
789,271,17.59,97.23,115.70,279.15,0.8862,-1,-1,-1
789,273,324.46,39.01,144.40,438.98,0.6489,-1,-1,-1
789,276,128.11,101.02,95.05,288.87,0.8386,-1,-1,-1
789,280,438.59,28.35,99.49,429.39,0.7528,-1,-1,-1
790,226,242.22,121.92,78.30,237.84,0.8172,-1,-1,-1
790,188,498.16,-1.38,145.53,456.36,0.7197,-1,-1,-1
790,271,-0.24,97.84,117.83,297.71,0.8830,-1,-1,-1
790,273,315.42,45.20,165.23,438.69,0.8258,-1,-1,-1
790,276,116.53,96.54,92.67,306.64,0.8756,-1,-1,-1
790,280,431.38,35.81,107.64,428.42,0.7788,-1,-1,-1
791,226,235.21,123.51,82.34,231.24,0.8092,-1,-1,-1
791,188,493.64,-1.22,149.16,473.66,0.8342,-1,-1,-1
791,271,-6.53,91.57,116.25,320.50,0.8859,-1,-1,-1
791,273,309.30,52.40,154.87,431.08,0.8477,-1,-1,-1
791,276,104.08,87.63,93.68,321.13,0.8659,-1,-1,-1
791,280,428.79,42.28,107.88,428.59,0.8007,-1,-1,-1
792,226,229.16,128.75,83.79,238.03,0.7828,-1,-1,-1
792,188,494.36,1.58,148.48,477.26,0.7582,-1,-1,-1
792,271,-8.68,83.41,100.62,340.73,0.8756,-1,-1,-1
792,273,305.58,59.08,148.56,424.52,0.7201,-1,-1,-1
792,276,81.97,80.99,103.71,340.19,0.8893,-1,-1,-1
792,280,419.15,49.34,116.01,425.06,0.8247,-1,-1,-1
792,283,193.10,194.38,29.36,88.89,0.6562,-1,-1,-1
793,226,222.03,128.12,88.37,242.96,0.7041,-1,-1,-1
793,188,504.61,-2.19,140.79,483.39,0.8550,-1,-1,-1
793,271,-9.54,65.78,84.70,362.26,0.8354,-1,-1,-1
793,273,300.33,57.28,176.55,407.70,0.7051,-1,-1,-1
793,276,33.79,67.88,137.75,371.66,0.8864,-1,-1,-1
793,280,415.68,44.03,122.22,406.69,0.8419,-1,-1,-1
793,283,186.13,192.33,29.36,88.52,0.4322,-1,-1,-1
794,226,219.73,122.66,84.64,238.37,0.8028,-1,-1,-1
794,188,516.96,-3.20,126.12,484.45,0.8634,-1,-1,-1
794,271,-6.49,63.22,63.45,363.04,0.7202,-1,-1,-1
794,273,295.64,50.42,145.34,395.14,0.6649,-1,-1,-1
794,276,5.62,48.44,149.77,396.51,0.8840,-1,-1,-1
794,280,407.23,32.78,131.80,409.37,0.8687,-1,-1,-1
794,283,180.41,180.30,31.04,91.51,0.5594,-1,-1,-1
795,226,218.19,125.89,78.99,221.25,0.7989,-1,-1,-1
795,188,521.09,1.66,119.62,486.46,0.7878,-1,-1,-1
795,273,292.77,57.64,134.97,394.32,0.8328,-1,-1,-1
795,276,-6.28,32.03,134.88,439.90,0.8635,-1,-1,-1
795,280,402.95,34.54,131.15,407.40,0.8373,-1,-1,-1
795,283,171.73,180.78,41.76,94.12,0.6836,-1,-1,-1
795,284,128.90,171.47,33.03,99.61,0.7731,-1,-1,-1
796,226,219.12,130.11,78.26,218.75,0.8246,-1,-1,-1
796,188,525.58,4.74,113.47,478.33,0.7051,-1,-1,-1
796,273,291.79,67.10,156.80,388.24,0.6723,-1,-1,-1
796,276,-5.02,21.53,118.39,451.33,0.6749,-1,-1,-1
796,280,405.58,41.34,126.36,403.49,0.8693,-1,-1,-1
796,283,173.00,185.35,34.96,94.53,0.3578,-1,-1,-1
796,284,123.82,176.22,37.37,99.43,0.7288,-1,-1,-1
797,226,224.63,122.62,69.25,219.66,0.8218,-1,-1,-1
797,188,537.29,1.50,98.92,473.54,0.7916,-1,-1,-1
797,273,285.35,64.29,136.47,391.79,0.7083,-1,-1,-1
797,276,-4.11,0.52,92.46,450.09,0.4748,-1,-1,-1
797,280,398.63,37.57,127.73,404.63,0.8337,-1,-1,-1
797,283,169.75,180.26,27.87,95.76,0.6565,-1,-1,-1
797,284,113.23,170.55,43.80,100.31,0.7005,-1,-1,-1
798,226,229.33,122.11,64.91,221.01,0.8269,-1,-1,-1
798,188,518.80,5.64,116.97,465.75,0.8704,-1,-1,-1
798,273,281.48,66.98,132.86,391.05,0.5924,-1,-1,-1
798,276,-0.14,4.32,65.66,356.26,0.5404,-1,-1,-1
798,280,401.07,38.95,122.68,406.40,0.8097,-1,-1,-1
798,283,167.49,180.69,30.15,96.17,0.4991,-1,-1,-1
798,284,111.76,171.41,45.47,102.01,0.7242,-1,-1,-1
798,285,70.89,160.53,32.84,120.52,0.6978,-1,-1,-1
799,226,229.90,122.64,63.61,220.69,0.7968,-1,-1,-1
799,188,489.62,2.94,146.58,464.42,0.8831,-1,-1,-1
799,273,279.76,65.75,132.42,391.54,0.6035,-1,-1,-1
799,280,384.10,39.18,137.66,376.51,0.7130,-1,-1,-1
799,283,165.38,179.57,35.03,98.42,0.5636,-1,-1,-1
799,284,107.99,170.42,48.25,104.85,0.6967,-1,-1,-1
799,285,69.10,159.50,34.57,122.42,0.7416,-1,-1,-1
800,226,227.28,122.01,61.59,217.40,0.8179,-1,-1,-1
800,188,461.60,0.20,173.89,463.76,0.8524,-1,-1,-1
800,273,273.04,58.25,163.58,367.64,0.7774,-1,-1,-1
800,280,391.17,32.58,122.79,376.38,0.8368,-1,-1,-1
800,283,158.91,173.94,40.98,101.17,0.7275,-1,-1,-1
800,284,99.97,164.51,49.37,107.60,0.7194,-1,-1,-1
800,285,63.27,155.18,36.14,123.45,0.7692,-1,-1,-1
800,287,25.80,147.45,42.17,93.86,0.4695,-1,-1,-1
800,288,208.27,181.08,25.09,80.28,0.6094,-1,-1,-1
801,226,227.89,128.78,58.36,220.73,0.8147,-1,-1,-1
801,188,448.78,2.47,190.07,468.19,0.5289,-1,-1,-1
801,273,272.34,58.80,184.38,376.19,0.7730,-1,-1,-1
801,280,395.93,33.78,113.67,394.38,0.7897,-1,-1,-1
801,283,156.27,178.04,40.77,102.84,0.7007,-1,-1,-1
801,284,95.57,167.41,38.04,110.37,0.6795,-1,-1,-1
801,285,59.25,159.30,35.39,124.80,0.7532,-1,-1,-1
801,287,21.77,151.19,43.63,132.09,0.3721,-1,-1,-1
801,288,203.12,187.19,29.78,79.19,0.3711,-1,-1,-1
802,226,230.45,131.72,57.19,215.06,0.7780,-1,-1,-1
802,188,449.89,2.64,192.40,468.17,0.6443,-1,-1,-1
802,273,273.16,58.33,152.87,374.87,0.6421,-1,-1,-1
802,280,398.57,32.29,110.70,398.29,0.7722,-1,-1,-1
802,283,156.56,177.70,44.33,106.27,0.6909,-1,-1,-1
802,284,90.96,165.86,33.16,114.91,0.6495,-1,-1,-1
802,285,58.16,160.02,35.73,125.83,0.7407,-1,-1,-1
802,288,201.61,187.78,31.54,82.07,0.6464,-1,-1,-1
803,226,233.36,132.93,52.28,198.80,0.8253,-1,-1,-1
803,188,456.71,3.90,185.80,473.75,0.7033,-1,-1,-1
803,273,275.61,59.84,132.32,380.52,0.5181,-1,-1,-1
803,280,400.19,34.20,108.17,400.86,0.7406,-1,-1,-1
803,283,156.83,179.28,41.25,108.60,0.6407,-1,-1,-1
803,284,89.38,166.51,29.61,113.91,0.5813,-1,-1,-1
803,285,57.58,160.02,37.62,128.35,0.6995,-1,-1,-1
803,288,200.66,189.50,31.92,83.32,0.7166,-1,-1,-1
804,226,236.90,134.42,56.05,201.97,0.7591,-1,-1,-1
804,188,473.91,3.65,172.14,479.88,0.7651,-1,-1,-1
804,273,282.91,62.71,175.88,388.26,0.8154,-1,-1,-1
804,280,411.67,34.64,122.72,408.61,0.7350,-1,-1,-1
804,283,161.26,181.92,37.16,111.00,0.5466,-1,-1,-1
804,284,91.37,167.57,28.20,117.21,0.4913,-1,-1,-1
804,285,60.87,161.52,37.94,130.48,0.6994,-1,-1,-1
804,288,205.21,190.87,29.78,85.30,0.5897,-1,-1,-1
804,287,25.12,151.58,42.41,124.22,0.5080,-1,-1,-1
805,226,240.76,130.15,60.28,205.53,0.7965,-1,-1,-1
805,188,491.87,0.37,155.30,458.07,0.6307,-1,-1,-1
805,273,291.04,58.76,195.33,402.29,0.7757,-1,-1,-1
805,280,422.39,31.92,116.89,422.88,0.8374,-1,-1,-1
805,283,163.87,177.56,34.91,113.78,0.6055,-1,-1,-1
805,285,65.17,156.64,49.05,131.83,0.4777,-1,-1,-1
805,288,208.50,185.98,30.98,87.61,0.7194,-1,-1,-1
805,287,27.72,145.26,40.12,131.97,0.4518,-1,-1,-1
806,226,243.55,130.85,68.08,207.01,0.8286,-1,-1,-1
806,188,513.08,0.72,134.87,332.07,0.5357,-1,-1,-1
806,273,298.45,61.38,211.73,411.09,0.7557,-1,-1,-1
806,280,430.64,34.47,122.89,431.24,0.8645,-1,-1,-1
806,283,168.29,177.38,34.48,116.19,0.4692,-1,-1,-1
806,285,68.73,158.36,53.26,132.89,0.7547,-1,-1,-1
806,288,213.94,186.39,30.00,89.55,0.7011,-1,-1,-1
806,287,27.63,147.03,47.82,145.80,0.6727,-1,-1,-1
807,226,246.32,131.29,75.81,203.69,0.8378,-1,-1,-1
807,188,536.71,22.53,112.03,279.17,0.5930,-1,-1,-1
807,273,308.15,58.82,221.49,414.63,0.5564,-1,-1,-1
807,280,440.38,36.25,129.25,431.44,0.7531,-1,-1,-1
807,283,172.07,175.97,41.59,119.50,0.7494,-1,-1,-1
807,285,72.58,157.48,54.20,133.96,0.7726,-1,-1,-1
807,288,218.00,186.93,30.09,90.14,0.6869,-1,-1,-1
807,287,29.89,146.32,49.62,150.51,0.6940,-1,-1,-1
808,226,253.27,130.94,76.38,196.65,0.8169,-1,-1,-1
808,188,562.97,73.61,82.75,211.08,0.8124,-1,-1,-1
808,273,319.59,53.76,220.97,412.93,0.8277,-1,-1,-1
808,280,450.31,34.10,132.22,428.06,0.8518,-1,-1,-1
808,283,176.51,172.07,46.57,121.23,0.6957,-1,-1,-1
808,285,77.08,154.75,51.93,133.79,0.7724,-1,-1,-1
808,288,222.12,184.25,28.60,91.48,0.7104,-1,-1,-1
808,287,38.65,142.87,44.60,153.48,0.5857,-1,-1,-1
809,226,264.34,135.87,77.89,196.79,0.8225,-1,-1,-1
809,273,333.97,51.59,226.84,400.44,0.5823,-1,-1,-1
809,280,465.59,31.93,143.33,422.63,0.8498,-1,-1,-1
809,283,185.78,173.57,50.22,123.94,0.8291,-1,-1,-1
809,285,88.93,158.32,44.22,132.22,0.7383,-1,-1,-1
809,288,232.77,186.61,29.37,91.69,0.7390,-1,-1,-1
809,287,53.59,146.31,40.04,151.06,0.6130,-1,-1,-1
810,226,275.45,138.65,73.72,198.82,0.8372,-1,-1,-1
810,273,341.65,50.64,187.24,396.33,0.5950,-1,-1,-1
810,280,472.02,31.01,150.32,415.79,0.8229,-1,-1,-1
810,283,190.93,174.66,52.26,126.34,0.6952,-1,-1,-1
810,285,96.59,158.89,39.29,135.00,0.7193,-1,-1,-1
810,288,238.66,189.17,29.04,90.82,0.7056,-1,-1,-1
810,287,63.43,147.51,39.21,154.40,0.7083,-1,-1,-1
811,226,284.91,133.05,69.17,210.09,0.8329,-1,-1,-1
811,273,355.23,44.08,139.17,403.82,0.6371,-1,-1,-1
811,280,483.79,23.57,150.54,424.65,0.8554,-1,-1,-1
811,283,190.87,170.90,53.98,129.49,0.7771,-1,-1,-1
811,285,99.50,153.13,38.35,138.71,0.5709,-1,-1,-1
811,288,241.75,184.37,30.08,92.90,0.7301,-1,-1,-1
811,287,66.34,146.54,41.40,152.65,0.4475,-1,-1,-1
811,290,269.01,192.14,20.88,84.75,0.7275,-1,-1,-1
812,226,292.56,131.58,65.59,209.50,0.8560,-1,-1,-1
812,273,369.27,43.35,135.93,414.58,0.5601,-1,-1,-1
812,280,485.44,24.38,154.96,433.35,0.7988,-1,-1,-1
812,283,191.49,171.12,54.87,132.82,0.8075,-1,-1,-1
812,285,101.66,150.86,38.84,142.57,0.7222,-1,-1,-1
812,288,243.07,182.06,31.91,96.73,0.6810,-1,-1,-1
812,287,68.75,146.45,40.79,155.85,0.6788,-1,-1,-1
812,290,271.11,192.12,23.28,86.73,0.6393,-1,-1,-1
813,226,297.87,131.48,61.88,210.40,0.8439,-1,-1,-1
813,273,375.91,41.41,136.59,426.68,0.8366,-1,-1,-1
813,280,500.06,28.48,142.49,439.49,0.8172,-1,-1,-1
813,283,189.20,168.91,56.47,137.24,0.8095,-1,-1,-1
813,285,101.38,151.67,41.02,144.14,0.6473,-1,-1,-1
813,288,241.69,180.84,34.67,100.66,0.6285,-1,-1,-1
813,287,57.86,146.41,49.64,154.89,0.6561,-1,-1,-1
813,290,266.87,195.21,28.55,86.38,0.6036,-1,-1,-1
814,226,302.04,130.10,62.63,210.35,0.8484,-1,-1,-1
814,273,370.10,35.94,147.83,438.44,0.6326,-1,-1,-1
814,280,508.57,29.05,134.85,442.30,0.8269,-1,-1,-1
814,283,187.19,163.93,59.44,141.66,0.8224,-1,-1,-1
814,285,102.87,149.28,39.34,145.54,0.6951,-1,-1,-1
814,288,239.14,177.36,38.05,103.81,0.7195,-1,-1,-1
814,287,51.97,141.37,55.26,158.71,0.7027,-1,-1,-1
814,290,268.27,194.67,28.50,86.04,0.6247,-1,-1,-1
815,226,305.90,133.89,62.53,210.80,0.8141,-1,-1,-1
815,273,375.58,29.38,193.51,450.18,0.5833,-1,-1,-1
815,280,514.94,31.22,127.97,442.45,0.8447,-1,-1,-1
815,283,184.75,163.23,61.78,145.39,0.7380,-1,-1,-1
815,285,101.81,149.43,41.01,148.84,0.6481,-1,-1,-1
815,288,239.80,179.09,36.95,105.38,0.6948,-1,-1,-1
815,287,50.15,143.34,56.44,160.56,0.6788,-1,-1,-1
815,290,269.64,195.37,27.85,88.17,0.6758,-1,-1,-1
816,226,310.39,134.95,59.06,210.25,0.7716,-1,-1,-1
816,273,381.00,24.87,158.33,453.44,0.6184,-1,-1,-1
816,280,519.22,27.36,123.42,430.38,0.8724,-1,-1,-1
816,283,178.04,159.50,65.45,149.46,0.6936,-1,-1,-1
816,285,99.92,148.29,41.74,148.62,0.6813,-1,-1,-1
816,288,237.72,175.46,36.66,108.92,0.7368,-1,-1,-1
816,287,55.85,140.29,50.46,160.43,0.5140,-1,-1,-1
816,290,269.31,192.43,26.92,89.92,0.6487,-1,-1,-1
817,226,312.82,134.30,59.92,210.41,0.8110,-1,-1,-1
817,273,382.57,11.22,164.99,458.10,0.7750,-1,-1,-1
817,280,522.17,22.84,120.08,432.63,0.8909,-1,-1,-1
817,283,170.79,156.70,68.77,153.85,0.7540,-1,-1,-1
817,285,97.65,147.10,40.38,149.05,0.6991,-1,-1,-1
817,288,235.21,172.96,37.02,111.13,0.6336,-1,-1,-1
817,287,57.21,137.15,48.30,165.94,0.4886,-1,-1,-1
817,290,268.36,191.50,24.96,88.65,0.6581,-1,-1,-1
818,226,317.29,132.79,61.20,210.53,0.8175,-1,-1,-1
818,273,387.01,7.46,155.82,460.01,0.7817,-1,-1,-1
818,280,527.46,14.14,115.63,439.87,0.7932,-1,-1,-1
818,283,171.57,156.56,67.40,160.02,0.7476,-1,-1,-1
818,285,96.07,146.20,39.98,151.06,0.6997,-1,-1,-1
818,288,232.00,169.80,38.57,114.83,0.7624,-1,-1,-1
818,287,56.20,133.91,46.60,170.15,0.3047,-1,-1,-1
818,290,266.98,188.45,26.64,93.95,0.6980,-1,-1,-1
818,291,288.72,178.12,28.82,91.66,0.7229,-1,-1,-1
818,270,12.52,135.47,56.68,169.01,0.6288,-1,-1,-1
819,226,318.98,131.37,61.52,207.19,0.8320,-1,-1,-1
819,273,401.75,7.37,143.85,461.15,0.8678,-1,-1,-1
819,280,536.07,10.78,105.60,448.64,0.8765,-1,-1,-1
819,283,167.92,157.47,69.33,164.19,0.7688,-1,-1,-1
819,285,93.70,146.28,40.11,153.33,0.7376,-1,-1,-1
819,288,228.52,168.36,39.73,118.41,0.7875,-1,-1,-1
819,287,54.26,133.95,45.62,133.45,0.3313,-1,-1,-1
819,290,265.12,188.60,28.17,97.37,0.6729,-1,-1,-1
819,291,288.98,179.04,29.00,92.36,0.6014,-1,-1,-1
819,270,3.86,138.23,59.98,168.71,0.6854,-1,-1,-1
820,226,314.42,132.10,65.14,208.06,0.8134,-1,-1,-1
820,273,409.04,7.79,151.02,470.58,0.8225,-1,-1,-1
820,280,545.61,11.18,95.24,464.27,0.8722,-1,-1,-1
820,283,153.13,156.22,76.46,173.06,0.7101,-1,-1,-1
820,285,83.31,147.26,42.38,158.66,0.7502,-1,-1,-1
820,288,221.14,170.59,41.49,122.98,0.7666,-1,-1,-1
820,287,44.37,134.83,43.27,122.27,0.4563,-1,-1,-1
820,290,259.59,190.75,28.92,101.12,0.7247,-1,-1,-1
820,291,283.23,182.76,30.08,92.45,0.6237,-1,-1,-1
820,270,-2.49,143.44,53.05,168.13,0.7130,-1,-1,-1
821,226,310.08,129.08,66.58,205.92,0.8111,-1,-1,-1
821,273,410.60,4.23,149.93,475.09,0.8279,-1,-1,-1
821,280,552.65,10.43,85.80,468.48,0.8841,-1,-1,-1
821,283,145.65,148.47,75.27,179.30,0.7620,-1,-1,-1
821,285,76.34,142.11,44.09,158.89,0.7852,-1,-1,-1
821,288,214.86,165.82,41.58,125.98,0.7366,-1,-1,-1
821,287,36.02,128.32,47.39,167.73,0.7292,-1,-1,-1
821,290,253.76,187.29,28.43,103.16,0.6638,-1,-1,-1
821,291,277.82,177.98,30.52,94.50,0.6283,-1,-1,-1
821,270,-1.96,137.00,41.47,170.91,0.7374,-1,-1,-1
822,226,306.31,130.12,75.20,207.12,0.8309,-1,-1,-1
822,273,416.43,3.60,151.87,479.21,0.8646,-1,-1,-1
822,280,563.97,11.09,75.60,472.07,0.8492,-1,-1,-1
822,283,134.35,144.30,77.30,187.97,0.8077,-1,-1,-1
822,285,65.31,140.37,45.60,163.15,0.7584,-1,-1,-1
822,288,206.76,165.53,42.81,129.62,0.7991,-1,-1,-1
822,287,23.58,123.11,45.78,141.02,0.4328,-1,-1,-1
822,290,247.03,188.65,29.20,105.34,0.7183,-1,-1,-1
822,291,270.91,177.45,32.50,97.12,0.6724,-1,-1,-1
823,226,306.98,136.96,80.64,207.44,0.8016,-1,-1,-1
823,273,430.07,3.51,151.36,477.27,0.8610,-1,-1,-1
823,280,575.83,14.03,65.86,470.87,0.7654,-1,-1,-1
823,283,127.82,145.19,81.16,194.13,0.8498,-1,-1,-1
823,285,62.73,142.92,46.52,167.03,0.8113,-1,-1,-1
823,288,204.72,168.50,44.94,134.16,0.7761,-1,-1,-1
823,287,18.90,127.67,47.68,128.39,0.4615,-1,-1,-1
823,290,247.25,187.42,31.00,113.26,0.7197,-1,-1,-1
823,291,271.56,177.17,33.51,103.48,0.6103,-1,-1,-1
823,293,378.93,118.70,69.51,169.23,0.4460,-1,-1,-1
824,226,307.66,136.49,78.87,207.46,0.7804,-1,-1,-1
824,273,441.71,-0.43,160.02,480.67,0.8417,-1,-1,-1
824,280,573.67,7.30,67.01,462.78,0.7237,-1,-1,-1
824,283,116.09,139.24,84.68,202.81,0.8520,-1,-1,-1
824,285,56.07,141.16,46.79,168.59,0.7552,-1,-1,-1
824,288,197.21,164.17,45.89,139.05,0.7694,-1,-1,-1
824,287,9.82,125.39,52.96,175.98,0.6036,-1,-1,-1
824,290,242.07,180.93,33.05,117.54,0.7715,-1,-1,-1
824,291,265.49,174.33,35.06,103.77,0.7255,-1,-1,-1
824,293,379.29,114.30,79.99,264.60,0.6768,-1,-1,-1
825,226,309.66,136.21,78.05,207.24,0.7846,-1,-1,-1
825,273,453.15,-1.93,176.75,482.99,0.8726,-1,-1,-1
825,280,584.21,3.20,56.86,451.91,0.3361,-1,-1,-1
825,283,97.66,136.07,98.00,213.94,0.8588,-1,-1,-1
825,285,48.86,138.40,48.49,172.60,0.7603,-1,-1,-1
825,288,189.12,159.75,48.12,144.29,0.7707,-1,-1,-1
825,287,1.03,121.24,50.21,148.67,0.3734,-1,-1,-1
825,290,236.93,180.10,37.00,121.31,0.7794,-1,-1,-1
825,291,262.38,173.52,35.12,105.69,0.6895,-1,-1,-1
825,293,380.37,112.30,86.86,263.46,0.6565,-1,-1,-1
826,226,310.82,130.86,75.76,205.97,0.8187,-1,-1,-1
826,273,463.69,-3.16,178.14,482.06,0.9117,-1,-1,-1
826,283,84.63,129.92,107.51,225.23,0.8859,-1,-1,-1
826,285,42.41,132.22,50.06,177.25,0.7072,-1,-1,-1
826,288,181.04,152.48,50.54,148.79,0.8047,-1,-1,-1
826,287,-2.66,113.44,50.42,190.35,0.4484,-1,-1,-1
826,290,231.53,174.70,39.00,126.15,0.7514,-1,-1,-1
826,291,260.76,170.18,33.86,105.35,0.6668,-1,-1,-1
826,293,380.86,106.54,89.66,274.32,0.6108,-1,-1,-1
826,295,294.91,170.05,25.99,100.40,0.4955,-1,-1,-1
827,226,309.61,132.39,69.58,204.79,0.8228,-1,-1,-1
827,273,472.46,0.17,170.43,482.91,0.8838,-1,-1,-1
827,283,67.41,125.31,104.67,240.49,0.8634,-1,-1,-1
827,285,29.78,130.15,48.34,182.46,0.6565,-1,-1,-1
827,288,161.12,155.10,59.73,154.79,0.8167,-1,-1,-1
827,290,219.90,178.79,40.41,131.19,0.7626,-1,-1,-1
827,291,252.03,173.80,33.85,108.35,0.6810,-1,-1,-1
827,293,375.32,111.42,92.97,281.31,0.8249,-1,-1,-1
827,295,288.02,174.70,29.21,99.92,0.5311,-1,-1,-1
828,226,312.12,132.40,66.55,203.58,0.8249,-1,-1,-1
828,273,485.71,1.26,157.66,479.51,0.9006,-1,-1,-1
828,283,60.95,118.24,101.83,250.43,0.8622,-1,-1,-1
828,285,25.70,129.42,55.62,184.44,0.6439,-1,-1,-1
828,288,152.76,153.70,64.73,158.20,0.7966,-1,-1,-1
828,290,216.99,177.90,40.05,134.90,0.7901,-1,-1,-1
828,291,249.01,173.32,35.67,109.87,0.7109,-1,-1,-1
828,293,373.80,113.38,96.20,282.70,0.7753,-1,-1,-1
828,295,286.98,175.79,29.62,100.14,0.6275,-1,-1,-1
828,287,-3.61,109.48,36.11,212.37,0.4591,-1,-1,-1
829,226,316.67,130.73,64.70,205.61,0.8093,-1,-1,-1
829,273,504.94,-0.64,141.62,480.58,0.8765,-1,-1,-1
829,283,54.26,111.21,101.74,263.08,0.8518,-1,-1,-1
829,285,20.79,127.25,54.87,187.76,0.7476,-1,-1,-1
829,288,149.56,149.70,63.46,167.36,0.8726,-1,-1,-1
829,290,213.17,175.42,42.99,139.42,0.7391,-1,-1,-1
829,291,245.98,169.26,39.62,115.02,0.6845,-1,-1,-1
829,293,376.53,112.51,102.59,285.92,0.7836,-1,-1,-1
829,295,287.85,172.85,33.15,101.63,0.6933,-1,-1,-1
830,226,320.33,138.19,63.09,203.44,0.8554,-1,-1,-1
830,273,520.61,1.37,123.65,479.98,0.8575,-1,-1,-1
830,283,29.92,109.65,117.34,276.65,0.8519,-1,-1,-1
830,288,147.86,151.83,61.90,173.60,0.8612,-1,-1,-1
830,290,209.98,177.20,44.32,144.97,0.7058,-1,-1,-1
830,291,245.99,175.39,39.28,113.94,0.6702,-1,-1,-1
830,293,379.46,118.71,103.72,282.72,0.8316,-1,-1,-1
830,295,290.69,176.04,33.72,102.29,0.7826,-1,-1,-1
831,226,320.25,138.70,60.00,204.63,0.8269,-1,-1,-1
831,273,531.27,0.14,110.04,478.29,0.8609,-1,-1,-1
831,283,11.27,103.76,123.65,290.84,0.8462,-1,-1,-1
831,288,139.58,145.46,62.19,181.49,0.8502,-1,-1,-1
831,290,203.83,171.63,45.05,151.92,0.7439,-1,-1,-1
831,291,241.88,171.30,36.93,118.01,0.7148,-1,-1,-1
831,293,377.45,116.35,104.08,284.22,0.8345,-1,-1,-1
831,295,286.70,174.22,35.86,101.93,0.7721,-1,-1,-1
832,226,313.35,133.33,61.71,204.95,0.8391,-1,-1,-1
832,273,549.57,-2.26,90.26,478.69,0.8522,-1,-1,-1
832,283,-3.88,87.45,118.84,319.33,0.8793,-1,-1,-1
832,288,121.37,133.00,67.75,190.91,0.8296,-1,-1,-1
832,290,189.47,161.52,46.34,162.35,0.7891,-1,-1,-1
832,291,229.95,162.26,42.12,123.65,0.7610,-1,-1,-1
832,293,371.65,108.31,99.37,282.78,0.8552,-1,-1,-1
832,295,278.83,166.23,37.83,103.87,0.7862,-1,-1,-1
833,226,312.77,133.30,62.18,204.95,0.8311,-1,-1,-1
833,273,561.72,0.10,78.60,476.97,0.8374,-1,-1,-1
833,283,-5.29,81.42,108.63,325.92,0.8591,-1,-1,-1
833,288,111.00,129.45,71.67,200.88,0.8624,-1,-1,-1
833,290,180.83,160.72,50.39,166.80,0.8025,-1,-1,-1
833,291,226.42,161.41,41.92,126.90,0.8034,-1,-1,-1
833,293,369.72,107.09,97.18,277.62,0.8551,-1,-1,-1
833,295,274.76,165.85,39.15,104.52,0.7799,-1,-1,-1
834,226,313.44,129.99,65.18,201.77,0.8290,-1,-1,-1
834,273,578.29,11.99,63.14,466.48,0.4244,-1,-1,-1
834,283,-5.92,76.71,93.33,327.95,0.8874,-1,-1,-1
834,288,100.21,125.77,77.25,208.82,0.8677,-1,-1,-1
834,290,173.78,158.97,53.24,175.33,0.8372,-1,-1,-1
834,291,223.68,158.29,43.61,132.29,0.7518,-1,-1,-1
834,293,371.68,104.29,94.02,276.89,0.8754,-1,-1,-1
834,295,272.32,166.27,39.55,104.30,0.8074,-1,-1,-1
835,226,313.57,127.14,67.25,200.60,0.7905,-1,-1,-1
835,273,595.06,33.87,45.62,443.13,0.3132,-1,-1,-1
835,283,-4.34,94.83,74.99,311.02,0.6975,-1,-1,-1
835,288,89.75,121.54,81.68,225.03,0.8822,-1,-1,-1
835,290,166.01,155.95,59.14,185.38,0.8117,-1,-1,-1
835,291,220.68,157.71,46.37,136.00,0.7579,-1,-1,-1
835,293,372.46,103.94,93.52,278.92,0.8724,-1,-1,-1
835,295,272.88,166.93,39.76,102.26,0.7930,-1,-1,-1
836,226,319.04,125.40,68.19,196.69,0.8537,-1,-1,-1
836,283,-1.93,101.63,56.91,250.79,0.7685,-1,-1,-1
836,288,81.00,116.06,87.97,239.18,0.8691,-1,-1,-1
836,290,164.80,151.59,57.85,195.23,0.8426,-1,-1,-1
836,291,221.33,154.52,50.06,140.26,0.8339,-1,-1,-1
836,293,375.53,104.76,93.77,280.63,0.8725,-1,-1,-1
836,295,273.20,167.33,41.35,100.10,0.7783,-1,-1,-1
836,285,-1.12,106.55,52.63,216.29,0.7685,-1,-1,-1
837,226,326.53,127.91,69.09,190.32,0.8327,-1,-1,-1
837,283,-0.89,107.38,40.36,227.52,0.6695,-1,-1,-1
837,288,73.21,111.96,92.87,252.42,0.8560,-1,-1,-1
837,290,162.23,146.68,58.52,206.97,0.8650,-1,-1,-1
837,291,223.55,152.01,51.66,147.20,0.8103,-1,-1,-1
837,293,380.89,108.81,94.34,281.93,0.8605,-1,-1,-1
837,295,274.87,168.35,43.62,100.94,0.8118,-1,-1,-1
837,285,0.03,108.53,41.76,219.08,0.6695,-1,-1,-1
