2,1,372.16,408.09,80.23,239.81,0.7981,-1,-1,-1
2,2,104.23,546.54,72.94,245.55,0.7268,-1,-1,-1
2,3,1101.05,981.25,71.37,98.75,0.6884,-1,-1,-1
2,4,1730.46,455.03,75.48,215.56,0.6075,-1,-1,-1
2,5,1355.97,570.19,81.67,216.76,0.5669,-1,-1,-1
2,6,0.93,877.93,39.99,201.37,0.3831,-1,-1,-1
2,7,1098.14,211.62,58.18,178.41,0.4713,-1,-1,-1
2,8,545.57,146.85,57.53,184.03,0.5053,-1,-1,-1
2,9,225.25,398.05,65.12,199.25,0.4918,-1,-1,-1
2,10,789.46,145.25,64.64,178.90,0.4611,-1,-1,-1
2,11,1046.09,132.93,63.99,182.04,0.4673,-1,-1,-1
2,12,267.80,378.61,55.32,211.22,0.4463,-1,-1,-1
2,13,503.73,134.37,50.75,176.78,0.3678,-1,-1,-1
2,14,1634.48,260.14,68.17,184.04,0.2002,-1,-1,-1
3,1,373.53,407.81,78.65,241.33,0.7825,-1,-1,-1
3,2,104.52,546.11,73.51,246.77,0.7327,-1,-1,-1
3,3,1105.43,980.82,71.96,99.17,0.6972,-1,-1,-1
3,4,1731.07,452.74,73.91,220.07,0.5999,-1,-1,-1
3,5,1356.42,570.05,81.19,216.62,0.5684,-1,-1,-1
3,6,0.69,877.55,39.87,201.44,0.3714,-1,-1,-1
3,7,1092.20,213.73,61.86,177.20,0.5681,-1,-1,-1
3,8,544.81,147.70,58.32,183.54,0.4885,-1,-1,-1
3,9,223.14,396.91,67.50,201.79,0.4791,-1,-1,-1
3,10,788.73,145.10,65.04,178.62,0.4534,-1,-1,-1
3,11,1045.31,132.75,64.48,179.67,0.4997,-1,-1,-1
3,12,267.25,373.73,55.72,217.88,0.3890,-1,-1,-1
3,13,504.02,133.49,49.89,170.06,0.3950,-1,-1,-1
3,14,1631.83,259.46,69.04,189.03,0.2252,-1,-1,-1
4,1,372.53,407.31,80.05,241.01,0.7961,-1,-1,-1
4,2,104.15,545.74,73.17,247.26,0.7244,-1,-1,-1
4,3,1108.40,978.77,72.35,101.18,0.6938,-1,-1,-1
4,4,1729.34,452.08,74.05,217.30,0.6199,-1,-1,-1
4,5,1356.26,570.28,82.71,216.53,0.5786,-1,-1,-1
4,6,-0.59,876.21,43.76,203.17,0.5398,-1,-1,-1
4,7,1087.14,211.02,63.90,180.15,0.5578,-1,-1,-1
4,8,546.40,145.33,55.90,183.70,0.4683,-1,-1,-1
4,9,221.60,396.81,69.87,202.42,0.4822,-1,-1,-1
4,10,789.47,144.70,64.11,178.12,0.4698,-1,-1,-1
4,11,1045.46,133.55,62.92,179.90,0.4612,-1,-1,-1
4,12,265.69,383.77,56.74,210.59,0.3993,-1,-1,-1
4,13,500.66,135.48,53.05,173.53,0.4452,-1,-1,-1
4,14,1630.58,259.52,64.59,182.74,0.2354,-1,-1,-1
4,15,1798.62,204.76,55.40,185.65,0.2407,-1,-1,-1
5,1,374.81,406.71,78.68,241.29,0.7974,-1,-1,-1
5,2,104.07,545.94,72.52,246.89,0.7254,-1,-1,-1
5,3,1112.77,975.90,72.27,104.04,0.6958,-1,-1,-1
5,4,1728.70,452.19,74.11,218.73,0.6496,-1,-1,-1
5,5,1355.86,570.01,82.35,213.70,0.6115,-1,-1,-1
5,6,-0.58,874.15,45.33,204.90,0.5586,-1,-1,-1
5,7,1072.56,210.33,78.68,178.81,0.5368,-1,-1,-1
5,8,545.83,145.11,56.32,186.45,0.5077,-1,-1,-1
5,9,220.84,396.84,72.31,200.64,0.3718,-1,-1,-1
5,10,789.01,145.79,65.36,176.66,0.4946,-1,-1,-1
5,11,1046.49,134.09,62.49,166.40,0.3797,-1,-1,-1
5,12,267.97,381.41,50.93,208.00,0.3811,-1,-1,-1
5,13,501.45,135.49,50.85,168.23,0.4852,-1,-1,-1
5,14,1629.15,260.24,63.60,181.70,0.2388,-1,-1,-1
5,15,1799.39,204.50,56.21,185.76,0.2178,-1,-1,-1
6,1,374.98,405.90,79.27,240.19,0.7853,-1,-1,-1
6,2,104.33,546.16,72.44,246.51,0.7297,-1,-1,-1
6,3,1114.42,975.81,72.96,104.23,0.6945,-1,-1,-1
6,4,1726.76,454.81,75.18,215.99,0.6480,-1,-1,-1
6,5,1357.04,570.20,81.13,213.08,0.6185,-1,-1,-1
6,6,-0.32,871.86,46.24,207.48,0.6042,-1,-1,-1
6,7,1062.95,209.01,88.79,179.74,0.5819,-1,-1,-1
6,8,545.12,147.74,55.53,186.23,0.5138,-1,-1,-1
6,9,219.13,393.18,75.69,203.16,0.3038,-1,-1,-1
6,10,787.83,145.40,65.08,177.89,0.5027,-1,-1,-1
6,11,1043.50,134.92,64.71,155.82,0.3077,-1,-1,-1
6,12,268.07,380.34,48.22,207.83,0.3852,-1,-1,-1
6,13,502.57,136.83,48.95,167.07,0.5163,-1,-1,-1
6,15,1799.15,204.73,57.84,186.23,0.2459,-1,-1,-1
7,1,375.71,404.67,80.39,240.07,0.7800,-1,-1,-1
7,2,104.11,546.01,72.54,245.69,0.7318,-1,-1,-1
7,3,1116.96,974.57,71.52,105.43,0.7060,-1,-1,-1
7,4,1726.46,454.23,74.58,212.67,0.6268,-1,-1,-1
7,5,1356.35,570.34,82.08,212.87,0.6327,-1,-1,-1
7,6,-0.22,870.99,47.09,208.45,0.5957,-1,-1,-1
7,7,1054.44,208.03,98.64,181.24,0.5520,-1,-1,-1
7,8,544.08,148.67,54.26,186.85,0.5405,-1,-1,-1
7,9,218.39,396.76,66.03,199.79,0.2890,-1,-1,-1
7,10,788.36,145.36,65.76,178.11,0.5148,-1,-1,-1
7,11,1043.05,136.86,63.51,155.03,0.2906,-1,-1,-1
7,12,266.27,380.64,49.11,198.70,0.3552,-1,-1,-1
7,13,501.87,139.28,48.66,165.33,0.4771,-1,-1,-1
7,15,1799.80,205.59,60.12,187.37,0.2916,-1,-1,-1
8,1,376.76,402.00,79.95,238.85,0.7696,-1,-1,-1
8,2,104.78,546.18,72.80,246.49,0.7353,-1,-1,-1
8,3,1119.07,973.40,70.18,106.60,0.7068,-1,-1,-1
8,4,1724.05,454.68,75.84,208.83,0.6453,-1,-1,-1
8,5,1356.69,569.97,81.31,214.72,0.6100,-1,-1,-1
8,6,0.41,871.66,46.50,207.14,0.5830,-1,-1,-1
8,7,1053.18,211.28,101.05,177.81,0.5368,-1,-1,-1
8,8,544.62,146.74,53.00,188.77,0.5513,-1,-1,-1
8,10,788.00,145.92,65.72,177.07,0.5027,-1,-1,-1
8,12,264.54,380.88,49.76,189.35,0.3130,-1,-1,-1
8,13,499.67,142.05,52.28,172.77,0.4564,-1,-1,-1
8,15,1799.04,206.30,60.93,186.78,0.3068,-1,-1,-1
9,1,376.96,401.67,81.26,237.12,0.7677,-1,-1,-1
9,2,104.69,546.17,73.53,246.59,0.7450,-1,-1,-1
9,3,1124.56,973.73,67.58,106.33,0.6675,-1,-1,-1
9,4,1723.77,454.39,75.24,210.32,0.6364,-1,-1,-1
9,5,1356.68,570.52,81.32,214.21,0.6164,-1,-1,-1
9,6,0.52,869.69,46.58,209.39,0.5474,-1,-1,-1
9,7,1049.61,212.99,104.00,174.48,0.5016,-1,-1,-1
9,8,544.75,147.55,51.68,189.75,0.4993,-1,-1,-1
9,10,787.85,145.69,65.49,175.92,0.4786,-1,-1,-1
9,11,1039.04,137.46,72.07,164.41,0.2146,-1,-1,-1
9,12,265.26,380.75,46.85,179.25,0.2712,-1,-1,-1
9,13,500.65,142.07,49.78,173.66,0.4403,-1,-1,-1
9,15,1799.48,208.10,62.46,186.55,0.3335,-1,-1,-1
10,1,377.45,400.27,81.15,235.98,0.7584,-1,-1,-1
10,2,104.84,545.87,73.84,246.57,0.7410,-1,-1,-1
10,3,1127.90,973.39,67.09,106.64,0.6892,-1,-1,-1
10,4,1724.37,454.68,74.23,210.20,0.6124,-1,-1,-1
10,5,1356.34,569.71,82.12,215.86,0.6172,-1,-1,-1
10,6,0.43,864.63,46.85,213.46,0.5561,-1,-1,-1
10,7,1046.26,211.75,107.71,173.00,0.4707,-1,-1,-1
10,8,543.49,148.59,51.91,191.97,0.4758,-1,-1,-1
10,10,788.06,145.76,65.25,177.10,0.4884,-1,-1,-1
10,11,1040.34,138.15,67.94,162.62,0.2834,-1,-1,-1
10,12,265.35,384.62,45.59,171.53,0.3209,-1,-1,-1
10,13,498.35,142.36,52.16,174.68,0.4288,-1,-1,-1
10,15,1799.75,211.70,64.80,187.43,0.3513,-1,-1,-1
10,17,882.68,129.92,69.27,178.10,0.2496,-1,-1,-1
11,1,378.63,397.92,80.76,233.83,0.7564,-1,-1,-1
11,2,104.60,546.26,73.89,246.63,0.7424,-1,-1,-1
11,3,1130.28,974.00,67.79,106.06,0.6679,-1,-1,-1
11,4,1723.68,459.37,75.16,205.96,0.6100,-1,-1,-1
11,5,1356.39,569.80,82.54,216.06,0.6416,-1,-1,-1
11,6,0.69,862.17,46.25,216.09,0.5590,-1,-1,-1
11,7,1045.12,210.01,102.24,174.06,0.4532,-1,-1,-1
11,8,542.06,148.56,52.64,193.14,0.4857,-1,-1,-1
11,10,787.94,145.64,65.63,177.32,0.4853,-1,-1,-1
11,11,1037.04,138.93,72.96,169.34,0.2884,-1,-1,-1
11,12,262.14,387.44,48.02,188.73,0.3722,-1,-1,-1
11,13,498.39,142.81,51.28,175.70,0.4226,-1,-1,-1
11,14,1624.59,256.72,61.37,176.98,0.2084,-1,-1,-1
11,15,1802.22,217.27,63.33,179.29,0.3540,-1,-1,-1
11,17,882.36,129.80,82.80,177.92,0.2919,-1,-1,-1
12,1,378.07,396.62,81.78,233.85,0.7536,-1,-1,-1
12,2,104.29,546.11,74.91,247.14,0.7372,-1,-1,-1
12,3,1133.89,973.43,67.32,106.58,0.6722,-1,-1,-1
12,4,1723.61,459.76,75.09,205.39,0.6366,-1,-1,-1
12,5,1356.94,569.62,80.71,215.44,0.6323,-1,-1,-1
12,6,0.38,855.65,47.14,221.58,0.5775,-1,-1,-1
12,7,1046.15,207.79,94.98,176.14,0.3612,-1,-1,-1
12,8,541.82,149.08,53.08,191.97,0.5040,-1,-1,-1
12,9,211.26,381.76,69.73,200.80,0.2574,-1,-1,-1
12,10,788.05,145.73,65.33,177.89,0.4811,-1,-1,-1
12,12,260.61,386.69,48.52,186.62,0.2738,-1,-1,-1
12,13,497.48,144.26,52.50,174.41,0.4167,-1,-1,-1
12,15,1802.17,219.48,64.64,175.63,0.3381,-1,-1,-1
12,17,881.89,130.26,83.67,177.57,0.2820,-1,-1,-1
13,1,378.31,395.28,82.01,232.06,0.7622,-1,-1,-1
13,2,104.28,545.96,75.53,247.82,0.7425,-1,-1,-1
13,3,1135.82,972.95,66.48,107.06,0.6341,-1,-1,-1
13,4,1724.40,457.87,73.72,207.62,0.6621,-1,-1,-1
13,5,1356.67,570.16,81.13,213.77,0.6367,-1,-1,-1
13,6,0.92,850.88,46.04,226.18,0.5874,-1,-1,-1
13,7,1045.84,201.55,80.97,183.38,0.2854,-1,-1,-1
13,8,539.61,149.57,55.48,191.84,0.5249,-1,-1,-1
13,9,210.92,391.79,65.17,183.98,0.3606,-1,-1,-1
13,10,788.42,146.34,65.09,177.38,0.5124,-1,-1,-1
13,11,1034.05,141.03,67.86,175.13,0.2407,-1,-1,-1
13,12,261.19,382.83,46.81,186.11,0.2146,-1,-1,-1
13,13,496.63,144.97,52.80,174.80,0.3768,-1,-1,-1
13,15,1802.41,221.85,68.00,177.51,0.3690,-1,-1,-1
13,17,881.79,129.91,85.48,178.60,0.3497,-1,-1,-1
14,1,379.18,394.77,81.27,231.27,0.7597,-1,-1,-1
14,2,104.11,545.96,75.88,248.31,0.7467,-1,-1,-1
14,3,1139.59,973.68,64.17,106.16,0.6343,-1,-1,-1
14,4,1722.90,459.56,76.43,206.96,0.6579,-1,-1,-1
14,5,1357.30,569.98,80.46,214.34,0.6163,-1,-1,-1
14,6,0.56,849.14,46.87,228.56,0.6119,-1,-1,-1
14,8,538.37,150.84,55.84,191.44,0.5035,-1,-1,-1
14,9,209.43,396.68,64.56,178.83,0.3846,-1,-1,-1
14,10,788.73,146.17,64.14,177.29,0.5219,-1,-1,-1
14,11,1032.59,141.94,65.36,176.62,0.2068,-1,-1,-1
14,12,260.10,384.28,46.37,185.59,0.2360,-1,-1,-1
14,13,494.56,144.36,54.37,175.86,0.4102,-1,-1,-1
14,15,1803.01,222.59,66.73,176.96,0.3784,-1,-1,-1
14,17,880.73,130.02,87.11,177.96,0.4167,-1,-1,-1
15,1,379.86,393.54,81.25,231.69,0.7592,-1,-1,-1
15,2,104.37,546.04,75.57,247.92,0.7551,-1,-1,-1
15,3,1140.55,973.26,64.34,106.16,0.6050,-1,-1,-1
15,4,1724.37,454.83,74.20,211.49,0.6460,-1,-1,-1
15,5,1356.80,570.54,80.42,213.03,0.6078,-1,-1,-1
15,6,0.30,849.21,47.36,229.74,0.5907,-1,-1,-1
15,7,1046.64,207.44,64.86,173.66,0.3001,-1,-1,-1
15,8,537.23,151.81,55.64,191.57,0.5056,-1,-1,-1
15,9,209.03,391.59,62.35,182.19,0.3097,-1,-1,-1
15,10,787.77,146.96,65.65,175.63,0.5333,-1,-1,-1
15,11,1032.14,142.95,64.09,175.77,0.2567,-1,-1,-1
15,12,259.86,383.41,45.50,185.77,0.2103,-1,-1,-1
15,13,494.03,143.85,54.02,177.28,0.3891,-1,-1,-1
15,15,1804.57,223.91,66.63,183.74,0.3909,-1,-1,-1
15,17,879.85,130.48,86.45,177.70,0.3777,-1,-1,-1
16,1,380.21,393.12,80.71,232.45,0.7658,-1,-1,-1
16,2,104.46,546.24,75.29,246.83,0.7508,-1,-1,-1
16,3,1145.06,972.88,62.68,106.08,0.5654,-1,-1,-1
16,4,1725.07,455.11,73.03,210.54,0.6554,-1,-1,-1
16,5,1356.68,570.31,80.32,213.32,0.6196,-1,-1,-1
16,6,-0.15,849.36,48.66,229.54,0.5071,-1,-1,-1
16,7,1043.70,200.46,57.33,180.52,0.2265,-1,-1,-1
16,8,533.95,153.44,57.21,188.86,0.5292,-1,-1,-1
16,9,208.57,384.35,58.08,190.44,0.3622,-1,-1,-1
16,10,788.95,147.06,64.31,175.41,0.5030,-1,-1,-1
16,11,1032.94,144.27,62.62,174.05,0.2983,-1,-1,-1
16,12,250.36,385.93,55.10,184.35,0.3617,-1,-1,-1
16,13,493.54,143.49,54.46,178.28,0.3300,-1,-1,-1
16,15,1805.26,224.54,67.86,188.58,0.3803,-1,-1,-1
16,17,880.07,131.68,86.05,178.89,0.3267,-1,-1,-1
17,1,380.68,391.61,81.45,234.72,0.7514,-1,-1,-1
17,2,103.99,546.84,76.80,245.84,0.7459,-1,-1,-1
17,3,1148.90,973.15,59.44,106.81,0.5350,-1,-1,-1
17,4,1723.02,458.49,76.35,208.78,0.6396,-1,-1,-1
17,5,1356.51,570.13,81.90,214.85,0.6027,-1,-1,-1
17,6,-0.66,848.52,50.75,231.32,0.5570,-1,-1,-1
17,8,533.02,156.22,58.47,187.47,0.6088,-1,-1,-1
17,9,207.42,380.92,58.31,195.32,0.3239,-1,-1,-1
17,10,788.62,147.10,64.67,174.73,0.4925,-1,-1,-1
17,11,1035.90,145.04,57.85,176.57,0.2881,-1,-1,-1
17,12,247.34,382.33,57.42,188.30,0.3626,-1,-1,-1
17,13,493.24,145.11,54.26,177.10,0.3591,-1,-1,-1
17,15,1806.48,225.92,66.83,191.03,0.3624,-1,-1,-1
17,17,880.76,132.77,86.03,177.22,0.3290,-1,-1,-1
18,1,380.64,389.85,81.76,237.36,0.7523,-1,-1,-1
18,2,104.21,546.50,76.42,245.79,0.7484,-1,-1,-1
18,3,1151.96,973.25,57.41,106.78,0.5339,-1,-1,-1
18,4,1723.37,457.97,76.09,208.35,0.6487,-1,-1,-1
18,5,1356.49,569.96,81.08,214.20,0.6164,-1,-1,-1
18,6,-0.91,847.77,52.18,232.06,0.5110,-1,-1,-1
18,8,531.53,156.10,57.56,186.70,0.6073,-1,-1,-1
18,9,207.38,383.43,56.31,192.41,0.3570,-1,-1,-1
18,10,788.96,147.32,64.33,174.30,0.5342,-1,-1,-1
18,11,1031.93,144.47,59.83,182.19,0.3229,-1,-1,-1
18,12,246.37,383.47,57.18,187.73,0.4079,-1,-1,-1
18,13,493.13,143.96,53.73,178.40,0.3665,-1,-1,-1
18,15,1806.42,226.37,69.36,191.48,0.3855,-1,-1,-1
18,17,880.59,132.86,84.72,177.97,0.3422,-1,-1,-1
19,1,380.67,388.63,82.86,238.57,0.7546,-1,-1,-1
19,2,104.41,546.65,76.08,246.02,0.7456,-1,-1,-1
19,3,1153.96,972.77,57.50,107.22,0.5204,-1,-1,-1
19,4,1723.60,455.08,74.92,211.12,0.6457,-1,-1,-1
19,5,1356.92,570.01,80.24,214.87,0.6395,-1,-1,-1
19,6,-0.61,845.82,52.51,234.02,0.5184,-1,-1,-1
19,8,529.90,159.15,58.25,183.29,0.5505,-1,-1,-1
19,9,206.35,383.07,56.68,194.24,0.3967,-1,-1,-1
19,10,788.95,146.87,64.02,174.46,0.4841,-1,-1,-1
19,11,1030.41,144.04,60.98,185.21,0.4207,-1,-1,-1
19,12,246.19,380.85,55.52,190.38,0.4204,-1,-1,-1
19,13,493.34,145.30,53.22,177.41,0.2944,-1,-1,-1
19,15,1808.79,227.05,69.55,190.80,0.3600,-1,-1,-1
19,17,881.79,133.95,81.95,175.40,0.2689,-1,-1,-1
20,1,380.75,387.19,82.76,240.03,0.7478,-1,-1,-1
20,2,104.27,546.60,75.92,245.88,0.7455,-1,-1,-1
20,3,1157.16,972.88,55.62,107.16,0.5064,-1,-1,-1
20,4,1723.55,458.64,75.88,207.37,0.6309,-1,-1,-1
20,5,1357.07,570.61,79.99,214.13,0.6468,-1,-1,-1
20,6,-0.27,845.55,52.54,234.57,0.4830,-1,-1,-1
20,8,530.44,158.69,55.25,184.15,0.5439,-1,-1,-1
20,9,204.29,389.70,58.67,185.91,0.4053,-1,-1,-1
20,10,788.99,147.71,64.51,173.93,0.4968,-1,-1,-1
20,11,1028.66,145.87,61.13,224.96,0.4101,-1,-1,-1
20,12,245.08,376.58,54.41,192.17,0.3151,-1,-1,-1
20,13,492.35,147.45,52.81,175.15,0.2606,-1,-1,-1
20,14,1608.33,246.32,65.50,176.03,0.2083,-1,-1,-1
20,15,1809.73,227.32,70.66,189.90,0.3426,-1,-1,-1
21,1,380.53,386.48,83.19,240.21,0.7587,-1,-1,-1
21,2,104.25,546.48,75.87,246.32,0.7422,-1,-1,-1
21,3,1157.58,973.48,57.04,106.60,0.4979,-1,-1,-1
21,4,1723.53,458.15,75.66,208.16,0.6335,-1,-1,-1
21,5,1357.72,570.62,79.09,215.79,0.6147,-1,-1,-1
21,6,-0.25,839.18,53.53,238.45,0.5211,-1,-1,-1
21,8,530.60,158.69,54.15,184.00,0.5905,-1,-1,-1
21,9,203.73,378.64,57.44,194.59,0.3845,-1,-1,-1
21,10,788.59,147.66,64.97,174.30,0.4822,-1,-1,-1
21,11,1027.74,144.07,64.83,191.45,0.2804,-1,-1,-1
21,12,246.39,372.61,48.32,194.01,0.3443,-1,-1,-1
21,13,490.90,148.66,53.75,174.55,0.2685,-1,-1,-1
21,14,1606.27,245.75,64.53,178.36,0.2515,-1,-1,-1
21,15,1813.03,224.63,75.21,190.80,0.2927,-1,-1,-1
22,1,380.79,386.41,83.08,239.30,0.7575,-1,-1,-1
22,2,104.07,546.93,76.17,245.27,0.7376,-1,-1,-1
22,3,1157.88,973.58,58.96,106.44,0.5565,-1,-1,-1
22,4,1724.23,458.52,74.36,207.27,0.6674,-1,-1,-1
22,5,1357.42,570.12,79.48,215.13,0.6380,-1,-1,-1
22,6,0.26,841.98,53.46,238.15,0.5541,-1,-1,-1
22,8,528.92,156.18,54.25,186.88,0.5058,-1,-1,-1
22,9,203.49,372.60,61.20,199.86,0.3183,-1,-1,-1
22,10,789.32,147.79,64.53,175.01,0.4596,-1,-1,-1
22,11,1004.06,145.83,85.30,226.75,0.3542,-1,-1,-1
22,12,244.94,375.17,46.89,192.45,0.2760,-1,-1,-1
22,13,488.93,147.12,55.36,176.63,0.2666,-1,-1,-1
22,14,1603.50,245.23,65.76,179.66,0.2840,-1,-1,-1
22,15,1816.82,224.51,73.50,189.37,0.2861,-1,-1,-1
23,1,381.69,385.52,81.87,238.48,0.7557,-1,-1,-1
23,2,104.24,546.51,75.90,245.40,0.7392,-1,-1,-1
23,3,1158.38,973.76,61.32,106.27,0.5461,-1,-1,-1
23,4,1724.54,457.62,74.08,207.40,0.6386,-1,-1,-1
23,5,1356.84,570.03,80.79,215.30,0.6152,-1,-1,-1
23,6,0.57,842.73,53.45,236.15,0.5677,-1,-1,-1
23,8,527.84,157.28,52.00,187.14,0.4713,-1,-1,-1
23,9,204.48,371.45,56.91,196.90,0.2708,-1,-1,-1
23,10,790.44,148.49,61.52,174.41,0.4283,-1,-1,-1
23,11,1022.70,145.30,68.99,191.33,0.3858,-1,-1,-1
23,12,243.59,375.63,46.73,190.95,0.2024,-1,-1,-1
23,13,491.38,149.49,52.28,176.01,0.2565,-1,-1,-1
23,14,1602.56,244.07,62.25,178.60,0.2595,-1,-1,-1
23,15,1817.93,228.21,69.93,189.71,0.2953,-1,-1,-1
24,1,381.49,385.15,81.60,237.61,0.7571,-1,-1,-1
24,2,104.22,546.46,76.35,245.81,0.7386,-1,-1,-1
24,3,1159.15,975.00,61.36,105.09,0.5440,-1,-1,-1
24,4,1724.08,455.45,74.12,210.83,0.6434,-1,-1,-1
24,5,1356.76,569.93,80.61,217.40,0.5893,-1,-1,-1
24,6,0.26,839.66,54.52,236.09,0.5315,-1,-1,-1
24,8,524.50,157.24,55.23,187.70,0.4307,-1,-1,-1
24,9,202.52,356.63,64.64,213.08,0.2985,-1,-1,-1
24,10,789.35,148.33,64.70,173.72,0.4287,-1,-1,-1
24,11,1022.27,146.65,67.56,181.99,0.3196,-1,-1,-1
24,14,1600.07,243.96,65.47,182.29,0.2646,-1,-1,-1
24,15,1821.08,230.37,68.72,189.56,0.3577,-1,-1,-1
25,1,381.74,384.26,80.56,236.72,0.7565,-1,-1,-1
25,2,103.88,546.89,76.80,246.04,0.7393,-1,-1,-1
25,3,1159.88,974.80,61.78,105.19,0.5581,-1,-1,-1
25,4,1722.35,458.03,76.08,208.97,0.6511,-1,-1,-1
25,5,1357.02,570.10,79.31,212.94,0.6113,-1,-1,-1
25,6,0.22,835.47,54.96,238.44,0.4953,-1,-1,-1
25,8,524.45,158.84,54.79,185.06,0.4423,-1,-1,-1
25,9,201.49,350.91,67.91,219.02,0.2601,-1,-1,-1
25,10,789.20,147.53,64.95,175.12,0.4303,-1,-1,-1
25,11,1019.21,147.93,68.15,184.88,0.2733,-1,-1,-1
25,14,1598.67,244.04,64.36,185.43,0.2523,-1,-1,-1
25,15,1822.57,233.38,68.08,192.65,0.3874,-1,-1,-1
26,1,382.33,382.91,79.76,237.37,0.7679,-1,-1,-1
26,2,103.37,546.13,77.45,247.49,0.7373,-1,-1,-1
26,3,1161.22,975.13,61.78,104.89,0.5898,-1,-1,-1
26,4,1723.34,453.21,73.65,214.18,0.6350,-1,-1,-1
26,5,1356.79,570.68,80.47,213.01,0.6079,-1,-1,-1
26,6,0.16,833.08,56.01,232.51,0.5638,-1,-1,-1
26,8,525.58,160.65,52.83,183.68,0.4218,-1,-1,-1
26,9,200.45,349.99,68.56,221.30,0.2835,-1,-1,-1
26,10,788.63,147.96,66.42,175.33,0.4426,-1,-1,-1
26,11,980.04,151.80,104.23,215.90,0.2513,-1,-1,-1
26,14,1597.66,244.49,62.27,182.39,0.2589,-1,-1,-1
26,15,1826.25,236.35,66.31,192.49,0.3679,-1,-1,-1
26,17,880.81,142.29,47.59,174.61,0.2494,-1,-1,-1
27,1,381.59,381.29,81.06,237.37,0.7783,-1,-1,-1
27,2,103.42,546.06,76.85,247.47,0.7386,-1,-1,-1
27,3,1163.02,975.01,62.37,104.98,0.6038,-1,-1,-1
27,4,1723.17,455.83,73.84,212.05,0.6505,-1,-1,-1
27,5,1356.62,570.11,80.38,214.63,0.5868,-1,-1,-1
27,6,0.23,829.91,56.76,234.94,0.6030,-1,-1,-1
27,7,978.13,206.11,104.81,171.17,0.4343,-1,-1,-1
27,8,526.01,160.82,51.97,185.13,0.3693,-1,-1,-1
27,9,198.75,348.12,72.66,223.17,0.3655,-1,-1,-1
27,10,789.63,147.87,65.03,174.86,0.4468,-1,-1,-1
27,11,1008.57,148.61,79.65,211.02,0.2664,-1,-1,-1
27,14,1595.58,243.15,62.24,183.85,0.2830,-1,-1,-1
27,15,1827.89,238.05,65.29,191.69,0.3450,-1,-1,-1
27,17,877.62,142.12,51.64,175.72,0.2261,-1,-1,-1
27,18,920.62,151.93,46.36,163.82,0.2183,-1,-1,-1
28,1,381.83,379.32,82.40,238.02,0.7726,-1,-1,-1
28,2,103.01,546.81,77.18,245.98,0.7390,-1,-1,-1
28,3,1164.50,975.77,63.16,104.26,0.6124,-1,-1,-1
28,4,1723.19,455.32,73.70,211.34,0.6397,-1,-1,-1
28,5,1356.72,569.59,80.77,215.91,0.5844,-1,-1,-1
28,6,-0.36,827.51,58.87,232.82,0.6319,-1,-1,-1
28,8,523.86,161.17,54.18,186.90,0.3079,-1,-1,-1
28,9,197.85,351.24,71.89,223.05,0.3979,-1,-1,-1
28,10,790.64,148.65,60.40,173.68,0.4493,-1,-1,-1
28,11,1022.69,149.11,65.93,179.83,0.2593,-1,-1,-1
28,14,1594.15,241.90,63.65,183.52,0.3103,-1,-1,-1
28,15,1828.91,238.93,66.60,193.28,0.2861,-1,-1,-1
28,17,876.54,142.26,51.66,176.50,0.2160,-1,-1,-1
28,18,919.74,152.43,47.24,164.43,0.2053,-1,-1,-1
29,1,382.69,377.80,82.02,238.02,0.7808,-1,-1,-1
29,2,102.77,546.35,77.59,246.41,0.7469,-1,-1,-1
29,3,1165.21,975.84,65.31,104.16,0.6355,-1,-1,-1
29,4,1723.11,457.30,74.27,208.66,0.6492,-1,-1,-1
29,5,1356.70,569.81,81.24,215.23,0.6230,-1,-1,-1
29,6,-0.12,825.99,59.69,228.58,0.6962,-1,-1,-1
29,8,521.70,161.92,55.62,188.59,0.2915,-1,-1,-1
29,9,197.26,353.57,71.22,219.20,0.3258,-1,-1,-1
29,10,790.98,148.67,59.63,174.25,0.4559,-1,-1,-1
29,11,1025.58,150.84,61.38,171.01,0.3146,-1,-1,-1
29,14,1593.24,241.36,64.28,182.51,0.3329,-1,-1,-1
29,15,1829.69,241.25,67.02,193.97,0.2543,-1,-1,-1
29,17,876.32,142.52,52.21,177.23,0.2466,-1,-1,-1
29,18,919.03,152.93,48.43,165.01,0.2282,-1,-1,-1
30,1,383.00,376.36,83.79,236.76,0.7857,-1,-1,-1
30,2,102.98,547.24,77.50,245.14,0.7387,-1,-1,-1
30,3,1167.18,976.92,65.01,103.09,0.6191,-1,-1,-1
30,4,1723.20,457.45,74.99,208.32,0.6641,-1,-1,-1
30,5,1356.89,570.08,79.58,215.31,0.6187,-1,-1,-1
30,6,0.04,822.91,60.12,228.22,0.6772,-1,-1,-1
30,8,523.12,163.61,53.81,187.38,0.3053,-1,-1,-1
30,9,196.17,355.56,69.81,215.13,0.3210,-1,-1,-1
30,10,790.66,148.36,59.65,174.27,0.4582,-1,-1,-1
30,11,1022.75,152.92,66.13,175.80,0.2722,-1,-1,-1
30,14,1593.88,240.32,61.65,183.37,0.3566,-1,-1,-1
30,15,1832.26,241.34,71.08,194.10,0.2176,-1,-1,-1
30,17,874.63,142.34,52.26,177.86,0.2602,-1,-1,-1
31,1,383.68,374.85,87.38,232.93,0.7509,-1,-1,-1
31,2,103.08,546.85,76.75,246.23,0.7388,-1,-1,-1
31,3,1168.32,977.32,66.02,102.69,0.6140,-1,-1,-1
31,4,1723.33,455.19,73.16,212.15,0.6514,-1,-1,-1
31,5,1356.74,569.76,80.34,213.95,0.5902,-1,-1,-1
31,6,0.59,817.71,59.51,237.83,0.6496,-1,-1,-1
31,8,495.62,158.29,84.10,195.34,0.3025,-1,-1,-1
31,9,194.78,356.79,69.03,211.19,0.3481,-1,-1,-1
31,10,790.37,148.17,60.41,175.41,0.4224,-1,-1,-1
31,11,1022.22,154.96,67.56,182.17,0.3439,-1,-1,-1
31,14,1589.78,238.47,62.30,181.87,0.3132,-1,-1,-1
31,15,1833.59,242.85,70.81,194.33,0.2136,-1,-1,-1
31,17,874.12,143.40,51.74,177.37,0.2456,-1,-1,-1
32,1,383.66,373.36,91.34,232.18,0.7454,-1,-1,-1
32,2,103.10,546.69,76.30,246.33,0.7451,-1,-1,-1
32,3,1169.09,978.28,66.74,101.75,0.6745,-1,-1,-1
32,4,1722.66,457.19,75.33,209.56,0.6541,-1,-1,-1
32,5,1356.53,569.90,79.98,214.28,0.6028,-1,-1,-1
32,6,0.74,815.40,59.74,243.26,0.6156,-1,-1,-1
32,8,494.41,159.43,83.57,196.12,0.2713,-1,-1,-1
32,9,193.03,349.44,70.02,214.67,0.3985,-1,-1,-1
32,10,791.46,148.73,59.43,175.01,0.4533,-1,-1,-1
32,11,1019.44,154.44,67.95,175.47,0.2059,-1,-1,-1
32,14,1589.27,236.59,59.76,183.26,0.3015,-1,-1,-1
32,15,1834.51,248.04,76.91,191.68,0.2256,-1,-1,-1
32,17,871.95,143.75,52.07,177.67,0.2377,-1,-1,-1
32,18,917.98,155.65,49.08,163.72,0.2164,-1,-1,-1
33,1,384.12,371.01,92.89,232.61,0.7515,-1,-1,-1
33,2,102.63,546.69,78.08,246.50,0.7483,-1,-1,-1
33,3,1170.86,979.14,66.93,100.88,0.6778,-1,-1,-1
33,4,1722.41,457.39,74.99,210.32,0.6602,-1,-1,-1
33,5,1356.24,569.63,81.15,217.34,0.6040,-1,-1,-1
33,6,0.43,813.77,60.81,248.34,0.6222,-1,-1,-1
33,8,492.77,159.50,84.23,196.33,0.3940,-1,-1,-1
33,9,190.31,348.96,70.52,216.94,0.4283,-1,-1,-1
33,10,790.62,148.99,59.88,174.33,0.4371,-1,-1,-1
33,11,1019.75,157.04,66.85,182.27,0.3624,-1,-1,-1
33,14,1588.04,235.88,58.74,180.49,0.2870,-1,-1,-1
33,15,1834.70,250.06,72.37,191.39,0.3165,-1,-1,-1
33,17,870.71,142.40,54.34,177.99,0.2457,-1,-1,-1
33,18,915.23,154.47,55.11,164.61,0.2417,-1,-1,-1
34,1,384.98,370.52,92.30,231.51,0.7499,-1,-1,-1
34,2,102.74,546.82,77.65,246.38,0.7386,-1,-1,-1
34,3,1173.85,981.18,66.54,98.88,0.6758,-1,-1,-1
34,4,1722.77,457.92,74.03,208.54,0.6507,-1,-1,-1
34,5,1356.75,569.24,81.24,216.76,0.5961,-1,-1,-1
34,6,0.49,811.60,61.31,249.09,0.6163,-1,-1,-1
34,8,492.92,160.49,81.98,195.33,0.4001,-1,-1,-1
34,9,188.58,352.64,69.84,210.30,0.4158,-1,-1,-1
34,10,790.60,148.60,59.30,175.21,0.4258,-1,-1,-1
34,11,1021.95,155.43,61.01,186.76,0.4117,-1,-1,-1
34,14,1590.00,233.89,57.31,177.96,0.2064,-1,-1,-1
34,15,1835.76,250.53,68.91,190.48,0.3229,-1,-1,-1
34,17,869.80,142.73,54.01,178.84,0.2108,-1,-1,-1
35,1,384.84,369.75,93.00,232.64,0.7401,-1,-1,-1
35,2,102.53,546.94,78.34,246.91,0.7352,-1,-1,-1
35,3,1177.68,982.52,64.20,97.51,0.6614,-1,-1,-1
35,4,1722.51,457.56,73.76,208.76,0.6627,-1,-1,-1
35,5,1355.81,569.41,81.72,215.89,0.5991,-1,-1,-1
35,6,0.01,811.15,63.34,252.83,0.5715,-1,-1,-1
35,7,960.82,201.10,61.14,173.36,0.3309,-1,-1,-1
35,8,493.91,160.66,80.27,194.89,0.4041,-1,-1,-1
35,9,187.18,344.54,64.98,212.61,0.4585,-1,-1,-1
35,10,791.02,148.52,59.26,175.14,0.4441,-1,-1,-1
35,11,1022.02,156.04,60.71,185.00,0.4583,-1,-1,-1
35,15,1837.25,251.03,69.19,188.43,0.3268,-1,-1,-1
35,17,868.62,142.92,54.97,178.80,0.3023,-1,-1,-1
35,19,384.61,996.94,88.77,82.98,0.3879,-1,-1,-1
36,1,385.23,369.21,92.01,232.98,0.6994,-1,-1,-1
36,2,102.82,547.17,77.33,246.15,0.7381,-1,-1,-1
36,3,1179.93,984.28,64.31,95.77,0.6434,-1,-1,-1
36,4,1722.94,458.69,74.07,207.91,0.6157,-1,-1,-1
36,5,1355.99,569.44,82.19,216.30,0.5772,-1,-1,-1
36,6,0.26,809.85,63.45,249.30,0.5427,-1,-1,-1
36,7,954.50,201.07,64.26,173.70,0.3239,-1,-1,-1
36,8,494.68,160.76,77.46,193.97,0.4212,-1,-1,-1
36,9,187.85,364.13,62.65,196.22,0.4015,-1,-1,-1
36,10,790.83,149.05,59.33,174.21,0.4391,-1,-1,-1
36,11,1021.75,156.78,61.92,182.30,0.5129,-1,-1,-1
36,15,1839.93,249.71,66.96,188.80,0.3551,-1,-1,-1
36,17,867.87,143.82,56.12,179.98,0.2746,-1,-1,-1
36,19,384.76,995.06,90.29,84.86,0.4465,-1,-1,-1
37,1,386.10,367.89,89.11,233.94,0.6899,-1,-1,-1
37,2,102.95,547.26,76.63,245.40,0.7345,-1,-1,-1
37,3,1182.64,984.50,64.72,95.48,0.6834,-1,-1,-1
37,4,1722.98,457.42,74.10,209.64,0.6418,-1,-1,-1
37,5,1356.28,569.26,81.85,219.06,0.5648,-1,-1,-1
37,6,-0.09,809.04,65.55,248.58,0.6283,-1,-1,-1
37,7,946.26,200.95,69.09,173.31,0.4347,-1,-1,-1
37,8,494.93,162.18,75.90,192.87,0.4258,-1,-1,-1
37,9,187.02,362.64,62.40,194.82,0.4177,-1,-1,-1
37,10,790.12,148.77,60.17,174.78,0.4324,-1,-1,-1
37,11,1021.84,158.10,61.66,183.64,0.5336,-1,-1,-1
37,15,1839.91,251.94,63.79,185.08,0.3786,-1,-1,-1
37,17,868.13,144.36,56.28,180.82,0.2165,-1,-1,-1
37,19,384.30,993.97,92.24,86.04,0.5091,-1,-1,-1
38,1,387.50,366.72,85.34,235.16,0.6929,-1,-1,-1
38,2,102.78,546.92,76.40,245.17,0.7325,-1,-1,-1
38,3,1184.21,984.25,66.89,95.71,0.6901,-1,-1,-1
38,4,1722.56,458.28,74.72,207.74,0.6448,-1,-1,-1
38,5,1355.80,569.26,81.88,214.03,0.6062,-1,-1,-1
38,6,0.18,808.60,66.24,245.61,0.6358,-1,-1,-1
38,7,935.64,201.87,75.94,172.86,0.3832,-1,-1,-1
38,8,494.42,162.72,75.76,192.53,0.4065,-1,-1,-1
38,9,185.78,364.68,61.76,191.98,0.4382,-1,-1,-1
38,10,791.09,149.12,58.99,175.12,0.4181,-1,-1,-1
38,11,1023.82,158.59,60.19,184.23,0.5387,-1,-1,-1
38,15,1840.72,252.40,62.91,185.21,0.3162,-1,-1,-1
38,19,384.55,992.98,93.34,87.03,0.5430,-1,-1,-1
39,1,387.53,365.46,84.52,237.00,0.6890,-1,-1,-1
39,2,102.24,547.35,77.55,244.73,0.7303,-1,-1,-1
39,3,1186.91,983.54,68.69,96.41,0.6781,-1,-1,-1
39,4,1722.49,456.85,73.45,209.84,0.6238,-1,-1,-1
39,5,1357.16,568.18,80.89,217.14,0.5832,-1,-1,-1
39,6,0.59,807.43,66.00,244.60,0.6510,-1,-1,-1
39,7,923.75,201.02,86.62,172.70,0.4970,-1,-1,-1
39,8,494.60,163.32,74.64,191.57,0.4186,-1,-1,-1
39,9,183.22,362.06,63.47,194.84,0.4964,-1,-1,-1
39,10,790.88,148.88,59.04,175.08,0.4148,-1,-1,-1
39,11,1022.08,158.85,62.16,183.14,0.5189,-1,-1,-1
39,15,1840.49,252.85,64.13,184.56,0.3522,-1,-1,-1
39,19,384.54,991.81,92.88,88.19,0.5266,-1,-1,-1
40,1,387.92,367.14,86.54,234.77,0.6973,-1,-1,-1
40,2,102.13,547.00,77.53,244.85,0.7347,-1,-1,-1
40,3,1190.74,983.66,69.32,96.32,0.6534,-1,-1,-1
40,4,1722.68,456.15,73.48,211.16,0.6260,-1,-1,-1
40,5,1357.34,569.57,80.39,212.59,0.6157,-1,-1,-1
40,6,0.90,806.36,65.74,241.97,0.6021,-1,-1,-1
40,7,914.97,197.45,96.13,175.94,0.5123,-1,-1,-1
40,8,494.32,167.15,72.95,191.28,0.4458,-1,-1,-1
40,9,181.21,363.16,62.79,192.92,0.4318,-1,-1,-1
40,10,791.13,149.01,58.13,176.06,0.4019,-1,-1,-1
40,11,1021.70,159.15,62.65,182.56,0.5121,-1,-1,-1
40,15,1838.20,253.10,67.82,186.73,0.3309,-1,-1,-1
40,17,867.38,150.54,55.53,174.62,0.2524,-1,-1,-1
40,19,385.20,990.03,92.70,89.93,0.5241,-1,-1,-1
41,1,389.54,366.43,84.90,234.89,0.6909,-1,-1,-1
41,2,102.31,546.74,77.65,245.80,0.7311,-1,-1,-1
41,3,1193.17,985.02,67.53,95.01,0.6785,-1,-1,-1
41,4,1722.48,455.81,73.86,211.32,0.6392,-1,-1,-1
41,5,1356.80,568.75,81.17,215.69,0.6101,-1,-1,-1
41,6,0.75,805.53,66.39,243.26,0.5934,-1,-1,-1
41,7,911.52,202.69,100.18,170.66,0.5474,-1,-1,-1
41,8,495.57,165.79,75.49,191.09,0.3678,-1,-1,-1
41,9,179.67,360.94,62.31,194.92,0.3641,-1,-1,-1
41,10,791.34,149.16,57.42,175.48,0.4042,-1,-1,-1
41,11,1021.44,159.11,62.76,181.22,0.4790,-1,-1,-1
41,15,1837.88,254.77,66.94,191.88,0.2918,-1,-1,-1
41,17,867.20,151.37,55.13,176.12,0.2492,-1,-1,-1
41,19,385.20,989.19,93.43,90.84,0.4813,-1,-1,-1
42,1,390.46,364.56,84.85,235.59,0.7114,-1,-1,-1
42,2,102.09,546.74,78.54,245.68,0.7401,-1,-1,-1
42,3,1195.58,984.85,69.16,95.13,0.6942,-1,-1,-1
42,4,1721.96,454.96,74.03,211.49,0.6480,-1,-1,-1
42,5,1356.92,569.33,80.28,214.34,0.6119,-1,-1,-1
42,6,0.68,802.64,66.71,242.19,0.6332,-1,-1,-1
42,7,908.35,200.33,102.88,173.19,0.5473,-1,-1,-1
42,8,495.34,167.11,75.30,191.85,0.3749,-1,-1,-1
42,9,179.45,369.28,59.84,188.83,0.3330,-1,-1,-1
42,10,791.03,148.90,57.49,177.09,0.4174,-1,-1,-1
42,11,1021.16,159.51,62.70,182.11,0.4783,-1,-1,-1
42,15,1837.77,257.12,67.99,189.35,0.2941,-1,-1,-1
42,17,866.76,150.80,53.75,180.90,0.2508,-1,-1,-1
42,19,384.20,987.81,94.54,92.18,0.5373,-1,-1,-1
43,1,391.29,365.31,85.32,233.08,0.7376,-1,-1,-1
43,2,101.88,546.94,78.38,245.75,0.7351,-1,-1,-1
43,3,1198.49,985.07,70.64,94.91,0.6633,-1,-1,-1
43,4,1722.38,454.55,73.47,212.33,0.6156,-1,-1,-1
43,5,1356.66,569.16,80.61,214.81,0.6063,-1,-1,-1
43,6,0.55,797.72,67.06,232.55,0.6626,-1,-1,-1
43,7,904.27,196.01,104.79,176.82,0.4973,-1,-1,-1
43,8,493.80,168.05,76.84,194.61,0.3945,-1,-1,-1
43,9,176.81,370.78,59.56,185.98,0.2847,-1,-1,-1
43,10,790.38,149.37,58.98,176.01,0.4026,-1,-1,-1
43,11,1021.48,159.82,62.10,183.34,0.4695,-1,-1,-1
43,15,1835.99,254.41,72.37,191.69,0.2908,-1,-1,-1
43,17,866.20,151.92,53.44,174.48,0.2205,-1,-1,-1
43,19,383.20,987.79,95.38,92.30,0.5353,-1,-1,-1
44,1,391.62,364.82,85.82,231.37,0.7336,-1,-1,-1
44,2,102.04,547.20,77.86,245.34,0.7329,-1,-1,-1
44,3,1198.99,985.39,71.62,94.60,0.6693,-1,-1,-1
44,4,1720.93,457.19,75.32,209.89,0.6470,-1,-1,-1
44,5,1356.76,569.07,81.32,216.96,0.6227,-1,-1,-1
44,6,0.63,794.65,67.30,229.30,0.6715,-1,-1,-1
44,7,902.88,193.86,100.50,179.34,0.3136,-1,-1,-1
44,8,494.23,169.43,76.42,195.48,0.3813,-1,-1,-1
44,9,175.48,365.39,58.11,190.06,0.3526,-1,-1,-1
44,10,790.88,149.18,58.21,176.05,0.3979,-1,-1,-1
44,11,1021.58,160.23,61.31,184.35,0.4386,-1,-1,-1
44,15,1840.98,255.52,78.13,194.43,0.3232,-1,-1,-1
44,17,866.01,152.46,55.14,178.93,0.2740,-1,-1,-1
44,19,382.66,985.39,95.88,94.54,0.5978,-1,-1,-1
45,1,393.17,361.80,84.98,232.30,0.7371,-1,-1,-1
45,2,101.86,546.72,77.47,245.83,0.7417,-1,-1,-1
45,3,1200.19,985.67,72.53,94.32,0.6695,-1,-1,-1
45,4,1721.68,458.69,74.27,207.89,0.6326,-1,-1,-1
45,5,1356.38,568.72,80.89,216.29,0.6357,-1,-1,-1
45,6,0.66,792.72,67.30,229.01,0.6668,-1,-1,-1
45,7,901.63,186.66,96.70,186.91,0.2912,-1,-1,-1
45,8,495.33,172.59,74.32,194.02,0.3110,-1,-1,-1
45,9,174.05,358.43,55.44,195.52,0.3658,-1,-1,-1
45,10,790.45,149.22,58.96,175.63,0.4265,-1,-1,-1
45,11,1019.25,161.47,65.84,182.87,0.4056,-1,-1,-1
45,15,1842.09,257.31,73.69,196.61,0.3473,-1,-1,-1
45,17,866.69,155.33,53.88,180.97,0.2498,-1,-1,-1
45,19,381.15,984.92,95.72,95.12,0.5932,-1,-1,-1
45,20,1489.26,220.78,55.67,190.17,0.2234,-1,-1,-1
46,1,395.22,360.64,82.55,231.86,0.7411,-1,-1,-1
46,2,101.57,546.34,77.93,246.12,0.7448,-1,-1,-1
46,3,1200.56,986.24,71.79,93.76,0.6845,-1,-1,-1
46,4,1720.79,459.21,74.97,206.64,0.6166,-1,-1,-1
46,5,1356.08,569.42,82.61,216.88,0.6045,-1,-1,-1
46,6,0.56,790.65,68.16,229.41,0.6728,-1,-1,-1
46,7,901.89,179.01,86.80,193.98,0.2955,-1,-1,-1
46,8,491.96,174.14,78.51,193.63,0.3376,-1,-1,-1
46,9,172.41,353.29,54.78,200.54,0.3574,-1,-1,-1
46,10,790.59,149.34,58.48,175.08,0.3914,-1,-1,-1
46,11,1018.96,161.98,65.78,182.42,0.4148,-1,-1,-1
46,15,1843.42,257.61,74.16,200.84,0.3360,-1,-1,-1
46,19,380.08,978.09,96.57,101.59,0.6042,-1,-1,-1
47,1,395.53,358.37,83.53,232.09,0.7465,-1,-1,-1
47,2,101.43,546.37,78.03,246.03,0.7288,-1,-1,-1
47,3,1201.38,986.27,73.15,93.72,0.6664,-1,-1,-1
47,4,1721.44,459.00,74.60,208.02,0.6317,-1,-1,-1
47,5,1356.58,569.55,81.45,215.82,0.5950,-1,-1,-1
47,6,0.68,789.69,68.86,232.03,0.6023,-1,-1,-1
47,7,903.80,172.57,75.61,200.41,0.3196,-1,-1,-1
47,8,507.76,180.02,57.26,186.48,0.3123,-1,-1,-1
47,9,169.66,344.68,58.74,208.61,0.3877,-1,-1,-1
47,10,789.75,149.43,60.62,174.81,0.4298,-1,-1,-1
47,11,1018.86,162.87,63.89,183.61,0.3958,-1,-1,-1
47,15,1844.51,259.56,73.71,201.88,0.3425,-1,-1,-1
47,17,863.94,154.94,54.55,181.65,0.2695,-1,-1,-1
47,19,379.98,972.06,97.24,107.64,0.5869,-1,-1,-1
48,1,396.42,356.96,83.63,229.73,0.7644,-1,-1,-1
48,2,101.63,546.07,77.77,246.84,0.7346,-1,-1,-1
48,3,1203.25,984.53,76.52,95.29,0.6329,-1,-1,-1
48,4,1721.52,459.48,74.25,206.15,0.6345,-1,-1,-1
48,5,1356.49,569.06,82.96,216.66,0.6158,-1,-1,-1
48,6,0.56,789.10,70.25,234.30,0.5810,-1,-1,-1
48,7,901.30,174.12,70.30,197.43,0.2507,-1,-1,-1
48,8,507.68,183.23,56.64,182.87,0.3290,-1,-1,-1
48,9,168.96,344.22,57.21,211.45,0.3382,-1,-1,-1
48,10,790.50,149.48,59.99,175.71,0.4556,-1,-1,-1
48,11,1018.63,163.12,63.17,183.08,0.3249,-1,-1,-1
48,15,1847.54,263.10,67.39,200.47,0.3685,-1,-1,-1
48,17,863.52,153.83,55.74,180.72,0.2738,-1,-1,-1
48,19,378.81,965.10,99.06,114.61,0.6055,-1,-1,-1
48,20,1484.79,218.21,58.66,194.51,0.2205,-1,-1,-1
49,1,396.25,356.35,84.58,226.61,0.7616,-1,-1,-1
49,2,101.56,546.07,77.78,246.94,0.7395,-1,-1,-1
49,3,1203.47,983.34,77.57,96.60,0.6530,-1,-1,-1
49,4,1720.97,458.78,74.69,207.36,0.6572,-1,-1,-1
49,5,1356.51,569.54,82.59,217.90,0.6024,-1,-1,-1
49,6,0.30,785.85,72.18,245.41,0.6188,-1,-1,-1
49,7,900.36,177.22,59.50,194.46,0.2450,-1,-1,-1
49,8,492.65,180.20,75.51,188.41,0.3686,-1,-1,-1
49,9,166.94,352.89,58.53,203.65,0.3575,-1,-1,-1
49,10,790.30,149.26,60.64,175.93,0.4310,-1,-1,-1
49,11,1016.48,164.66,65.33,182.84,0.3727,-1,-1,-1
49,15,1849.53,264.68,65.21,200.53,0.3298,-1,-1,-1
49,17,862.73,152.92,55.42,175.66,0.3176,-1,-1,-1
49,19,378.41,963.84,99.76,116.24,0.5793,-1,-1,-1
49,20,1483.09,218.03,60.72,192.49,0.2468,-1,-1,-1
50,1,395.79,355.04,85.88,225.86,0.7559,-1,-1,-1
50,2,101.60,546.08,77.84,246.49,0.7478,-1,-1,-1
50,3,1203.56,982.75,78.42,97.22,0.6280,-1,-1,-1
50,4,1721.18,459.04,74.26,206.85,0.6413,-1,-1,-1
50,5,1357.09,569.76,81.47,215.56,0.6131,-1,-1,-1
50,6,0.30,785.48,73.77,249.04,0.5971,-1,-1,-1
50,8,492.08,179.35,76.91,191.26,0.3773,-1,-1,-1
50,10,790.31,149.02,59.96,177.10,0.4064,-1,-1,-1
50,11,1016.86,164.62,61.93,176.91,0.3895,-1,-1,-1
50,15,1852.57,266.45,66.11,199.68,0.3962,-1,-1,-1
50,17,863.14,153.80,52.11,168.04,0.2822,-1,-1,-1
50,19,380.88,961.48,97.83,117.39,0.5882,-1,-1,-1
50,20,1482.57,217.57,60.02,195.12,0.2027,-1,-1,-1
51,1,395.85,354.42,86.75,223.06,0.7534,-1,-1,-1
51,2,101.77,545.48,77.58,247.29,0.7504,-1,-1,-1
51,3,1204.37,981.49,78.81,98.44,0.6125,-1,-1,-1
51,4,1720.62,460.16,74.67,205.29,0.6250,-1,-1,-1
51,5,1357.01,569.19,81.31,214.66,0.6172,-1,-1,-1
51,6,1.02,783.31,73.79,247.22,0.6395,-1,-1,-1
51,8,493.46,180.25,75.99,191.45,0.3660,-1,-1,-1
51,10,790.40,148.69,60.06,177.79,0.4131,-1,-1,-1
51,11,1016.63,166.70,61.89,174.43,0.4456,-1,-1,-1
51,15,1854.22,267.35,62.84,195.93,0.3594,-1,-1,-1
51,17,862.73,154.41,49.85,169.99,0.2754,-1,-1,-1
51,19,381.15,956.95,97.68,122.65,0.5435,-1,-1,-1
51,20,1481.48,216.52,61.07,196.10,0.2505,-1,-1,-1
52,1,396.88,353.17,86.63,224.08,0.7686,-1,-1,-1
52,2,102.13,545.42,76.80,246.94,0.7525,-1,-1,-1
52,3,1203.89,981.67,79.18,98.35,0.6308,-1,-1,-1
52,4,1722.30,456.00,73.00,210.41,0.6297,-1,-1,-1
52,5,1356.68,569.23,81.65,215.70,0.6235,-1,-1,-1
52,6,2.62,783.06,72.26,246.33,0.6049,-1,-1,-1
52,8,489.50,179.92,80.91,191.29,0.3843,-1,-1,-1
52,10,789.60,149.02,61.03,178.11,0.3923,-1,-1,-1
52,11,1016.17,168.27,63.08,179.47,0.4726,-1,-1,-1
52,15,1858.08,263.99,61.03,199.17,0.2986,-1,-1,-1
52,19,382.11,952.60,98.45,127.24,0.5406,-1,-1,-1
52,20,1478.77,216.48,63.14,195.93,0.2316,-1,-1,-1
53,1,398.56,351.38,85.09,226.13,0.7693,-1,-1,-1
53,2,102.51,545.23,75.62,247.30,0.7457,-1,-1,-1
53,3,1203.93,979.95,79.07,99.98,0.6523,-1,-1,-1
53,4,1722.22,455.90,73.35,209.54,0.6250,-1,-1,-1
53,5,1357.11,569.54,81.63,213.57,0.6407,-1,-1,-1
53,6,3.17,780.93,72.56,242.03,0.6535,-1,-1,-1
53,8,488.60,180.35,83.05,190.80,0.4070,-1,-1,-1
53,10,789.12,148.46,61.64,177.55,0.4105,-1,-1,-1
53,11,1015.94,169.12,62.62,181.82,0.4511,-1,-1,-1
53,15,1859.88,265.03,59.69,198.15,0.3258,-1,-1,-1
53,19,381.95,949.98,101.32,129.60,0.6925,-1,-1,-1
53,20,1476.97,216.53,63.28,193.74,0.2323,-1,-1,-1
54,1,398.41,350.97,85.71,226.68,0.7693,-1,-1,-1
54,2,102.44,544.92,75.70,247.91,0.7492,-1,-1,-1
54,3,1202.90,979.74,80.60,100.26,0.6576,-1,-1,-1
54,4,1722.10,456.01,73.44,210.07,0.6213,-1,-1,-1
54,5,1356.93,569.14,82.17,214.13,0.6415,-1,-1,-1
54,6,5.44,778.18,70.30,237.16,0.6478,-1,-1,-1
54,7,863.50,210.34,75.67,161.83,0.2329,-1,-1,-1
54,8,488.36,180.35,84.32,190.53,0.3797,-1,-1,-1
54,10,789.52,148.82,61.81,176.75,0.4023,-1,-1,-1
54,11,1013.69,171.26,62.42,181.82,0.4236,-1,-1,-1
54,15,1861.83,263.11,57.56,203.40,0.3158,-1,-1,-1
54,19,382.91,948.90,103.68,129.35,0.7143,-1,-1,-1
54,20,1474.38,215.67,66.35,193.98,0.2310,-1,-1,-1
54,21,280.45,105.86,55.00,185.21,0.2074,-1,-1,-1
55,1,399.47,349.70,84.78,228.57,0.7781,-1,-1,-1
55,2,102.44,545.16,75.74,248.48,0.7374,-1,-1,-1
55,3,1203.22,978.96,80.71,101.02,0.6675,-1,-1,-1
55,4,1722.31,456.92,74.00,210.84,0.6362,-1,-1,-1
55,5,1357.54,569.10,81.08,215.41,0.6091,-1,-1,-1
55,6,7.24,774.12,69.60,237.56,0.6794,-1,-1,-1
55,7,851.11,208.11,87.73,164.27,0.2753,-1,-1,-1
55,8,488.60,180.07,84.07,191.23,0.4167,-1,-1,-1
55,10,790.03,149.04,61.17,176.67,0.4214,-1,-1,-1
55,11,1012.42,173.49,62.77,181.71,0.4496,-1,-1,-1
55,15,1864.45,262.49,55.10,207.23,0.3348,-1,-1,-1
55,19,383.04,947.39,106.56,131.47,0.6933,-1,-1,-1
55,20,1473.63,215.93,67.18,193.40,0.2740,-1,-1,-1
55,21,280.69,105.89,55.03,185.32,0.2468,-1,-1,-1
56,1,399.90,349.46,84.32,229.78,0.7866,-1,-1,-1
56,2,102.43,544.47,75.90,249.08,0.7387,-1,-1,-1
56,3,1202.89,977.26,80.85,102.69,0.6754,-1,-1,-1
56,4,1722.03,455.81,73.45,210.77,0.6425,-1,-1,-1
56,5,1356.98,569.28,80.77,216.43,0.6095,-1,-1,-1
56,6,7.72,771.93,70.32,235.05,0.6948,-1,-1,-1
56,7,842.45,195.59,93.85,175.81,0.2552,-1,-1,-1
56,8,488.67,180.03,81.97,191.36,0.4754,-1,-1,-1
56,10,789.93,148.80,61.71,177.96,0.4103,-1,-1,-1
56,11,1013.99,175.00,60.25,180.23,0.4677,-1,-1,-1
56,15,1866.17,262.00,53.50,206.86,0.2741,-1,-1,-1
56,19,383.91,946.98,106.16,132.76,0.7017,-1,-1,-1
56,20,1472.56,216.03,65.86,192.00,0.3165,-1,-1,-1
56,21,281.09,106.78,54.56,185.62,0.2284,-1,-1,-1
57,1,399.98,348.07,83.85,230.80,0.7946,-1,-1,-1
57,2,102.27,544.95,76.07,249.31,0.7341,-1,-1,-1
57,3,1202.11,976.14,81.71,103.83,0.6854,-1,-1,-1
57,4,1721.82,458.61,73.44,207.18,0.6534,-1,-1,-1
57,5,1356.84,569.19,81.52,213.03,0.6163,-1,-1,-1
57,6,7.50,769.07,71.67,230.39,0.7181,-1,-1,-1
57,7,834.40,167.65,102.02,201.73,0.3126,-1,-1,-1
57,8,487.95,180.86,81.66,190.85,0.4509,-1,-1,-1
57,10,789.68,148.63,62.55,179.03,0.4002,-1,-1,-1
57,11,1011.40,176.48,61.04,179.63,0.4622,-1,-1,-1
57,19,385.75,946.25,105.42,133.17,0.7139,-1,-1,-1
57,20,1470.92,215.48,64.81,190.56,0.3334,-1,-1,-1
57,21,281.79,106.11,54.34,186.00,0.2288,-1,-1,-1
58,1,399.55,347.17,84.74,231.55,0.7865,-1,-1,-1
58,2,102.66,545.33,75.41,248.75,0.7300,-1,-1,-1
58,3,1201.15,976.13,83.29,103.89,0.6698,-1,-1,-1
58,4,1721.49,458.64,73.15,206.14,0.6398,-1,-1,-1
58,5,1357.14,569.63,81.00,214.73,0.6237,-1,-1,-1
58,6,7.06,767.19,74.05,229.03,0.7133,-1,-1,-1
58,8,488.32,181.56,80.14,190.99,0.4508,-1,-1,-1
58,10,790.10,148.97,61.81,178.89,0.3956,-1,-1,-1
58,11,1011.13,179.26,59.87,179.15,0.4545,-1,-1,-1
58,19,387.50,945.05,103.97,134.90,0.6713,-1,-1,-1
58,20,1469.42,214.29,64.38,189.28,0.3085,-1,-1,-1
58,21,281.74,107.19,54.71,185.81,0.2249,-1,-1,-1
59,1,401.29,345.67,83.41,233.17,0.7849,-1,-1,-1
59,2,102.63,545.17,75.31,249.26,0.7329,-1,-1,-1
59,3,1199.30,975.73,85.24,104.28,0.6732,-1,-1,-1
59,4,1723.06,456.36,72.79,210.37,0.6384,-1,-1,-1
59,5,1357.03,568.69,81.31,213.05,0.6396,-1,-1,-1
59,6,6.67,765.28,75.73,224.86,0.7236,-1,-1,-1
59,8,488.39,182.04,81.39,191.44,0.4429,-1,-1,-1
59,10,789.49,148.87,61.02,178.52,0.3894,-1,-1,-1
59,11,1009.94,180.36,60.70,178.41,0.3775,-1,-1,-1
59,19,388.31,943.56,103.01,136.01,0.7206,-1,-1,-1
59,20,1467.05,213.45,64.81,191.25,0.2883,-1,-1,-1
59,21,282.38,106.88,54.54,185.58,0.2883,-1,-1,-1
60,1,401.96,345.98,82.18,231.49,0.7926,-1,-1,-1
60,2,102.14,545.19,75.83,250.48,0.7263,-1,-1,-1
60,3,1199.03,974.68,85.17,105.30,0.6697,-1,-1,-1
60,4,1722.05,458.73,73.50,207.46,0.6267,-1,-1,-1
60,5,1356.90,569.09,81.12,215.13,0.6242,-1,-1,-1
60,6,9.52,760.23,70.37,225.12,0.7344,-1,-1,-1
60,8,488.85,183.14,80.19,191.27,0.4567,-1,-1,-1
60,10,789.76,148.61,61.61,184.09,0.4262,-1,-1,-1
60,11,1006.89,181.28,63.04,178.05,0.3422,-1,-1,-1
60,19,387.79,940.47,105.39,138.49,0.7121,-1,-1,-1
60,20,1466.74,212.04,64.22,192.48,0.3100,-1,-1,-1
60,21,282.24,106.22,54.25,186.37,0.2584,-1,-1,-1
61,1,401.52,344.54,82.62,230.73,0.7985,-1,-1,-1
61,2,102.90,546.48,74.15,247.38,0.7293,-1,-1,-1
61,3,1196.46,972.11,86.07,107.79,0.6302,-1,-1,-1
61,4,1722.73,457.69,71.96,207.48,0.6115,-1,-1,-1
61,5,1357.28,569.39,80.73,213.77,0.6294,-1,-1,-1
61,6,10.26,758.10,69.12,225.58,0.7303,-1,-1,-1
61,8,493.51,189.52,72.34,187.17,0.4831,-1,-1,-1
61,10,788.73,148.61,62.99,187.56,0.3600,-1,-1,-1
61,11,1007.24,181.88,61.79,176.84,0.3028,-1,-1,-1
61,19,386.86,938.88,107.78,140.63,0.6220,-1,-1,-1
61,20,1464.38,211.09,63.38,192.58,0.2580,-1,-1,-1
61,21,282.00,107.82,54.70,184.67,0.2282,-1,-1,-1
62,1,402.20,343.11,81.68,230.80,0.7901,-1,-1,-1
62,2,102.96,546.90,74.28,247.21,0.7288,-1,-1,-1
62,3,1195.76,972.38,86.60,107.67,0.6191,-1,-1,-1
62,4,1722.54,456.62,73.23,209.20,0.5977,-1,-1,-1
62,5,1357.79,569.55,80.08,214.13,0.6157,-1,-1,-1
62,6,10.89,756.38,68.96,225.78,0.7292,-1,-1,-1
62,8,492.86,190.21,73.00,188.98,0.4997,-1,-1,-1
62,10,790.14,148.21,61.04,186.67,0.3160,-1,-1,-1
62,11,1008.12,183.93,60.81,175.14,0.3059,-1,-1,-1
62,19,385.54,936.66,108.54,141.95,0.5590,-1,-1,-1
62,20,1462.17,210.90,63.15,190.07,0.2265,-1,-1,-1
62,21,282.19,106.32,55.07,187.06,0.2319,-1,-1,-1
63,1,402.06,340.92,82.23,232.26,0.7960,-1,-1,-1
63,2,103.11,546.72,73.92,247.20,0.7299,-1,-1,-1
63,3,1194.20,971.84,87.48,108.17,0.6528,-1,-1,-1
63,4,1721.45,458.72,74.37,207.56,0.5898,-1,-1,-1
63,5,1356.90,568.98,81.13,213.30,0.6042,-1,-1,-1
63,6,10.29,755.51,71.33,229.37,0.7195,-1,-1,-1
63,8,491.22,188.57,74.48,195.45,0.5335,-1,-1,-1
63,10,790.08,148.51,60.07,192.19,0.2956,-1,-1,-1
63,11,1005.57,184.93,61.73,172.19,0.2531,-1,-1,-1
63,19,385.75,934.64,107.01,144.25,0.6597,-1,-1,-1
63,20,1462.58,209.02,62.69,192.61,0.2875,-1,-1,-1
63,21,281.73,107.64,55.18,184.78,0.2233,-1,-1,-1
64,1,402.26,338.44,82.47,232.09,0.7912,-1,-1,-1
64,2,102.46,546.47,74.70,248.54,0.7201,-1,-1,-1
64,3,1192.82,973.38,87.03,106.71,0.6851,-1,-1,-1
64,4,1721.90,456.46,73.74,209.67,0.6040,-1,-1,-1
64,5,1356.12,569.54,81.51,215.85,0.5963,-1,-1,-1
64,6,11.00,753.73,70.90,229.63,0.7213,-1,-1,-1
64,8,493.14,191.57,72.78,194.34,0.4944,-1,-1,-1
64,10,790.30,148.13,59.47,185.41,0.2957,-1,-1,-1
64,11,1003.85,186.24,63.25,171.07,0.3620,-1,-1,-1
64,19,385.05,930.49,108.82,148.76,0.6701,-1,-1,-1
64,20,1462.36,208.10,62.04,195.35,0.2192,-1,-1,-1
64,21,282.14,108.13,54.92,185.14,0.2587,-1,-1,-1
65,1,401.99,336.79,82.81,232.12,0.7938,-1,-1,-1
65,2,102.65,547.22,74.51,246.60,0.7266,-1,-1,-1
65,3,1192.23,973.43,85.12,106.59,0.6847,-1,-1,-1
65,4,1720.48,459.71,75.35,206.83,0.6153,-1,-1,-1
65,5,1356.19,569.11,82.81,214.15,0.6296,-1,-1,-1
65,6,11.07,752.80,70.99,233.25,0.7134,-1,-1,-1
65,8,493.91,191.87,72.32,195.00,0.5119,-1,-1,-1
65,10,791.75,148.21,56.82,175.02,0.2331,-1,-1,-1
65,11,1003.44,187.24,62.58,171.31,0.3111,-1,-1,-1
65,19,385.35,923.50,107.45,155.88,0.5687,-1,-1,-1
65,20,1462.10,206.40,59.37,192.58,0.2611,-1,-1,-1
65,21,283.20,109.27,53.49,183.70,0.2567,-1,-1,-1
66,1,402.23,334.92,83.29,231.94,0.7936,-1,-1,-1
66,2,102.62,546.28,75.54,247.85,0.7199,-1,-1,-1
66,3,1190.02,971.66,84.78,108.29,0.7048,-1,-1,-1
66,4,1719.80,459.38,75.73,207.92,0.6261,-1,-1,-1
66,5,1355.88,568.62,83.15,216.20,0.6039,-1,-1,-1
66,6,10.83,751.40,71.48,234.35,0.7143,-1,-1,-1
66,8,495.31,190.06,73.35,196.64,0.5266,-1,-1,-1
66,11,1004.23,188.01,60.00,174.48,0.3600,-1,-1,-1
66,19,387.15,917.33,104.28,162.39,0.5657,-1,-1,-1
66,20,1461.41,205.27,59.82,191.64,0.2895,-1,-1,-1
66,21,283.15,111.33,54.22,182.41,0.2771,-1,-1,-1
66,22,897.09,178.92,50.54,167.22,0.2105,-1,-1,-1
67,1,402.08,333.96,84.69,228.96,0.7945,-1,-1,-1
67,2,102.67,546.70,75.85,247.51,0.7253,-1,-1,-1
67,3,1188.57,971.81,86.45,108.21,0.6940,-1,-1,-1
67,4,1720.65,458.52,74.83,207.30,0.5982,-1,-1,-1
67,5,1356.89,569.05,81.52,214.31,0.5988,-1,-1,-1
67,6,10.54,749.17,71.80,237.44,0.7008,-1,-1,-1
67,8,495.24,190.84,70.10,199.76,0.5674,-1,-1,-1
67,11,1002.53,187.67,59.47,175.28,0.4053,-1,-1,-1
67,19,385.58,913.57,105.68,164.78,0.6584,-1,-1,-1
67,20,1458.94,205.04,61.54,191.28,0.2669,-1,-1,-1
67,21,283.40,112.07,53.84,182.16,0.2637,-1,-1,-1
68,1,402.96,333.53,84.16,226.78,0.7917,-1,-1,-1
68,2,102.59,546.51,75.89,247.84,0.7297,-1,-1,-1
68,3,1185.17,969.76,86.02,110.19,0.6958,-1,-1,-1
68,4,1721.59,459.29,74.07,207.13,0.6087,-1,-1,-1
68,5,1356.54,568.24,82.05,216.10,0.5921,-1,-1,-1
68,6,10.37,746.63,72.08,241.19,0.7057,-1,-1,-1
68,7,803.89,210.36,72.58,160.32,0.2646,-1,-1,-1
68,8,495.00,192.33,69.49,197.62,0.5757,-1,-1,-1
68,11,1001.00,188.03,61.29,176.74,0.4903,-1,-1,-1
68,19,384.88,912.15,106.54,165.82,0.7045,-1,-1,-1
68,20,1457.71,204.25,62.34,189.33,0.2419,-1,-1,-1
68,21,283.57,114.60,53.71,179.78,0.2345,-1,-1,-1
69,1,402.58,332.49,85.53,225.53,0.7836,-1,-1,-1
69,2,102.76,546.52,75.14,248.19,0.7305,-1,-1,-1
69,3,1183.71,969.61,86.07,110.36,0.6768,-1,-1,-1
69,4,1722.72,457.05,74.35,212.65,0.5918,-1,-1,-1
69,5,1356.76,568.75,81.90,217.22,0.5920,-1,-1,-1
69,6,10.55,744.76,72.01,241.91,0.7103,-1,-1,-1
69,8,492.29,193.49,75.04,195.37,0.5861,-1,-1,-1
69,11,1000.72,187.82,62.15,177.21,0.5344,-1,-1,-1
69,19,384.60,910.55,106.86,168.26,0.6818,-1,-1,-1
69,20,1453.92,204.80,65.45,189.61,0.2567,-1,-1,-1
69,21,283.55,115.55,54.04,178.87,0.2113,-1,-1,-1
69,22,892.67,187.04,55.18,162.94,0.2261,-1,-1,-1
70,1,402.67,331.55,86.06,223.94,0.7912,-1,-1,-1
70,2,103.06,546.20,74.78,248.44,0.7333,-1,-1,-1
70,3,1182.37,969.23,85.73,110.78,0.6650,-1,-1,-1
70,4,1723.01,454.59,74.30,213.75,0.6145,-1,-1,-1
70,5,1356.20,568.48,83.21,217.56,0.6085,-1,-1,-1
70,6,10.79,743.13,71.93,237.65,0.7153,-1,-1,-1
70,7,795.56,174.16,70.84,195.32,0.2216,-1,-1,-1
70,8,490.41,195.21,78.15,193.67,0.5903,-1,-1,-1
70,11,1000.41,187.53,61.36,178.18,0.5571,-1,-1,-1
70,17,847.49,167.31,50.74,170.35,0.2281,-1,-1,-1
70,19,384.16,907.22,107.17,172.34,0.6741,-1,-1,-1
70,20,1449.42,203.31,68.66,191.44,0.2601,-1,-1,-1
70,21,283.45,118.70,55.07,176.48,0.2228,-1,-1,-1
70,22,893.57,183.16,52.67,167.26,0.2097,-1,-1,-1
71,1,403.19,329.92,85.31,223.73,0.7913,-1,-1,-1
71,2,102.16,545.08,76.05,250.46,0.7297,-1,-1,-1
71,3,1181.33,968.22,85.93,111.76,0.6656,-1,-1,-1
71,4,1722.29,456.33,74.88,211.55,0.6228,-1,-1,-1
71,5,1357.01,568.87,82.06,219.04,0.5551,-1,-1,-1
71,6,11.10,741.41,72.43,230.92,0.7216,-1,-1,-1
71,7,787.21,154.39,75.23,215.14,0.3604,-1,-1,-1
71,8,492.44,193.14,77.48,196.03,0.6134,-1,-1,-1
71,11,998.56,187.94,60.12,178.17,0.5619,-1,-1,-1
71,17,846.68,168.36,50.40,173.35,0.3357,-1,-1,-1
71,19,380.54,905.18,111.15,174.83,0.7050,-1,-1,-1
71,20,1444.92,202.28,70.75,191.62,0.2578,-1,-1,-1
71,22,892.81,183.74,54.14,169.52,0.2733,-1,-1,-1
72,1,403.34,328.35,85.54,225.68,0.7882,-1,-1,-1
72,2,102.04,544.68,76.14,250.42,0.7261,-1,-1,-1
72,3,1180.22,965.86,85.05,114.03,0.5962,-1,-1,-1
72,4,1722.41,457.06,74.37,210.53,0.6180,-1,-1,-1
72,5,1357.20,569.13,82.27,218.23,0.6049,-1,-1,-1
72,6,10.70,737.51,73.77,228.37,0.7282,-1,-1,-1
72,7,780.31,149.48,84.80,220.40,0.3711,-1,-1,-1
72,8,487.35,193.27,84.13,196.48,0.5969,-1,-1,-1
72,11,998.33,188.41,58.23,178.90,0.5717,-1,-1,-1
72,17,844.04,169.64,52.61,175.67,0.3493,-1,-1,-1
72,19,379.85,903.92,111.27,176.14,0.7227,-1,-1,-1
72,20,1443.46,202.32,71.45,190.59,0.2763,-1,-1,-1
72,22,892.00,187.90,53.47,167.74,0.2659,-1,-1,-1
73,1,404.52,327.82,84.74,227.32,0.7875,-1,-1,-1
73,2,101.79,545.02,76.27,249.98,0.7323,-1,-1,-1
73,3,1179.25,965.17,86.20,114.83,0.6058,-1,-1,-1
73,4,1722.80,455.96,74.39,213.42,0.6118,-1,-1,-1
73,5,1356.81,569.46,82.89,215.92,0.6091,-1,-1,-1
73,6,10.70,734.23,74.34,229.07,0.7483,-1,-1,-1
73,7,775.64,148.04,88.96,221.21,0.3031,-1,-1,-1
73,8,485.40,193.02,87.53,196.80,0.5906,-1,-1,-1
73,11,996.90,189.55,57.38,178.77,0.5491,-1,-1,-1
73,17,845.27,170.69,51.51,177.46,0.3440,-1,-1,-1
73,19,378.47,902.92,112.50,177.14,0.7177,-1,-1,-1
73,20,1440.57,202.85,74.45,192.55,0.2675,-1,-1,-1
73,22,892.35,190.71,52.50,166.26,0.2378,-1,-1,-1
74,1,405.43,327.75,83.89,226.26,0.7843,-1,-1,-1
74,2,102.23,545.66,75.28,248.46,0.7224,-1,-1,-1
74,3,1178.14,965.05,87.39,114.99,0.6219,-1,-1,-1
74,4,1721.78,459.95,74.49,207.22,0.5956,-1,-1,-1
74,5,1356.41,569.60,83.06,214.86,0.6209,-1,-1,-1
74,6,10.79,732.03,75.00,225.46,0.7516,-1,-1,-1
74,7,772.06,147.08,93.28,223.22,0.2738,-1,-1,-1
74,8,485.01,195.07,88.57,194.79,0.5544,-1,-1,-1
74,11,998.22,190.08,54.58,181.03,0.5582,-1,-1,-1
74,17,845.01,171.57,52.97,179.18,0.2998,-1,-1,-1
74,19,378.67,900.76,112.05,179.26,0.6921,-1,-1,-1
74,20,1441.82,202.88,71.84,194.15,0.2828,-1,-1,-1
74,22,892.82,192.50,53.31,165.27,0.2663,-1,-1,-1
75,1,405.11,326.97,84.42,226.86,0.7790,-1,-1,-1
75,2,101.79,545.07,75.49,249.46,0.7298,-1,-1,-1
75,3,1176.87,964.53,88.65,115.48,0.6419,-1,-1,-1
75,4,1722.20,457.07,74.41,212.08,0.6198,-1,-1,-1
75,5,1356.73,570.02,82.56,211.87,0.6530,-1,-1,-1
75,6,10.75,731.26,74.79,227.42,0.7494,-1,-1,-1
75,8,482.84,196.75,89.54,193.48,0.5688,-1,-1,-1
75,11,994.60,189.14,57.69,183.83,0.6134,-1,-1,-1
75,17,843.07,172.32,54.74,184.50,0.3004,-1,-1,-1
75,19,379.48,898.56,110.90,181.45,0.6851,-1,-1,-1
75,20,1440.01,202.98,70.21,191.86,0.2918,-1,-1,-1
75,22,892.47,192.85,52.06,166.23,0.2080,-1,-1,-1
76,1,406.73,326.67,82.86,227.60,0.7722,-1,-1,-1
76,2,101.95,544.10,74.67,250.36,0.7237,-1,-1,-1
76,3,1176.69,963.98,88.76,116.02,0.6881,-1,-1,-1
76,4,1721.01,459.49,74.68,206.46,0.6294,-1,-1,-1
76,5,1356.17,570.81,83.12,212.16,0.6463,-1,-1,-1
76,6,11.11,729.46,73.99,230.86,0.7464,-1,-1,-1
76,8,486.21,200.17,86.84,191.15,0.5570,-1,-1,-1
76,11,993.94,189.08,57.81,182.04,0.5767,-1,-1,-1
76,17,841.93,172.64,54.84,185.24,0.2449,-1,-1,-1
76,19,381.08,895.38,108.06,184.60,0.6831,-1,-1,-1
76,20,1436.68,205.33,65.78,191.44,0.3239,-1,-1,-1
77,1,407.33,325.20,83.16,229.67,0.7657,-1,-1,-1
77,2,102.19,544.24,73.73,250.33,0.7253,-1,-1,-1
77,3,1176.69,963.95,88.26,116.08,0.6950,-1,-1,-1
77,4,1721.20,458.71,74.54,206.27,0.6249,-1,-1,-1
77,5,1355.78,570.02,84.94,214.57,0.6341,-1,-1,-1
77,6,11.16,728.06,74.30,231.18,0.7512,-1,-1,-1
77,8,494.34,201.67,77.47,188.69,0.5705,-1,-1,-1
77,11,993.79,189.35,56.69,182.55,0.5952,-1,-1,-1
77,17,842.40,173.73,54.77,184.19,0.2456,-1,-1,-1
77,19,382.80,893.28,106.04,186.74,0.7437,-1,-1,-1
77,20,1436.13,205.58,64.88,189.38,0.3566,-1,-1,-1
78,1,406.88,324.77,83.39,229.41,0.7695,-1,-1,-1
78,2,101.75,544.17,73.73,249.87,0.7249,-1,-1,-1
78,3,1176.35,963.11,88.34,116.88,0.7195,-1,-1,-1
78,4,1720.88,459.83,75.36,205.85,0.6387,-1,-1,-1
78,5,1355.45,571.65,85.23,214.42,0.6390,-1,-1,-1
78,6,10.69,727.04,75.92,233.85,0.7462,-1,-1,-1
78,8,490.89,205.27,78.20,186.29,0.6012,-1,-1,-1
78,11,994.33,188.78,56.45,181.47,0.5671,-1,-1,-1
78,19,382.96,890.82,104.91,189.18,0.7541,-1,-1,-1
78,20,1434.37,205.30,64.85,190.00,0.3341,-1,-1,-1
79,1,408.07,324.51,82.31,230.54,0.7797,-1,-1,-1
79,2,101.97,545.38,73.45,248.28,0.7281,-1,-1,-1
79,3,1176.22,963.16,88.03,116.86,0.7232,-1,-1,-1
79,4,1720.94,458.54,74.71,206.88,0.6492,-1,-1,-1
79,5,1355.12,572.61,85.31,213.31,0.6052,-1,-1,-1
79,6,11.52,726.74,75.75,232.87,0.7480,-1,-1,-1
79,8,490.06,202.99,80.33,191.76,0.5829,-1,-1,-1
79,11,992.10,190.42,58.42,178.41,0.5782,-1,-1,-1
79,17,844.97,177.11,50.64,182.21,0.2248,-1,-1,-1
79,19,385.99,887.15,101.64,192.82,0.7665,-1,-1,-1
79,20,1432.25,203.25,64.62,192.38,0.2693,-1,-1,-1
80,1,409.54,324.37,80.91,229.38,0.7785,-1,-1,-1
80,2,102.19,545.67,72.95,248.11,0.7289,-1,-1,-1
80,3,1175.26,962.44,88.39,117.56,0.7360,-1,-1,-1
80,4,1721.14,460.04,75.00,206.11,0.6361,-1,-1,-1
80,5,1356.45,572.39,85.46,215.96,0.5805,-1,-1,-1
80,6,12.04,725.60,76.94,233.76,0.7286,-1,-1,-1
80,8,491.66,203.85,79.35,194.02,0.5699,-1,-1,-1
80,10,798.42,149.98,50.13,158.21,0.2103,-1,-1,-1
80,11,990.89,190.59,58.42,183.90,0.6115,-1,-1,-1
80,17,844.87,177.74,49.42,183.03,0.2220,-1,-1,-1
80,19,387.06,881.94,100.34,198.01,0.7870,-1,-1,-1
80,20,1429.01,203.82,62.17,189.60,0.2555,-1,-1,-1
80,22,891.69,200.15,47.81,160.05,0.2034,-1,-1,-1
80,23,1240.11,167.20,70.66,155.42,0.2900,-1,-1,-1
81,1,409.98,323.75,80.51,227.36,0.7617,-1,-1,-1
81,2,102.58,544.92,72.11,248.35,0.7293,-1,-1,-1
81,3,1176.76,961.93,86.29,118.07,0.7437,-1,-1,-1
81,4,1722.11,456.29,74.19,210.23,0.6236,-1,-1,-1
81,5,1355.63,571.79,85.84,217.15,0.5543,-1,-1,-1
81,6,13.18,724.80,75.31,233.61,0.7228,-1,-1,-1
81,8,492.08,204.48,78.72,196.16,0.5449,-1,-1,-1
81,10,798.00,146.99,50.81,160.74,0.2295,-1,-1,-1
81,11,989.83,191.21,58.45,182.69,0.6098,-1,-1,-1
81,19,387.86,878.51,99.75,201.48,0.7851,-1,-1,-1
81,20,1427.31,202.50,60.42,187.83,0.3156,-1,-1,-1
82,1,412.64,323.51,79.54,226.40,0.7524,-1,-1,-1
82,2,101.94,545.35,72.39,247.86,0.7291,-1,-1,-1
82,3,1176.18,961.43,85.48,118.57,0.7321,-1,-1,-1
82,4,1721.41,459.05,74.51,207.22,0.6211,-1,-1,-1
82,5,1355.89,572.06,85.66,217.83,0.5409,-1,-1,-1
82,6,13.15,721.75,77.34,236.38,0.7284,-1,-1,-1
82,8,494.69,207.19,76.51,194.88,0.5586,-1,-1,-1
82,10,796.40,147.79,52.92,162.78,0.2570,-1,-1,-1
82,11,988.66,191.01,57.68,183.00,0.6104,-1,-1,-1
82,17,841.76,179.60,51.82,182.89,0.2078,-1,-1,-1
82,19,386.82,875.30,101.86,204.70,0.7832,-1,-1,-1
82,20,1426.15,200.08,60.43,188.49,0.2976,-1,-1,-1
83,1,412.16,321.87,81.25,226.06,0.7640,-1,-1,-1
83,2,101.77,545.91,72.52,247.48,0.7307,-1,-1,-1
83,3,1175.55,961.89,84.62,118.15,0.7054,-1,-1,-1
83,4,1722.58,456.34,73.43,208.70,0.6189,-1,-1,-1
83,5,1356.31,571.63,85.45,218.53,0.5473,-1,-1,-1
83,6,14.77,720.54,75.79,237.60,0.7180,-1,-1,-1
83,8,494.24,207.20,78.80,194.76,0.5796,-1,-1,-1
83,10,794.77,148.63,54.75,166.57,0.2953,-1,-1,-1
83,11,987.10,191.51,57.77,182.35,0.6038,-1,-1,-1
83,17,841.41,180.56,54.83,182.13,0.2167,-1,-1,-1
83,19,388.10,873.41,101.63,206.61,0.7791,-1,-1,-1
83,20,1424.49,201.46,60.55,186.90,0.2954,-1,-1,-1
84,1,413.74,320.08,79.77,225.75,0.7624,-1,-1,-1
84,2,102.11,545.90,72.45,247.35,0.7203,-1,-1,-1
84,3,1174.85,961.54,84.43,118.46,0.7219,-1,-1,-1
84,4,1721.49,459.23,74.66,206.39,0.5971,-1,-1,-1
84,5,1356.32,572.26,85.27,216.77,0.5392,-1,-1,-1
84,6,14.86,718.63,75.38,239.83,0.7199,-1,-1,-1
84,8,496.05,208.51,77.26,196.30,0.6012,-1,-1,-1
84,10,794.20,149.35,55.17,169.94,0.3714,-1,-1,-1
84,11,985.92,191.89,57.57,182.15,0.6138,-1,-1,-1
84,17,839.80,180.81,54.85,182.82,0.2275,-1,-1,-1
84,19,388.21,871.19,102.57,208.82,0.7700,-1,-1,-1
84,20,1422.16,199.68,61.94,188.19,0.2776,-1,-1,-1
84,25,754.41,185.68,52.46,178.50,0.2608,-1,-1,-1
85,1,413.71,318.58,81.61,224.18,0.7583,-1,-1,-1
85,2,101.75,544.95,73.06,249.18,0.7220,-1,-1,-1
85,3,1174.60,961.55,83.87,118.46,0.7163,-1,-1,-1
85,4,1721.01,460.48,75.16,205.89,0.6010,-1,-1,-1
85,5,1356.82,573.52,85.82,221.19,0.4847,-1,-1,-1
85,6,15.67,717.76,76.84,240.22,0.7203,-1,-1,-1
85,8,496.01,209.25,77.72,195.08,0.5949,-1,-1,-1
85,10,793.37,149.39,54.82,170.34,0.3175,-1,-1,-1
85,11,983.10,190.64,59.56,184.81,0.5539,-1,-1,-1
85,17,838.40,181.14,55.68,184.42,0.2748,-1,-1,-1
85,19,388.75,869.35,102.76,210.67,0.7790,-1,-1,-1
85,20,1421.95,198.62,60.51,189.53,0.2792,-1,-1,-1
85,25,751.97,185.00,50.34,179.23,0.2900,-1,-1,-1
85,26,431.68,14.64,54.50,160.54,0.2166,-1,-1,-1
86,1,414.72,317.45,81.36,221.25,0.7632,-1,-1,-1
86,2,101.91,546.11,73.30,247.24,0.7235,-1,-1,-1
86,3,1172.59,961.14,85.47,118.86,0.7078,-1,-1,-1
86,4,1722.09,457.40,74.89,209.80,0.6138,-1,-1,-1
86,5,1357.15,573.51,85.30,214.34,0.5363,-1,-1,-1
86,6,17.13,715.93,76.28,234.77,0.7464,-1,-1,-1
86,8,496.15,208.99,78.50,197.78,0.6104,-1,-1,-1
86,10,793.10,149.51,56.03,172.25,0.3078,-1,-1,-1
86,11,980.60,191.25,60.76,184.79,0.4740,-1,-1,-1
86,17,836.58,180.66,57.70,185.97,0.2924,-1,-1,-1
86,19,389.60,866.66,102.73,213.34,0.7897,-1,-1,-1
86,20,1419.72,198.12,60.57,190.00,0.3194,-1,-1,-1
86,25,748.42,186.74,51.38,178.15,0.3391,-1,-1,-1
86,26,431.27,13.86,54.78,158.77,0.2202,-1,-1,-1
87,1,414.18,316.72,84.02,220.27,0.7752,-1,-1,-1
87,2,101.94,545.68,73.51,247.10,0.7331,-1,-1,-1
87,3,1173.42,960.69,83.30,119.31,0.7028,-1,-1,-1
87,4,1721.14,460.28,74.53,206.68,0.6319,-1,-1,-1
87,5,1357.05,573.72,84.03,215.16,0.5115,-1,-1,-1
87,6,19.01,713.58,74.33,225.17,0.7613,-1,-1,-1
87,8,495.84,209.85,80.42,195.99,0.6200,-1,-1,-1
87,10,792.08,149.23,57.30,173.14,0.3232,-1,-1,-1
87,11,978.62,191.66,62.50,181.68,0.4546,-1,-1,-1
87,17,835.28,179.90,61.00,188.60,0.3335,-1,-1,-1
87,19,389.79,864.71,103.91,215.31,0.7880,-1,-1,-1
87,20,1419.26,198.02,59.24,188.53,0.2711,-1,-1,-1
87,25,747.45,187.07,52.08,177.96,0.4044,-1,-1,-1
87,26,433.25,13.65,52.33,156.40,0.2338,-1,-1,-1
88,1,413.87,315.26,84.82,220.24,0.7851,-1,-1,-1
88,2,101.96,546.27,73.57,246.20,0.7174,-1,-1,-1
88,3,1170.82,960.28,84.30,119.72,0.7416,-1,-1,-1
88,4,1720.69,460.20,74.74,206.30,0.6434,-1,-1,-1
88,5,1357.20,572.79,84.09,216.04,0.5499,-1,-1,-1
88,6,18.73,710.10,74.96,225.86,0.7294,-1,-1,-1
88,8,497.33,209.42,81.22,197.76,0.6174,-1,-1,-1
88,10,791.82,150.26,56.96,170.20,0.3274,-1,-1,-1
88,11,976.60,191.28,63.34,186.14,0.4229,-1,-1,-1
88,17,834.96,179.47,62.22,189.15,0.2698,-1,-1,-1
88,19,390.18,862.13,105.45,217.87,0.8056,-1,-1,-1
88,20,1418.04,197.15,58.12,187.14,0.2253,-1,-1,-1
88,25,742.71,186.96,55.98,177.24,0.3633,-1,-1,-1
89,1,414.10,313.67,84.49,220.24,0.7754,-1,-1,-1
89,2,101.84,546.16,73.62,245.71,0.7226,-1,-1,-1
89,3,1171.35,959.81,81.28,120.14,0.7525,-1,-1,-1
89,4,1720.11,458.95,74.86,207.49,0.6341,-1,-1,-1
89,5,1357.07,573.93,84.44,217.83,0.5379,-1,-1,-1
89,6,17.90,705.35,76.98,227.93,0.7360,-1,-1,-1
89,8,497.65,208.01,82.92,199.68,0.6155,-1,-1,-1
89,10,791.22,150.51,55.45,172.11,0.2964,-1,-1,-1
89,11,975.44,193.43,64.23,185.14,0.4980,-1,-1,-1
89,17,834.16,173.12,56.33,190.63,0.2396,-1,-1,-1
89,19,391.57,861.55,103.76,218.48,0.8127,-1,-1,-1
89,25,737.36,188.41,60.58,176.41,0.2837,-1,-1,-1
90,1,415.28,312.36,83.85,220.54,0.7461,-1,-1,-1
90,2,101.67,546.64,73.85,245.23,0.7133,-1,-1,-1
90,3,1170.62,958.44,80.94,121.54,0.7640,-1,-1,-1
90,4,1720.40,459.41,74.48,206.73,0.6249,-1,-1,-1
90,5,1356.63,573.03,83.04,215.99,0.5334,-1,-1,-1
90,6,20.32,703.97,74.21,227.80,0.7349,-1,-1,-1
90,8,499.30,207.19,83.92,199.14,0.6040,-1,-1,-1
90,10,791.13,150.74,55.97,174.83,0.2643,-1,-1,-1
90,11,974.26,195.34,64.98,184.38,0.4251,-1,-1,-1
90,17,832.89,173.58,54.75,189.55,0.2727,-1,-1,-1
90,19,392.65,860.10,102.56,219.92,0.8164,-1,-1,-1
90,25,729.98,190.01,69.73,174.30,0.2157,-1,-1,-1
91,1,416.51,311.12,81.84,223.06,0.7434,-1,-1,-1
91,2,102.03,546.95,73.64,244.55,0.7037,-1,-1,-1
91,3,1169.35,957.41,80.87,122.58,0.7733,-1,-1,-1
91,4,1720.16,460.35,74.63,206.59,0.6290,-1,-1,-1
91,5,1356.95,572.45,83.69,219.22,0.5220,-1,-1,-1
91,6,21.28,700.79,73.79,227.02,0.7233,-1,-1,-1
91,8,502.06,208.50,78.95,199.18,0.5675,-1,-1,-1
91,10,791.94,150.28,54.58,187.14,0.2650,-1,-1,-1
91,11,973.85,193.57,63.31,184.10,0.3686,-1,-1,-1
91,17,832.58,173.65,56.79,190.25,0.2251,-1,-1,-1
91,19,391.95,857.76,104.35,222.23,0.8021,-1,-1,-1
92,1,416.98,310.93,82.16,223.93,0.7390,-1,-1,-1
92,2,102.19,546.58,73.45,245.06,0.7003,-1,-1,-1
92,3,1169.15,957.05,79.10,122.95,0.7593,-1,-1,-1
92,4,1720.85,459.87,74.48,206.90,0.6317,-1,-1,-1
92,5,1357.18,572.11,83.15,216.52,0.5255,-1,-1,-1
92,6,22.62,696.88,71.91,229.42,0.7183,-1,-1,-1
92,8,500.11,212.33,79.74,195.22,0.5903,-1,-1,-1
92,10,792.39,148.14,53.63,194.03,0.2608,-1,-1,-1
92,11,972.25,195.63,63.31,183.31,0.3963,-1,-1,-1
92,19,392.82,854.27,102.48,225.71,0.7953,-1,-1,-1
92,20,1411.46,194.31,57.00,191.33,0.2186,-1,-1,-1
92,23,1206.86,151.46,64.06,175.45,0.2705,-1,-1,-1
93,1,417.29,309.77,82.22,225.02,0.7291,-1,-1,-1
93,2,102.16,547.14,73.03,244.45,0.6927,-1,-1,-1
93,3,1168.07,956.76,78.48,123.24,0.7786,-1,-1,-1
93,4,1720.72,459.98,74.75,206.34,0.6216,-1,-1,-1
93,5,1356.80,572.00,82.81,215.77,0.5180,-1,-1,-1
93,6,23.60,698.25,71.15,225.69,0.7092,-1,-1,-1
93,8,501.75,209.27,78.85,198.44,0.5583,-1,-1,-1
93,10,792.17,147.69,53.61,194.34,0.2271,-1,-1,-1
93,11,973.05,195.57,61.78,185.96,0.3497,-1,-1,-1
93,19,393.76,851.09,102.79,228.90,0.8028,-1,-1,-1
93,23,1199.25,151.41,68.72,177.23,0.2557,-1,-1,-1
94,1,417.01,309.35,82.44,224.89,0.7309,-1,-1,-1
94,2,102.04,547.11,73.71,244.49,0.6891,-1,-1,-1
94,3,1167.30,955.53,76.70,124.46,0.7916,-1,-1,-1
94,4,1721.64,460.21,74.41,206.83,0.6243,-1,-1,-1
94,5,1356.96,572.70,83.35,216.54,0.4748,-1,-1,-1
94,6,23.90,697.39,70.82,224.57,0.7144,-1,-1,-1
94,8,501.55,211.05,77.52,199.29,0.5288,-1,-1,-1
94,10,791.02,148.35,55.14,192.47,0.2223,-1,-1,-1
94,11,971.93,197.11,62.03,186.13,0.3377,-1,-1,-1
94,19,394.24,849.15,102.66,230.86,0.7916,-1,-1,-1
94,23,1190.93,153.00,75.58,177.66,0.2787,-1,-1,-1
95,1,416.50,307.93,82.72,226.93,0.7425,-1,-1,-1
95,2,101.86,547.15,73.82,244.15,0.6868,-1,-1,-1
95,3,1165.56,953.61,77.67,126.37,0.7867,-1,-1,-1
95,4,1721.90,459.95,73.12,206.76,0.6120,-1,-1,-1
95,5,1356.79,574.06,83.45,215.75,0.4403,-1,-1,-1
95,6,25.53,696.53,68.75,225.94,0.7141,-1,-1,-1
95,8,503.66,213.23,76.34,199.41,0.5029,-1,-1,-1
95,11,969.83,198.50,62.08,187.97,0.3248,-1,-1,-1
95,19,395.35,843.86,100.72,236.10,0.7966,-1,-1,-1
95,23,1181.38,153.97,80.00,170.60,0.3091,-1,-1,-1
96,1,417.76,307.32,83.77,227.09,0.7594,-1,-1,-1
96,2,101.73,546.90,73.63,243.75,0.6789,-1,-1,-1
96,3,1164.85,953.14,75.77,126.86,0.7951,-1,-1,-1
96,4,1721.55,459.07,73.65,206.98,0.6197,-1,-1,-1
96,5,1357.15,573.77,84.07,220.38,0.4974,-1,-1,-1
96,6,26.24,694.22,68.14,229.16,0.7177,-1,-1,-1
96,8,507.98,211.87,78.20,203.99,0.5519,-1,-1,-1
96,11,968.48,199.82,60.96,189.93,0.4037,-1,-1,-1
96,17,822.46,185.50,57.71,184.84,0.2399,-1,-1,-1
96,19,395.30,841.42,100.38,238.58,0.8074,-1,-1,-1
96,22,870.02,218.31,49.42,153.87,0.2072,-1,-1,-1
96,23,1169.75,155.27,89.89,168.28,0.2991,-1,-1,-1
97,1,417.76,306.84,82.92,227.39,0.7583,-1,-1,-1
97,2,101.94,546.96,73.40,244.74,0.6855,-1,-1,-1
97,3,1163.23,951.49,74.97,128.50,0.7833,-1,-1,-1
97,4,1721.84,459.46,73.97,207.68,0.6390,-1,-1,-1
97,5,1356.61,572.47,83.72,220.90,0.5267,-1,-1,-1
97,6,25.80,693.24,69.12,228.82,0.7182,-1,-1,-1
97,8,510.27,213.46,74.80,204.34,0.5298,-1,-1,-1
97,11,966.38,199.51,61.19,190.90,0.3780,-1,-1,-1
97,19,395.39,841.27,98.26,238.77,0.8043,-1,-1,-1
97,23,1166.65,155.29,95.05,168.58,0.2767,-1,-1,-1
97,28,479.57,124.77,56.28,211.46,0.2915,-1,-1,-1
98,1,418.54,305.06,82.29,229.26,0.7625,-1,-1,-1
98,2,101.74,546.78,73.45,244.59,0.6743,-1,-1,-1
98,3,1160.96,949.28,76.35,130.69,0.7759,-1,-1,-1
98,4,1722.08,455.80,73.69,211.26,0.6379,-1,-1,-1
98,5,1357.07,572.96,81.84,218.46,0.5200,-1,-1,-1
98,6,26.04,692.81,68.92,229.30,0.7193,-1,-1,-1
98,8,511.19,214.57,73.24,204.17,0.5591,-1,-1,-1
98,11,964.49,199.69,62.21,190.35,0.4805,-1,-1,-1
98,19,395.11,839.21,97.11,240.80,0.8023,-1,-1,-1
98,20,1399.46,191.39,59.13,193.56,0.2121,-1,-1,-1
98,28,479.60,125.47,56.58,209.11,0.3058,-1,-1,-1
99,1,418.65,305.04,83.23,228.80,0.7623,-1,-1,-1
99,2,101.64,546.44,73.54,245.17,0.6772,-1,-1,-1
99,3,1159.63,946.35,76.92,133.60,0.7657,-1,-1,-1
99,4,1722.17,459.38,73.60,208.21,0.6280,-1,-1,-1
99,5,1356.86,573.54,82.20,213.12,0.5434,-1,-1,-1
99,6,26.61,692.18,68.93,228.91,0.7231,-1,-1,-1
99,8,512.74,214.55,70.65,204.56,0.5252,-1,-1,-1
99,11,962.70,200.33,61.64,189.81,0.4343,-1,-1,-1
99,19,394.74,833.79,97.03,246.16,0.8034,-1,-1,-1
99,23,1165.26,159.16,90.02,164.51,0.3399,-1,-1,-1
99,28,478.34,129.12,57.40,198.56,0.2851,-1,-1,-1
100,1,419.73,303.39,83.13,229.14,0.7526,-1,-1,-1
100,2,102.01,545.19,72.89,248.54,0.6653,-1,-1,-1
100,3,1158.91,946.08,74.86,133.94,0.7531,-1,-1,-1
100,4,1721.83,459.60,73.76,207.72,0.6108,-1,-1,-1
100,5,1356.90,574.20,82.16,214.11,0.5202,-1,-1,-1
100,6,26.51,690.12,70.34,229.89,0.7331,-1,-1,-1
100,8,511.52,214.21,70.34,206.60,0.4472,-1,-1,-1
100,11,961.47,201.42,60.53,188.60,0.4472,-1,-1,-1
100,19,393.50,831.28,97.27,248.72,0.7945,-1,-1,-1
100,23,1166.77,160.98,88.92,162.46,0.3766,-1,-1,-1
100,28,478.16,131.49,57.60,196.36,0.2511,-1,-1,-1
100,29,549.49,222.16,39.21,182.56,0.2468,-1,-1,-1
101,1,420.04,302.28,83.40,229.43,0.7654,-1,-1,-1
101,2,102.14,545.07,73.10,248.60,0.6707,-1,-1,-1
101,3,1157.16,945.54,74.87,133.77,0.7623,-1,-1,-1
101,4,1721.72,459.92,74.18,207.64,0.6195,-1,-1,-1
101,5,1356.85,574.57,82.44,214.34,0.5159,-1,-1,-1
101,6,28.07,687.68,69.62,226.20,0.7358,-1,-1,-1
101,8,511.90,217.02,71.76,207.34,0.5124,-1,-1,-1
101,11,960.14,201.82,60.32,184.18,0.4427,-1,-1,-1
101,19,391.69,830.28,98.04,249.75,0.7898,-1,-1,-1
101,23,1167.65,162.64,84.42,160.94,0.3415,-1,-1,-1
101,28,477.94,133.34,57.44,198.56,0.3207,-1,-1,-1
102,1,420.88,299.89,82.30,229.74,0.7638,-1,-1,-1
102,2,102.33,544.60,73.27,248.72,0.6764,-1,-1,-1
102,3,1156.16,943.99,73.23,134.63,0.7416,-1,-1,-1
102,4,1721.99,460.03,73.31,207.04,0.6206,-1,-1,-1
102,5,1356.96,574.54,82.44,217.10,0.5037,-1,-1,-1
102,6,28.30,684.85,70.13,224.08,0.7538,-1,-1,-1
102,8,512.12,217.42,72.35,207.50,0.5162,-1,-1,-1
102,11,957.26,203.38,60.70,183.41,0.4950,-1,-1,-1
102,19,390.19,827.37,99.41,252.63,0.7990,-1,-1,-1
102,23,1168.25,157.20,77.32,166.49,0.2684,-1,-1,-1
102,28,477.81,135.76,58.14,194.74,0.3681,-1,-1,-1
102,30,685.61,185.56,70.93,171.44,0.2866,-1,-1,-1
103,1,420.54,298.97,82.66,227.78,0.7479,-1,-1,-1
103,2,102.37,544.68,73.11,249.31,0.6727,-1,-1,-1
103,3,1154.56,941.10,71.97,137.48,0.7405,-1,-1,-1
103,4,1720.97,459.78,74.54,206.50,0.6093,-1,-1,-1
103,5,1357.37,573.90,83.03,217.74,0.4940,-1,-1,-1
103,6,30.69,684.14,68.82,219.63,0.7642,-1,-1,-1
103,8,511.33,216.43,74.28,210.29,0.5156,-1,-1,-1
103,11,954.39,200.65,60.98,184.90,0.4956,-1,-1,-1
103,19,388.36,825.83,101.12,254.18,0.7946,-1,-1,-1
103,23,1168.32,155.18,72.66,167.90,0.2504,-1,-1,-1
103,28,477.41,137.88,57.72,192.38,0.3000,-1,-1,-1
103,30,686.48,185.41,68.67,173.66,0.2547,-1,-1,-1
104,1,421.12,299.24,81.44,224.25,0.7426,-1,-1,-1
104,2,102.69,543.91,72.90,250.13,0.6576,-1,-1,-1
104,3,1152.01,941.63,71.00,137.15,0.7262,-1,-1,-1
104,4,1721.63,459.14,73.06,206.71,0.6171,-1,-1,-1
104,5,1357.37,574.33,82.86,218.84,0.4492,-1,-1,-1
104,6,32.50,682.00,68.01,219.97,0.7651,-1,-1,-1
104,8,512.63,216.35,76.87,210.07,0.5305,-1,-1,-1
104,11,952.59,201.47,60.95,184.79,0.4710,-1,-1,-1
104,19,386.91,822.88,102.19,257.11,0.8043,-1,-1,-1
104,23,1167.56,154.36,67.81,166.94,0.2370,-1,-1,-1
104,28,476.09,141.32,58.70,188.37,0.2989,-1,-1,-1
104,30,685.32,185.36,69.62,171.69,0.2209,-1,-1,-1
105,1,420.55,298.15,82.60,218.92,0.7363,-1,-1,-1
105,2,102.78,544.35,73.08,249.62,0.6830,-1,-1,-1
105,3,1150.89,940.67,69.58,137.42,0.7222,-1,-1,-1
105,4,1721.04,458.79,74.75,206.99,0.6148,-1,-1,-1
105,5,1357.23,574.73,85.09,225.48,0.4669,-1,-1,-1
105,6,35.00,681.14,67.81,222.32,0.7773,-1,-1,-1
105,8,514.55,220.94,73.44,205.31,0.5032,-1,-1,-1
105,11,950.71,201.04,60.47,187.17,0.4995,-1,-1,-1
105,19,386.64,821.52,102.21,258.49,0.8093,-1,-1,-1
105,23,1165.53,154.14,67.89,167.87,0.2095,-1,-1,-1
105,28,477.34,143.50,56.56,185.70,0.3245,-1,-1,-1
105,30,686.06,184.05,68.12,176.21,0.2489,-1,-1,-1
106,1,421.40,296.95,81.56,215.55,0.7382,-1,-1,-1
106,2,102.87,545.84,73.25,248.35,0.6635,-1,-1,-1
106,3,1149.89,939.88,68.81,138.83,0.7073,-1,-1,-1
106,4,1721.33,459.88,73.84,206.77,0.6256,-1,-1,-1
106,5,1356.92,573.85,82.34,218.91,0.4956,-1,-1,-1
106,6,35.54,679.91,71.14,222.89,0.7832,-1,-1,-1
106,8,513.88,219.75,73.67,205.66,0.5015,-1,-1,-1
106,11,950.49,203.82,59.42,184.25,0.5181,-1,-1,-1
106,17,810.33,201.26,54.75,178.34,0.2027,-1,-1,-1
106,19,385.49,819.23,102.53,260.78,0.8049,-1,-1,-1
106,23,1165.57,153.10,63.98,168.82,0.2380,-1,-1,-1
106,28,476.67,146.28,56.55,176.07,0.2139,-1,-1,-1
106,30,685.75,182.33,68.86,177.56,0.2796,-1,-1,-1
107,1,421.03,295.56,81.40,215.74,0.7493,-1,-1,-1
107,2,103.12,546.33,73.25,248.77,0.6663,-1,-1,-1
107,3,1147.54,938.23,70.71,140.60,0.7244,-1,-1,-1
107,4,1720.91,459.78,74.35,206.60,0.6304,-1,-1,-1
107,5,1356.94,574.33,84.37,222.31,0.4664,-1,-1,-1
107,6,35.48,679.14,77.08,222.62,0.7890,-1,-1,-1
107,8,513.91,223.91,72.80,201.75,0.5200,-1,-1,-1
107,11,949.55,204.82,58.19,186.07,0.5302,-1,-1,-1
107,17,804.63,204.99,57.89,175.08,0.2532,-1,-1,-1
107,19,385.68,818.19,100.98,261.83,0.8079,-1,-1,-1
107,23,1164.60,153.53,59.88,166.88,0.2999,-1,-1,-1
107,28,477.02,145.31,55.04,171.45,0.2323,-1,-1,-1
108,1,420.94,294.28,81.75,216.64,0.7370,-1,-1,-1
108,2,102.97,545.96,73.85,250.47,0.6435,-1,-1,-1
108,3,1145.54,938.01,71.16,140.38,0.7296,-1,-1,-1
108,4,1720.85,459.08,74.31,207.22,0.6388,-1,-1,-1
108,5,1356.78,575.06,85.26,220.70,0.4983,-1,-1,-1
108,6,36.62,676.80,81.20,225.25,0.8085,-1,-1,-1
108,8,515.51,224.03,67.87,201.96,0.4585,-1,-1,-1
108,11,946.11,205.76,60.42,189.32,0.5467,-1,-1,-1
108,17,808.31,206.21,52.35,174.09,0.2345,-1,-1,-1
108,19,385.84,816.48,100.36,263.53,0.8065,-1,-1,-1
108,23,1162.61,153.31,56.88,169.02,0.3963,-1,-1,-1
108,28,476.92,146.57,55.58,175.28,0.2512,-1,-1,-1
109,1,419.38,293.90,83.88,216.64,0.7418,-1,-1,-1
109,2,103.03,545.60,73.40,251.36,0.6552,-1,-1,-1
109,3,1143.61,937.14,71.33,142.08,0.7514,-1,-1,-1
109,4,1721.88,458.74,72.80,206.22,0.6148,-1,-1,-1
109,5,1356.37,575.31,83.14,216.27,0.5262,-1,-1,-1
109,6,38.35,676.25,78.43,225.74,0.8154,-1,-1,-1
109,8,515.68,225.46,67.52,200.65,0.4470,-1,-1,-1
109,11,945.55,204.63,59.27,188.21,0.6079,-1,-1,-1
109,17,806.28,204.88,55.66,176.61,0.2169,-1,-1,-1
109,19,385.76,811.09,99.64,268.87,0.8122,-1,-1,-1
109,23,1160.85,153.11,56.89,167.72,0.3682,-1,-1,-1
109,28,476.12,145.73,57.33,168.78,0.2450,-1,-1,-1
109,29,555.44,216.44,42.48,195.35,0.2092,-1,-1,-1
110,1,419.34,291.48,84.60,218.95,0.7449,-1,-1,-1
110,2,103.05,545.11,73.53,254.39,0.6560,-1,-1,-1
110,3,1140.56,936.89,72.70,142.84,0.7557,-1,-1,-1
110,4,1721.49,459.48,73.56,207.89,0.6199,-1,-1,-1
110,5,1356.74,576.25,84.14,216.92,0.5089,-1,-1,-1
110,6,38.09,673.43,89.06,226.48,0.7998,-1,-1,-1
110,8,513.91,227.55,64.59,198.23,0.4395,-1,-1,-1
110,11,944.80,205.94,57.59,186.69,0.6165,-1,-1,-1
110,19,386.41,805.41,98.17,274.55,0.8164,-1,-1,-1
110,23,1158.33,150.44,57.90,172.72,0.3658,-1,-1,-1
110,28,476.14,145.34,57.35,167.38,0.2671,-1,-1,-1
110,29,556.14,220.70,42.46,193.90,0.2268,-1,-1,-1
111,1,420.14,288.80,84.72,222.52,0.7351,-1,-1,-1
111,2,102.81,544.83,73.32,255.01,0.6585,-1,-1,-1
111,3,1138.29,936.10,73.20,143.90,0.7604,-1,-1,-1
111,4,1722.09,456.17,73.25,210.58,0.5949,-1,-1,-1
111,5,1356.80,575.57,81.86,213.22,0.5167,-1,-1,-1
111,6,40.84,671.47,90.80,226.19,0.7692,-1,-1,-1
111,8,516.27,227.95,73.53,199.01,0.5229,-1,-1,-1
111,11,942.67,206.92,59.32,187.07,0.6475,-1,-1,-1
111,19,387.95,801.51,97.22,278.47,0.8207,-1,-1,-1
111,23,1154.13,149.60,55.97,170.79,0.3357,-1,-1,-1
111,28,475.93,147.26,57.49,170.96,0.2823,-1,-1,-1
112,1,419.14,287.80,84.91,223.21,0.7347,-1,-1,-1
112,2,103.18,544.73,72.65,254.67,0.6440,-1,-1,-1
112,3,1138.18,934.76,72.30,145.24,0.7572,-1,-1,-1
112,4,1721.94,456.46,73.75,210.82,0.6148,-1,-1,-1
112,5,1357.34,575.01,81.19,211.53,0.5639,-1,-1,-1
112,6,43.67,670.46,89.92,225.85,0.7183,-1,-1,-1
112,8,517.57,231.30,73.79,198.00,0.5554,-1,-1,-1
112,11,940.77,209.42,59.51,185.33,0.6381,-1,-1,-1
112,19,388.64,800.15,96.15,275.71,0.8146,-1,-1,-1
112,23,1151.38,149.65,59.21,169.10,0.4259,-1,-1,-1
112,28,475.63,150.50,58.66,170.87,0.2624,-1,-1,-1
113,1,420.10,287.15,85.30,224.20,0.7445,-1,-1,-1
113,2,103.66,545.47,72.08,251.65,0.6691,-1,-1,-1
113,3,1135.01,934.29,73.82,145.72,0.7553,-1,-1,-1
113,4,1721.63,460.03,73.83,205.98,0.6334,-1,-1,-1
113,5,1356.75,575.78,83.28,215.43,0.5411,-1,-1,-1
113,6,47.63,670.29,80.32,224.97,0.6579,-1,-1,-1
113,8,518.08,233.79,73.20,197.89,0.5509,-1,-1,-1
113,11,940.39,210.39,58.09,184.84,0.6533,-1,-1,-1
113,17,803.90,211.03,50.97,176.91,0.2083,-1,-1,-1
113,19,388.43,797.66,95.97,271.56,0.8053,-1,-1,-1
113,23,1146.38,150.33,63.45,167.32,0.4327,-1,-1,-1
113,28,475.21,152.75,58.79,172.32,0.2803,-1,-1,-1
114,1,419.74,286.30,87.09,223.21,0.7329,-1,-1,-1
114,2,103.58,545.47,72.18,251.11,0.6598,-1,-1,-1
114,3,1133.19,933.47,73.25,146.54,0.7534,-1,-1,-1
114,4,1721.39,459.95,73.73,207.01,0.6246,-1,-1,-1
114,5,1356.93,575.36,81.85,215.02,0.5312,-1,-1,-1
114,6,48.57,668.04,81.83,226.05,0.6564,-1,-1,-1
114,8,519.59,235.63,73.84,200.62,0.5645,-1,-1,-1
114,11,936.95,209.77,58.84,185.33,0.5993,-1,-1,-1
114,19,389.15,794.12,95.85,270.49,0.8075,-1,-1,-1
114,23,1132.99,149.94,75.35,167.39,0.3120,-1,-1,-1
114,28,475.93,155.07,59.55,176.32,0.3135,-1,-1,-1
115,1,420.18,286.78,86.88,222.56,0.7573,-1,-1,-1
115,2,103.98,545.43,71.34,252.92,0.6316,-1,-1,-1
115,3,1129.01,933.95,75.71,146.08,0.7630,-1,-1,-1
115,4,1721.58,456.96,74.37,210.62,0.6534,-1,-1,-1
115,5,1356.94,574.87,82.96,214.07,0.5431,-1,-1,-1
115,6,52.71,665.75,81.71,227.17,0.6832,-1,-1,-1
115,8,521.52,236.36,74.87,201.43,0.6026,-1,-1,-1
115,11,937.03,210.58,57.39,183.87,0.6121,-1,-1,-1
115,19,389.32,790.70,98.08,269.43,0.8049,-1,-1,-1
115,23,1121.13,148.73,84.15,169.47,0.2920,-1,-1,-1
115,28,476.31,155.48,58.72,175.24,0.3330,-1,-1,-1
115,29,559.51,227.68,41.38,207.07,0.2082,-1,-1,-1
116,1,419.41,285.62,87.14,223.80,0.7546,-1,-1,-1
116,2,104.16,545.23,70.33,253.00,0.5928,-1,-1,-1
116,3,1126.53,934.34,75.27,145.58,0.7669,-1,-1,-1
116,4,1721.61,460.43,73.87,206.75,0.6330,-1,-1,-1
116,5,1356.51,575.07,83.78,217.98,0.5414,-1,-1,-1
116,6,58.94,664.60,76.41,221.14,0.6891,-1,-1,-1
116,8,520.02,235.70,74.53,202.90,0.5909,-1,-1,-1
116,11,935.00,211.00,58.57,182.21,0.5658,-1,-1,-1
116,19,390.75,788.36,98.73,272.47,0.8109,-1,-1,-1
116,23,1116.78,149.65,85.87,169.49,0.3446,-1,-1,-1
116,28,475.06,154.43,60.66,176.91,0.3561,-1,-1,-1
116,29,562.20,229.34,39.83,203.27,0.2099,-1,-1,-1
116,31,626.05,752.01,56.30,167.24,0.2306,-1,-1,-1
117,1,419.99,285.24,86.64,223.99,0.7533,-1,-1,-1
117,2,103.28,545.46,71.10,245.77,0.5544,-1,-1,-1
117,3,1124.27,934.34,75.98,145.05,0.7600,-1,-1,-1
117,4,1721.29,459.62,74.12,206.68,0.6451,-1,-1,-1
117,5,1356.00,575.95,84.85,221.54,0.5571,-1,-1,-1
117,6,66.76,664.78,73.68,216.42,0.7176,-1,-1,-1
117,8,520.25,236.15,74.22,203.52,0.5519,-1,-1,-1
117,11,934.46,210.81,56.29,180.66,0.5317,-1,-1,-1
117,19,390.26,787.21,100.07,271.92,0.8089,-1,-1,-1
117,23,1111.69,149.38,87.31,171.84,0.3527,-1,-1,-1
117,28,475.90,156.14,59.80,176.65,0.2590,-1,-1,-1
117,29,562.18,229.34,41.76,203.41,0.2279,-1,-1,-1
117,31,625.98,751.51,56.45,167.43,0.2019,-1,-1,-1
118,1,420.90,284.86,85.33,223.94,0.7440,-1,-1,-1
118,2,99.40,545.22,75.27,246.63,0.5327,-1,-1,-1
118,3,1121.04,934.17,77.85,145.62,0.7769,-1,-1,-1
118,4,1721.52,459.85,73.86,206.42,0.6541,-1,-1,-1
118,5,1356.36,575.55,84.11,215.22,0.5050,-1,-1,-1
118,6,71.70,666.85,70.95,211.25,0.6067,-1,-1,-1
118,8,520.05,235.27,74.10,207.25,0.5870,-1,-1,-1
118,11,930.01,211.49,59.34,183.08,0.5597,-1,-1,-1
118,19,390.22,785.40,101.61,275.94,0.8006,-1,-1,-1
118,23,1107.85,147.19,89.21,173.17,0.3868,-1,-1,-1
118,29,563.33,231.08,41.20,203.93,0.2529,-1,-1,-1
118,31,626.16,749.44,56.03,169.54,0.2224,-1,-1,-1
119,1,420.76,284.66,85.22,223.78,0.7465,-1,-1,-1
119,2,99.13,547.00,75.11,255.12,0.5134,-1,-1,-1
119,3,1117.74,934.21,78.25,145.79,0.7955,-1,-1,-1
119,4,1721.48,456.48,73.95,209.61,0.6557,-1,-1,-1
119,5,1356.98,575.90,83.06,218.06,0.4726,-1,-1,-1
119,6,75.85,669.42,72.50,208.50,0.5321,-1,-1,-1
119,8,520.07,237.30,72.73,207.23,0.6039,-1,-1,-1
119,11,931.07,210.83,55.73,185.64,0.5371,-1,-1,-1
119,17,786.30,212.39,65.66,175.48,0.2092,-1,-1,-1
119,19,392.48,784.07,100.16,274.48,0.8019,-1,-1,-1
119,23,1104.56,145.88,91.42,175.03,0.4362,-1,-1,-1
119,28,478.42,161.47,56.33,170.73,0.3019,-1,-1,-1
119,29,564.31,231.51,40.22,201.71,0.2131,-1,-1,-1
119,31,625.90,751.02,57.07,169.50,0.2652,-1,-1,-1
120,1,420.90,283.98,84.82,224.59,0.7452,-1,-1,-1
120,2,99.07,546.06,75.10,255.23,0.5187,-1,-1,-1
120,3,1114.13,933.50,78.80,146.49,0.7974,-1,-1,-1
120,4,1720.83,459.68,75.09,207.40,0.6272,-1,-1,-1
120,5,1356.18,577.09,83.63,212.75,0.4748,-1,-1,-1
120,6,81.31,666.08,69.11,207.82,0.6050,-1,-1,-1
120,8,520.76,240.65,71.46,202.65,0.5781,-1,-1,-1
120,11,929.19,211.13,56.89,186.68,0.5345,-1,-1,-1
120,17,785.54,213.15,65.94,178.49,0.2358,-1,-1,-1
120,19,392.78,782.87,100.36,274.80,0.8031,-1,-1,-1
120,23,1102.78,146.15,92.68,174.46,0.4411,-1,-1,-1
120,28,477.48,165.65,56.00,163.92,0.2479,-1,-1,-1
120,29,562.03,236.01,43.11,204.91,0.2281,-1,-1,-1
120,31,625.74,750.67,56.66,169.02,0.3421,-1,-1,-1
121,1,421.14,281.94,83.68,225.33,0.7506,-1,-1,-1
121,2,99.74,543.99,74.67,246.30,0.4996,-1,-1,-1
121,3,1110.18,932.75,80.16,147.25,0.7775,-1,-1,-1
121,4,1721.82,455.75,73.69,211.27,0.6357,-1,-1,-1
121,5,1356.50,575.86,82.68,212.98,0.5484,-1,-1,-1
121,6,81.28,664.36,72.71,211.30,0.6930,-1,-1,-1
121,8,521.90,242.91,67.47,199.51,0.5767,-1,-1,-1
121,11,926.60,211.40,57.95,186.81,0.4917,-1,-1,-1
121,17,787.85,213.99,62.51,182.43,0.2153,-1,-1,-1
121,19,392.87,780.03,100.93,277.00,0.8019,-1,-1,-1
121,23,1104.26,145.78,86.19,173.64,0.3983,-1,-1,-1
121,28,479.12,166.62,54.38,163.05,0.3152,-1,-1,-1
121,29,563.99,235.84,42.32,205.51,0.2263,-1,-1,-1
121,31,625.36,750.20,57.03,170.61,0.3404,-1,-1,-1
122,1,421.32,281.15,83.87,223.52,0.7501,-1,-1,-1
122,2,101.14,543.85,72.72,214.45,0.4629,-1,-1,-1
122,3,1106.27,932.37,80.73,147.64,0.7835,-1,-1,-1
122,4,1720.16,459.62,75.86,207.20,0.6465,-1,-1,-1
122,5,1356.75,576.64,84.09,215.29,0.4779,-1,-1,-1
122,6,83.65,661.21,76.15,213.87,0.6728,-1,-1,-1
122,8,520.96,242.39,66.53,199.35,0.5956,-1,-1,-1
122,11,926.10,211.26,55.95,186.91,0.4285,-1,-1,-1
122,17,785.28,212.66,69.27,181.53,0.2682,-1,-1,-1
122,19,392.39,779.84,101.60,276.96,0.7996,-1,-1,-1
122,23,1105.52,145.30,82.59,172.93,0.3569,-1,-1,-1
122,28,477.98,165.68,55.36,161.51,0.2891,-1,-1,-1
122,29,563.26,237.21,45.85,205.13,0.3019,-1,-1,-1
122,31,625.63,750.85,57.45,169.19,0.3583,-1,-1,-1
123,1,422.36,280.21,82.52,220.72,0.7300,-1,-1,-1
123,2,102.46,546.01,70.68,207.50,0.4791,-1,-1,-1
123,3,1104.57,931.49,79.69,148.10,0.7828,-1,-1,-1
123,4,1720.87,458.93,75.57,207.71,0.6454,-1,-1,-1
123,5,1356.32,576.28,84.36,212.66,0.5542,-1,-1,-1
123,6,84.55,659.19,76.91,214.63,0.6634,-1,-1,-1
123,8,521.51,244.71,66.50,196.54,0.5708,-1,-1,-1
123,11,925.69,209.79,55.92,188.68,0.4572,-1,-1,-1
123,17,787.22,215.73,61.80,184.61,0.2987,-1,-1,-1
123,19,392.27,778.39,101.63,276.97,0.7936,-1,-1,-1
123,23,1107.13,144.73,75.77,172.83,0.3413,-1,-1,-1
123,28,477.44,164.48,55.68,163.96,0.2936,-1,-1,-1
123,29,564.46,238.00,45.85,203.47,0.2592,-1,-1,-1
123,31,625.31,752.00,57.26,168.11,0.3348,-1,-1,-1
124,1,422.37,279.00,82.26,217.48,0.7256,-1,-1,-1
124,2,102.15,548.01,71.54,220.75,0.3583,-1,-1,-1
124,3,1100.98,929.88,79.80,149.52,0.7827,-1,-1,-1
124,4,1720.70,459.33,75.35,207.07,0.6123,-1,-1,-1
124,5,1356.92,576.23,83.25,214.41,0.5174,-1,-1,-1
124,6,91.62,657.45,70.50,216.47,0.5179,-1,-1,-1
124,8,522.61,244.78,69.10,197.61,0.5250,-1,-1,-1
124,11,922.67,209.90,57.11,188.79,0.4651,-1,-1,-1
124,17,785.86,217.60,62.55,184.12,0.2966,-1,-1,-1
124,19,393.37,778.02,102.58,273.89,0.7930,-1,-1,-1
124,23,1105.28,143.30,72.56,172.19,0.3056,-1,-1,-1
124,28,477.72,165.85,55.06,164.73,0.2209,-1,-1,-1
124,31,625.37,752.54,57.68,167.43,0.2792,-1,-1,-1
125,1,422.80,278.37,81.67,213.47,0.7055,-1,-1,-1
125,2,102.12,544.44,71.27,210.97,0.3573,-1,-1,-1
125,3,1097.22,929.73,80.24,150.13,0.7882,-1,-1,-1
125,4,1720.87,458.10,74.67,208.71,0.6334,-1,-1,-1
125,5,1357.14,575.77,82.95,214.56,0.4879,-1,-1,-1
125,6,96.91,654.09,64.94,219.85,0.4277,-1,-1,-1
125,8,522.56,247.33,67.43,191.30,0.5266,-1,-1,-1
125,11,921.01,210.53,56.09,188.81,0.4769,-1,-1,-1
125,17,787.12,218.02,60.93,184.87,0.2715,-1,-1,-1
125,19,393.28,775.20,101.29,276.17,0.7895,-1,-1,-1
125,23,1105.85,141.75,68.87,173.30,0.3233,-1,-1,-1
125,31,625.70,752.28,57.31,167.98,0.2464,-1,-1,-1
126,1,422.05,277.31,82.02,213.69,0.7050,-1,-1,-1
126,2,100.68,539.48,73.81,173.21,0.3157,-1,-1,-1
126,3,1093.75,929.12,80.95,150.43,0.8041,-1,-1,-1
126,4,1720.39,458.34,74.85,209.01,0.6341,-1,-1,-1
126,5,1357.54,575.96,82.05,212.31,0.5249,-1,-1,-1
126,6,99.21,654.07,65.02,218.81,0.2892,-1,-1,-1
126,8,523.10,249.03,67.76,191.62,0.5537,-1,-1,-1
126,11,919.93,210.99,53.53,189.27,0.4842,-1,-1,-1
126,19,393.37,769.95,98.81,279.29,0.8009,-1,-1,-1
126,23,1104.76,140.81,63.01,172.50,0.3593,-1,-1,-1
126,31,626.04,751.38,56.95,167.89,0.2874,-1,-1,-1
127,1,422.85,276.97,80.43,213.53,0.6876,-1,-1,-1
127,2,104.17,549.29,68.59,249.13,0.3067,-1,-1,-1
127,3,1090.57,929.10,82.53,150.90,0.8070,-1,-1,-1
127,4,1721.05,458.87,74.59,207.83,0.6593,-1,-1,-1
127,5,1357.54,577.04,82.77,213.03,0.5237,-1,-1,-1
127,8,523.87,251.78,67.10,188.85,0.5671,-1,-1,-1
127,11,918.61,210.82,53.65,189.13,0.4201,-1,-1,-1
127,19,393.40,765.56,97.52,276.09,0.7938,-1,-1,-1
127,23,1105.42,141.00,57.15,172.78,0.3667,-1,-1,-1
127,31,624.88,751.92,58.43,167.06,0.2488,-1,-1,-1
128,1,422.61,276.45,79.90,213.18,0.6692,-1,-1,-1
128,2,98.37,534.98,79.46,177.25,0.4015,-1,-1,-1
128,3,1087.66,928.01,81.30,151.60,0.7920,-1,-1,-1
128,4,1720.98,459.10,75.27,207.21,0.6295,-1,-1,-1
128,5,1357.16,576.98,83.15,214.69,0.5091,-1,-1,-1
128,6,107.06,661.81,67.97,213.63,0.2415,-1,-1,-1
128,8,524.74,254.43,65.52,188.43,0.5435,-1,-1,-1
128,11,914.46,212.26,55.26,189.75,0.4368,-1,-1,-1
128,19,393.38,760.68,97.99,276.33,0.7924,-1,-1,-1
128,23,1100.75,140.69,59.26,172.44,0.3996,-1,-1,-1
128,31,625.17,751.12,56.88,166.94,0.2455,-1,-1,-1
129,1,419.14,275.73,81.17,216.54,0.6907,-1,-1,-1
129,2,102.00,542.44,71.85,156.24,0.3673,-1,-1,-1
129,3,1085.87,927.65,80.78,151.77,0.7888,-1,-1,-1
129,4,1720.76,458.19,74.89,206.69,0.6357,-1,-1,-1
129,5,1365.14,576.67,77.65,219.76,0.4779,-1,-1,-1
129,8,525.45,255.39,64.14,191.90,0.5978,-1,-1,-1
129,11,911.58,213.04,56.55,187.63,0.4734,-1,-1,-1
129,19,395.71,756.15,94.99,270.93,0.7936,-1,-1,-1
129,23,1096.96,138.61,60.03,171.77,0.2962,-1,-1,-1
129,29,571.96,231.83,52.50,190.03,0.2353,-1,-1,-1
129,31,625.51,752.29,56.46,166.81,0.2997,-1,-1,-1
130,1,418.92,273.95,80.96,218.58,0.7021,-1,-1,-1
130,2,103.81,548.06,69.42,236.02,0.5559,-1,-1,-1
130,3,1082.07,926.84,81.96,152.31,0.7807,-1,-1,-1
130,4,1721.48,458.43,74.27,207.71,0.6142,-1,-1,-1
130,5,1358.77,575.43,83.15,217.90,0.4943,-1,-1,-1
130,8,527.41,257.57,61.29,193.34,0.5575,-1,-1,-1
130,11,904.28,214.29,63.28,186.81,0.4856,-1,-1,-1
130,17,777.33,226.96,63.50,179.90,0.2191,-1,-1,-1
130,19,396.98,754.16,93.43,264.89,0.7526,-1,-1,-1
130,23,1094.48,138.32,59.72,174.19,0.2573,-1,-1,-1
130,29,573.31,234.84,52.38,191.36,0.2477,-1,-1,-1
130,31,624.81,751.94,57.39,166.10,0.3067,-1,-1,-1
131,1,420.44,272.87,79.49,219.20,0.6668,-1,-1,-1
131,2,102.96,543.34,71.69,244.32,0.6462,-1,-1,-1
131,3,1080.83,926.79,80.55,151.35,0.7594,-1,-1,-1
131,4,1721.34,459.07,74.10,207.08,0.6177,-1,-1,-1
131,5,1360.57,576.77,81.67,214.79,0.5072,-1,-1,-1
131,8,528.29,257.69,60.54,199.59,0.5081,-1,-1,-1
131,11,900.92,214.09,64.40,186.52,0.5014,-1,-1,-1
131,17,780.09,234.07,59.29,178.06,0.2197,-1,-1,-1
131,19,396.02,752.37,93.23,263.26,0.7430,-1,-1,-1
131,23,1090.56,138.16,60.02,174.08,0.2676,-1,-1,-1
131,29,573.30,235.80,53.68,189.90,0.2546,-1,-1,-1
131,31,625.18,753.98,56.93,164.50,0.2933,-1,-1,-1
132,1,419.42,273.05,80.73,219.57,0.6503,-1,-1,-1
132,2,102.24,544.00,73.89,247.01,0.5838,-1,-1,-1
132,3,1079.83,927.54,80.81,150.78,0.7704,-1,-1,-1
132,4,1721.34,459.41,74.21,207.08,0.6171,-1,-1,-1
132,5,1359.10,576.14,82.03,215.47,0.5177,-1,-1,-1
132,8,528.97,255.39,62.10,200.87,0.5022,-1,-1,-1
132,11,900.19,212.98,67.14,187.74,0.4832,-1,-1,-1
132,19,393.50,750.23,94.36,265.79,0.7531,-1,-1,-1
132,23,1090.01,139.44,58.29,170.27,0.3930,-1,-1,-1
132,29,575.65,245.87,52.79,180.01,0.3162,-1,-1,-1
132,31,624.52,752.99,58.84,166.22,0.2260,-1,-1,-1
133,1,418.68,272.10,81.18,219.76,0.6419,-1,-1,-1
133,2,102.00,544.12,75.03,247.10,0.5441,-1,-1,-1
133,3,1078.34,927.65,80.66,150.92,0.7788,-1,-1,-1
133,4,1720.79,458.57,74.72,206.79,0.6035,-1,-1,-1
133,5,1357.53,576.74,84.29,213.82,0.4971,-1,-1,-1
133,8,531.03,253.28,60.10,206.57,0.5156,-1,-1,-1
133,11,900.17,210.78,67.27,191.50,0.4779,-1,-1,-1
133,19,390.04,749.04,98.16,265.50,0.7539,-1,-1,-1
133,23,1082.68,139.90,59.67,169.77,0.3892,-1,-1,-1
133,29,574.93,248.11,55.02,180.79,0.3227,-1,-1,-1
133,31,624.13,752.98,58.66,167.54,0.2547,-1,-1,-1
133,32,825.75,246.40,63.29,166.95,0.2107,-1,-1,-1
134,1,418.04,272.88,81.47,218.72,0.6446,-1,-1,-1
134,2,101.54,543.84,77.21,237.14,0.5151,-1,-1,-1
134,3,1076.25,927.14,78.75,150.72,0.7846,-1,-1,-1
134,4,1721.13,459.58,74.05,207.07,0.5955,-1,-1,-1
134,5,1358.66,575.91,83.60,216.72,0.4906,-1,-1,-1
134,8,531.50,252.62,58.28,207.62,0.5164,-1,-1,-1
134,11,898.90,211.70,66.54,190.35,0.4617,-1,-1,-1
134,19,388.78,748.45,98.95,265.71,0.7693,-1,-1,-1
134,23,1074.21,139.61,68.16,171.40,0.4300,-1,-1,-1
134,29,575.35,246.84,54.19,183.13,0.4167,-1,-1,-1
134,31,624.45,753.19,58.32,167.31,0.2630,-1,-1,-1
134,32,824.59,247.77,62.95,166.78,0.2444,-1,-1,-1
135,1,415.85,271.31,83.46,219.01,0.6446,-1,-1,-1
135,2,101.31,542.41,78.07,242.23,0.6170,-1,-1,-1
135,3,1074.97,926.37,78.99,151.73,0.7809,-1,-1,-1
135,4,1720.21,458.25,75.14,208.00,0.6019,-1,-1,-1
135,5,1358.09,576.08,84.44,217.00,0.5180,-1,-1,-1
135,8,531.06,255.53,58.75,203.15,0.5588,-1,-1,-1
135,11,898.89,210.92,66.15,191.36,0.4336,-1,-1,-1
135,19,388.92,745.72,98.40,268.60,0.7797,-1,-1,-1
135,23,1057.65,140.48,82.62,172.27,0.4593,-1,-1,-1
135,29,576.04,247.45,53.93,184.19,0.4355,-1,-1,-1
135,31,624.83,753.18,57.67,166.68,0.2601,-1,-1,-1
135,32,823.86,247.21,62.78,168.04,0.2371,-1,-1,-1
136,1,417.28,270.94,81.39,218.37,0.6751,-1,-1,-1
136,2,101.81,543.61,75.32,239.51,0.6224,-1,-1,-1
136,3,1073.39,926.85,76.89,150.61,0.7881,-1,-1,-1
136,4,1721.26,458.68,74.29,208.47,0.6113,-1,-1,-1
136,5,1362.08,577.49,82.90,220.24,0.4839,-1,-1,-1
136,8,530.15,258.50,57.41,202.74,0.5560,-1,-1,-1
136,11,897.81,211.98,63.28,189.43,0.4162,-1,-1,-1
136,17,775.55,238.12,55.52,177.46,0.2099,-1,-1,-1
136,19,385.26,745.18,102.16,268.60,0.7914,-1,-1,-1
136,23,1045.67,140.55,91.89,170.89,0.5699,-1,-1,-1
136,29,576.32,250.35,52.91,184.96,0.5042,-1,-1,-1
136,32,822.03,247.23,60.12,164.00,0.2884,-1,-1,-1
137,1,415.92,269.02,82.39,218.99,0.6651,-1,-1,-1
137,2,101.85,544.58,71.73,237.50,0.5724,-1,-1,-1
137,3,1071.49,927.26,77.15,149.96,0.7947,-1,-1,-1
137,4,1721.22,457.45,74.73,209.04,0.6070,-1,-1,-1
137,5,1365.65,577.85,79.32,219.54,0.4550,-1,-1,-1
137,6,132.56,637.87,74.72,210.35,0.4515,-1,-1,-1
137,8,531.89,255.81,55.95,204.96,0.5871,-1,-1,-1
137,11,896.61,211.05,60.91,191.21,0.4178,-1,-1,-1
137,17,774.32,240.31,55.05,177.34,0.2377,-1,-1,-1
137,19,384.03,744.91,102.68,268.39,0.7892,-1,-1,-1
137,23,1043.30,139.02,91.99,171.41,0.5888,-1,-1,-1
137,28,476.38,184.03,56.14,165.83,0.2203,-1,-1,-1
137,29,574.93,250.69,54.89,185.40,0.4648,-1,-1,-1
137,32,818.95,249.53,60.85,165.12,0.3128,-1,-1,-1
138,1,416.06,267.71,81.84,219.49,0.6947,-1,-1,-1
138,2,102.21,544.94,67.34,237.22,0.5978,-1,-1,-1
138,3,1070.13,927.61,76.37,149.69,0.7892,-1,-1,-1
138,4,1721.01,457.74,74.91,209.19,0.6071,-1,-1,-1
138,5,1365.14,577.44,79.82,221.57,0.4431,-1,-1,-1
138,6,133.92,638.07,82.21,209.05,0.4259,-1,-1,-1
138,8,532.64,255.96,54.57,203.13,0.5870,-1,-1,-1
138,11,895.74,211.12,56.34,188.62,0.4592,-1,-1,-1
138,17,776.15,244.75,52.00,173.45,0.2546,-1,-1,-1
138,19,383.25,744.88,103.06,267.71,0.7883,-1,-1,-1
138,23,1039.78,140.45,94.51,170.10,0.6039,-1,-1,-1
138,29,574.62,251.05,55.60,184.33,0.4417,-1,-1,-1
138,32,819.05,249.44,59.44,162.72,0.2942,-1,-1,-1
139,1,415.70,266.05,81.31,220.82,0.6424,-1,-1,-1
139,2,101.69,545.14,67.30,238.75,0.6167,-1,-1,-1
139,3,1068.79,927.33,75.79,149.30,0.7881,-1,-1,-1
139,4,1720.69,457.59,75.18,209.48,0.6233,-1,-1,-1
139,5,1361.74,576.64,84.19,223.84,0.4644,-1,-1,-1
139,6,138.43,636.02,88.62,208.05,0.4389,-1,-1,-1
139,8,532.30,258.92,54.94,200.86,0.5728,-1,-1,-1
139,11,893.19,210.00,59.94,190.85,0.5246,-1,-1,-1
139,17,778.36,247.28,48.90,172.10,0.2010,-1,-1,-1
139,19,382.98,744.41,102.41,267.05,0.7952,-1,-1,-1
139,23,1040.94,140.72,92.19,170.83,0.5912,-1,-1,-1
139,29,574.28,250.91,56.21,183.67,0.4430,-1,-1,-1
139,31,623.78,752.51,59.65,168.74,0.2174,-1,-1,-1
139,32,819.29,251.40,57.46,164.63,0.2975,-1,-1,-1
140,1,417.49,267.45,79.24,217.13,0.6098,-1,-1,-1
140,2,102.06,544.96,65.74,239.77,0.6177,-1,-1,-1
140,3,1066.99,926.34,76.19,149.66,0.7913,-1,-1,-1
140,4,1720.87,458.50,75.14,208.70,0.6344,-1,-1,-1
140,5,1358.20,576.54,84.99,214.36,0.5472,-1,-1,-1
140,6,143.29,633.71,89.77,206.45,0.4182,-1,-1,-1
140,8,531.92,258.25,56.03,202.57,0.6025,-1,-1,-1
140,11,889.17,209.78,53.01,182.86,0.4697,-1,-1,-1
140,17,773.32,242.65,53.88,173.68,0.2036,-1,-1,-1
140,19,383.95,741.59,101.79,267.42,0.7961,-1,-1,-1
140,23,1039.81,140.85,91.69,171.21,0.5784,-1,-1,-1
140,29,578.03,251.73,54.09,180.46,0.4540,-1,-1,-1
140,31,624.61,751.58,58.46,168.18,0.2696,-1,-1,-1
140,32,818.85,248.77,58.16,168.13,0.3046,-1,-1,-1
141,1,416.81,265.20,79.67,216.72,0.6308,-1,-1,-1
141,2,102.28,545.71,66.31,240.79,0.6453,-1,-1,-1
141,3,1064.79,924.99,76.02,151.59,0.7868,-1,-1,-1
141,4,1721.10,458.34,74.86,207.86,0.6205,-1,-1,-1
141,5,1357.69,575.81,86.24,215.81,0.5021,-1,-1,-1
141,6,145.47,629.10,88.61,207.89,0.5905,-1,-1,-1
141,8,531.74,257.73,56.08,202.34,0.6033,-1,-1,-1
141,11,886.34,209.68,54.65,186.97,0.5478,-1,-1,-1
141,17,774.82,245.97,51.45,173.05,0.2452,-1,-1,-1
141,19,384.69,739.37,100.06,267.39,0.7953,-1,-1,-1
141,23,1042.14,140.25,86.03,170.40,0.5553,-1,-1,-1
141,28,478.25,183.80,57.15,172.74,0.2228,-1,-1,-1
141,29,579.87,249.58,51.54,183.73,0.4819,-1,-1,-1
141,31,624.74,752.21,57.82,168.11,0.2479,-1,-1,-1
141,32,818.08,248.55,58.16,169.05,0.3819,-1,-1,-1
142,1,417.21,264.23,78.46,216.43,0.6312,-1,-1,-1
142,2,103.13,545.86,66.76,241.99,0.6612,-1,-1,-1
142,3,1064.91,924.64,72.93,152.82,0.7783,-1,-1,-1
142,4,1721.47,459.21,74.92,206.89,0.6251,-1,-1,-1
142,5,1357.22,576.11,87.08,217.65,0.4846,-1,-1,-1
142,6,149.33,628.70,83.84,205.19,0.5518,-1,-1,-1
142,8,531.76,257.07,55.91,203.15,0.5983,-1,-1,-1
142,11,883.07,208.43,54.62,187.52,0.5166,-1,-1,-1
142,17,775.44,246.14,49.16,172.64,0.2199,-1,-1,-1
142,19,387.24,737.15,96.56,268.32,0.7924,-1,-1,-1
142,23,1039.98,140.46,86.46,169.11,0.5905,-1,-1,-1
142,28,479.02,188.25,58.89,167.86,0.2089,-1,-1,-1
142,29,581.00,250.07,52.39,182.07,0.4988,-1,-1,-1
142,31,624.14,752.16,58.89,168.69,0.3147,-1,-1,-1
142,32,819.30,250.85,54.84,168.18,0.2973,-1,-1,-1
143,1,415.07,259.37,78.60,220.99,0.6298,-1,-1,-1
143,2,103.51,545.19,67.23,241.37,0.6739,-1,-1,-1
143,3,1063.44,923.45,72.23,153.16,0.7623,-1,-1,-1
143,4,1721.28,459.23,74.89,206.93,0.6319,-1,-1,-1
143,5,1361.71,575.09,84.36,223.14,0.4815,-1,-1,-1
143,6,149.52,629.67,85.98,208.03,0.6542,-1,-1,-1
143,8,530.81,257.75,56.29,202.62,0.5931,-1,-1,-1
143,11,881.38,206.94,53.63,189.02,0.4755,-1,-1,-1
143,17,773.97,247.13,50.64,173.50,0.2037,-1,-1,-1
143,19,388.50,734.27,94.81,265.62,0.8023,-1,-1,-1
143,23,1042.01,138.01,81.88,171.45,0.5689,-1,-1,-1
143,28,478.65,189.42,59.03,169.22,0.2425,-1,-1,-1
143,29,581.45,247.70,53.38,186.23,0.4528,-1,-1,-1
143,31,624.79,752.51,58.96,168.64,0.2863,-1,-1,-1
144,1,414.48,259.32,80.18,217.56,0.6252,-1,-1,-1
144,2,103.25,545.71,68.31,241.18,0.6869,-1,-1,-1
144,3,1062.30,923.07,70.47,153.63,0.7579,-1,-1,-1
144,4,1721.70,459.82,74.46,207.04,0.6181,-1,-1,-1
144,5,1358.28,575.56,86.13,218.23,0.5028,-1,-1,-1
144,6,153.61,630.82,81.48,207.13,0.6803,-1,-1,-1
144,8,530.42,259.77,57.57,202.71,0.5981,-1,-1,-1
144,11,877.65,206.78,57.19,188.62,0.4714,-1,-1,-1
144,17,772.88,245.98,51.20,178.37,0.2058,-1,-1,-1
144,19,389.59,730.89,93.41,261.92,0.7945,-1,-1,-1
144,23,1041.48,136.72,78.64,171.70,0.4520,-1,-1,-1
144,28,479.83,185.46,57.43,175.49,0.3193,-1,-1,-1
144,29,581.92,252.33,55.96,183.47,0.4923,-1,-1,-1
144,31,624.58,753.69,58.98,168.96,0.2293,-1,-1,-1
145,1,416.38,259.55,77.95,211.32,0.6203,-1,-1,-1
145,2,103.58,545.71,69.21,242.68,0.7081,-1,-1,-1
145,3,1060.95,922.86,67.97,153.84,0.7574,-1,-1,-1
145,4,1721.60,459.19,74.15,206.67,0.6071,-1,-1,-1
145,5,1357.92,576.00,85.03,214.64,0.5351,-1,-1,-1
145,6,157.92,627.60,76.35,211.91,0.6995,-1,-1,-1
145,8,529.52,259.41,56.73,202.45,0.5923,-1,-1,-1
145,11,872.22,207.18,61.92,186.04,0.5403,-1,-1,-1
145,17,770.87,247.03,53.07,179.76,0.2151,-1,-1,-1
145,19,392.84,729.45,90.80,256.19,0.7985,-1,-1,-1
145,23,1041.32,136.41,69.79,171.78,0.4265,-1,-1,-1
145,28,479.76,188.67,57.51,176.11,0.2145,-1,-1,-1
145,29,583.08,252.52,55.14,184.26,0.5341,-1,-1,-1
145,31,624.23,754.07,58.45,168.13,0.2430,-1,-1,-1
146,1,414.90,253.31,76.55,218.49,0.6378,-1,-1,-1
146,2,103.57,545.93,69.71,242.43,0.7134,-1,-1,-1
146,3,1058.81,921.74,66.01,156.82,0.7405,-1,-1,-1
146,4,1721.94,459.55,74.05,207.43,0.6127,-1,-1,-1
146,5,1357.77,575.62,85.13,217.82,0.5159,-1,-1,-1
146,6,159.20,624.54,76.17,214.16,0.7141,-1,-1,-1
146,8,530.29,259.32,57.50,204.71,0.5914,-1,-1,-1
146,11,872.52,206.36,59.82,185.62,0.4881,-1,-1,-1
146,19,393.48,726.22,91.18,251.75,0.7771,-1,-1,-1
146,23,1041.15,136.39,64.09,171.10,0.4824,-1,-1,-1
146,29,584.98,254.29,53.10,186.86,0.5147,-1,-1,-1
146,31,623.82,754.23,59.36,168.45,0.2803,-1,-1,-1
147,1,414.61,253.33,77.57,219.18,0.6419,-1,-1,-1
147,2,103.96,546.15,69.72,240.91,0.7118,-1,-1,-1
147,3,1057.13,921.16,62.91,157.55,0.7281,-1,-1,-1
147,4,1721.45,458.93,74.82,207.25,0.6257,-1,-1,-1
147,5,1358.40,574.47,84.53,217.55,0.5439,-1,-1,-1
147,6,161.00,619.97,75.23,216.18,0.6914,-1,-1,-1
147,8,530.35,260.26,56.80,206.29,0.6119,-1,-1,-1
147,11,869.61,205.70,61.93,185.22,0.4772,-1,-1,-1
147,17,762.92,247.13,60.46,179.60,0.2257,-1,-1,-1
147,19,394.40,718.81,91.27,256.21,0.7798,-1,-1,-1
147,23,1040.48,135.39,60.95,170.97,0.4765,-1,-1,-1
147,28,480.33,193.51,57.17,172.72,0.2121,-1,-1,-1
147,29,584.89,255.17,54.28,188.17,0.5402,-1,-1,-1
147,31,624.45,752.92,58.88,167.84,0.2738,-1,-1,-1
148,1,414.13,252.76,78.07,219.37,0.6292,-1,-1,-1
148,2,103.58,545.41,70.63,241.63,0.7122,-1,-1,-1
148,3,1055.10,921.19,62.81,157.34,0.7270,-1,-1,-1
148,4,1721.45,458.42,74.77,208.71,0.6445,-1,-1,-1
148,5,1357.62,575.20,84.05,216.32,0.5600,-1,-1,-1
148,6,163.85,616.52,75.57,215.28,0.7084,-1,-1,-1
148,8,530.32,261.61,59.28,207.02,0.5980,-1,-1,-1
148,11,867.25,204.98,62.76,191.33,0.4363,-1,-1,-1
148,17,761.81,248.72,61.11,180.67,0.2106,-1,-1,-1
148,19,394.64,716.58,92.33,255.98,0.7778,-1,-1,-1
148,23,1038.59,134.90,56.19,171.16,0.4408,-1,-1,-1
148,29,585.71,255.71,54.24,188.51,0.4989,-1,-1,-1
148,31,624.45,752.68,57.75,167.13,0.2890,-1,-1,-1
148,34,683.64,215.44,76.09,192.13,0.2060,-1,-1,-1
149,1,416.27,257.03,77.02,213.60,0.6220,-1,-1,-1
149,2,103.85,545.62,70.35,241.35,0.7159,-1,-1,-1
149,3,1054.29,918.19,62.44,158.93,0.7246,-1,-1,-1
149,4,1721.04,459.04,74.38,207.62,0.6170,-1,-1,-1
149,5,1357.83,575.35,85.01,215.36,0.5518,-1,-1,-1
149,6,168.35,614.71,72.52,214.55,0.6967,-1,-1,-1
149,8,531.11,263.44,59.26,206.05,0.6297,-1,-1,-1
149,11,866.00,204.55,61.74,192.73,0.4400,-1,-1,-1
149,17,763.29,249.38,58.76,181.68,0.2085,-1,-1,-1
149,19,396.24,712.69,93.26,260.20,0.7878,-1,-1,-1
149,23,1036.91,135.51,54.18,169.22,0.3634,-1,-1,-1
149,29,586.28,256.40,54.84,189.84,0.4574,-1,-1,-1
149,31,624.24,751.55,59.06,167.31,0.3343,-1,-1,-1
150,1,416.62,256.91,76.77,213.26,0.6208,-1,-1,-1
150,2,103.54,545.62,70.76,242.67,0.7140,-1,-1,-1
150,3,1052.22,916.29,61.44,161.62,0.7350,-1,-1,-1
150,4,1721.15,458.53,74.56,208.17,0.6350,-1,-1,-1
150,5,1356.99,575.07,85.49,216.99,0.5447,-1,-1,-1
150,6,175.82,613.74,65.22,213.45,0.6573,-1,-1,-1
150,8,531.34,265.48,57.75,207.56,0.6176,-1,-1,-1
150,11,865.93,205.63,63.17,192.55,0.4061,-1,-1,-1
150,17,765.33,251.43,57.54,183.55,0.2426,-1,-1,-1
150,19,394.67,710.97,96.91,263.07,0.7844,-1,-1,-1
150,23,1033.58,134.36,56.19,172.13,0.4893,-1,-1,-1
150,29,586.86,257.07,55.54,190.57,0.4336,-1,-1,-1
150,31,625.56,751.40,56.81,167.17,0.3201,-1,-1,-1
150,34,683.27,215.82,73.10,192.99,0.2022,-1,-1,-1
151,1,417.33,255.66,75.16,214.58,0.6119,-1,-1,-1
151,2,103.23,546.69,71.39,243.16,0.7218,-1,-1,-1
151,3,1051.51,913.47,60.87,163.92,0.7372,-1,-1,-1
151,4,1722.09,458.38,73.00,207.53,0.6212,-1,-1,-1
151,5,1367.35,574.35,75.51,223.58,0.4895,-1,-1,-1
151,6,180.97,611.82,68.64,214.97,0.6716,-1,-1,-1
151,8,531.34,266.70,56.17,208.94,0.6070,-1,-1,-1
151,11,864.50,205.11,62.83,191.04,0.4548,-1,-1,-1
151,17,766.16,251.08,55.63,183.54,0.2056,-1,-1,-1
151,19,396.33,710.22,95.63,263.72,0.7815,-1,-1,-1
151,23,1030.22,132.27,56.99,173.66,0.4839,-1,-1,-1
151,29,587.76,260.32,55.31,190.57,0.4118,-1,-1,-1
151,31,625.39,750.89,57.08,167.54,0.3558,-1,-1,-1
152,1,417.60,255.12,75.13,215.34,0.6069,-1,-1,-1
152,2,102.60,546.90,72.51,242.66,0.7191,-1,-1,-1
152,3,1049.59,913.41,60.43,164.65,0.7415,-1,-1,-1
152,4,1721.91,458.11,73.59,208.50,0.6150,-1,-1,-1
152,5,1359.98,576.54,82.13,214.00,0.5342,-1,-1,-1
152,6,183.03,610.36,67.02,216.42,0.6913,-1,-1,-1
152,8,531.95,272.22,54.24,205.48,0.5927,-1,-1,-1
152,11,863.62,205.83,62.63,190.17,0.5212,-1,-1,-1
152,19,396.62,708.20,97.68,264.68,0.7660,-1,-1,-1
152,23,1024.85,130.23,60.01,172.57,0.4033,-1,-1,-1
152,29,588.42,261.14,55.58,190.87,0.4154,-1,-1,-1
152,31,624.68,751.58,56.70,166.81,0.4261,-1,-1,-1
153,1,417.45,254.19,74.34,215.71,0.5843,-1,-1,-1
153,2,103.61,548.08,71.09,245.01,0.7272,-1,-1,-1
153,3,1047.70,912.19,60.39,166.76,0.7307,-1,-1,-1
153,4,1721.54,457.52,73.90,208.95,0.6106,-1,-1,-1
153,5,1360.30,575.55,80.67,215.49,0.5202,-1,-1,-1
153,6,184.74,610.61,69.44,215.42,0.7365,-1,-1,-1
153,8,531.64,275.35,54.57,201.88,0.5840,-1,-1,-1
153,11,862.18,204.88,63.45,191.44,0.5009,-1,-1,-1
153,19,396.55,709.39,99.20,263.81,0.7572,-1,-1,-1
153,23,1022.79,131.77,60.21,170.84,0.4116,-1,-1,-1
153,29,591.41,267.19,53.60,184.15,0.3242,-1,-1,-1
153,31,625.94,751.17,54.64,166.92,0.4116,-1,-1,-1
154,1,415.12,252.94,75.61,216.85,0.6006,-1,-1,-1
154,2,103.89,546.98,71.13,246.08,0.7183,-1,-1,-1
154,3,1046.83,911.62,59.41,167.65,0.7137,-1,-1,-1
154,4,1721.44,459.85,73.78,206.42,0.5874,-1,-1,-1
154,5,1359.96,576.89,81.78,215.55,0.5201,-1,-1,-1
154,6,187.60,610.93,69.17,213.75,0.7510,-1,-1,-1
154,8,532.74,277.67,54.09,199.55,0.5603,-1,-1,-1
154,11,860.07,205.14,64.54,191.47,0.5104,-1,-1,-1
154,19,396.89,709.01,100.33,263.25,0.7630,-1,-1,-1
154,23,1016.57,131.67,62.90,171.66,0.3539,-1,-1,-1
154,29,592.49,270.86,55.45,182.97,0.2518,-1,-1,-1
154,31,624.89,751.73,57.78,167.76,0.3262,-1,-1,-1
155,1,415.98,251.75,74.12,218.27,0.6045,-1,-1,-1
155,2,102.97,545.55,71.56,247.59,0.6966,-1,-1,-1
155,3,1044.86,911.16,59.69,167.77,0.7286,-1,-1,-1
155,4,1722.62,459.16,72.70,206.71,0.5990,-1,-1,-1
155,5,1359.27,576.23,82.77,213.26,0.5763,-1,-1,-1
155,6,192.78,610.98,66.88,213.16,0.7613,-1,-1,-1
155,8,532.63,279.61,55.53,197.22,0.5121,-1,-1,-1
155,11,857.27,205.02,66.39,189.35,0.5154,-1,-1,-1
155,19,397.82,706.05,101.61,266.00,0.7629,-1,-1,-1
155,23,999.98,132.79,76.17,172.47,0.3943,-1,-1,-1
155,29,593.72,271.51,54.32,183.65,0.2218,-1,-1,-1
155,31,625.81,751.40,55.70,166.84,0.3415,-1,-1,-1
155,40,1267.02,174.60,101.25,148.74,0.2865,-1,-1,-1
156,1,416.93,251.29,74.73,214.88,0.6134,-1,-1,-1
156,2,102.55,545.43,72.12,247.17,0.6989,-1,-1,-1
156,3,1043.00,910.57,60.27,169.40,0.7066,-1,-1,-1
156,4,1722.24,459.57,73.11,205.89,0.5894,-1,-1,-1
156,5,1357.35,579.12,82.79,211.49,0.5199,-1,-1,-1
156,6,194.83,608.96,67.39,214.12,0.7527,-1,-1,-1
156,8,532.66,275.99,56.55,199.75,0.4597,-1,-1,-1
156,11,855.91,204.14,67.24,187.83,0.5455,-1,-1,-1
156,17,765.07,253.80,57.69,183.06,0.2327,-1,-1,-1
156,19,398.45,702.50,100.55,267.09,0.7602,-1,-1,-1
156,23,992.14,133.76,80.55,171.47,0.4414,-1,-1,-1
156,31,625.68,749.74,57.04,169.66,0.2764,-1,-1,-1
156,40,1260.87,173.36,106.49,151.35,0.3141,-1,-1,-1
157,1,416.73,251.75,74.21,212.89,0.6156,-1,-1,-1
157,2,102.67,545.74,72.17,246.84,0.6981,-1,-1,-1
157,3,1041.89,909.94,59.60,169.58,0.7001,-1,-1,-1
157,4,1722.74,459.95,72.46,205.61,0.5934,-1,-1,-1
157,5,1356.89,578.72,83.40,210.41,0.5227,-1,-1,-1
157,6,197.40,608.40,66.44,214.71,0.7428,-1,-1,-1
157,8,532.49,274.63,57.12,198.71,0.4369,-1,-1,-1
157,11,855.93,202.93,66.83,184.90,0.5648,-1,-1,-1
157,17,759.46,252.00,62.49,181.52,0.2988,-1,-1,-1
157,19,399.51,705.09,99.67,264.00,0.7710,-1,-1,-1
157,23,987.72,133.88,82.58,171.37,0.4676,-1,-1,-1
157,31,625.05,747.41,56.87,171.26,0.3421,-1,-1,-1
158,1,417.11,249.36,76.12,215.34,0.6420,-1,-1,-1
158,2,102.47,546.27,72.22,246.24,0.7014,-1,-1,-1
158,3,1039.20,909.66,62.32,170.35,0.7160,-1,-1,-1
158,4,1722.03,460.01,73.57,206.59,0.6141,-1,-1,-1
158,5,1357.07,577.57,83.35,210.58,0.5297,-1,-1,-1
158,6,198.19,606.84,65.75,212.84,0.7167,-1,-1,-1
158,8,530.00,272.49,60.72,199.97,0.4531,-1,-1,-1
158,11,853.23,201.37,68.55,184.52,0.5542,-1,-1,-1
158,19,398.88,704.66,98.24,261.70,0.7834,-1,-1,-1
158,23,987.86,132.64,81.63,172.10,0.3920,-1,-1,-1
158,29,595.64,270.20,54.65,184.73,0.2011,-1,-1,-1
158,31,625.53,749.48,57.07,170.62,0.2806,-1,-1,-1
159,1,418.07,250.01,75.79,212.16,0.6103,-1,-1,-1
159,2,102.53,546.30,72.15,246.50,0.6945,-1,-1,-1
159,3,1037.74,908.63,61.50,170.55,0.6969,-1,-1,-1
159,4,1722.29,461.47,73.47,204.76,0.6000,-1,-1,-1
159,5,1356.61,578.63,84.58,212.04,0.5127,-1,-1,-1
159,6,199.45,604.27,65.91,212.78,0.7004,-1,-1,-1
159,8,526.82,281.42,64.28,193.32,0.4346,-1,-1,-1
159,11,851.32,200.50,69.69,188.92,0.5542,-1,-1,-1
159,17,757.34,251.55,61.06,187.05,0.2047,-1,-1,-1
159,19,402.61,703.20,91.03,260.18,0.7621,-1,-1,-1
159,23,984.70,133.14,82.78,171.33,0.4150,-1,-1,-1
159,29,596.41,271.28,59.74,182.85,0.2168,-1,-1,-1
159,31,626.14,749.81,54.45,167.17,0.2730,-1,-1,-1
160,1,418.79,247.79,74.33,214.23,0.6467,-1,-1,-1
160,2,102.49,546.86,71.79,246.15,0.7008,-1,-1,-1
160,3,1037.37,908.98,60.62,171.04,0.6802,-1,-1,-1
160,4,1721.31,461.26,73.81,204.91,0.5710,-1,-1,-1
160,5,1357.41,580.19,85.96,216.53,0.4767,-1,-1,-1
160,6,200.94,602.49,65.62,215.44,0.7040,-1,-1,-1
160,8,526.44,286.03,65.03,189.98,0.4787,-1,-1,-1
160,11,851.61,199.00,68.68,191.91,0.5177,-1,-1,-1
160,17,755.27,250.27,62.46,191.00,0.2256,-1,-1,-1
160,19,401.89,697.68,92.19,256.58,0.7651,-1,-1,-1
160,23,981.58,132.51,83.98,170.08,0.4733,-1,-1,-1
160,29,596.11,271.96,61.20,181.61,0.2051,-1,-1,-1
160,31,626.60,749.77,54.25,166.63,0.2871,-1,-1,-1
161,1,417.71,246.82,76.76,211.65,0.6225,-1,-1,-1
161,2,102.34,546.71,71.94,247.09,0.6898,-1,-1,-1
161,3,1033.86,908.23,62.80,171.78,0.6925,-1,-1,-1
161,4,1721.95,460.94,73.30,205.89,0.5769,-1,-1,-1
161,5,1357.12,580.04,84.73,215.46,0.5266,-1,-1,-1
161,6,206.65,598.72,60.83,213.33,0.6678,-1,-1,-1
161,8,525.72,287.73,68.55,190.20,0.4185,-1,-1,-1
161,11,850.42,196.38,69.69,191.18,0.4864,-1,-1,-1
161,17,752.93,251.17,63.43,193.99,0.2485,-1,-1,-1
161,19,402.44,691.76,91.02,252.75,0.7735,-1,-1,-1
161,23,982.28,132.59,82.11,170.37,0.4915,-1,-1,-1
161,31,627.26,747.62,54.52,170.10,0.2773,-1,-1,-1
161,32,807.21,270.89,49.36,178.59,0.2094,-1,-1,-1
162,1,418.67,246.13,76.18,210.20,0.6246,-1,-1,-1
162,2,102.07,546.32,71.65,247.60,0.6735,-1,-1,-1
162,3,1033.09,907.26,61.86,172.73,0.7086,-1,-1,-1
162,4,1721.94,461.67,73.32,205.65,0.5794,-1,-1,-1
162,5,1364.05,578.01,80.44,222.77,0.4927,-1,-1,-1
162,6,210.93,598.01,61.71,207.34,0.6747,-1,-1,-1
162,8,503.74,225.16,86.35,249.78,0.2278,-1,-1,-1
162,11,849.70,195.72,69.30,190.64,0.4909,-1,-1,-1
162,17,753.47,255.26,66.17,191.30,0.2681,-1,-1,-1
162,19,403.20,687.08,91.24,254.13,0.7659,-1,-1,-1
162,23,982.24,133.71,79.53,169.78,0.3942,-1,-1,-1
162,31,626.07,750.44,54.86,168.96,0.2577,-1,-1,-1
163,1,418.59,244.84,77.80,209.52,0.6203,-1,-1,-1
163,2,102.16,546.46,72.15,247.49,0.6637,-1,-1,-1
163,3,1031.27,906.31,62.86,173.68,0.6816,-1,-1,-1
163,4,1721.64,460.75,73.70,206.78,0.5794,-1,-1,-1
163,5,1357.04,580.07,88.76,225.11,0.5076,-1,-1,-1
163,6,212.72,595.49,62.69,207.58,0.6709,-1,-1,-1
163,8,516.00,277.43,77.05,209.06,0.3702,-1,-1,-1
163,11,850.17,194.24,68.82,188.05,0.4693,-1,-1,-1
163,17,755.60,256.74,62.78,190.29,0.2897,-1,-1,-1
163,19,403.36,683.80,90.45,255.82,0.7717,-1,-1,-1
163,23,983.15,130.60,75.19,172.95,0.3587,-1,-1,-1
163,29,598.09,272.60,64.24,180.64,0.2939,-1,-1,-1
164,1,417.87,244.36,78.86,208.26,0.6295,-1,-1,-1
164,2,102.04,546.69,71.74,246.57,0.6819,-1,-1,-1
164,3,1030.22,907.27,60.97,172.23,0.7302,-1,-1,-1
164,4,1721.50,460.44,74.04,206.80,0.6008,-1,-1,-1
164,5,1356.99,579.75,88.55,223.54,0.4781,-1,-1,-1
164,6,215.01,594.07,63.42,209.19,0.7041,-1,-1,-1
164,8,517.98,288.16,75.21,198.97,0.2863,-1,-1,-1
164,11,852.89,192.31,68.50,193.97,0.4622,-1,-1,-1
164,17,755.62,256.76,60.05,190.01,0.2858,-1,-1,-1
164,19,402.24,682.23,92.00,254.85,0.7749,-1,-1,-1
164,23,984.06,128.76,69.52,172.61,0.3088,-1,-1,-1
164,29,598.68,273.90,63.08,179.20,0.2913,-1,-1,-1
164,31,625.50,748.75,56.09,170.83,0.2134,-1,-1,-1
165,1,418.56,242.29,78.99,210.21,0.6178,-1,-1,-1
165,2,102.13,546.50,71.54,246.22,0.6771,-1,-1,-1
165,3,1028.41,907.89,61.16,171.70,0.7252,-1,-1,-1
165,4,1721.68,460.19,74.33,206.46,0.5964,-1,-1,-1
165,5,1357.41,580.53,86.57,219.02,0.4965,-1,-1,-1
165,6,212.86,592.11,65.59,209.66,0.7318,-1,-1,-1
165,11,853.55,191.50,68.39,194.51,0.4852,-1,-1,-1
165,17,754.97,259.25,61.67,191.48,0.2615,-1,-1,-1
165,19,400.48,680.64,94.08,256.74,0.7903,-1,-1,-1
165,23,983.79,126.92,65.15,171.30,0.2715,-1,-1,-1
165,29,598.83,274.81,62.83,179.03,0.2422,-1,-1,-1
165,31,625.38,746.43,55.61,171.32,0.2836,-1,-1,-1
166,1,418.91,241.59,76.08,210.50,0.5938,-1,-1,-1
166,2,102.00,546.15,71.47,246.74,0.6857,-1,-1,-1
166,3,1026.44,907.47,61.97,171.96,0.6858,-1,-1,-1
166,4,1722.11,460.78,73.19,207.05,0.6232,-1,-1,-1
166,5,1357.10,579.72,84.45,214.91,0.5045,-1,-1,-1
166,6,214.80,590.51,71.21,211.96,0.7027,-1,-1,-1
166,11,852.89,190.98,69.46,191.31,0.4936,-1,-1,-1
166,17,755.63,261.65,57.73,188.75,0.2238,-1,-1,-1
166,19,399.47,679.06,94.53,259.44,0.7902,-1,-1,-1
166,23,983.98,126.10,58.74,170.70,0.2784,-1,-1,-1
166,29,601.52,274.67,56.14,180.99,0.2964,-1,-1,-1
166,31,625.19,749.43,56.57,170.09,0.2810,-1,-1,-1
167,1,418.64,240.54,76.04,212.41,0.5767,-1,-1,-1
167,2,101.77,546.38,71.99,247.13,0.6876,-1,-1,-1
167,3,1023.74,906.71,64.38,172.92,0.6819,-1,-1,-1
167,4,1722.34,460.33,72.62,207.15,0.6049,-1,-1,-1
167,5,1356.84,579.56,84.31,217.52,0.4867,-1,-1,-1
167,6,214.68,589.76,75.09,214.42,0.7050,-1,-1,-1
167,11,853.26,190.78,69.60,188.31,0.4888,-1,-1,-1
167,17,755.47,262.05,58.16,189.23,0.3034,-1,-1,-1
167,19,399.91,675.48,93.38,261.27,0.7956,-1,-1,-1
167,23,982.78,124.62,54.19,170.42,0.2744,-1,-1,-1
167,29,602.40,276.50,56.86,179.44,0.3101,-1,-1,-1
167,32,804.18,279.59,48.45,176.44,0.2303,-1,-1,-1
168,1,417.59,239.41,77.01,213.66,0.5962,-1,-1,-1
168,2,101.77,546.56,72.28,246.86,0.6875,-1,-1,-1
168,3,1021.22,907.24,64.73,171.91,0.7027,-1,-1,-1
168,4,1721.66,458.76,73.63,209.37,0.6117,-1,-1,-1
168,5,1357.53,578.65,82.25,216.74,0.4978,-1,-1,-1
168,6,217.54,589.55,79.24,212.40,0.7157,-1,-1,-1
168,8,526.90,283.53,67.68,206.48,0.2274,-1,-1,-1
168,11,853.45,191.23,70.06,189.98,0.5106,-1,-1,-1
168,17,754.61,261.43,58.32,190.00,0.2433,-1,-1,-1
168,19,398.45,675.92,94.70,261.07,0.7830,-1,-1,-1
168,23,979.23,123.33,55.71,170.09,0.2998,-1,-1,-1
168,29,601.92,276.47,59.52,178.34,0.3091,-1,-1,-1
169,1,418.19,238.71,78.28,214.10,0.6127,-1,-1,-1
169,2,101.42,545.63,73.27,248.67,0.6526,-1,-1,-1
169,3,1020.47,908.44,65.11,170.56,0.7071,-1,-1,-1
169,4,1721.45,459.82,73.99,208.14,0.6088,-1,-1,-1
169,5,1357.32,578.88,85.27,217.75,0.4630,-1,-1,-1
169,6,220.64,589.14,77.62,213.56,0.6918,-1,-1,-1
169,8,523.06,289.60,68.38,203.54,0.2691,-1,-1,-1
169,11,852.61,190.76,71.16,188.56,0.5315,-1,-1,-1
169,17,752.78,261.46,58.50,190.03,0.2733,-1,-1,-1
169,19,399.38,674.81,94.50,260.91,0.7760,-1,-1,-1
169,29,601.89,277.04,60.84,177.44,0.3166,-1,-1,-1
169,31,626.54,750.64,54.19,168.12,0.2219,-1,-1,-1
170,1,417.90,237.96,78.36,215.35,0.6163,-1,-1,-1
170,2,101.33,546.48,73.74,246.43,0.6541,-1,-1,-1
170,3,1018.71,908.81,62.43,171.00,0.7224,-1,-1,-1
170,4,1720.94,460.79,74.53,207.37,0.6189,-1,-1,-1
170,5,1368.67,577.73,74.54,221.42,0.4471,-1,-1,-1
170,6,220.88,588.84,75.29,213.91,0.6635,-1,-1,-1
170,8,523.91,290.72,66.30,203.34,0.3609,-1,-1,-1
170,11,856.29,189.90,67.72,188.21,0.5136,-1,-1,-1
170,17,752.37,260.33,60.34,192.00,0.3311,-1,-1,-1
170,19,400.30,673.67,92.55,260.90,0.7744,-1,-1,-1
170,29,601.69,276.80,61.43,178.07,0.2434,-1,-1,-1
170,32,800.54,281.63,50.36,172.65,0.2406,-1,-1,-1
170,40,1232.42,164.45,82.15,160.92,0.2663,-1,-1,-1
171,1,417.66,238.20,78.53,215.06,0.6210,-1,-1,-1
171,2,101.14,546.49,74.98,247.27,0.6597,-1,-1,-1
171,3,1018.02,909.11,61.37,170.89,0.7218,-1,-1,-1
171,4,1721.63,459.87,74.01,208.13,0.6053,-1,-1,-1
171,5,1366.25,577.16,76.25,222.84,0.4511,-1,-1,-1
171,6,219.56,588.58,76.37,212.90,0.6933,-1,-1,-1
171,8,525.93,295.43,62.39,198.81,0.4435,-1,-1,-1
171,11,860.18,192.19,62.06,183.46,0.4139,-1,-1,-1
171,17,753.16,260.07,58.08,192.73,0.3214,-1,-1,-1
171,19,400.13,672.81,92.44,259.93,0.7742,-1,-1,-1
171,32,800.11,282.99,50.55,173.97,0.2469,-1,-1,-1
171,40,1231.67,162.58,81.43,162.74,0.2525,-1,-1,-1
172,1,417.76,238.04,78.23,216.58,0.6264,-1,-1,-1
172,2,100.62,546.59,74.21,245.92,0.6646,-1,-1,-1
172,3,1016.05,910.05,61.24,169.50,0.7444,-1,-1,-1
172,4,1721.75,460.27,73.94,207.39,0.5987,-1,-1,-1
172,5,1357.22,577.98,84.28,216.18,0.4714,-1,-1,-1
172,6,218.94,586.86,77.42,213.87,0.6443,-1,-1,-1
172,8,526.47,291.94,60.92,201.93,0.4431,-1,-1,-1
172,11,860.37,190.25,65.50,185.19,0.5059,-1,-1,-1
172,17,752.39,261.50,58.01,193.97,0.2978,-1,-1,-1
172,19,400.53,670.65,91.79,259.69,0.7814,-1,-1,-1
172,23,966.11,121.15,58.48,171.77,0.2360,-1,-1,-1
172,29,604.40,283.03,58.35,172.16,0.2069,-1,-1,-1
172,32,799.64,284.57,52.26,174.95,0.2838,-1,-1,-1
173,1,417.88,237.31,78.04,216.75,0.6132,-1,-1,-1
173,2,100.99,546.21,73.74,246.98,0.6569,-1,-1,-1
173,3,1012.72,910.16,62.35,169.39,0.7320,-1,-1,-1
173,4,1720.91,460.89,74.64,206.24,0.5912,-1,-1,-1
173,5,1357.28,578.71,83.37,214.49,0.5022,-1,-1,-1
173,6,219.39,583.43,76.44,215.77,0.6590,-1,-1,-1
173,8,521.26,295.09,66.38,199.64,0.3376,-1,-1,-1
173,11,860.74,188.95,66.13,186.87,0.4555,-1,-1,-1
173,17,753.10,260.21,56.83,194.17,0.3982,-1,-1,-1
173,19,403.25,668.66,88.23,259.00,0.7732,-1,-1,-1
173,23,962.75,120.91,59.62,170.72,0.2061,-1,-1,-1
173,31,625.45,750.15,56.83,168.85,0.2169,-1,-1,-1
173,32,796.32,284.25,53.82,175.18,0.2733,-1,-1,-1
173,42,-1.89,604.69,56.00,230.49,0.2386,-1,-1,-1
174,1,417.88,236.85,76.27,217.48,0.6137,-1,-1,-1
174,2,100.44,546.85,73.92,246.39,0.6531,-1,-1,-1
174,3,1010.07,911.82,63.41,168.21,0.7399,-1,-1,-1
174,4,1721.14,459.38,74.41,208.14,0.5968,-1,-1,-1
174,5,1357.28,578.91,82.85,211.57,0.4998,-1,-1,-1
174,6,222.61,582.85,75.37,213.76,0.6767,-1,-1,-1
174,8,522.76,293.58,66.73,201.16,0.4245,-1,-1,-1
174,11,861.70,186.22,65.29,186.82,0.4405,-1,-1,-1
174,17,752.59,261.52,55.99,192.56,0.3596,-1,-1,-1
174,19,405.84,666.62,85.57,259.80,0.7813,-1,-1,-1
174,23,956.79,121.84,63.35,172.80,0.2142,-1,-1,-1
174,29,605.71,276.51,59.72,178.95,0.2203,-1,-1,-1
174,31,625.81,752.49,56.55,168.77,0.2196,-1,-1,-1
174,32,796.17,288.39,53.67,171.51,0.2914,-1,-1,-1
175,1,416.87,235.67,77.17,216.63,0.6471,-1,-1,-1
175,2,100.09,546.55,73.79,246.15,0.6577,-1,-1,-1
175,3,1006.63,913.40,64.00,166.64,0.7260,-1,-1,-1
175,4,1721.71,459.92,73.51,207.96,0.5913,-1,-1,-1
175,5,1357.34,578.35,83.74,209.31,0.5140,-1,-1,-1
175,6,225.84,578.72,69.98,214.63,0.6875,-1,-1,-1
175,8,522.36,293.23,66.21,200.87,0.3932,-1,-1,-1
175,11,863.12,185.62,66.02,183.11,0.4619,-1,-1,-1
175,17,752.54,261.22,57.06,194.98,0.4039,-1,-1,-1
175,19,406.46,663.53,85.43,261.35,0.8031,-1,-1,-1
175,23,945.68,122.88,72.78,174.17,0.3119,-1,-1,-1
175,31,625.14,753.70,56.89,165.53,0.2790,-1,-1,-1
175,32,798.49,286.54,52.40,173.59,0.2342,-1,-1,-1
175,42,-8.52,610.38,78.70,229.03,0.3044,-1,-1,-1
176,1,417.16,232.80,75.66,217.90,0.6323,-1,-1,-1
176,2,100.27,546.85,73.05,246.30,0.6597,-1,-1,-1
176,3,1006.05,913.08,62.37,165.68,0.7284,-1,-1,-1
176,4,1721.42,459.57,73.38,208.28,0.5894,-1,-1,-1
176,5,1357.48,578.69,82.45,207.51,0.5101,-1,-1,-1
176,6,227.33,576.54,68.15,213.06,0.6691,-1,-1,-1
176,8,513.21,242.30,76.29,248.53,0.3129,-1,-1,-1
176,11,863.15,184.24,66.21,185.30,0.5044,-1,-1,-1
176,17,753.19,261.87,55.79,196.21,0.4013,-1,-1,-1
176,19,407.24,658.43,83.56,258.81,0.7917,-1,-1,-1
176,23,939.49,122.96,77.08,175.05,0.4001,-1,-1,-1
176,31,625.68,755.26,56.71,163.42,0.2429,-1,-1,-1
176,32,797.85,285.04,54.71,178.39,0.2906,-1,-1,-1
176,42,4.78,614.68,48.92,225.28,0.2516,-1,-1,-1
177,1,416.92,232.97,74.96,217.79,0.6378,-1,-1,-1
177,2,100.29,546.94,72.94,245.71,0.6575,-1,-1,-1
177,3,1004.86,912.94,63.31,164.76,0.7312,-1,-1,-1
177,4,1720.93,459.81,74.24,208.03,0.5842,-1,-1,-1
177,5,1357.34,579.12,82.98,210.23,0.4842,-1,-1,-1
177,6,227.25,575.04,68.06,211.17,0.6783,-1,-1,-1
177,8,517.23,257.63,73.30,237.36,0.3740,-1,-1,-1
177,11,864.12,181.74,66.86,185.19,0.5233,-1,-1,-1
177,17,752.10,263.83,57.82,195.33,0.3454,-1,-1,-1
177,19,408.23,653.40,82.54,252.97,0.7865,-1,-1,-1
177,23,937.07,123.80,77.98,173.15,0.3562,-1,-1,-1
177,29,606.96,274.72,59.89,177.01,0.2058,-1,-1,-1
177,32,797.00,284.81,53.83,180.42,0.2455,-1,-1,-1
177,42,-9.28,621.43,99.84,222.20,0.4507,-1,-1,-1
177,45,790.79,150.18,57.42,154.49,0.2108,-1,-1,-1
178,1,416.44,230.83,74.55,214.86,0.6144,-1,-1,-1
178,2,100.39,547.11,71.54,244.46,0.6555,-1,-1,-1
178,3,1004.34,913.25,62.04,164.59,0.7193,-1,-1,-1
178,4,1721.37,460.37,73.78,207.50,0.5643,-1,-1,-1
178,5,1356.95,577.99,83.08,211.58,0.4815,-1,-1,-1
178,6,227.79,573.14,67.64,206.95,0.6077,-1,-1,-1
178,8,521.55,286.75,67.28,209.53,0.4463,-1,-1,-1
178,11,864.86,180.75,66.94,184.76,0.4986,-1,-1,-1
178,17,752.02,267.64,57.25,194.94,0.4017,-1,-1,-1
178,19,406.49,650.21,84.99,250.32,0.7859,-1,-1,-1
178,23,935.71,126.82,75.54,169.25,0.2861,-1,-1,-1
178,29,607.53,274.12,57.63,185.42,0.2488,-1,-1,-1
178,32,794.86,290.24,57.35,180.40,0.2635,-1,-1,-1
178,42,-0.65,615.20,88.53,228.57,0.3668,-1,-1,-1
179,1,415.80,227.82,73.35,215.82,0.5892,-1,-1,-1
179,2,101.10,545.86,70.30,246.71,0.6528,-1,-1,-1
179,3,1003.03,913.59,59.85,164.78,0.7171,-1,-1,-1
179,4,1721.29,460.56,73.30,207.19,0.5465,-1,-1,-1
179,5,1357.50,578.14,83.51,218.62,0.5038,-1,-1,-1
179,6,227.23,571.23,68.58,207.43,0.6198,-1,-1,-1
179,8,523.13,294.80,63.97,199.72,0.4478,-1,-1,-1
179,11,866.11,180.42,67.10,183.92,0.4858,-1,-1,-1
179,17,750.83,271.36,58.85,193.57,0.4081,-1,-1,-1
179,19,407.61,648.85,85.18,249.39,0.7853,-1,-1,-1
179,23,936.62,126.06,73.02,168.74,0.3156,-1,-1,-1
179,29,607.07,278.59,58.11,190.89,0.3424,-1,-1,-1
179,32,794.37,287.69,61.39,185.80,0.2540,-1,-1,-1
179,42,-1.29,618.74,97.46,229.99,0.5223,-1,-1,-1
180,1,414.31,227.41,74.99,212.25,0.6251,-1,-1,-1
180,2,101.00,545.96,69.77,246.09,0.6592,-1,-1,-1
180,3,1000.98,913.13,59.74,165.52,0.7201,-1,-1,-1
180,4,1721.87,460.08,72.98,208.26,0.5271,-1,-1,-1
180,5,1357.43,576.49,82.13,211.69,0.5127,-1,-1,-1
180,6,228.87,570.01,68.33,207.22,0.5862,-1,-1,-1
180,8,526.01,295.02,60.85,202.17,0.5314,-1,-1,-1
180,11,867.22,181.39,67.72,184.31,0.5056,-1,-1,-1
180,17,750.45,273.39,59.34,192.38,0.4204,-1,-1,-1
180,19,409.24,648.50,86.11,248.56,0.7902,-1,-1,-1
180,23,942.34,123.84,63.66,169.69,0.2872,-1,-1,-1
180,29,607.28,278.56,57.73,194.10,0.3474,-1,-1,-1
180,32,796.25,292.37,59.77,186.79,0.2880,-1,-1,-1
180,42,5.20,617.47,82.77,222.36,0.5008,-1,-1,-1
181,1,414.65,227.26,74.37,209.85,0.6001,-1,-1,-1
181,2,100.91,545.41,69.58,247.94,0.6566,-1,-1,-1
181,3,998.54,914.56,59.66,164.75,0.7207,-1,-1,-1
181,4,1721.71,458.67,73.99,210.11,0.5138,-1,-1,-1
181,5,1357.63,577.87,83.57,215.07,0.5031,-1,-1,-1
181,6,229.57,569.21,68.94,205.67,0.5747,-1,-1,-1
181,8,527.49,300.94,59.17,199.28,0.5410,-1,-1,-1
181,11,868.85,178.80,66.97,184.15,0.5046,-1,-1,-1
181,17,751.28,273.90,57.30,192.47,0.4314,-1,-1,-1
181,19,409.85,646.83,87.97,249.28,0.7879,-1,-1,-1
181,23,938.22,123.33,67.86,171.94,0.2359,-1,-1,-1
181,29,607.14,279.43,58.54,201.31,0.2994,-1,-1,-1
181,32,797.00,292.14,59.49,185.55,0.2940,-1,-1,-1
181,42,5.76,617.73,79.66,224.74,0.4762,-1,-1,-1
181,45,791.61,149.42,60.66,164.58,0.2107,-1,-1,-1
182,1,415.09,226.77,74.34,207.98,0.5793,-1,-1,-1
182,2,101.09,545.94,69.44,246.70,0.6760,-1,-1,-1
182,3,996.96,916.21,58.07,162.61,0.7357,-1,-1,-1
182,4,1722.30,459.05,72.57,209.43,0.5326,-1,-1,-1
182,5,1357.76,577.45,83.86,224.37,0.4808,-1,-1,-1
182,6,231.62,567.78,64.39,203.14,0.5880,-1,-1,-1
182,8,525.95,296.30,60.88,200.92,0.4858,-1,-1,-1
182,11,867.06,177.48,72.71,186.47,0.5431,-1,-1,-1
182,17,751.41,275.14,57.61,193.59,0.3649,-1,-1,-1
182,19,408.50,645.63,90.79,251.00,0.7835,-1,-1,-1
182,23,944.21,122.70,62.60,175.25,0.2433,-1,-1,-1
182,29,606.89,279.43,61.22,205.06,0.2940,-1,-1,-1
182,32,798.23,297.28,52.76,181.74,0.2306,-1,-1,-1
182,42,-1.04,619.67,104.16,238.11,0.6104,-1,-1,-1
182,45,791.35,149.40,61.13,165.52,0.2289,-1,-1,-1
183,1,416.86,228.87,72.48,206.16,0.5813,-1,-1,-1
183,2,101.20,546.03,69.19,247.52,0.6872,-1,-1,-1
183,3,995.84,916.14,58.22,162.02,0.7280,-1,-1,-1
183,4,1722.37,459.34,72.55,208.72,0.5256,-1,-1,-1
183,5,1357.22,576.87,85.18,223.59,0.4913,-1,-1,-1
183,6,230.67,566.49,66.29,205.17,0.5571,-1,-1,-1
183,8,523.44,295.35,64.89,206.72,0.4165,-1,-1,-1
183,11,867.86,176.82,72.58,187.12,0.5589,-1,-1,-1
183,17,749.66,276.59,61.07,194.34,0.3690,-1,-1,-1
183,19,408.12,643.82,93.18,252.32,0.7976,-1,-1,-1
183,29,607.31,279.19,61.31,209.94,0.3140,-1,-1,-1
183,32,798.05,294.67,63.23,183.48,0.2347,-1,-1,-1
183,42,2.96,622.17,102.87,237.92,0.6594,-1,-1,-1
183,45,790.41,149.79,64.00,167.08,0.2246,-1,-1,-1
183,46,1202.02,150.48,56.26,174.14,0.2039,-1,-1,-1
184,1,417.11,227.71,73.27,207.27,0.5794,-1,-1,-1
184,2,100.78,546.01,68.78,247.70,0.6717,-1,-1,-1
184,3,995.44,917.58,57.74,160.94,0.7221,-1,-1,-1
184,4,1721.20,459.15,73.18,209.18,0.5340,-1,-1,-1
184,5,1357.62,576.70,85.30,225.44,0.4636,-1,-1,-1
184,6,232.02,565.98,65.07,209.26,0.5353,-1,-1,-1
184,8,521.91,240.20,65.68,261.44,0.3982,-1,-1,-1
184,11,867.81,176.90,72.57,187.36,0.5465,-1,-1,-1
184,17,750.17,278.33,61.00,193.00,0.3519,-1,-1,-1
184,19,408.96,642.60,93.91,253.08,0.7734,-1,-1,-1
184,29,607.69,279.20,60.89,212.34,0.3304,-1,-1,-1
184,32,801.34,293.04,64.40,185.02,0.2159,-1,-1,-1
184,42,8.05,622.31,96.85,233.99,0.6233,-1,-1,-1
184,46,1199.67,151.75,56.79,172.89,0.2531,-1,-1,-1
185,1,415.77,227.30,74.10,207.52,0.5890,-1,-1,-1
185,2,100.16,546.34,68.59,246.76,0.6472,-1,-1,-1
185,3,993.33,918.34,58.69,159.74,0.7197,-1,-1,-1
185,4,1721.74,459.42,72.74,208.46,0.5007,-1,-1,-1
185,5,1357.68,575.39,84.52,220.75,0.4741,-1,-1,-1
185,6,231.83,565.64,66.37,210.02,0.5686,-1,-1,-1
185,8,520.37,284.19,68.35,223.92,0.4394,-1,-1,-1
185,11,867.58,178.13,74.96,188.79,0.5857,-1,-1,-1
185,17,750.63,280.31,62.96,191.75,0.3325,-1,-1,-1
185,19,408.50,643.24,95.25,252.53,0.7862,-1,-1,-1
185,29,607.05,286.78,59.98,207.79,0.3319,-1,-1,-1
185,32,803.05,293.69,63.50,184.32,0.2110,-1,-1,-1
185,42,13.64,621.58,91.89,233.31,0.6224,-1,-1,-1
185,45,789.88,150.72,62.99,160.99,0.2034,-1,-1,-1
185,46,1196.97,151.15,56.84,176.79,0.3035,-1,-1,-1
186,1,415.65,226.69,74.18,207.58,0.5967,-1,-1,-1
186,2,99.50,546.72,69.30,245.78,0.6468,-1,-1,-1
186,3,992.32,918.36,57.82,160.48,0.7327,-1,-1,-1
186,4,1721.87,459.04,72.65,208.95,0.5030,-1,-1,-1
186,5,1357.37,574.64,84.25,225.42,0.4918,-1,-1,-1
186,6,229.94,565.23,67.29,208.24,0.5902,-1,-1,-1
186,8,523.56,300.34,61.74,204.17,0.4331,-1,-1,-1
186,11,867.51,176.17,74.19,191.04,0.5586,-1,-1,-1
186,17,754.26,281.76,60.55,191.36,0.2441,-1,-1,-1
186,19,408.76,641.19,94.35,255.12,0.7943,-1,-1,-1
186,29,607.77,283.20,59.65,208.76,0.3658,-1,-1,-1
186,32,801.46,294.67,64.37,182.87,0.2037,-1,-1,-1
186,42,15.95,618.92,93.95,236.01,0.6571,-1,-1,-1
186,45,790.53,150.03,62.13,161.34,0.2110,-1,-1,-1
186,46,1194.88,150.48,56.16,180.00,0.3230,-1,-1,-1
187,1,416.12,225.06,74.08,209.85,0.6046,-1,-1,-1
187,2,97.80,546.57,71.15,242.88,0.6413,-1,-1,-1
187,3,989.41,918.80,60.45,159.62,0.7348,-1,-1,-1
187,4,1721.75,459.57,72.56,208.11,0.4947,-1,-1,-1
187,5,1357.52,573.23,84.02,225.32,0.5015,-1,-1,-1
187,6,228.92,564.18,67.61,209.68,0.6365,-1,-1,-1
187,8,526.05,301.79,59.23,205.11,0.5413,-1,-1,-1
187,11,867.17,176.65,75.12,191.41,0.5569,-1,-1,-1
187,17,752.71,280.54,64.44,192.35,0.2565,-1,-1,-1
187,19,408.60,639.12,94.37,256.31,0.7813,-1,-1,-1
187,29,607.20,285.38,60.55,204.23,0.3527,-1,-1,-1
187,32,805.78,294.51,60.67,183.00,0.2021,-1,-1,-1
187,42,20.51,619.92,97.01,240.04,0.6863,-1,-1,-1
187,45,790.90,149.79,62.07,163.01,0.2016,-1,-1,-1
187,46,1192.38,149.50,57.77,181.39,0.3578,-1,-1,-1
188,1,415.93,225.89,74.81,207.53,0.5999,-1,-1,-1
188,2,96.80,546.27,71.76,241.22,0.5956,-1,-1,-1
188,3,988.90,919.19,60.61,159.40,0.7218,-1,-1,-1
188,4,1721.20,460.18,73.61,207.41,0.5055,-1,-1,-1
188,5,1357.81,572.56,84.45,227.09,0.4574,-1,-1,-1
188,6,227.98,561.78,68.72,211.62,0.6196,-1,-1,-1
188,8,523.80,300.63,62.38,206.76,0.5389,-1,-1,-1
188,11,868.08,177.38,74.67,186.08,0.4274,-1,-1,-1
188,17,752.19,280.73,62.43,192.18,0.3239,-1,-1,-1
188,19,410.68,637.56,92.02,256.16,0.7695,-1,-1,-1
188,29,606.08,286.75,60.12,202.95,0.3444,-1,-1,-1
188,32,805.91,299.49,57.09,179.06,0.2242,-1,-1,-1
188,42,21.87,618.63,104.77,240.51,0.7146,-1,-1,-1
188,45,790.59,150.60,59.19,162.93,0.2194,-1,-1,-1
188,46,1189.41,148.70,58.98,182.40,0.2921,-1,-1,-1
188,47,1080.12,145.54,55.68,162.04,0.3280,-1,-1,-1
189,1,416.02,224.22,74.26,207.92,0.5848,-1,-1,-1
189,2,95.45,546.55,70.69,237.67,0.5380,-1,-1,-1
189,3,987.60,919.81,59.70,158.96,0.7107,-1,-1,-1
189,4,1720.83,460.68,73.87,207.34,0.4827,-1,-1,-1
189,5,1357.63,571.86,82.33,219.85,0.4579,-1,-1,-1
189,6,229.42,557.28,65.00,209.44,0.5557,-1,-1,-1
189,8,523.22,304.56,63.15,206.70,0.5543,-1,-1,-1
189,11,866.76,177.45,78.87,185.98,0.4576,-1,-1,-1
189,17,753.32,280.97,63.68,190.38,0.2590,-1,-1,-1
189,19,409.84,633.75,92.05,259.02,0.7991,-1,-1,-1
189,29,604.99,297.62,60.23,193.60,0.3542,-1,-1,-1
189,32,804.56,307.60,53.56,170.88,0.2625,-1,-1,-1
189,42,23.10,619.83,110.53,241.95,0.6886,-1,-1,-1
189,45,790.48,149.55,63.14,164.11,0.2280,-1,-1,-1
189,46,1183.67,147.41,63.53,182.39,0.2891,-1,-1,-1
189,47,1074.56,146.08,58.48,159.46,0.2752,-1,-1,-1
190,1,416.97,224.29,73.71,207.52,0.5721,-1,-1,-1
190,2,93.70,546.13,71.85,230.98,0.4965,-1,-1,-1
190,3,986.63,920.86,59.27,157.34,0.7240,-1,-1,-1
190,4,1721.57,458.82,73.26,208.87,0.4640,-1,-1,-1
190,5,1357.63,572.22,82.15,218.67,0.4419,-1,-1,-1
190,6,229.55,554.74,64.48,207.24,0.5784,-1,-1,-1
190,8,522.28,302.88,65.35,209.31,0.5856,-1,-1,-1
190,11,867.25,178.86,82.03,184.58,0.5126,-1,-1,-1
190,17,753.40,281.13,60.70,190.57,0.2709,-1,-1,-1
190,19,411.99,633.91,87.76,256.11,0.7867,-1,-1,-1
190,29,605.13,296.43,60.14,195.60,0.3432,-1,-1,-1
190,31,624.81,752.48,57.04,165.28,0.2390,-1,-1,-1
190,32,807.65,303.95,57.70,174.05,0.2564,-1,-1,-1
190,42,26.59,621.92,112.70,245.75,0.6726,-1,-1,-1
190,45,790.81,150.38,59.96,161.16,0.2213,-1,-1,-1
190,47,1070.19,143.93,59.17,160.30,0.2121,-1,-1,-1
191,1,417.70,223.04,73.72,207.43,0.5659,-1,-1,-1
191,2,95.06,543.45,69.63,189.01,0.5742,-1,-1,-1
191,3,985.42,921.95,59.27,155.30,0.7411,-1,-1,-1
191,4,1720.20,459.60,74.65,208.57,0.4939,-1,-1,-1
191,5,1358.23,572.41,86.39,229.74,0.4829,-1,-1,-1
191,6,229.42,551.32,63.35,205.78,0.5927,-1,-1,-1
191,8,522.09,303.43,66.43,209.97,0.5552,-1,-1,-1
191,11,870.25,174.96,78.25,185.33,0.4844,-1,-1,-1
191,17,753.16,282.24,59.03,190.73,0.2447,-1,-1,-1
191,19,412.03,630.25,86.11,255.36,0.7828,-1,-1,-1
191,29,604.31,302.54,60.74,190.89,0.3164,-1,-1,-1
191,31,625.16,753.42,57.39,165.50,0.2328,-1,-1,-1
191,32,806.85,308.43,53.67,169.78,0.2437,-1,-1,-1
191,42,27.63,622.90,121.39,249.78,0.6078,-1,-1,-1
191,45,792.13,150.23,58.47,164.19,0.2133,-1,-1,-1
192,1,418.71,223.04,73.58,207.73,0.5440,-1,-1,-1
192,2,95.59,544.99,68.76,182.91,0.5984,-1,-1,-1
192,3,984.79,922.60,58.26,154.60,0.7441,-1,-1,-1
192,4,1720.51,459.88,74.24,207.52,0.5377,-1,-1,-1
192,5,1357.05,570.49,86.21,224.79,0.4989,-1,-1,-1
192,6,227.94,550.34,65.68,204.55,0.6340,-1,-1,-1
192,8,522.51,305.08,66.38,208.39,0.6015,-1,-1,-1
192,11,872.24,172.85,77.07,185.56,0.5069,-1,-1,-1
192,17,753.56,283.01,58.52,191.33,0.2849,-1,-1,-1
192,19,412.36,624.71,84.92,251.93,0.7734,-1,-1,-1
192,29,603.52,304.86,60.45,188.02,0.3836,-1,-1,-1
192,32,806.16,308.80,55.92,170.06,0.3086,-1,-1,-1
192,42,32.40,626.02,120.39,251.54,0.5985,-1,-1,-1
192,45,791.88,150.74,58.91,162.84,0.2267,-1,-1,-1
192,46,1165.09,149.49,76.24,179.94,0.2419,-1,-1,-1
193,1,417.73,221.03,74.80,208.58,0.5243,-1,-1,-1
193,2,94.96,545.14,68.47,179.69,0.5875,-1,-1,-1
193,3,984.21,922.02,57.50,155.77,0.7173,-1,-1,-1
193,4,1720.77,459.26,73.78,207.63,0.5173,-1,-1,-1
193,5,1357.74,570.95,85.33,229.38,0.4964,-1,-1,-1
193,6,228.37,546.84,64.88,207.08,0.6410,-1,-1,-1
193,8,521.15,308.58,67.85,205.11,0.5565,-1,-1,-1
193,11,875.20,172.78,74.29,184.94,0.4330,-1,-1,-1
193,17,753.04,285.21,60.19,194.88,0.2204,-1,-1,-1
193,19,412.46,621.87,83.62,248.02,0.7892,-1,-1,-1
193,29,602.38,307.46,60.78,186.28,0.3513,-1,-1,-1
193,32,811.41,304.59,57.20,177.53,0.2168,-1,-1,-1
193,42,38.06,629.21,114.33,246.28,0.5122,-1,-1,-1
193,45,791.32,150.60,59.64,162.54,0.2490,-1,-1,-1
193,46,1164.91,149.03,74.23,180.05,0.2458,-1,-1,-1
194,1,418.60,221.90,74.84,207.37,0.5124,-1,-1,-1
194,2,93.19,544.87,70.42,175.94,0.6238,-1,-1,-1
194,3,981.80,921.61,60.12,156.64,0.7387,-1,-1,-1
194,4,1720.82,459.93,73.74,207.57,0.4990,-1,-1,-1
194,5,1356.92,570.77,85.34,230.98,0.4709,-1,-1,-1
194,6,228.11,545.85,64.81,205.72,0.6411,-1,-1,-1
194,8,519.58,308.98,68.82,205.11,0.5827,-1,-1,-1
194,11,875.58,173.06,74.63,182.06,0.3869,-1,-1,-1
194,17,752.64,289.85,58.54,191.74,0.2519,-1,-1,-1
194,19,413.57,618.92,79.60,247.56,0.7743,-1,-1,-1
194,29,601.81,308.20,60.01,186.42,0.3639,-1,-1,-1
194,32,810.79,307.69,55.11,179.12,0.2697,-1,-1,-1
194,42,41.80,632.04,110.87,241.54,0.5897,-1,-1,-1
194,45,791.66,150.53,59.38,163.17,0.2155,-1,-1,-1
194,46,1170.07,150.01,62.30,177.06,0.2085,-1,-1,-1
195,1,418.90,219.18,74.97,210.47,0.5600,-1,-1,-1
195,2,93.18,544.77,69.76,175.94,0.6014,-1,-1,-1
195,3,982.30,922.10,58.70,155.85,0.7302,-1,-1,-1
195,4,1721.12,459.39,73.52,208.36,0.5189,-1,-1,-1
195,5,1356.60,569.45,84.61,219.58,0.5595,-1,-1,-1
195,6,228.43,544.71,63.23,207.90,0.6451,-1,-1,-1
195,8,516.81,308.53,72.03,207.23,0.6729,-1,-1,-1
195,11,878.27,170.16,72.24,178.65,0.3660,-1,-1,-1
195,17,752.59,289.81,62.17,192.19,0.2833,-1,-1,-1
195,19,412.94,617.61,80.60,247.14,0.7849,-1,-1,-1
195,29,601.15,308.75,60.76,185.05,0.4311,-1,-1,-1
195,32,812.61,305.26,57.22,182.26,0.2235,-1,-1,-1
195,42,43.16,633.63,110.90,234.63,0.6699,-1,-1,-1
195,45,791.22,150.43,59.60,163.55,0.2535,-1,-1,-1
195,46,1168.76,148.27,58.92,178.08,0.2846,-1,-1,-1
196,1,419.91,217.58,73.52,209.87,0.5436,-1,-1,-1
196,2,93.47,544.55,68.56,176.54,0.5429,-1,-1,-1
196,3,980.11,921.54,61.49,156.99,0.7323,-1,-1,-1
196,4,1720.69,458.48,73.18,210.02,0.5067,-1,-1,-1
196,5,1356.45,571.97,84.16,218.54,0.5243,-1,-1,-1
196,6,226.77,544.48,63.85,207.25,0.6520,-1,-1,-1
196,8,517.93,310.88,71.34,207.02,0.6021,-1,-1,-1
196,11,881.54,169.22,67.86,176.36,0.4270,-1,-1,-1
196,17,752.96,291.15,62.93,191.08,0.3740,-1,-1,-1
196,19,408.55,614.00,84.87,248.60,0.7517,-1,-1,-1
196,29,601.48,311.38,61.21,182.30,0.4006,-1,-1,-1
196,32,812.63,301.61,56.43,189.36,0.2484,-1,-1,-1
196,42,47.10,636.74,107.05,244.44,0.6725,-1,-1,-1
196,45,791.05,150.59,60.46,163.61,0.2594,-1,-1,-1
196,46,1167.41,145.78,57.40,180.88,0.2516,-1,-1,-1
197,1,419.17,216.17,76.51,209.37,0.5775,-1,-1,-1
197,2,94.31,543.94,66.77,171.58,0.5330,-1,-1,-1
197,3,977.34,921.89,63.78,156.63,0.7375,-1,-1,-1
197,4,1721.38,458.70,73.52,209.67,0.5048,-1,-1,-1
197,5,1356.54,571.75,84.18,218.39,0.5419,-1,-1,-1
197,6,226.16,543.86,64.17,209.44,0.6899,-1,-1,-1
197,8,515.21,307.10,74.11,212.28,0.6723,-1,-1,-1
197,11,882.36,168.15,66.37,176.35,0.4560,-1,-1,-1
197,17,753.21,293.45,61.17,188.45,0.3315,-1,-1,-1
197,19,404.44,610.82,87.92,250.18,0.7408,-1,-1,-1
197,29,601.11,311.41,61.07,182.45,0.4318,-1,-1,-1
197,32,810.27,304.16,53.37,189.50,0.2123,-1,-1,-1
197,42,50.99,639.87,108.54,249.25,0.6866,-1,-1,-1
197,45,791.12,150.43,59.81,164.79,0.2791,-1,-1,-1
197,46,1163.37,144.06,57.37,181.48,0.3198,-1,-1,-1
198,1,420.66,215.31,75.65,208.46,0.5655,-1,-1,-1
198,2,96.07,544.14,64.15,170.82,0.5173,-1,-1,-1
198,3,976.37,921.06,62.01,157.72,0.7014,-1,-1,-1
198,4,1720.90,458.93,73.51,208.74,0.4982,-1,-1,-1
198,5,1356.68,572.01,84.71,219.31,0.5598,-1,-1,-1
198,6,225.91,542.75,64.98,209.87,0.6952,-1,-1,-1
198,8,515.62,312.77,72.93,210.38,0.6207,-1,-1,-1
198,11,885.98,159.72,63.11,184.31,0.4336,-1,-1,-1
198,17,754.60,294.95,63.25,189.48,0.3091,-1,-1,-1
198,19,400.42,611.52,90.86,251.56,0.7489,-1,-1,-1
198,29,600.99,312.67,60.51,182.14,0.4329,-1,-1,-1
198,42,55.04,642.39,107.47,247.49,0.6966,-1,-1,-1
198,45,790.92,151.43,60.15,164.33,0.2680,-1,-1,-1
198,46,1161.27,143.34,57.98,182.66,0.2956,-1,-1,-1
198,49,525.02,141.70,63.01,160.47,0.3480,-1,-1,-1
199,1,418.94,214.10,77.27,205.72,0.5710,-1,-1,-1
199,2,95.84,544.77,64.24,170.88,0.5203,-1,-1,-1
199,3,973.50,921.14,64.59,157.68,0.7293,-1,-1,-1
199,4,1720.70,458.69,73.18,209.18,0.5313,-1,-1,-1
199,5,1355.11,571.22,85.55,221.51,0.5165,-1,-1,-1
199,6,226.35,543.17,64.44,208.99,0.7055,-1,-1,-1
199,8,516.38,315.37,71.63,209.75,0.6079,-1,-1,-1
199,11,885.62,157.11,66.03,187.20,0.3961,-1,-1,-1
199,17,751.48,295.79,63.17,193.11,0.2823,-1,-1,-1
199,19,398.08,610.58,93.25,253.76,0.7434,-1,-1,-1
199,29,601.43,313.41,59.96,179.96,0.4456,-1,-1,-1
199,42,57.35,644.45,106.94,247.61,0.7227,-1,-1,-1
199,45,791.07,151.05,60.35,165.57,0.2511,-1,-1,-1
199,46,1159.93,142.07,57.92,182.82,0.3184,-1,-1,-1
199,49,522.37,142.62,64.89,157.81,0.3141,-1,-1,-1
200,1,418.98,212.19,77.39,205.43,0.5780,-1,-1,-1
200,2,95.54,543.59,64.47,166.54,0.5425,-1,-1,-1
200,3,972.52,920.08,63.64,157.76,0.7143,-1,-1,-1
200,4,1720.99,458.76,72.55,208.62,0.5330,-1,-1,-1
200,5,1355.98,571.15,81.97,216.88,0.5413,-1,-1,-1
200,6,226.00,542.15,63.36,208.38,0.7176,-1,-1,-1
200,8,518.21,318.81,67.98,209.06,0.5837,-1,-1,-1
200,11,884.45,159.33,68.91,187.12,0.3967,-1,-1,-1
200,17,751.74,295.75,63.07,194.80,0.3059,-1,-1,-1
200,19,397.64,609.89,92.22,252.41,0.7468,-1,-1,-1
200,29,601.83,315.12,60.00,178.62,0.4190,-1,-1,-1
200,42,60.85,649.16,102.38,243.24,0.7158,-1,-1,-1
200,45,791.19,151.21,60.49,164.79,0.2799,-1,-1,-1
200,46,1157.69,141.22,58.72,182.32,0.3514,-1,-1,-1
200,49,520.29,132.83,66.31,169.32,0.2814,-1,-1,-1
201,1,419.35,211.32,78.90,206.29,0.5667,-1,-1,-1
201,2,94.89,544.21,64.40,166.28,0.5020,-1,-1,-1
201,3,971.80,919.79,63.03,158.17,0.7212,-1,-1,-1
201,4,1720.94,458.22,72.66,209.15,0.5530,-1,-1,-1
201,5,1356.57,571.28,81.59,220.23,0.5499,-1,-1,-1
201,6,226.22,541.43,62.71,209.11,0.7044,-1,-1,-1
201,8,516.24,319.02,70.51,212.72,0.5955,-1,-1,-1
201,11,885.97,158.57,70.66,187.55,0.4236,-1,-1,-1
201,17,752.57,296.54,63.82,195.53,0.2902,-1,-1,-1
201,19,395.35,609.80,93.62,252.05,0.7418,-1,-1,-1
201,29,602.06,318.65,58.40,172.77,0.4275,-1,-1,-1
201,42,65.18,654.39,97.03,238.62,0.7369,-1,-1,-1
201,45,790.65,151.54,61.30,165.10,0.2672,-1,-1,-1
201,46,1156.71,139.93,57.66,182.02,0.3236,-1,-1,-1
201,49,517.59,131.54,67.66,168.72,0.2387,-1,-1,-1
202,1,419.55,210.25,79.93,205.48,0.5649,-1,-1,-1
202,2,96.48,541.96,62.92,155.81,0.4494,-1,-1,-1
202,3,971.13,919.14,62.00,159.13,0.7254,-1,-1,-1
202,4,1721.52,458.43,72.68,209.63,0.5837,-1,-1,-1
202,5,1355.04,570.77,81.54,216.23,0.5150,-1,-1,-1
202,6,225.35,539.99,63.82,210.87,0.7072,-1,-1,-1
202,8,516.25,317.60,72.15,215.67,0.6191,-1,-1,-1
202,11,888.11,157.85,70.91,185.63,0.4288,-1,-1,-1
202,17,756.02,298.26,58.43,196.37,0.2820,-1,-1,-1
202,19,396.38,608.85,92.16,250.45,0.7352,-1,-1,-1
202,29,602.10,322.83,57.54,167.90,0.4486,-1,-1,-1
202,32,810.60,308.96,58.45,189.71,0.2108,-1,-1,-1
202,42,67.11,656.35,95.30,236.31,0.7443,-1,-1,-1
202,45,791.23,151.34,60.22,165.10,0.2643,-1,-1,-1
202,46,1155.23,139.31,57.66,182.58,0.3851,-1,-1,-1
202,49,516.96,132.64,69.52,164.24,0.2057,-1,-1,-1
203,1,421.44,208.76,77.96,207.05,0.5031,-1,-1,-1
203,2,97.31,542.82,60.90,151.98,0.3231,-1,-1,-1
203,3,970.60,918.74,63.13,159.17,0.7364,-1,-1,-1
203,4,1720.88,458.33,73.18,209.65,0.5904,-1,-1,-1
203,5,1356.48,572.17,81.47,210.99,0.5489,-1,-1,-1
203,6,223.04,537.22,65.51,212.29,0.7013,-1,-1,-1
203,8,515.97,317.79,72.18,216.24,0.5726,-1,-1,-1
203,11,887.15,156.81,71.25,186.16,0.4827,-1,-1,-1
203,17,755.97,298.73,58.87,195.26,0.2710,-1,-1,-1
203,19,394.74,606.92,92.06,248.51,0.7329,-1,-1,-1
203,29,602.24,322.50,57.30,167.21,0.4469,-1,-1,-1
203,42,68.99,657.12,95.10,234.57,0.7006,-1,-1,-1
203,45,791.60,151.17,59.47,165.55,0.2242,-1,-1,-1
203,46,1153.98,138.25,56.11,183.63,0.3743,-1,-1,-1
203,49,515.82,132.97,67.36,161.41,0.2350,-1,-1,-1
204,1,423.66,208.58,76.85,206.95,0.4494,-1,-1,-1
204,2,97.38,543.37,60.46,149.35,0.3524,-1,-1,-1
204,3,968.16,915.76,63.02,161.98,0.7304,-1,-1,-1
204,4,1720.99,459.00,73.24,209.18,0.5721,-1,-1,-1
204,5,1356.97,571.70,82.62,214.10,0.5594,-1,-1,-1
204,6,222.87,534.88,64.68,211.33,0.6740,-1,-1,-1
204,8,512.39,317.74,74.55,218.51,0.5862,-1,-1,-1
204,11,888.14,153.86,69.51,188.63,0.5060,-1,-1,-1
204,17,756.54,299.15,58.28,195.99,0.2706,-1,-1,-1
204,19,397.17,602.22,88.98,250.59,0.7212,-1,-1,-1
204,29,602.91,324.80,56.78,166.96,0.3940,-1,-1,-1
204,42,70.15,658.05,95.57,232.91,0.6919,-1,-1,-1
204,45,790.69,150.74,60.67,167.85,0.2604,-1,-1,-1
204,46,1153.01,140.43,54.48,180.12,0.3773,-1,-1,-1
204,50,-4.84,607.73,57.99,231.27,0.3097,-1,-1,-1
205,1,422.74,207.70,78.60,207.91,0.4708,-1,-1,-1
205,2,97.22,542.50,60.23,146.64,0.3388,-1,-1,-1
205,3,967.25,915.28,62.09,162.89,0.7290,-1,-1,-1
205,4,1720.23,458.80,74.13,209.99,0.5669,-1,-1,-1
205,5,1356.29,571.71,82.75,214.60,0.5311,-1,-1,-1
205,6,220.06,530.64,66.41,210.00,0.6661,-1,-1,-1
205,8,514.52,318.09,73.74,218.10,0.5013,-1,-1,-1
205,11,888.85,154.86,68.88,187.95,0.4691,-1,-1,-1
205,17,756.43,299.52,59.58,195.76,0.3417,-1,-1,-1
205,19,394.36,599.65,90.98,251.50,0.7196,-1,-1,-1
205,29,604.20,324.61,55.90,167.61,0.3951,-1,-1,-1
205,42,70.53,656.22,99.08,235.11,0.7382,-1,-1,-1
205,45,790.87,150.85,60.76,167.62,0.2709,-1,-1,-1
205,46,1151.61,139.14,55.29,181.35,0.3967,-1,-1,-1
205,50,-6.50,599.21,65.47,240.59,0.3459,-1,-1,-1
206,1,422.79,205.38,79.51,208.40,0.5144,-1,-1,-1
206,2,97.05,543.31,61.48,146.24,0.3946,-1,-1,-1
206,3,965.38,914.87,63.00,163.04,0.7448,-1,-1,-1
206,4,1720.25,459.08,74.61,209.61,0.5683,-1,-1,-1
206,5,1355.50,571.54,81.86,215.25,0.5429,-1,-1,-1
206,6,221.34,528.48,63.56,202.74,0.6720,-1,-1,-1
206,8,512.76,319.53,75.06,217.59,0.5102,-1,-1,-1
206,11,890.52,155.97,68.56,184.40,0.5208,-1,-1,-1
206,17,758.55,299.13,58.17,195.87,0.3768,-1,-1,-1
206,19,396.11,597.74,88.05,252.35,0.7332,-1,-1,-1
206,29,604.28,324.75,55.95,167.04,0.4089,-1,-1,-1
206,32,815.29,316.93,52.75,178.69,0.2284,-1,-1,-1
206,42,75.16,656.57,98.37,234.57,0.7629,-1,-1,-1
206,45,790.58,151.79,60.45,164.71,0.2758,-1,-1,-1
206,46,1149.90,138.05,55.45,182.38,0.4068,-1,-1,-1
206,50,-8.30,600.60,79.16,238.56,0.4564,-1,-1,-1
207,1,422.91,205.11,79.76,207.42,0.4919,-1,-1,-1
207,2,98.09,543.72,60.80,147.43,0.4430,-1,-1,-1
207,3,964.23,913.16,62.35,164.99,0.7473,-1,-1,-1
207,4,1720.69,458.90,73.69,208.81,0.5750,-1,-1,-1
207,5,1357.45,570.64,79.73,213.22,0.4972,-1,-1,-1
207,6,221.87,526.67,62.55,201.49,0.6506,-1,-1,-1
207,8,510.77,319.57,75.86,216.86,0.5373,-1,-1,-1
207,11,891.08,154.47,71.30,189.54,0.5138,-1,-1,-1
207,17,759.25,298.23,58.12,195.51,0.3314,-1,-1,-1
207,19,396.53,596.39,86.96,246.83,0.7458,-1,-1,-1
207,29,604.14,325.30,56.05,167.64,0.4100,-1,-1,-1
207,32,813.57,315.72,59.79,179.69,0.2730,-1,-1,-1
207,42,79.71,659.22,104.63,235.98,0.7206,-1,-1,-1
207,45,790.09,151.70,60.75,165.72,0.2874,-1,-1,-1
207,46,1147.07,137.36,55.38,183.53,0.3707,-1,-1,-1
207,50,-6.77,608.71,84.09,231.99,0.2645,-1,-1,-1
208,1,424.53,206.24,77.77,207.84,0.4752,-1,-1,-1
208,2,98.30,543.83,61.28,147.59,0.3917,-1,-1,-1
208,3,961.48,912.60,63.77,165.92,0.7395,-1,-1,-1
208,4,1721.46,458.84,73.05,209.78,0.5812,-1,-1,-1
208,5,1357.65,570.64,79.57,213.80,0.5168,-1,-1,-1
208,6,220.04,524.85,64.56,202.49,0.6179,-1,-1,-1
208,8,508.22,323.33,76.31,212.52,0.5173,-1,-1,-1
208,11,892.99,152.72,68.32,191.31,0.4782,-1,-1,-1
208,17,758.31,298.50,59.20,195.82,0.3549,-1,-1,-1
208,19,398.47,593.30,84.43,244.34,0.7479,-1,-1,-1
208,23,865.26,107.79,47.01,176.29,0.2132,-1,-1,-1
208,29,603.06,324.11,57.08,167.30,0.4036,-1,-1,-1
208,32,816.75,317.02,55.82,180.96,0.2907,-1,-1,-1
208,42,84.21,660.53,108.77,241.07,0.7369,-1,-1,-1
208,45,791.65,151.63,58.67,167.99,0.2716,-1,-1,-1
208,46,1144.54,136.86,56.07,183.88,0.3923,-1,-1,-1
208,50,-3.10,606.63,85.76,233.67,0.3560,-1,-1,-1
208,51,1199.99,144.00,60.85,155.48,0.2539,-1,-1,-1
209,1,425.48,206.24,77.14,208.93,0.4374,-1,-1,-1
209,2,99.00,545.97,61.07,149.47,0.3724,-1,-1,-1
209,3,961.14,912.48,61.47,166.24,0.7302,-1,-1,-1
209,4,1721.62,457.49,72.76,210.62,0.5588,-1,-1,-1
209,5,1357.49,571.03,77.33,215.20,0.4987,-1,-1,-1
209,6,220.44,523.30,63.53,202.45,0.6268,-1,-1,-1
209,8,508.47,323.40,74.59,212.54,0.5551,-1,-1,-1
209,11,893.81,151.45,68.51,190.02,0.4515,-1,-1,-1
209,17,758.64,301.40,59.48,194.93,0.3554,-1,-1,-1
209,19,399.33,590.77,82.06,240.31,0.7521,-1,-1,-1
209,29,601.91,324.29,57.08,168.35,0.3666,-1,-1,-1
209,32,815.21,315.14,62.80,183.74,0.2699,-1,-1,-1
209,42,85.57,665.59,115.70,239.82,0.7603,-1,-1,-1
209,45,790.68,150.66,58.87,168.72,0.2360,-1,-1,-1
209,46,1142.09,137.52,57.12,182.43,0.3410,-1,-1,-1
209,50,0.69,606.26,84.39,236.27,0.5816,-1,-1,-1
209,51,1200.03,145.13,57.27,152.65,0.2196,-1,-1,-1
210,1,425.46,205.60,76.35,209.90,0.4201,-1,-1,-1
210,2,99.97,543.28,60.67,151.40,0.3873,-1,-1,-1
210,3,957.92,912.16,63.33,167.02,0.7297,-1,-1,-1
210,4,1721.13,458.32,73.31,210.28,0.5694,-1,-1,-1
210,5,1357.03,571.06,78.48,215.09,0.5214,-1,-1,-1
210,6,219.06,522.64,65.25,203.62,0.6205,-1,-1,-1
210,8,508.58,323.75,73.24,213.22,0.5982,-1,-1,-1
210,11,894.22,150.97,67.67,189.70,0.4758,-1,-1,-1
210,17,759.72,304.64,61.23,195.85,0.3208,-1,-1,-1
210,19,400.77,590.08,80.51,237.52,0.7555,-1,-1,-1
210,29,602.53,324.12,56.71,176.77,0.3264,-1,-1,-1
210,32,817.48,318.48,58.73,184.75,0.3479,-1,-1,-1
210,42,84.92,666.80,120.85,240.78,0.7538,-1,-1,-1
210,45,791.17,151.08,58.88,170.73,0.2337,-1,-1,-1
210,46,1141.16,137.66,56.39,181.81,0.3435,-1,-1,-1
210,50,2.00,606.93,86.39,234.33,0.5922,-1,-1,-1
211,1,426.92,205.00,76.04,209.78,0.4339,-1,-1,-1
211,2,99.98,543.90,62.89,152.58,0.3775,-1,-1,-1
211,3,955.78,912.33,64.31,166.30,0.7378,-1,-1,-1
211,4,1720.81,459.06,73.63,207.90,0.5493,-1,-1,-1
211,5,1356.27,570.57,78.25,219.15,0.5105,-1,-1,-1
211,6,217.63,521.09,65.74,204.93,0.6010,-1,-1,-1
211,8,508.45,323.85,72.61,211.47,0.5995,-1,-1,-1
211,11,894.73,150.28,69.45,186.13,0.4947,-1,-1,-1
211,17,758.68,305.92,64.30,197.83,0.3147,-1,-1,-1
211,19,401.09,587.06,79.67,238.36,0.7524,-1,-1,-1
211,29,600.00,325.77,60.63,176.51,0.2850,-1,-1,-1
211,32,817.41,320.23,58.34,185.28,0.2836,-1,-1,-1
211,42,91.94,668.87,114.08,241.23,0.7548,-1,-1,-1
211,45,791.47,150.61,59.72,169.49,0.2595,-1,-1,-1
211,46,1138.80,137.65,56.58,182.62,0.3367,-1,-1,-1
211,50,1.97,612.11,89.19,229.22,0.5902,-1,-1,-1
212,1,426.14,203.41,77.06,210.07,0.4006,-1,-1,-1
212,2,101.30,544.50,62.86,157.75,0.4562,-1,-1,-1
212,3,954.01,910.86,64.67,169.07,0.7327,-1,-1,-1
212,4,1720.61,459.55,74.09,209.49,0.5726,-1,-1,-1
212,5,1356.44,571.19,78.26,219.38,0.5048,-1,-1,-1
212,6,216.52,519.74,65.99,206.01,0.6228,-1,-1,-1
212,8,507.52,325.48,72.29,210.40,0.5933,-1,-1,-1
212,11,898.19,147.59,67.92,183.76,0.4897,-1,-1,-1
212,17,756.97,304.74,66.90,196.38,0.2952,-1,-1,-1
212,19,400.03,585.23,81.56,239.31,0.7112,-1,-1,-1
212,29,599.99,327.76,61.75,177.87,0.2647,-1,-1,-1
212,32,813.97,321.90,63.68,185.99,0.3797,-1,-1,-1
212,42,98.18,669.88,108.19,244.61,0.7409,-1,-1,-1
212,45,790.64,150.75,61.40,173.82,0.2638,-1,-1,-1
212,46,1137.51,137.55,56.40,182.02,0.2951,-1,-1,-1
212,49,519.66,118.61,47.60,175.01,0.2024,-1,-1,-1
212,50,12.25,609.89,82.53,234.03,0.5556,-1,-1,-1
213,1,425.91,201.85,76.96,210.20,0.4028,-1,-1,-1
213,2,102.04,545.31,62.87,170.98,0.4873,-1,-1,-1
213,3,951.64,909.85,65.17,170.14,0.7462,-1,-1,-1
213,4,1720.59,459.02,74.58,209.91,0.5655,-1,-1,-1
213,5,1355.96,570.78,78.74,222.13,0.5399,-1,-1,-1
213,6,215.89,519.29,65.60,204.36,0.6174,-1,-1,-1
213,8,507.80,325.99,70.80,211.20,0.6313,-1,-1,-1
213,11,899.27,145.06,67.20,183.70,0.5022,-1,-1,-1
213,17,758.03,310.21,67.34,194.64,0.2906,-1,-1,-1
213,19,400.14,582.89,82.29,242.39,0.7095,-1,-1,-1
213,29,600.80,328.60,59.96,185.26,0.3072,-1,-1,-1
213,32,808.53,321.51,71.73,187.87,0.3322,-1,-1,-1
213,42,101.02,668.96,106.07,249.88,0.7468,-1,-1,-1
213,45,790.63,149.47,61.60,174.98,0.2573,-1,-1,-1
213,46,1132.78,137.06,60.54,182.36,0.2746,-1,-1,-1
213,50,20.93,609.99,76.94,234.36,0.5278,-1,-1,-1
214,1,425.73,201.25,75.75,210.47,0.3954,-1,-1,-1
214,2,101.28,547.17,66.09,173.92,0.4909,-1,-1,-1
214,3,951.46,908.55,64.05,171.43,0.7354,-1,-1,-1
214,4,1721.54,459.44,73.53,207.38,0.5653,-1,-1,-1
214,5,1355.11,571.06,78.99,217.88,0.5305,-1,-1,-1
214,6,216.01,518.89,65.78,203.55,0.5941,-1,-1,-1
214,8,508.83,324.25,71.62,211.45,0.7065,-1,-1,-1
214,11,901.14,142.01,66.02,185.53,0.4694,-1,-1,-1
214,17,754.03,310.42,74.03,193.87,0.2911,-1,-1,-1
214,19,398.91,580.09,85.60,244.82,0.6932,-1,-1,-1
214,29,601.03,331.97,58.91,193.58,0.3649,-1,-1,-1
214,32,818.81,324.89,62.55,187.28,0.3259,-1,-1,-1
214,42,105.96,665.89,102.13,254.35,0.7544,-1,-1,-1
214,45,791.02,150.04,59.88,174.09,0.2584,-1,-1,-1
214,46,1130.99,135.90,58.88,181.32,0.2870,-1,-1,-1
214,50,32.25,613.71,67.12,232.64,0.5551,-1,-1,-1
215,1,427.07,200.46,74.88,209.58,0.3769,-1,-1,-1
215,2,101.38,547.85,68.67,171.73,0.4505,-1,-1,-1
215,3,949.95,909.10,62.92,170.93,0.7444,-1,-1,-1
215,4,1721.43,459.71,73.66,207.58,0.5809,-1,-1,-1
215,5,1356.30,571.46,78.73,215.33,0.5422,-1,-1,-1
215,6,215.87,517.83,65.41,203.92,0.5863,-1,-1,-1
215,8,509.20,325.36,70.74,213.89,0.6760,-1,-1,-1
215,11,901.57,142.01,66.30,185.70,0.4476,-1,-1,-1
215,17,758.86,312.33,70.68,192.07,0.3788,-1,-1,-1
215,19,398.30,579.05,87.57,245.58,0.7142,-1,-1,-1
215,29,600.76,333.35,61.50,198.81,0.3831,-1,-1,-1
215,32,811.62,323.42,71.06,187.82,0.3480,-1,-1,-1
215,42,111.41,664.49,96.04,257.34,0.7668,-1,-1,-1
215,45,791.75,150.53,61.95,173.70,0.2765,-1,-1,-1
215,46,1129.85,134.93,57.75,182.78,0.2974,-1,-1,-1
215,50,37.68,612.60,71.30,235.42,0.5197,-1,-1,-1
216,1,426.55,201.16,74.25,204.48,0.3520,-1,-1,-1
216,2,102.02,547.85,70.19,172.99,0.4636,-1,-1,-1
216,3,949.85,909.12,62.17,170.90,0.7381,-1,-1,-1
216,4,1721.78,458.89,72.76,208.89,0.5391,-1,-1,-1
216,5,1355.85,571.14,79.90,218.32,0.5372,-1,-1,-1
216,6,215.22,516.81,64.99,201.53,0.5852,-1,-1,-1
216,8,508.30,327.18,70.41,216.67,0.6235,-1,-1,-1
216,11,901.41,140.94,66.22,186.53,0.5123,-1,-1,-1
216,17,755.75,313.81,73.80,192.06,0.3772,-1,-1,-1
216,19,399.42,578.74,87.63,246.40,0.7159,-1,-1,-1
216,29,599.29,333.20,63.60,200.23,0.3879,-1,-1,-1
216,32,811.86,322.62,75.55,190.20,0.3274,-1,-1,-1
216,42,115.02,662.73,92.32,259.55,0.7812,-1,-1,-1
216,45,792.83,150.15,60.87,174.24,0.2953,-1,-1,-1
216,46,1128.88,132.90,56.77,184.75,0.3437,-1,-1,-1
216,50,43.66,610.98,71.37,240.45,0.6213,-1,-1,-1
217,1,426.69,199.28,73.07,203.28,0.3483,-1,-1,-1
217,2,102.32,548.85,67.99,171.77,0.4023,-1,-1,-1
217,3,949.82,908.83,60.78,171.18,0.7374,-1,-1,-1
217,4,1721.07,459.17,73.62,208.85,0.5332,-1,-1,-1
217,5,1354.95,571.65,82.08,218.34,0.5318,-1,-1,-1
217,6,218.52,516.03,60.41,204.13,0.5819,-1,-1,-1
217,8,509.14,329.58,69.50,218.00,0.5985,-1,-1,-1
217,11,901.17,140.90,67.60,185.17,0.4584,-1,-1,-1
217,17,756.26,315.41,75.78,190.06,0.3647,-1,-1,-1
217,19,398.90,577.08,89.20,246.89,0.7082,-1,-1,-1
217,29,600.96,336.71,58.77,200.41,0.3917,-1,-1,-1
217,32,810.99,322.29,79.03,190.61,0.2701,-1,-1,-1
217,42,114.46,662.74,94.07,259.30,0.7912,-1,-1,-1
217,45,792.90,149.89,64.89,176.14,0.3046,-1,-1,-1
217,46,1128.64,130.89,54.75,187.37,0.2888,-1,-1,-1
217,50,47.86,613.87,74.33,239.51,0.6287,-1,-1,-1
218,1,426.45,198.59,74.89,201.33,0.3814,-1,-1,-1
218,2,100.75,544.52,72.33,144.55,0.3264,-1,-1,-1
218,3,946.76,908.14,63.95,171.86,0.7347,-1,-1,-1
218,4,1721.45,459.36,73.14,209.54,0.5252,-1,-1,-1
218,5,1354.90,571.17,80.81,218.14,0.5018,-1,-1,-1
218,6,219.51,514.23,57.79,205.94,0.5482,-1,-1,-1
218,8,510.24,330.36,67.46,220.05,0.6198,-1,-1,-1
218,11,901.45,141.14,67.26,183.45,0.3804,-1,-1,-1
218,17,761.34,315.09,68.82,192.22,0.3165,-1,-1,-1
218,19,398.23,576.81,90.39,246.28,0.7163,-1,-1,-1
218,29,598.74,339.64,60.30,198.45,0.4294,-1,-1,-1
218,32,812.55,322.46,77.44,189.85,0.2120,-1,-1,-1
218,42,118.40,664.04,92.50,257.68,0.7806,-1,-1,-1
218,45,791.61,149.56,67.08,175.31,0.2784,-1,-1,-1
218,46,1126.01,129.48,56.54,188.22,0.2876,-1,-1,-1
218,50,50.06,617.92,83.31,237.04,0.4946,-1,-1,-1
219,1,427.69,196.81,73.53,199.09,0.3532,-1,-1,-1
219,2,100.33,548.37,72.64,134.43,0.3727,-1,-1,-1
219,3,942.80,907.38,66.72,172.61,0.7547,-1,-1,-1
219,4,1721.32,458.86,73.17,210.03,0.5485,-1,-1,-1
219,5,1354.81,571.83,81.66,216.23,0.5145,-1,-1,-1
219,6,216.82,511.38,58.71,202.99,0.5374,-1,-1,-1
219,8,510.79,331.73,66.56,220.24,0.6319,-1,-1,-1
219,11,899.94,140.75,69.71,187.17,0.4746,-1,-1,-1
219,17,758.20,315.63,72.91,190.89,0.2937,-1,-1,-1
219,19,399.64,575.40,88.16,245.38,0.6933,-1,-1,-1
219,29,597.86,341.49,59.72,199.28,0.4953,-1,-1,-1
219,42,121.60,662.74,91.11,257.49,0.7734,-1,-1,-1
219,45,791.80,148.51,63.94,175.70,0.2900,-1,-1,-1
219,46,1125.21,128.26,56.24,189.47,0.3193,-1,-1,-1
219,50,55.42,625.76,82.94,225.04,0.5838,-1,-1,-1
220,1,428.08,196.56,71.95,198.45,0.3686,-1,-1,-1
220,2,95.45,550.20,77.53,133.99,0.4031,-1,-1,-1
220,3,941.03,905.53,68.11,174.44,0.7494,-1,-1,-1
220,4,1721.28,459.05,73.53,209.22,0.5640,-1,-1,-1
220,5,1354.57,570.92,83.13,218.48,0.5175,-1,-1,-1
220,6,214.12,507.09,59.44,201.94,0.5530,-1,-1,-1
220,8,510.44,334.45,65.37,217.47,0.6355,-1,-1,-1
220,11,898.55,141.37,72.68,187.81,0.5145,-1,-1,-1
220,17,758.47,317.57,75.35,189.28,0.3063,-1,-1,-1
220,19,398.11,572.04,88.47,247.30,0.7141,-1,-1,-1
220,29,598.28,341.72,58.45,200.59,0.5133,-1,-1,-1
220,42,124.41,666.12,92.62,253.30,0.7399,-1,-1,-1
220,45,790.74,148.70,62.77,177.72,0.2908,-1,-1,-1
220,46,1124.03,126.75,56.30,189.03,0.2877,-1,-1,-1
220,50,57.65,630.95,87.52,221.41,0.6079,-1,-1,-1
221,1,430.77,189.76,69.24,203.59,0.3784,-1,-1,-1
221,2,90.33,551.23,83.81,136.90,0.4731,-1,-1,-1
221,3,937.71,904.76,69.42,175.24,0.7492,-1,-1,-1
221,4,1720.89,458.45,73.46,209.34,0.5836,-1,-1,-1
221,5,1354.46,571.47,82.83,218.09,0.5182,-1,-1,-1
221,6,212.43,504.01,60.91,201.36,0.5967,-1,-1,-1
221,8,510.45,336.68,66.94,218.53,0.6056,-1,-1,-1
221,11,901.41,141.54,69.59,188.08,0.5455,-1,-1,-1
221,17,761.98,314.90,70.56,191.67,0.3310,-1,-1,-1
221,19,399.47,569.19,85.83,248.27,0.6904,-1,-1,-1
221,29,597.78,343.80,58.07,200.51,0.5819,-1,-1,-1
221,42,126.38,667.65,98.13,251.81,0.7281,-1,-1,-1
221,45,790.08,148.25,61.98,178.74,0.2323,-1,-1,-1
221,46,1122.31,126.43,57.12,186.61,0.3116,-1,-1,-1
221,50,61.89,634.90,88.12,219.34,0.6285,-1,-1,-1
221,51,1186.66,136.47,56.05,162.24,0.2178,-1,-1,-1
222,1,429.49,192.87,71.43,201.16,0.3607,-1,-1,-1
222,2,94.47,553.22,78.40,153.03,0.3823,-1,-1,-1
222,3,935.73,905.12,72.22,174.91,0.7549,-1,-1,-1
222,4,1721.54,458.50,73.61,208.89,0.5636,-1,-1,-1
222,5,1354.64,571.85,83.85,219.41,0.4841,-1,-1,-1
222,6,208.35,503.53,65.95,200.66,0.5625,-1,-1,-1
222,8,511.69,336.56,65.17,218.90,0.5878,-1,-1,-1
222,11,901.82,140.77,68.43,186.98,0.4983,-1,-1,-1
222,17,771.42,316.55,61.78,191.58,0.2681,-1,-1,-1
222,19,399.32,565.22,84.60,250.60,0.7097,-1,-1,-1
222,29,596.57,345.43,59.15,199.30,0.5683,-1,-1,-1
222,32,832.49,327.31,61.39,180.94,0.2371,-1,-1,-1
222,42,129.49,669.23,107.42,251.44,0.7110,-1,-1,-1
222,45,790.09,148.30,62.11,178.09,0.2260,-1,-1,-1
222,46,1121.77,128.23,52.99,178.93,0.2842,-1,-1,-1
222,50,64.82,631.47,93.50,225.39,0.5094,-1,-1,-1
222,51,1186.52,131.83,56.48,166.70,0.2343,-1,-1,-1
223,1,431.72,193.73,69.65,202.00,0.3380,-1,-1,-1
223,2,93.90,551.31,81.40,142.08,0.4636,-1,-1,-1
223,3,935.21,904.61,72.20,175.39,0.7451,-1,-1,-1
223,4,1722.34,457.82,72.00,209.31,0.5456,-1,-1,-1
223,5,1354.70,571.91,84.44,220.85,0.4531,-1,-1,-1
223,6,207.46,503.23,67.04,199.36,0.5651,-1,-1,-1
223,8,511.25,337.22,66.55,218.40,0.5843,-1,-1,-1
223,11,900.33,140.77,68.77,185.63,0.4500,-1,-1,-1
223,17,771.16,316.07,65.55,193.69,0.2966,-1,-1,-1
223,19,398.97,563.94,83.94,245.45,0.7262,-1,-1,-1
223,29,595.56,346.14,59.27,198.51,0.5591,-1,-1,-1
223,32,835.42,327.53,56.82,185.42,0.2173,-1,-1,-1
223,42,131.57,670.97,112.26,257.51,0.6855,-1,-1,-1
223,46,1119.43,128.42,53.96,178.47,0.3317,-1,-1,-1
223,50,69.30,633.75,89.27,225.59,0.5788,-1,-1,-1
223,51,1184.15,130.05,60.05,167.40,0.2619,-1,-1,-1
224,1,432.58,193.57,69.94,202.52,0.3601,-1,-1,-1
224,2,96.11,552.70,78.65,142.75,0.3622,-1,-1,-1
224,3,935.29,904.41,71.09,175.60,0.7178,-1,-1,-1
224,4,1721.48,459.14,73.43,208.92,0.5484,-1,-1,-1
224,5,1354.91,572.11,87.43,226.72,0.4388,-1,-1,-1
224,6,212.67,501.13,58.39,201.69,0.5530,-1,-1,-1
224,8,511.60,338.06,67.86,218.15,0.5839,-1,-1,-1
224,11,902.53,137.56,70.89,186.44,0.4199,-1,-1,-1
224,17,771.84,316.52,66.09,193.01,0.2909,-1,-1,-1
224,19,398.48,560.24,82.36,239.51,0.7176,-1,-1,-1
224,29,594.71,346.46,59.70,198.08,0.5567,-1,-1,-1
224,32,835.21,327.89,59.35,185.89,0.2830,-1,-1,-1
224,42,133.67,676.01,118.78,259.63,0.7223,-1,-1,-1
224,46,1118.05,128.01,53.54,178.87,0.3166,-1,-1,-1
224,50,74.10,634.75,83.53,222.85,0.5403,-1,-1,-1
224,51,1184.47,127.95,59.20,167.93,0.2735,-1,-1,-1
225,1,430.30,192.08,72.08,204.17,0.3669,-1,-1,-1
225,2,97.86,553.86,76.42,148.20,0.3682,-1,-1,-1
225,3,934.98,903.20,71.21,176.76,0.7294,-1,-1,-1
225,4,1721.07,458.74,74.16,209.64,0.5850,-1,-1,-1
225,5,1355.08,572.55,88.80,230.48,0.4140,-1,-1,-1
225,6,211.99,499.66,59.45,200.89,0.6072,-1,-1,-1
225,8,511.92,338.53,69.55,217.66,0.5865,-1,-1,-1
225,11,903.47,137.12,72.06,185.82,0.3951,-1,-1,-1
225,17,772.28,317.03,71.61,195.18,0.4000,-1,-1,-1
225,19,397.63,557.75,80.67,236.41,0.7174,-1,-1,-1
225,29,594.11,347.73,59.40,195.93,0.5721,-1,-1,-1
225,32,837.13,327.05,59.18,186.99,0.2475,-1,-1,-1
225,42,136.17,678.40,118.05,264.22,0.7722,-1,-1,-1
225,45,792.60,117.44,82.99,211.45,0.2113,-1,-1,-1
225,46,1115.18,127.34,55.35,179.18,0.3692,-1,-1,-1
225,50,80.55,639.14,76.72,227.28,0.5952,-1,-1,-1
225,51,1183.79,124.44,60.07,170.29,0.2543,-1,-1,-1
226,1,432.67,191.32,70.91,203.45,0.3944,-1,-1,-1
226,2,98.86,555.05,77.90,153.00,0.4222,-1,-1,-1
226,3,932.46,902.07,73.82,177.91,0.7213,-1,-1,-1
226,4,1721.36,458.11,74.17,210.63,0.5768,-1,-1,-1
226,5,1354.65,573.69,92.03,226.02,0.4453,-1,-1,-1
226,6,206.17,499.73,67.12,201.85,0.6069,-1,-1,-1
226,8,509.02,339.46,73.34,217.19,0.6188,-1,-1,-1
226,11,906.68,135.32,66.21,184.83,0.3685,-1,-1,-1
226,17,776.57,316.64,67.48,197.38,0.3818,-1,-1,-1
226,19,392.48,555.51,85.78,238.24,0.7227,-1,-1,-1
226,29,592.39,347.51,60.38,195.89,0.5828,-1,-1,-1
226,32,842.38,327.40,55.68,186.28,0.3108,-1,-1,-1
226,42,138.89,680.91,115.92,265.29,0.7509,-1,-1,-1
226,45,792.27,109.19,81.38,217.38,0.2321,-1,-1,-1
226,46,1113.33,126.87,55.72,176.09,0.3604,-1,-1,-1
226,50,84.53,640.22,77.79,227.09,0.6068,-1,-1,-1
226,51,1182.75,121.20,60.79,170.95,0.2628,-1,-1,-1
227,1,432.29,188.83,71.82,207.34,0.4174,-1,-1,-1
227,2,100.34,554.91,78.64,155.96,0.4719,-1,-1,-1
227,3,932.72,902.09,72.67,177.89,0.7090,-1,-1,-1
227,4,1721.48,458.14,73.40,209.90,0.5971,-1,-1,-1
227,5,1354.84,574.04,90.01,225.95,0.4659,-1,-1,-1
227,6,207.69,498.40,65.76,203.90,0.6027,-1,-1,-1
227,8,509.14,343.03,73.53,212.48,0.6212,-1,-1,-1
227,11,909.54,133.84,62.67,187.05,0.3533,-1,-1,-1
227,17,777.24,318.32,76.07,200.20,0.3009,-1,-1,-1
227,19,390.83,553.13,85.99,239.47,0.7341,-1,-1,-1
227,29,589.74,347.41,62.97,197.26,0.5913,-1,-1,-1
227,32,842.25,331.46,56.71,186.24,0.2938,-1,-1,-1
227,42,143.77,682.97,112.87,269.03,0.7656,-1,-1,-1
227,46,1112.49,125.64,55.15,177.96,0.3766,-1,-1,-1
227,50,91.91,638.49,75.63,228.32,0.5935,-1,-1,-1
227,51,1182.57,119.49,60.98,170.70,0.2795,-1,-1,-1
228,1,432.97,188.40,71.91,207.49,0.4371,-1,-1,-1
228,2,100.73,554.14,80.15,146.69,0.4626,-1,-1,-1
228,3,932.80,901.02,72.34,178.89,0.6939,-1,-1,-1
228,4,1721.54,459.50,73.76,208.22,0.5967,-1,-1,-1
228,5,1354.74,576.26,95.38,229.69,0.4466,-1,-1,-1
228,6,208.31,497.04,66.02,203.88,0.6216,-1,-1,-1
228,8,509.56,341.40,71.14,213.94,0.6389,-1,-1,-1
228,11,909.84,132.69,66.40,181.49,0.3574,-1,-1,-1
228,17,777.74,319.42,73.93,203.94,0.3881,-1,-1,-1
228,19,386.53,552.22,89.86,240.03,0.7355,-1,-1,-1
228,29,588.81,348.91,63.30,195.33,0.5683,-1,-1,-1
228,32,841.85,330.83,57.51,190.64,0.2587,-1,-1,-1
228,42,148.49,687.68,104.23,265.90,0.7380,-1,-1,-1
228,45,791.53,109.25,74.68,216.72,0.2427,-1,-1,-1
228,46,1108.91,125.30,57.26,179.58,0.3308,-1,-1,-1
228,50,96.07,639.81,77.68,231.63,0.6043,-1,-1,-1
228,51,1182.00,119.91,60.52,170.11,0.2618,-1,-1,-1
229,1,434.04,188.00,70.33,208.60,0.4204,-1,-1,-1
229,2,101.88,555.79,80.90,141.06,0.4698,-1,-1,-1
229,3,931.90,900.28,73.11,179.71,0.7146,-1,-1,-1
229,4,1720.62,459.36,74.36,208.94,0.6051,-1,-1,-1
229,5,1354.05,575.61,92.54,221.83,0.4888,-1,-1,-1
229,6,207.17,496.02,66.73,205.40,0.5926,-1,-1,-1
229,8,509.10,343.84,72.84,212.10,0.6491,-1,-1,-1
229,11,912.96,132.00,66.24,177.60,0.3848,-1,-1,-1
229,17,776.52,318.45,70.88,209.26,0.3428,-1,-1,-1
229,19,383.98,549.81,92.24,242.83,0.7248,-1,-1,-1
229,29,588.47,349.69,63.24,194.51,0.5631,-1,-1,-1
229,32,842.80,331.74,57.90,193.48,0.2435,-1,-1,-1
229,42,148.99,690.35,100.91,264.78,0.7276,-1,-1,-1
229,45,791.00,108.18,73.98,218.37,0.3224,-1,-1,-1
229,46,1103.95,124.96,61.15,180.38,0.3409,-1,-1,-1
229,50,102.85,642.82,75.52,225.04,0.5936,-1,-1,-1
229,51,1179.47,123.63,56.96,168.01,0.2776,-1,-1,-1
230,1,435.42,187.56,70.09,206.09,0.4552,-1,-1,-1
230,2,101.65,555.58,84.06,130.59,0.4576,-1,-1,-1
230,3,932.68,899.70,72.21,180.31,0.7144,-1,-1,-1
230,4,1720.92,459.62,74.21,208.41,0.5878,-1,-1,-1
230,5,1354.64,575.52,95.78,227.04,0.4527,-1,-1,-1
230,6,205.69,494.60,68.25,204.62,0.5878,-1,-1,-1
230,8,509.89,344.39,72.29,213.48,0.6396,-1,-1,-1
230,11,916.18,130.35,65.69,174.67,0.3408,-1,-1,-1
230,17,779.77,319.22,72.89,211.47,0.3147,-1,-1,-1
230,19,382.35,546.51,93.86,247.60,0.7333,-1,-1,-1
230,29,587.55,351.37,64.35,193.43,0.5274,-1,-1,-1
230,32,841.12,333.13,60.00,193.79,0.2428,-1,-1,-1
230,42,147.18,693.69,107.42,263.65,0.7498,-1,-1,-1
230,45,791.65,109.02,70.05,217.89,0.3025,-1,-1,-1
230,46,1094.16,125.93,70.55,179.20,0.3427,-1,-1,-1
230,50,108.11,644.75,73.76,215.15,0.5570,-1,-1,-1
230,51,1178.18,124.63,57.80,164.50,0.2919,-1,-1,-1
231,1,436.08,186.92,70.92,204.22,0.4369,-1,-1,-1
231,2,102.26,556.66,82.70,127.75,0.4864,-1,-1,-1
231,3,931.66,899.37,73.26,180.52,0.7272,-1,-1,-1
231,4,1721.40,458.35,73.96,210.01,0.6126,-1,-1,-1
231,5,1354.72,577.74,95.94,223.03,0.4708,-1,-1,-1
231,6,210.97,493.34,64.24,204.41,0.5618,-1,-1,-1
231,8,508.12,345.32,73.75,213.11,0.6586,-1,-1,-1
231,11,917.97,129.79,67.19,177.29,0.3104,-1,-1,-1
231,17,780.17,322.09,68.69,207.73,0.3297,-1,-1,-1
231,19,380.19,545.52,95.21,248.83,0.7377,-1,-1,-1
231,29,586.36,349.93,66.11,193.57,0.5504,-1,-1,-1
231,32,844.69,334.83,57.15,192.09,0.3424,-1,-1,-1
231,42,153.19,695.45,101.05,262.12,0.7677,-1,-1,-1
231,45,792.27,109.80,67.59,216.43,0.2750,-1,-1,-1
231,46,1093.29,126.33,69.93,178.43,0.3549,-1,-1,-1
231,50,110.89,638.88,75.42,158.13,0.4780,-1,-1,-1
231,51,1177.71,123.96,58.36,164.47,0.3118,-1,-1,-1
232,1,437.49,186.80,69.88,205.25,0.4502,-1,-1,-1
232,2,103.42,557.59,81.02,128.85,0.4540,-1,-1,-1
232,3,931.81,899.52,73.11,180.50,0.7213,-1,-1,-1
232,4,1721.94,457.72,73.19,210.62,0.6150,-1,-1,-1
232,5,1356.41,579.15,95.85,228.43,0.4674,-1,-1,-1
232,6,216.36,492.29,59.88,203.15,0.5262,-1,-1,-1
232,8,508.49,346.31,72.17,214.62,0.6666,-1,-1,-1
232,11,919.03,127.15,67.96,180.04,0.3058,-1,-1,-1
232,17,779.52,322.92,68.19,207.53,0.2953,-1,-1,-1
232,19,376.54,545.30,98.02,248.51,0.7133,-1,-1,-1
232,29,587.63,351.81,64.03,190.89,0.5215,-1,-1,-1
232,32,844.32,335.46,59.68,191.15,0.3251,-1,-1,-1
232,42,162.44,697.71,93.57,258.92,0.7645,-1,-1,-1
232,45,790.96,110.83,67.23,216.32,0.2249,-1,-1,-1
232,46,1094.91,125.89,66.08,178.12,0.4071,-1,-1,-1
232,50,119.11,651.53,65.43,221.73,0.5191,-1,-1,-1
232,51,1176.36,125.34,59.13,162.31,0.3476,-1,-1,-1
233,1,439.10,184.50,69.23,207.50,0.4156,-1,-1,-1
233,2,104.61,558.56,81.01,132.45,0.4197,-1,-1,-1
233,3,933.34,899.18,71.31,180.83,0.7076,-1,-1,-1
233,4,1721.61,458.34,73.73,209.40,0.5993,-1,-1,-1
233,5,1355.81,577.85,98.53,234.86,0.4561,-1,-1,-1
233,6,212.24,490.58,65.86,203.64,0.5882,-1,-1,-1
233,8,507.89,346.98,71.37,219.31,0.6794,-1,-1,-1
233,11,920.28,126.34,67.05,178.69,0.2895,-1,-1,-1
233,17,783.07,331.93,62.28,201.05,0.2942,-1,-1,-1
233,19,375.16,544.84,97.85,246.55,0.6902,-1,-1,-1
233,29,587.69,353.73,63.57,190.84,0.5133,-1,-1,-1
233,32,844.28,337.42,62.86,189.71,0.3737,-1,-1,-1
233,42,166.60,699.84,91.58,256.65,0.7774,-1,-1,-1
233,45,790.17,118.01,66.62,208.54,0.2475,-1,-1,-1
233,46,1094.48,125.93,64.82,176.21,0.4627,-1,-1,-1
233,50,118.84,648.21,67.18,226.92,0.5488,-1,-1,-1
233,51,1173.84,123.98,59.83,162.66,0.3526,-1,-1,-1
234,1,440.28,183.62,69.95,208.54,0.4257,-1,-1,-1
234,2,111.50,568.57,68.42,211.47,0.3853,-1,-1,-1
234,3,935.88,900.45,67.82,179.62,0.6977,-1,-1,-1
234,4,1722.27,458.12,73.44,209.82,0.6148,-1,-1,-1
234,5,1354.77,575.56,101.59,239.59,0.5170,-1,-1,-1
234,6,215.24,488.15,63.27,199.26,0.5964,-1,-1,-1
234,8,507.21,347.72,70.41,221.13,0.6873,-1,-1,-1
234,11,921.11,124.12,67.99,180.90,0.3607,-1,-1,-1
234,17,781.50,335.27,62.67,200.40,0.2769,-1,-1,-1
234,19,373.85,542.84,98.34,244.36,0.7111,-1,-1,-1
234,29,587.37,354.63,63.73,193.92,0.5415,-1,-1,-1
234,32,844.44,339.13,63.13,188.37,0.3151,-1,-1,-1
234,42,167.75,700.84,92.07,256.74,0.7949,-1,-1,-1
234,45,789.39,118.65,67.03,208.52,0.2511,-1,-1,-1
234,46,1093.06,127.02,65.08,176.72,0.4572,-1,-1,-1
234,50,117.08,649.85,71.57,225.79,0.4329,-1,-1,-1
234,51,1171.51,123.83,61.27,161.14,0.3502,-1,-1,-1
235,1,442.40,182.29,69.05,207.59,0.4547,-1,-1,-1
235,2,100.82,551.48,91.35,154.80,0.4324,-1,-1,-1
235,3,935.48,900.88,66.86,179.15,0.6779,-1,-1,-1
235,4,1722.20,458.79,72.75,209.35,0.5909,-1,-1,-1
235,5,1356.59,576.16,102.95,238.33,0.4372,-1,-1,-1
235,6,216.69,485.68,61.51,197.73,0.5949,-1,-1,-1
235,8,506.54,350.74,70.18,220.79,0.6847,-1,-1,-1
235,11,922.82,123.42,66.22,185.47,0.3769,-1,-1,-1
235,17,781.18,338.28,64.78,199.13,0.3642,-1,-1,-1
235,19,373.44,541.86,96.37,245.21,0.7158,-1,-1,-1
235,29,588.35,356.79,62.72,192.87,0.5254,-1,-1,-1
235,32,844.48,345.10,54.75,185.58,0.3270,-1,-1,-1
235,42,172.67,702.24,87.00,253.08,0.7755,-1,-1,-1
235,45,788.75,123.91,65.44,203.36,0.2140,-1,-1,-1
235,46,1093.10,126.44,62.35,175.73,0.4526,-1,-1,-1
235,50,119.12,652.72,69.82,221.20,0.5028,-1,-1,-1
235,51,1169.99,123.00,61.53,161.99,0.3490,-1,-1,-1
236,1,443.78,182.39,68.34,203.28,0.4514,-1,-1,-1
236,2,105.77,559.18,84.28,144.26,0.5187,-1,-1,-1
236,3,936.16,900.51,66.02,179.48,0.6705,-1,-1,-1
236,4,1722.22,459.15,72.38,209.12,0.6008,-1,-1,-1
236,5,1358.76,576.75,102.51,238.44,0.4536,-1,-1,-1
236,6,216.41,483.63,63.31,196.63,0.5811,-1,-1,-1
236,8,506.31,353.32,68.77,218.14,0.6853,-1,-1,-1
236,11,923.13,122.20,68.32,187.01,0.3649,-1,-1,-1
236,17,782.46,339.63,62.28,197.26,0.4047,-1,-1,-1
236,19,374.87,541.90,93.61,244.11,0.7181,-1,-1,-1
236,29,587.61,358.66,61.46,187.76,0.5081,-1,-1,-1
236,32,843.07,348.13,58.14,184.06,0.3356,-1,-1,-1
236,42,176.02,702.45,85.59,253.64,0.7767,-1,-1,-1
236,45,782.45,142.61,72.83,183.27,0.2061,-1,-1,-1
236,46,1091.69,125.87,65.15,176.31,0.4144,-1,-1,-1
236,50,122.38,657.42,69.71,219.44,0.5690,-1,-1,-1
236,51,1167.23,122.86,62.42,160.98,0.3306,-1,-1,-1
237,1,443.10,181.32,70.06,200.83,0.3820,-1,-1,-1
237,2,107.21,559.88,82.37,143.97,0.5208,-1,-1,-1
237,3,936.61,900.52,64.80,179.49,0.6764,-1,-1,-1
237,4,1721.67,458.18,73.20,209.71,0.5948,-1,-1,-1
237,5,1362.31,577.69,101.19,238.32,0.4249,-1,-1,-1
237,6,218.08,482.37,62.51,196.39,0.5588,-1,-1,-1
237,8,503.88,356.17,70.26,216.45,0.6786,-1,-1,-1
237,11,925.62,123.07,65.71,186.82,0.3099,-1,-1,-1
237,17,783.37,338.43,62.63,198.53,0.4036,-1,-1,-1
237,19,374.92,537.51,92.44,245.09,0.7038,-1,-1,-1
237,29,587.59,361.34,61.38,188.32,0.5139,-1,-1,-1
237,32,846.89,342.19,66.58,181.22,0.2372,-1,-1,-1
237,42,178.32,703.20,85.64,250.85,0.7913,-1,-1,-1
237,46,1091.16,124.68,63.11,177.63,0.3738,-1,-1,-1
237,50,126.74,653.84,69.02,222.53,0.6037,-1,-1,-1
237,51,1165.61,123.48,62.12,160.21,0.2125,-1,-1,-1
238,1,442.90,180.38,71.03,200.26,0.3900,-1,-1,-1
238,2,112.69,567.66,77.19,216.43,0.4718,-1,-1,-1
238,3,936.41,900.60,63.61,179.41,0.6774,-1,-1,-1
238,4,1721.34,459.99,73.15,207.82,0.6048,-1,-1,-1
238,5,1365.79,579.31,101.53,239.22,0.4158,-1,-1,-1
238,6,217.79,480.26,62.92,197.26,0.5441,-1,-1,-1
238,8,502.84,357.02,70.49,218.34,0.7004,-1,-1,-1
238,11,925.95,120.48,67.82,188.28,0.3610,-1,-1,-1
238,17,784.27,339.46,63.94,198.46,0.4500,-1,-1,-1
238,19,376.96,535.26,90.17,243.29,0.7077,-1,-1,-1
238,29,587.35,362.27,61.98,187.43,0.5447,-1,-1,-1
238,32,847.68,342.04,66.90,175.20,0.2921,-1,-1,-1
238,42,182.22,703.31,85.75,253.09,0.7740,-1,-1,-1
238,46,1090.80,124.50,57.86,180.88,0.4211,-1,-1,-1
238,50,134.94,658.06,64.72,215.99,0.4594,-1,-1,-1
238,51,1164.70,122.45,61.41,162.67,0.2771,-1,-1,-1
239,1,443.72,179.10,71.92,200.31,0.4093,-1,-1,-1
239,2,111.50,562.86,80.86,236.87,0.4806,-1,-1,-1
239,3,936.60,900.22,62.50,179.78,0.7083,-1,-1,-1
239,4,1722.06,458.54,72.91,209.41,0.6263,-1,-1,-1
239,5,1357.92,576.81,110.82,240.11,0.4643,-1,-1,-1
239,6,218.39,479.94,62.83,197.80,0.5861,-1,-1,-1
239,8,501.18,357.77,71.13,215.97,0.6800,-1,-1,-1
239,11,925.63,120.36,67.85,183.12,0.4390,-1,-1,-1
239,17,783.17,339.37,64.85,198.81,0.4079,-1,-1,-1
239,19,381.02,530.43,85.57,239.45,0.7634,-1,-1,-1
239,29,587.75,362.37,62.88,187.37,0.5613,-1,-1,-1
239,42,185.30,705.66,86.42,251.11,0.7564,-1,-1,-1
239,45,779.72,143.68,74.88,179.42,0.2329,-1,-1,-1
239,46,1089.74,122.46,57.62,182.57,0.4266,-1,-1,-1
239,50,138.49,656.94,66.45,218.86,0.5349,-1,-1,-1
239,51,1160.36,120.70,62.93,165.22,0.3113,-1,-1,-1
240,1,443.26,177.40,74.13,201.31,0.3598,-1,-1,-1
240,2,104.34,554.66,95.21,165.43,0.4962,-1,-1,-1
240,3,936.93,900.49,61.69,178.88,0.7066,-1,-1,-1
240,4,1721.04,459.09,74.58,209.02,0.5969,-1,-1,-1
240,5,1358.12,576.36,112.46,239.68,0.4505,-1,-1,-1
240,6,218.32,478.59,63.19,199.76,0.5952,-1,-1,-1
240,8,498.73,358.38,73.74,218.51,0.6514,-1,-1,-1
240,11,926.31,119.10,66.06,184.21,0.4141,-1,-1,-1
240,17,783.71,340.00,66.01,197.66,0.4240,-1,-1,-1
240,19,385.48,528.16,80.86,235.22,0.7483,-1,-1,-1
240,29,589.36,363.94,57.93,185.02,0.5464,-1,-1,-1
240,32,853.55,344.59,61.42,176.25,0.2840,-1,-1,-1
240,42,186.63,707.20,95.05,255.14,0.7580,-1,-1,-1
240,45,780.65,147.22,74.31,175.88,0.3197,-1,-1,-1
240,46,1088.25,122.01,57.44,180.75,0.3957,-1,-1,-1
240,50,142.45,654.09,69.66,221.61,0.5601,-1,-1,-1
240,51,1157.71,120.73,67.33,165.44,0.2535,-1,-1,-1
241,1,444.52,178.47,74.70,200.78,0.3655,-1,-1,-1
241,2,109.83,561.55,84.63,152.19,0.5410,-1,-1,-1
241,3,936.44,900.37,60.92,179.60,0.7135,-1,-1,-1
241,4,1721.98,458.60,72.72,208.85,0.6329,-1,-1,-1
241,5,1356.27,572.30,120.17,242.02,0.5022,-1,-1,-1
241,6,218.30,476.80,63.41,202.23,0.6190,-1,-1,-1
241,8,497.06,358.52,74.04,219.45,0.6594,-1,-1,-1
241,11,923.94,118.37,67.41,182.51,0.4427,-1,-1,-1
241,17,784.27,340.43,69.16,197.28,0.4381,-1,-1,-1
241,19,387.99,525.86,78.51,233.53,0.7283,-1,-1,-1
241,29,588.96,365.63,59.11,182.32,0.5579,-1,-1,-1
241,32,852.02,345.46,65.81,172.08,0.2493,-1,-1,-1
241,42,188.98,709.70,100.39,257.61,0.7741,-1,-1,-1
241,45,783.89,147.46,70.91,175.79,0.3270,-1,-1,-1
241,46,1085.97,121.35,57.87,177.92,0.4351,-1,-1,-1
241,50,144.95,643.63,75.11,158.20,0.3931,-1,-1,-1
241,51,1155.59,119.82,64.01,163.56,0.2897,-1,-1,-1
242,1,446.25,177.42,73.07,203.12,0.3636,-1,-1,-1
242,2,111.63,564.99,82.39,177.59,0.4429,-1,-1,-1
242,3,936.50,900.94,61.72,179.08,0.7224,-1,-1,-1
242,4,1721.53,459.53,72.59,208.22,0.6168,-1,-1,-1
242,5,1356.44,570.32,121.49,243.24,0.5271,-1,-1,-1
242,6,218.18,475.26,63.62,201.85,0.5998,-1,-1,-1
242,8,495.48,360.84,74.20,217.48,0.6483,-1,-1,-1
242,11,930.70,120.98,61.12,180.43,0.4614,-1,-1,-1
242,17,785.35,342.56,68.06,196.56,0.4307,-1,-1,-1
242,19,387.35,522.76,79.67,233.93,0.7001,-1,-1,-1
242,29,587.63,365.41,61.08,188.10,0.5488,-1,-1,-1
242,32,854.23,347.52,63.22,185.83,0.3664,-1,-1,-1
242,42,194.50,712.48,98.19,256.41,0.7487,-1,-1,-1
242,45,782.81,151.18,72.45,171.33,0.3281,-1,-1,-1
242,46,1084.97,119.94,58.07,178.63,0.4154,-1,-1,-1
242,50,153.58,650.88,68.19,167.88,0.4276,-1,-1,-1
242,51,1155.92,119.19,62.44,160.46,0.3189,-1,-1,-1
243,1,448.08,176.49,71.00,204.50,0.3458,-1,-1,-1
243,2,113.86,563.47,79.88,226.23,0.5330,-1,-1,-1
243,3,935.89,900.53,61.19,179.46,0.7094,-1,-1,-1
243,4,1721.11,458.74,73.79,207.52,0.6314,-1,-1,-1
243,5,1357.01,568.57,118.84,245.79,0.5280,-1,-1,-1
243,6,217.85,474.80,64.31,202.34,0.6039,-1,-1,-1
243,8,493.81,360.54,73.55,218.31,0.6432,-1,-1,-1
243,11,931.63,119.98,60.96,179.04,0.5039,-1,-1,-1
243,17,786.00,341.53,68.25,197.85,0.4221,-1,-1,-1
243,19,388.99,520.09,77.91,236.16,0.6884,-1,-1,-1
243,29,587.28,365.56,61.90,194.00,0.5702,-1,-1,-1
243,32,855.43,348.21,63.19,186.41,0.2690,-1,-1,-1
243,42,197.45,717.93,99.99,255.48,0.6931,-1,-1,-1
243,45,787.58,152.34,65.89,168.65,0.3775,-1,-1,-1
243,46,1082.22,118.30,59.64,179.54,0.4672,-1,-1,-1
243,50,155.42,650.96,74.06,163.58,0.4763,-1,-1,-1
243,51,1155.39,118.19,63.91,158.56,0.3102,-1,-1,-1
244,1,446.54,175.97,76.34,204.47,0.3568,-1,-1,-1
244,2,113.63,562.79,83.07,244.80,0.5656,-1,-1,-1
244,3,935.40,901.50,62.70,178.52,0.7838,-1,-1,-1
244,4,1720.87,458.91,73.36,207.68,0.6081,-1,-1,-1
244,5,1356.62,570.20,117.98,243.78,0.5031,-1,-1,-1
244,6,217.00,472.48,64.40,198.92,0.5750,-1,-1,-1
244,8,491.94,361.39,73.09,215.34,0.6441,-1,-1,-1
244,11,932.92,118.13,60.00,179.14,0.4385,-1,-1,-1
244,17,789.91,342.26,62.81,196.89,0.3976,-1,-1,-1
244,19,389.36,518.13,78.35,237.53,0.6906,-1,-1,-1
244,29,585.87,367.17,60.80,197.67,0.5771,-1,-1,-1
244,32,852.48,352.62,67.02,183.09,0.3900,-1,-1,-1
244,42,199.49,728.59,98.99,248.93,0.7024,-1,-1,-1
244,45,787.39,152.48,68.37,169.62,0.3386,-1,-1,-1
244,46,1080.67,118.04,60.31,179.76,0.4466,-1,-1,-1
244,50,158.14,653.80,84.29,158.52,0.5525,-1,-1,-1
244,51,1155.20,114.49,57.21,159.37,0.3155,-1,-1,-1
245,1,447.28,175.95,74.83,203.66,0.3209,-1,-1,-1
245,2,116.21,565.69,82.00,247.08,0.6254,-1,-1,-1
245,3,935.03,902.95,63.56,177.08,0.7899,-1,-1,-1
245,4,1720.61,459.09,73.69,207.99,0.5875,-1,-1,-1
245,5,1360.12,570.19,114.72,243.72,0.4196,-1,-1,-1
245,6,216.98,471.66,64.15,200.78,0.5657,-1,-1,-1
245,8,491.78,361.91,72.49,219.04,0.6652,-1,-1,-1
245,11,934.60,116.28,58.81,178.83,0.4526,-1,-1,-1
245,17,790.05,343.43,63.84,196.70,0.3786,-1,-1,-1
245,19,388.90,518.70,79.66,237.85,0.6736,-1,-1,-1
245,29,585.95,369.60,60.09,199.51,0.5885,-1,-1,-1
245,32,858.66,355.56,59.75,182.60,0.3872,-1,-1,-1
245,42,197.68,729.60,99.97,250.60,0.7012,-1,-1,-1
245,45,786.91,152.80,69.19,169.53,0.3130,-1,-1,-1
245,46,1080.39,117.49,58.53,179.18,0.4499,-1,-1,-1
245,50,163.92,655.34,78.87,151.73,0.5956,-1,-1,-1
245,51,1155.18,112.59,56.23,160.04,0.2852,-1,-1,-1
246,1,447.52,176.46,75.56,204.14,0.3264,-1,-1,-1
246,2,118.86,563.50,80.75,248.65,0.6378,-1,-1,-1
246,3,935.30,903.74,64.28,176.27,0.7804,-1,-1,-1
246,4,1720.79,458.31,74.14,210.14,0.6066,-1,-1,-1
246,5,1369.74,572.12,105.04,241.80,0.4617,-1,-1,-1
246,6,219.94,470.71,62.34,204.30,0.5844,-1,-1,-1
246,8,488.42,363.40,74.13,214.62,0.6915,-1,-1,-1
246,11,936.27,115.78,57.14,179.55,0.4158,-1,-1,-1
246,17,791.16,344.76,63.48,196.18,0.4022,-1,-1,-1
246,19,389.00,517.95,80.68,239.70,0.6955,-1,-1,-1
246,29,584.91,370.99,60.91,200.63,0.6261,-1,-1,-1
246,32,861.15,352.37,63.42,186.80,0.3862,-1,-1,-1
246,42,202.54,731.01,94.66,256.38,0.6809,-1,-1,-1
246,45,784.32,153.02,72.29,169.57,0.3181,-1,-1,-1
246,46,1079.73,117.76,59.04,178.39,0.4065,-1,-1,-1
246,50,171.65,655.39,75.46,152.10,0.6018,-1,-1,-1
246,51,1153.32,111.40,57.19,162.10,0.2646,-1,-1,-1
247,1,447.88,175.67,76.83,204.68,0.3403,-1,-1,-1
247,2,119.42,562.84,84.57,252.25,0.6252,-1,-1,-1
247,3,935.95,903.90,63.65,176.10,0.7694,-1,-1,-1
247,4,1719.94,458.32,74.73,208.91,0.6229,-1,-1,-1
247,5,1371.15,567.88,105.71,248.32,0.5666,-1,-1,-1
247,6,219.36,469.08,62.44,205.83,0.5850,-1,-1,-1
247,8,487.37,364.36,74.13,214.90,0.7441,-1,-1,-1
247,11,936.54,114.31,57.58,177.41,0.4341,-1,-1,-1
247,17,788.92,345.33,65.54,195.78,0.4126,-1,-1,-1
247,19,389.24,517.64,81.28,240.88,0.7044,-1,-1,-1
247,29,584.32,372.53,61.89,204.37,0.6795,-1,-1,-1
247,32,863.27,352.59,58.62,188.06,0.3722,-1,-1,-1
247,42,204.26,732.89,95.63,256.84,0.6756,-1,-1,-1
247,45,788.25,153.08,68.28,168.51,0.3045,-1,-1,-1
247,46,1078.03,116.52,57.98,179.15,0.4390,-1,-1,-1
247,50,175.08,656.48,81.44,146.00,0.4432,-1,-1,-1
247,51,1150.74,112.42,56.37,162.97,0.3164,-1,-1,-1
248,1,448.73,174.79,76.65,204.69,0.3512,-1,-1,-1
248,2,123.13,562.83,83.01,249.40,0.6787,-1,-1,-1
248,3,936.13,905.31,64.77,174.59,0.7513,-1,-1,-1
248,4,1718.83,459.57,75.79,208.34,0.6313,-1,-1,-1
248,5,1374.66,570.02,103.00,245.68,0.5448,-1,-1,-1
248,6,220.76,467.50,60.05,203.22,0.5754,-1,-1,-1
248,8,487.40,366.00,72.15,214.90,0.7394,-1,-1,-1
248,11,938.45,113.54,56.97,175.82,0.4591,-1,-1,-1
248,17,791.56,345.72,65.12,199.75,0.4222,-1,-1,-1
248,19,389.27,517.14,81.30,240.76,0.6941,-1,-1,-1
248,29,584.38,374.87,60.28,206.72,0.6456,-1,-1,-1
248,32,862.92,353.17,64.29,190.17,0.4106,-1,-1,-1
248,42,203.71,734.40,94.59,257.98,0.5979,-1,-1,-1
248,45,792.62,153.77,61.54,167.75,0.2608,-1,-1,-1
248,46,1077.25,116.40,57.16,181.04,0.4970,-1,-1,-1
248,50,179.63,663.90,80.85,145.81,0.3762,-1,-1,-1
248,51,1149.93,113.21,56.43,164.31,0.3286,-1,-1,-1
249,1,449.34,171.98,77.01,209.87,0.3868,-1,-1,-1
249,2,125.72,563.79,80.63,251.13,0.6681,-1,-1,-1
249,3,936.26,905.43,65.80,174.56,0.7491,-1,-1,-1
249,4,1720.44,459.64,73.54,207.56,0.5929,-1,-1,-1
249,5,1381.95,570.14,93.25,247.56,0.5262,-1,-1,-1
249,6,220.80,466.56,59.49,195.10,0.5567,-1,-1,-1
249,8,486.94,367.39,71.93,215.91,0.7124,-1,-1,-1
249,11,939.39,111.17,58.34,179.02,0.5168,-1,-1,-1
249,17,790.47,345.53,64.48,195.32,0.3836,-1,-1,-1
249,19,388.22,516.12,83.64,240.31,0.6866,-1,-1,-1
249,29,583.60,378.60,59.86,204.90,0.6007,-1,-1,-1
249,32,860.68,352.79,68.87,190.50,0.3830,-1,-1,-1
249,42,206.11,741.32,89.23,251.73,0.4871,-1,-1,-1
249,45,792.23,154.34,61.47,167.21,0.2706,-1,-1,-1
249,46,1075.93,116.22,57.13,182.72,0.4620,-1,-1,-1
249,50,182.88,672.30,84.21,226.69,0.5010,-1,-1,-1
249,51,1148.91,111.48,56.34,166.17,0.3377,-1,-1,-1
250,1,449.64,170.19,76.68,211.40,0.3732,-1,-1,-1
250,2,128.15,565.70,81.29,247.13,0.6794,-1,-1,-1
250,3,936.40,905.77,66.94,174.23,0.7293,-1,-1,-1
250,4,1721.05,458.19,73.55,209.08,0.5981,-1,-1,-1
250,5,1386.21,569.65,88.54,246.52,0.5916,-1,-1,-1
250,6,222.18,464.92,59.33,195.05,0.5572,-1,-1,-1
250,8,486.78,369.22,72.18,218.69,0.6833,-1,-1,-1
250,11,937.45,109.70,60.68,180.61,0.4978,-1,-1,-1
250,17,792.07,348.16,66.54,194.70,0.3401,-1,-1,-1
250,19,388.46,516.12,84.66,238.95,0.6815,-1,-1,-1
250,29,582.21,381.40,60.60,202.48,0.6301,-1,-1,-1
250,32,854.54,355.56,72.59,191.15,0.3967,-1,-1,-1
250,42,210.73,745.81,89.82,244.84,0.4614,-1,-1,-1
250,45,792.15,153.43,63.65,167.38,0.2415,-1,-1,-1
250,46,1073.92,115.41,57.86,183.32,0.4110,-1,-1,-1
250,50,177.87,661.84,100.81,166.19,0.4639,-1,-1,-1
250,51,1147.55,110.56,56.94,166.31,0.3387,-1,-1,-1
251,1,450.38,168.35,74.22,211.44,0.3786,-1,-1,-1
251,2,131.62,565.04,80.92,249.74,0.6994,-1,-1,-1
251,3,938.16,907.81,66.35,172.23,0.7405,-1,-1,-1
251,4,1719.70,459.22,75.52,207.99,0.6050,-1,-1,-1
251,5,1387.17,569.80,89.49,246.54,0.6259,-1,-1,-1
251,6,222.36,461.26,59.30,197.02,0.5611,-1,-1,-1
251,8,490.47,369.26,68.26,226.15,0.6514,-1,-1,-1
251,11,935.13,110.94,65.68,180.27,0.4725,-1,-1,-1
251,17,791.66,350.89,66.44,192.03,0.3595,-1,-1,-1
251,19,388.30,512.50,85.28,239.78,0.6662,-1,-1,-1
251,29,581.69,383.21,60.23,203.06,0.6519,-1,-1,-1
251,32,860.99,355.77,68.10,193.24,0.3478,-1,-1,-1
251,42,211.33,744.09,89.21,248.09,0.5649,-1,-1,-1
251,45,793.02,154.95,63.73,164.92,0.2347,-1,-1,-1
251,46,1073.08,114.93,57.73,183.95,0.3972,-1,-1,-1
251,50,183.79,672.20,93.96,143.33,0.5066,-1,-1,-1
251,51,1146.62,109.36,58.80,167.40,0.2899,-1,-1,-1
252,1,450.27,167.22,74.61,208.78,0.3774,-1,-1,-1
252,2,133.67,565.87,83.10,247.53,0.7037,-1,-1,-1
252,3,938.49,908.20,66.90,171.80,0.7152,-1,-1,-1
252,4,1720.49,459.67,74.12,207.29,0.5848,-1,-1,-1
252,5,1387.03,569.91,88.60,243.11,0.5665,-1,-1,-1
252,6,221.38,456.06,59.55,201.82,0.5725,-1,-1,-1
252,8,489.88,372.50,68.41,227.07,0.6545,-1,-1,-1
252,11,936.36,107.30,64.72,182.42,0.4824,-1,-1,-1
252,17,793.63,351.06,65.27,192.83,0.2917,-1,-1,-1
252,19,389.96,509.84,83.19,241.10,0.6651,-1,-1,-1
252,29,580.65,383.60,61.47,205.18,0.6686,-1,-1,-1
252,32,863.81,359.37,60.75,190.07,0.3592,-1,-1,-1
252,42,210.86,740.73,93.02,251.11,0.6624,-1,-1,-1
252,45,794.39,155.56,59.11,164.41,0.2324,-1,-1,-1
252,46,1072.11,114.35,57.87,184.35,0.3585,-1,-1,-1
252,50,185.93,675.83,91.66,140.95,0.4625,-1,-1,-1
252,51,1145.88,108.89,57.41,171.11,0.3245,-1,-1,-1
253,1,451.98,166.70,71.82,207.99,0.3785,-1,-1,-1
253,2,135.92,565.50,84.67,245.93,0.6978,-1,-1,-1
253,3,938.84,908.42,68.27,171.57,0.7328,-1,-1,-1
253,4,1721.29,458.08,73.51,209.20,0.5761,-1,-1,-1
253,5,1388.42,570.95,88.03,246.25,0.6147,-1,-1,-1
253,6,221.21,456.94,62.00,198.81,0.6030,-1,-1,-1
253,8,489.22,374.56,69.54,225.71,0.6646,-1,-1,-1
253,11,934.76,108.92,66.56,181.55,0.4979,-1,-1,-1
253,17,796.07,352.11,64.93,195.24,0.2688,-1,-1,-1
253,19,389.27,506.93,83.43,240.18,0.6689,-1,-1,-1
253,29,578.75,383.40,62.13,208.00,0.6821,-1,-1,-1
253,32,869.02,362.20,56.56,189.66,0.2932,-1,-1,-1
253,42,216.86,737.43,91.58,252.03,0.7364,-1,-1,-1
253,45,796.89,153.05,58.53,167.21,0.2487,-1,-1,-1
253,46,1069.53,114.52,59.40,182.80,0.3568,-1,-1,-1
253,50,194.37,676.67,80.77,136.57,0.4533,-1,-1,-1
253,51,1145.08,108.15,56.15,170.93,0.3579,-1,-1,-1
254,1,452.47,165.94,70.85,204.87,0.3670,-1,-1,-1
254,2,137.37,565.28,85.67,244.19,0.6687,-1,-1,-1
254,3,939.79,909.76,68.27,170.26,0.7320,-1,-1,-1
254,4,1720.67,458.78,73.63,208.82,0.5816,-1,-1,-1
254,5,1389.62,569.99,87.62,245.92,0.6169,-1,-1,-1
254,6,220.94,456.12,62.31,198.68,0.5813,-1,-1,-1
254,8,488.98,373.81,69.00,230.28,0.6526,-1,-1,-1
254,11,934.90,109.08,68.38,181.68,0.4920,-1,-1,-1
254,17,795.00,350.64,69.00,193.77,0.3429,-1,-1,-1
254,19,390.65,504.45,80.11,238.17,0.6343,-1,-1,-1
254,29,577.59,385.88,62.70,207.11,0.6921,-1,-1,-1
254,32,866.51,361.64,59.46,190.54,0.3605,-1,-1,-1
254,42,222.23,736.55,87.59,254.41,0.7766,-1,-1,-1
254,45,797.44,153.74,59.06,167.25,0.2538,-1,-1,-1
254,46,1069.31,114.15,56.39,183.09,0.3815,-1,-1,-1
254,50,194.07,678.00,82.36,137.27,0.4648,-1,-1,-1
254,51,1144.18,107.73,54.70,169.93,0.3469,-1,-1,-1
255,1,455.33,165.32,65.67,201.58,0.3518,-1,-1,-1
255,2,139.78,563.47,84.85,244.00,0.6902,-1,-1,-1
255,3,939.36,909.73,70.37,169.46,0.7301,-1,-1,-1
255,4,1721.27,459.28,72.59,207.55,0.6022,-1,-1,-1
255,5,1390.50,569.56,87.14,248.55,0.6530,-1,-1,-1
255,6,220.80,455.69,63.19,197.73,0.6182,-1,-1,-1
255,8,488.35,374.68,69.62,230.52,0.6668,-1,-1,-1
255,11,933.63,108.79,70.29,180.49,0.4853,-1,-1,-1
255,17,798.23,351.79,69.02,199.59,0.3284,-1,-1,-1
255,19,391.48,501.77,80.68,232.80,0.6728,-1,-1,-1
255,29,576.58,385.72,62.48,207.70,0.7298,-1,-1,-1
255,32,865.60,360.25,70.14,193.59,0.3638,-1,-1,-1
255,42,221.26,735.53,92.01,261.54,0.7277,-1,-1,-1
255,45,796.39,153.83,60.14,167.55,0.2422,-1,-1,-1
255,46,1067.02,113.31,56.94,183.34,0.4026,-1,-1,-1
255,50,198.15,680.12,82.10,136.70,0.4708,-1,-1,-1
255,51,1142.34,106.80,55.26,171.68,0.3290,-1,-1,-1
256,1,454.47,164.52,67.42,199.01,0.3227,-1,-1,-1
256,2,140.73,564.37,85.76,243.15,0.6528,-1,-1,-1
256,3,939.27,909.89,71.59,170.08,0.7439,-1,-1,-1
256,4,1720.05,458.92,74.17,208.66,0.5650,-1,-1,-1
256,5,1392.18,568.63,88.04,246.33,0.6388,-1,-1,-1
256,6,220.99,455.09,62.90,196.38,0.5984,-1,-1,-1
256,8,490.04,375.30,67.70,229.90,0.6650,-1,-1,-1
256,11,934.53,107.87,70.04,180.41,0.4913,-1,-1,-1
256,17,797.01,351.03,71.55,201.82,0.2847,-1,-1,-1
256,19,391.74,498.31,79.41,230.91,0.6548,-1,-1,-1
256,29,575.98,386.71,62.43,207.16,0.7455,-1,-1,-1
256,32,869.91,362.27,64.81,192.64,0.3359,-1,-1,-1
256,42,228.01,736.98,87.55,267.01,0.7206,-1,-1,-1
256,45,797.61,152.53,57.57,167.33,0.2962,-1,-1,-1
256,46,1066.21,113.15,56.41,183.08,0.3990,-1,-1,-1
256,50,203.02,678.14,88.63,146.69,0.5370,-1,-1,-1
256,51,1140.30,106.02,55.92,171.90,0.3436,-1,-1,-1
257,1,455.47,163.22,67.14,196.87,0.3023,-1,-1,-1
257,2,140.65,564.24,89.87,243.45,0.6221,-1,-1,-1
257,3,938.97,911.15,73.70,168.60,0.7504,-1,-1,-1
257,4,1719.92,459.98,73.81,207.24,0.5806,-1,-1,-1
257,5,1394.17,567.43,86.94,244.88,0.6267,-1,-1,-1
257,6,220.44,454.32,64.71,197.67,0.5724,-1,-1,-1
257,8,487.93,378.57,70.13,227.21,0.6771,-1,-1,-1
257,11,935.01,106.95,69.20,181.24,0.4334,-1,-1,-1
257,17,799.12,350.84,75.02,201.62,0.3248,-1,-1,-1
257,19,392.16,494.21,80.19,232.36,0.6808,-1,-1,-1
257,29,575.13,387.16,62.30,205.55,0.7578,-1,-1,-1
257,32,870.10,363.38,57.00,187.00,0.3875,-1,-1,-1
257,42,234.18,746.65,85.44,266.97,0.7329,-1,-1,-1
257,45,796.68,152.51,59.36,166.35,0.2405,-1,-1,-1
257,46,1063.91,112.55,57.05,184.14,0.3702,-1,-1,-1
257,50,204.01,678.62,88.21,152.84,0.5745,-1,-1,-1
257,51,1138.40,105.85,58.25,170.41,0.3258,-1,-1,-1
258,1,455.94,163.21,68.00,196.07,0.3220,-1,-1,-1
258,2,142.55,564.38,90.84,246.53,0.5907,-1,-1,-1
258,3,938.74,912.73,74.20,165.99,0.7498,-1,-1,-1
258,4,1720.45,459.42,73.87,207.56,0.5666,-1,-1,-1
258,5,1395.47,566.49,86.14,241.10,0.6234,-1,-1,-1
258,6,221.66,453.13,64.10,197.38,0.5316,-1,-1,-1
258,8,489.62,376.81,67.98,228.89,0.6610,-1,-1,-1
258,11,937.37,105.69,68.29,179.80,0.4269,-1,-1,-1
258,17,801.83,352.44,74.47,202.40,0.3426,-1,-1,-1
258,19,390.20,492.69,80.90,233.81,0.6815,-1,-1,-1
258,29,575.34,387.82,61.44,204.11,0.7478,-1,-1,-1
258,32,871.81,363.05,55.07,185.53,0.3510,-1,-1,-1
258,42,233.59,749.46,86.68,269.76,0.7655,-1,-1,-1
258,45,795.98,155.36,60.14,164.14,0.2244,-1,-1,-1
258,46,1064.47,112.77,58.66,182.31,0.3175,-1,-1,-1
258,50,212.36,679.85,81.45,156.26,0.5353,-1,-1,-1
258,51,1137.08,104.14,58.96,170.84,0.2834,-1,-1,-1
259,1,459.23,162.54,67.59,197.32,0.3503,-1,-1,-1
259,2,144.11,565.77,93.43,244.36,0.6294,-1,-1,-1
259,3,938.71,914.25,76.21,164.32,0.7312,-1,-1,-1
259,4,1719.81,459.40,74.96,208.42,0.5659,-1,-1,-1
259,5,1400.90,566.48,81.61,236.92,0.5807,-1,-1,-1
259,6,222.92,452.44,62.28,196.35,0.5076,-1,-1,-1
259,8,486.81,381.59,70.27,223.85,0.6665,-1,-1,-1
259,11,939.72,103.56,64.80,179.13,0.4217,-1,-1,-1
259,17,803.67,353.07,71.15,202.47,0.4061,-1,-1,-1
259,19,388.03,491.88,83.15,233.90,0.6588,-1,-1,-1
259,29,574.24,389.87,62.86,201.61,0.7459,-1,-1,-1
259,32,872.24,367.67,51.62,180.64,0.3330,-1,-1,-1
259,42,234.31,754.79,87.35,263.53,0.7447,-1,-1,-1
259,45,793.57,156.31,58.52,163.40,0.2296,-1,-1,-1
259,46,1062.72,112.06,58.27,181.66,0.3281,-1,-1,-1
259,50,209.46,679.05,91.46,131.20,0.4733,-1,-1,-1
259,51,1136.14,103.05,60.34,167.67,0.2672,-1,-1,-1
260,1,457.80,162.60,69.60,197.77,0.3781,-1,-1,-1
260,2,151.24,564.73,87.76,245.80,0.6332,-1,-1,-1
260,3,939.57,914.87,78.47,162.25,0.7218,-1,-1,-1
260,4,1719.62,459.30,74.55,208.62,0.5936,-1,-1,-1
260,5,1403.36,566.10,79.07,239.44,0.5554,-1,-1,-1
260,6,222.48,451.47,62.94,194.48,0.5112,-1,-1,-1
260,8,490.16,380.14,67.67,225.98,0.6646,-1,-1,-1
260,11,939.36,101.29,65.77,174.77,0.4337,-1,-1,-1
260,17,806.29,354.82,66.31,200.20,0.3884,-1,-1,-1
260,19,383.35,490.75,87.66,235.53,0.6629,-1,-1,-1
260,29,573.67,390.87,62.13,199.41,0.7537,-1,-1,-1
260,32,869.72,366.70,63.47,183.19,0.3022,-1,-1,-1
260,42,237.24,757.87,85.44,266.48,0.7316,-1,-1,-1
260,45,791.76,153.55,63.72,165.88,0.2427,-1,-1,-1
260,46,1061.16,110.82,56.11,183.77,0.3489,-1,-1,-1
260,50,215.57,682.09,86.74,124.60,0.5329,-1,-1,-1
260,51,1133.75,102.69,58.39,169.26,0.2846,-1,-1,-1
261,1,451.70,161.28,77.37,201.57,0.3818,-1,-1,-1
261,2,159.13,565.00,80.04,247.63,0.6519,-1,-1,-1
261,3,939.44,915.09,80.63,163.51,0.7266,-1,-1,-1
261,4,1720.75,459.66,73.68,208.87,0.6020,-1,-1,-1
261,5,1409.62,565.79,74.48,240.03,0.5550,-1,-1,-1
261,6,222.40,450.12,62.92,193.43,0.4865,-1,-1,-1
261,8,486.98,383.98,69.90,220.87,0.6925,-1,-1,-1
261,11,938.99,99.02,65.50,173.55,0.4465,-1,-1,-1
261,17,803.78,354.24,71.57,202.01,0.3679,-1,-1,-1
261,19,377.80,488.51,92.54,237.85,0.6500,-1,-1,-1
261,29,573.73,392.79,61.51,196.72,0.7500,-1,-1,-1
261,32,872.86,370.31,50.64,182.15,0.2643,-1,-1,-1
261,42,239.58,763.52,83.00,257.02,0.6982,-1,-1,-1
261,45,791.49,155.49,60.43,164.63,0.2370,-1,-1,-1
261,46,1060.42,109.43,57.32,183.51,0.2990,-1,-1,-1
261,50,217.68,684.67,86.00,126.49,0.6259,-1,-1,-1
261,51,1131.97,100.59,58.31,167.52,0.2543,-1,-1,-1
262,1,458.58,162.14,69.36,199.08,0.3829,-1,-1,-1
262,2,162.31,565.56,83.14,250.37,0.6465,-1,-1,-1
262,3,937.49,917.56,83.00,159.57,0.7259,-1,-1,-1
262,4,1720.21,460.01,74.37,208.21,0.5975,-1,-1,-1
262,5,1410.07,563.86,77.87,240.37,0.5657,-1,-1,-1
262,6,222.31,448.91,63.13,192.64,0.5155,-1,-1,-1
262,8,488.10,384.73,68.59,220.13,0.7171,-1,-1,-1
262,11,937.51,98.06,66.65,171.18,0.4975,-1,-1,-1
262,17,806.38,355.38,67.57,201.65,0.4099,-1,-1,-1
262,19,376.27,487.41,93.81,237.85,0.6318,-1,-1,-1
262,29,573.29,395.51,61.41,196.09,0.7394,-1,-1,-1
262,32,875.26,368.05,61.82,188.20,0.2276,-1,-1,-1
262,42,241.38,764.62,85.63,263.99,0.6902,-1,-1,-1
262,45,788.56,151.38,66.62,168.50,0.2340,-1,-1,-1
262,46,1058.33,108.12,57.19,184.01,0.3794,-1,-1,-1
262,50,222.66,687.31,81.63,125.75,0.5700,-1,-1,-1
262,51,1131.52,100.65,59.25,168.16,0.2937,-1,-1,-1
263,1,455.00,160.54,70.54,201.76,0.3689,-1,-1,-1
263,2,166.60,565.31,79.12,251.18,0.6849,-1,-1,-1
263,3,936.40,918.39,85.20,158.39,0.7389,-1,-1,-1
263,4,1719.75,460.02,75.02,208.03,0.5748,-1,-1,-1
263,5,1410.33,565.26,76.80,236.58,0.5904,-1,-1,-1
263,6,223.85,446.11,62.22,191.05,0.5292,-1,-1,-1
263,8,487.65,384.88,68.91,219.77,0.6987,-1,-1,-1
263,11,938.94,96.12,65.08,174.74,0.4824,-1,-1,-1
263,17,804.05,355.51,74.23,205.09,0.4034,-1,-1,-1
263,19,375.68,485.90,93.55,238.84,0.6113,-1,-1,-1
263,29,572.58,396.79,62.34,198.74,0.7112,-1,-1,-1
263,32,875.23,372.52,49.50,185.27,0.2632,-1,-1,-1
263,42,242.89,768.40,86.11,262.66,0.6766,-1,-1,-1
263,45,789.67,150.72,65.71,169.34,0.2085,-1,-1,-1
263,46,1056.75,106.87,57.99,184.50,0.3942,-1,-1,-1
263,50,224.29,688.73,83.99,124.45,0.4629,-1,-1,-1
263,51,1130.52,99.13,57.86,166.71,0.2750,-1,-1,-1
264,1,459.06,160.54,66.60,199.99,0.3369,-1,-1,-1
264,2,169.77,564.29,77.73,252.55,0.6908,-1,-1,-1
264,3,937.30,919.73,84.67,156.20,0.7556,-1,-1,-1
264,4,1720.83,459.70,74.03,208.59,0.5852,-1,-1,-1
264,5,1410.57,565.67,80.51,236.65,0.6136,-1,-1,-1
264,6,225.96,447.80,60.81,186.97,0.5645,-1,-1,-1
264,8,486.18,385.06,70.60,218.10,0.6881,-1,-1,-1
264,11,937.74,94.39,66.48,177.63,0.4419,-1,-1,-1
264,17,802.19,358.21,69.53,204.87,0.3866,-1,-1,-1
264,19,374.16,485.28,94.40,238.35,0.6065,-1,-1,-1
264,29,570.73,397.28,62.64,200.07,0.6863,-1,-1,-1
264,32,873.79,370.58,63.42,188.39,0.2840,-1,-1,-1
264,42,246.00,772.07,86.87,260.36,0.7457,-1,-1,-1
264,45,790.66,154.31,60.36,165.44,0.2318,-1,-1,-1
264,46,1054.35,106.76,58.08,178.42,0.3513,-1,-1,-1
264,50,233.62,692.14,75.32,119.95,0.6158,-1,-1,-1
264,51,1127.97,97.50,56.96,167.88,0.2765,-1,-1,-1
265,1,460.16,161.41,63.90,199.34,0.3691,-1,-1,-1
265,2,173.40,565.65,75.55,254.11,0.6913,-1,-1,-1
265,3,938.46,919.86,84.73,156.58,0.7549,-1,-1,-1
265,4,1720.60,460.04,74.11,208.34,0.5996,-1,-1,-1
265,5,1410.94,566.17,79.49,239.39,0.5840,-1,-1,-1
265,6,227.24,444.29,60.43,188.50,0.5322,-1,-1,-1
265,8,486.04,385.26,69.55,218.26,0.6724,-1,-1,-1
265,11,939.40,93.15,64.28,179.75,0.4713,-1,-1,-1
265,17,802.51,358.66,73.55,207.75,0.3694,-1,-1,-1
265,19,373.56,484.54,94.30,238.52,0.6553,-1,-1,-1
265,29,569.91,399.00,63.44,198.80,0.7273,-1,-1,-1
265,32,876.67,370.90,62.61,194.41,0.2440,-1,-1,-1
265,42,246.85,771.47,86.19,261.40,0.7688,-1,-1,-1
265,45,788.87,150.94,65.94,169.32,0.2233,-1,-1,-1
265,46,1054.15,106.01,56.38,176.17,0.3858,-1,-1,-1
265,50,239.29,695.45,69.87,120.09,0.5732,-1,-1,-1
265,51,1126.80,96.37,56.30,164.12,0.3300,-1,-1,-1
266,1,460.98,160.20,63.84,201.50,0.3197,-1,-1,-1
266,2,176.09,566.32,77.65,255.97,0.6941,-1,-1,-1
266,3,938.07,920.37,85.97,156.21,0.7622,-1,-1,-1
266,4,1720.32,460.45,74.24,208.06,0.5879,-1,-1,-1
266,5,1411.44,566.53,79.77,243.65,0.5752,-1,-1,-1
266,6,225.48,443.94,62.14,183.45,0.4972,-1,-1,-1
266,8,484.68,385.02,69.01,220.55,0.6270,-1,-1,-1
266,11,939.77,92.58,64.99,179.21,0.4623,-1,-1,-1
266,17,801.59,359.81,77.31,209.86,0.4062,-1,-1,-1
266,19,373.80,484.13,94.06,237.21,0.6412,-1,-1,-1
266,29,567.77,401.17,64.54,202.53,0.6685,-1,-1,-1
266,32,876.41,370.04,59.06,198.59,0.2039,-1,-1,-1
266,42,249.87,773.90,92.35,258.86,0.7721,-1,-1,-1
266,45,786.57,149.85,69.05,170.65,0.2561,-1,-1,-1
266,46,1053.72,105.07,56.31,177.92,0.4399,-1,-1,-1
266,50,246.78,698.79,65.04,117.83,0.5321,-1,-1,-1
266,51,1126.37,96.26,55.09,164.91,0.3498,-1,-1,-1
267,1,461.59,159.57,64.41,201.43,0.3718,-1,-1,-1
267,2,178.97,567.59,77.64,260.36,0.6889,-1,-1,-1
267,3,939.34,920.12,85.16,156.70,0.7632,-1,-1,-1
267,4,1720.13,460.06,75.14,207.96,0.5663,-1,-1,-1
267,5,1412.00,565.26,78.65,245.03,0.5645,-1,-1,-1
267,6,223.96,441.28,64.03,185.13,0.4929,-1,-1,-1
267,8,481.36,386.05,70.63,221.72,0.6267,-1,-1,-1
267,11,940.65,91.93,64.68,179.75,0.4578,-1,-1,-1
267,17,802.14,362.10,72.07,211.94,0.3865,-1,-1,-1
267,19,373.66,481.18,92.95,238.23,0.6057,-1,-1,-1
267,29,566.87,402.41,65.03,205.25,0.6494,-1,-1,-1
267,32,874.32,371.59,70.82,197.67,0.2206,-1,-1,-1
267,42,248.45,771.75,94.20,261.78,0.7599,-1,-1,-1
267,45,787.11,150.16,69.64,170.31,0.2780,-1,-1,-1
267,46,1051.11,104.31,58.38,179.12,0.4618,-1,-1,-1
267,50,248.74,701.90,67.36,114.41,0.5135,-1,-1,-1
267,51,1124.18,96.15,56.97,166.84,0.3920,-1,-1,-1
268,1,462.06,157.05,65.08,203.49,0.3774,-1,-1,-1
268,2,182.20,569.16,76.04,258.42,0.7068,-1,-1,-1
268,3,941.59,919.92,83.08,157.04,0.7568,-1,-1,-1
268,4,1720.42,460.04,73.79,208.09,0.5821,-1,-1,-1
268,5,1412.66,564.68,78.20,245.45,0.5973,-1,-1,-1
268,6,223.82,439.69,63.93,187.16,0.5360,-1,-1,-1
268,8,478.89,388.54,72.87,223.59,0.6271,-1,-1,-1
268,11,942.40,92.28,65.00,178.90,0.4519,-1,-1,-1
268,17,803.65,362.90,70.58,214.94,0.3730,-1,-1,-1
268,19,373.81,479.45,91.01,238.99,0.6350,-1,-1,-1
268,29,565.65,402.99,66.21,206.06,0.6237,-1,-1,-1
268,32,874.16,373.09,67.59,196.82,0.2420,-1,-1,-1
268,42,251.38,769.10,88.27,264.37,0.7399,-1,-1,-1
268,45,785.79,149.62,71.28,170.81,0.2655,-1,-1,-1
268,46,1049.90,104.95,59.18,178.05,0.4551,-1,-1,-1
268,50,253.68,704.32,65.73,112.55,0.5509,-1,-1,-1
268,51,1122.71,96.49,57.60,167.42,0.4186,-1,-1,-1
268,55,702.62,324.97,63.14,217.93,0.2436,-1,-1,-1
269,1,461.75,158.89,66.26,199.27,0.4065,-1,-1,-1
269,2,183.44,571.49,79.91,252.42,0.7150,-1,-1,-1
269,3,943.70,920.33,82.12,157.12,0.7535,-1,-1,-1
269,4,1720.66,460.68,73.89,206.85,0.5950,-1,-1,-1
269,5,1413.80,566.66,78.75,243.79,0.5774,-1,-1,-1
269,6,224.75,437.37,63.73,190.05,0.4996,-1,-1,-1
269,8,475.66,389.78,75.35,221.88,0.6341,-1,-1,-1
269,11,942.58,92.13,64.83,178.40,0.4950,-1,-1,-1
269,17,806.25,365.93,64.50,212.62,0.4072,-1,-1,-1
269,19,374.90,477.70,90.05,239.30,0.6515,-1,-1,-1
269,29,565.70,399.81,66.94,209.48,0.6023,-1,-1,-1
269,32,871.83,376.45,75.73,192.68,0.2808,-1,-1,-1
269,42,251.83,773.84,90.44,260.06,0.7186,-1,-1,-1
269,45,785.36,149.51,71.95,170.72,0.2448,-1,-1,-1
269,46,1048.61,104.66,59.08,176.00,0.4419,-1,-1,-1
269,50,256.68,705.74,67.17,113.25,0.5814,-1,-1,-1
269,51,1121.59,96.10,57.73,167.67,0.3701,-1,-1,-1
269,55,704.24,327.58,63.11,218.25,0.3407,-1,-1,-1
270,1,462.62,154.88,62.05,202.01,0.3796,-1,-1,-1
270,2,184.83,572.26,83.70,246.90,0.6863,-1,-1,-1
270,3,944.71,920.75,81.38,157.65,0.7534,-1,-1,-1
270,4,1720.63,461.18,73.92,206.46,0.5572,-1,-1,-1
270,5,1416.69,570.37,80.46,240.51,0.5725,-1,-1,-1
270,6,225.48,436.49,62.92,191.17,0.4763,-1,-1,-1
270,8,474.74,392.51,75.24,221.45,0.6352,-1,-1,-1
270,11,941.45,91.79,67.20,178.49,0.4796,-1,-1,-1
270,17,805.98,367.65,64.90,211.12,0.3727,-1,-1,-1
270,19,375.66,475.28,88.73,235.57,0.6318,-1,-1,-1
270,29,564.53,401.24,68.23,212.36,0.6091,-1,-1,-1
270,32,876.15,377.99,53.56,191.40,0.2633,-1,-1,-1
270,42,257.08,768.69,86.08,263.94,0.7721,-1,-1,-1
270,45,787.88,153.21,63.84,167.18,0.2432,-1,-1,-1
270,46,1047.43,102.85,58.50,177.58,0.4390,-1,-1,-1
270,50,258.88,706.13,70.40,108.88,0.5549,-1,-1,-1
270,51,1120.54,96.11,57.78,167.70,0.3622,-1,-1,-1
270,55,711.54,329.10,58.66,196.40,0.2507,-1,-1,-1
271,1,462.82,155.95,64.22,200.92,0.3574,-1,-1,-1
271,2,186.63,574.44,85.54,245.42,0.6567,-1,-1,-1
271,3,945.85,921.56,80.79,156.74,0.7298,-1,-1,-1
271,4,1719.70,460.30,75.04,208.21,0.5729,-1,-1,-1
271,5,1420.33,573.75,79.85,238.45,0.5319,-1,-1,-1
271,6,225.90,435.83,62.34,192.00,0.4745,-1,-1,-1
271,8,473.50,393.73,76.06,219.77,0.6233,-1,-1,-1
271,11,942.16,91.06,66.53,177.70,0.5092,-1,-1,-1
271,17,811.37,370.61,60.62,213.04,0.4101,-1,-1,-1
271,19,379.47,471.64,84.74,229.28,0.6262,-1,-1,-1
271,29,565.10,402.09,66.23,209.22,0.6052,-1,-1,-1
271,32,879.31,378.72,53.51,187.87,0.3143,-1,-1,-1
271,42,259.31,771.71,85.25,261.18,0.7409,-1,-1,-1
271,45,786.80,150.45,70.01,169.81,0.2650,-1,-1,-1
271,46,1044.90,103.57,59.75,178.62,0.4236,-1,-1,-1
271,50,262.22,708.31,71.31,113.59,0.4838,-1,-1,-1
271,51,1117.96,95.64,58.27,167.57,0.3140,-1,-1,-1
271,55,719.13,334.06,55.38,185.28,0.2529,-1,-1,-1
272,1,463.18,154.25,66.21,201.20,0.3680,-1,-1,-1
272,2,188.56,574.23,87.45,246.23,0.6757,-1,-1,-1
272,3,945.89,921.63,80.83,156.59,0.7204,-1,-1,-1
272,4,1719.98,460.17,74.40,207.22,0.5565,-1,-1,-1
272,5,1422.66,575.89,79.71,240.37,0.5215,-1,-1,-1
272,6,228.09,433.48,59.96,187.46,0.4561,-1,-1,-1
272,8,471.94,395.24,76.53,219.41,0.5973,-1,-1,-1
272,11,941.43,90.62,68.52,178.39,0.4870,-1,-1,-1
272,17,810.19,371.76,61.53,214.57,0.3805,-1,-1,-1
272,19,386.31,468.14,79.86,226.21,0.5989,-1,-1,-1
272,29,564.64,402.84,65.68,212.82,0.5584,-1,-1,-1
272,32,877.56,379.99,59.85,186.25,0.3425,-1,-1,-1
272,42,259.08,781.66,88.85,257.40,0.7345,-1,-1,-1
272,45,788.10,149.70,67.91,171.00,0.2526,-1,-1,-1
272,46,1042.06,103.51,60.88,178.87,0.3877,-1,-1,-1
272,50,268.51,708.18,71.43,118.53,0.5302,-1,-1,-1
272,51,1116.26,96.40,55.83,165.80,0.3192,-1,-1,-1
273,1,463.61,152.60,64.58,199.72,0.4027,-1,-1,-1
273,2,190.11,575.22,90.75,245.81,0.6844,-1,-1,-1
273,3,945.53,921.94,81.51,156.49,0.7238,-1,-1,-1
273,4,1719.99,460.60,73.91,207.51,0.5632,-1,-1,-1
273,5,1423.92,580.45,77.93,235.94,0.4945,-1,-1,-1
273,6,229.39,432.68,58.53,184.15,0.4702,-1,-1,-1
273,8,471.22,396.35,74.95,218.69,0.6050,-1,-1,-1
273,11,942.28,89.30,65.99,178.79,0.4870,-1,-1,-1
273,17,808.54,372.50,64.19,211.51,0.3513,-1,-1,-1
273,19,388.67,464.92,77.27,226.05,0.5880,-1,-1,-1
273,29,562.26,404.18,67.38,212.39,0.5551,-1,-1,-1
273,32,882.66,379.13,55.91,189.68,0.3362,-1,-1,-1
273,42,257.28,781.81,93.10,261.99,0.7258,-1,-1,-1
273,45,787.54,149.66,68.21,170.78,0.2517,-1,-1,-1
273,46,1039.47,102.59,63.16,178.08,0.3601,-1,-1,-1
273,50,273.59,708.37,73.39,126.91,0.5797,-1,-1,-1
273,51,1114.02,95.31,63.12,166.64,0.3020,-1,-1,-1
274,1,462.97,151.81,63.72,196.14,0.4007,-1,-1,-1
274,2,192.76,576.40,91.23,247.37,0.6970,-1,-1,-1
274,3,945.87,922.19,81.03,156.64,0.7052,-1,-1,-1
274,4,1720.67,460.17,73.45,207.84,0.5957,-1,-1,-1
274,5,1425.18,579.33,78.54,239.59,0.5301,-1,-1,-1
274,6,228.89,431.83,58.67,183.19,0.4647,-1,-1,-1
274,8,470.71,397.31,73.97,218.80,0.6263,-1,-1,-1
274,11,942.62,88.18,65.12,179.79,0.5133,-1,-1,-1
274,17,806.30,373.59,63.25,212.02,0.3430,-1,-1,-1
274,19,387.54,461.89,78.67,228.27,0.6264,-1,-1,-1
274,29,559.96,404.86,67.18,211.30,0.5387,-1,-1,-1
274,32,884.12,382.16,54.98,188.86,0.3442,-1,-1,-1
274,42,262.31,786.42,93.75,262.57,0.7135,-1,-1,-1
274,45,789.65,150.11,65.71,170.00,0.2445,-1,-1,-1
274,46,1034.93,102.13,68.28,178.58,0.3891,-1,-1,-1
274,50,276.68,708.89,74.88,141.09,0.6449,-1,-1,-1
274,51,1112.68,94.65,64.30,165.95,0.3398,-1,-1,-1
275,1,463.19,150.94,64.02,194.30,0.4059,-1,-1,-1
275,2,194.29,578.43,94.77,250.07,0.6721,-1,-1,-1
275,3,944.46,922.23,82.95,156.64,0.7191,-1,-1,-1
275,4,1720.43,460.03,73.56,207.63,0.5894,-1,-1,-1
275,5,1428.16,579.93,77.52,239.70,0.5137,-1,-1,-1
275,6,228.48,431.50,59.89,188.98,0.3306,-1,-1,-1
275,8,470.13,397.22,72.70,216.44,0.6603,-1,-1,-1
275,11,942.32,86.00,65.37,181.23,0.5045,-1,-1,-1
275,17,812.02,374.12,60.95,210.55,0.3952,-1,-1,-1
275,19,386.63,461.61,79.59,226.78,0.6091,-1,-1,-1
275,29,559.40,405.45,66.28,208.46,0.5936,-1,-1,-1
275,32,886.26,380.28,54.37,191.58,0.3532,-1,-1,-1
275,42,267.02,781.71,91.64,268.66,0.7073,-1,-1,-1
275,45,789.97,149.63,65.25,170.34,0.2366,-1,-1,-1
275,46,1031.77,102.54,70.20,179.03,0.3346,-1,-1,-1
275,50,276.21,711.70,84.30,142.09,0.4196,-1,-1,-1
275,51,1111.13,94.39,64.08,168.43,0.3055,-1,-1,-1
275,55,737.69,337.26,52.68,175.92,0.2098,-1,-1,-1
276,1,462.56,149.62,65.83,194.34,0.4033,-1,-1,-1
276,2,195.33,577.43,94.75,248.96,0.6742,-1,-1,-1
276,3,943.68,922.78,83.92,156.16,0.7474,-1,-1,-1
276,4,1719.42,460.45,74.67,206.85,0.5936,-1,-1,-1
276,5,1432.08,578.98,74.78,242.01,0.5352,-1,-1,-1
276,6,228.31,428.87,59.44,192.49,0.3343,-1,-1,-1
276,8,468.43,398.65,73.22,216.81,0.6657,-1,-1,-1
276,11,943.45,84.55,62.96,180.51,0.4557,-1,-1,-1
276,17,808.82,373.95,64.37,210.83,0.4059,-1,-1,-1
276,19,387.75,460.24,78.49,227.16,0.6331,-1,-1,-1
276,29,557.53,407.24,67.51,205.85,0.6343,-1,-1,-1
276,32,886.07,381.93,56.53,190.99,0.3084,-1,-1,-1
276,42,271.60,782.97,90.82,272.21,0.6274,-1,-1,-1
276,45,790.68,153.11,59.27,167.61,0.2700,-1,-1,-1
276,46,1031.62,102.75,68.70,179.72,0.3315,-1,-1,-1
276,50,279.09,715.27,86.54,142.21,0.3023,-1,-1,-1
276,51,1108.51,94.42,65.54,168.15,0.2949,-1,-1,-1
276,55,740.58,336.67,51.52,175.07,0.2347,-1,-1,-1
277,1,463.41,147.30,66.04,195.77,0.3743,-1,-1,-1
277,2,196.55,576.66,89.98,249.61,0.6511,-1,-1,-1
277,3,943.49,923.52,84.35,154.84,0.7532,-1,-1,-1
277,4,1719.04,459.76,75.05,208.71,0.5914,-1,-1,-1
277,5,1434.78,579.91,73.72,242.79,0.4922,-1,-1,-1
277,6,228.73,425.67,58.74,185.90,0.3925,-1,-1,-1
277,8,466.72,401.12,72.04,216.51,0.6862,-1,-1,-1
277,11,943.80,83.87,59.68,175.12,0.4655,-1,-1,-1
277,17,808.90,374.86,65.57,210.07,0.3859,-1,-1,-1
277,19,388.64,459.59,78.66,228.04,0.6070,-1,-1,-1
277,29,557.36,410.03,66.08,203.48,0.6588,-1,-1,-1
277,32,883.67,387.14,64.47,183.76,0.3393,-1,-1,-1
277,42,273.12,784.11,87.29,277.77,0.6549,-1,-1,-1
277,45,789.97,150.99,65.91,170.19,0.2591,-1,-1,-1
277,46,1030.66,102.82,68.83,179.78,0.3396,-1,-1,-1
277,50,281.68,718.92,90.80,142.76,0.5351,-1,-1,-1
277,51,1107.61,94.64,62.75,165.52,0.2799,-1,-1,-1
278,1,464.21,146.74,64.59,196.31,0.3444,-1,-1,-1
278,2,198.07,575.85,84.96,251.24,0.6497,-1,-1,-1
278,3,943.43,923.56,84.45,154.13,0.7648,-1,-1,-1
278,4,1719.34,459.37,75.24,209.44,0.5587,-1,-1,-1
278,5,1436.16,582.48,74.31,242.32,0.4417,-1,-1,-1
278,6,228.31,423.89,59.54,178.57,0.4294,-1,-1,-1
278,8,465.93,401.27,70.26,217.03,0.6677,-1,-1,-1
278,11,942.18,81.94,62.76,175.89,0.4536,-1,-1,-1
278,17,813.55,376.33,61.84,208.48,0.3509,-1,-1,-1
278,19,388.57,459.49,80.03,226.76,0.5992,-1,-1,-1
278,29,555.31,411.33,67.27,204.45,0.6527,-1,-1,-1
278,32,884.28,388.32,63.66,183.41,0.3860,-1,-1,-1
278,42,275.43,789.73,81.54,272.74,0.6248,-1,-1,-1
278,45,790.38,152.66,60.39,166.99,0.2420,-1,-1,-1
278,46,1032.12,102.00,62.99,178.30,0.3736,-1,-1,-1
278,50,283.22,721.79,98.92,144.27,0.6411,-1,-1,-1
278,51,1106.16,94.80,62.66,166.69,0.2834,-1,-1,-1
278,55,743.19,335.33,56.29,181.01,0.4035,-1,-1,-1
279,1,463.85,146.88,64.88,196.77,0.3496,-1,-1,-1
279,2,202.39,577.23,77.38,250.46,0.5854,-1,-1,-1
279,3,942.70,923.98,85.17,154.05,0.7580,-1,-1,-1
279,4,1720.88,459.22,73.26,209.54,0.5633,-1,-1,-1
279,5,1436.34,589.19,73.10,237.03,0.2938,-1,-1,-1
279,6,229.30,422.96,58.81,176.26,0.4423,-1,-1,-1
279,8,465.64,404.10,69.27,212.19,0.6874,-1,-1,-1
279,11,942.05,79.29,60.90,177.58,0.4305,-1,-1,-1
279,17,816.76,378.51,58.69,207.24,0.4007,-1,-1,-1
279,19,387.54,458.96,82.02,228.84,0.5893,-1,-1,-1
279,29,554.77,412.98,66.65,204.35,0.6605,-1,-1,-1
279,32,884.27,387.93,58.23,187.33,0.3342,-1,-1,-1
279,42,276.97,794.49,82.96,278.57,0.6440,-1,-1,-1
279,45,790.34,153.46,59.50,167.06,0.2597,-1,-1,-1
279,46,1031.18,101.60,62.30,177.07,0.3972,-1,-1,-1
279,50,285.54,726.05,105.59,142.18,0.6469,-1,-1,-1
279,51,1103.62,93.58,58.87,162.56,0.3032,-1,-1,-1
279,55,748.60,334.04,54.61,187.32,0.3994,-1,-1,-1
280,1,463.42,145.03,66.71,199.22,0.3222,-1,-1,-1
280,2,209.31,582.78,65.92,243.32,0.5393,-1,-1,-1
280,3,941.96,924.40,86.37,153.23,0.7591,-1,-1,-1
280,4,1720.69,458.95,73.01,209.52,0.5697,-1,-1,-1
280,5,1437.27,588.37,72.72,238.00,0.3362,-1,-1,-1
280,6,229.61,421.33,58.34,178.84,0.4699,-1,-1,-1
280,8,466.09,404.98,66.68,212.95,0.7120,-1,-1,-1
280,11,941.87,78.39,61.42,178.38,0.4324,-1,-1,-1
280,17,818.19,379.70,57.15,205.16,0.3631,-1,-1,-1
280,19,388.66,457.85,80.47,230.75,0.6085,-1,-1,-1
280,29,554.22,415.38,66.08,206.86,0.6502,-1,-1,-1
280,32,883.43,391.96,63.33,188.71,0.3225,-1,-1,-1
280,42,277.14,797.09,83.14,278.56,0.6408,-1,-1,-1
280,45,789.99,152.28,66.64,168.83,0.2381,-1,-1,-1
280,46,1028.00,100.35,69.45,180.15,0.4240,-1,-1,-1
280,50,289.24,726.53,107.77,143.09,0.6621,-1,-1,-1
280,51,1102.76,94.27,62.72,160.54,0.2869,-1,-1,-1
280,55,748.96,338.87,60.51,187.14,0.4454,-1,-1,-1
281,1,463.63,144.03,67.02,200.16,0.3355,-1,-1,-1
281,2,209.10,580.90,70.44,249.40,0.5733,-1,-1,-1
281,3,941.31,923.55,86.61,154.61,0.7635,-1,-1,-1
281,4,1719.51,459.73,74.51,208.96,0.5695,-1,-1,-1
281,5,1438.60,587.12,75.32,239.01,0.4628,-1,-1,-1
281,6,228.80,419.81,60.72,185.64,0.4037,-1,-1,-1
281,8,465.25,405.40,66.22,213.11,0.6510,-1,-1,-1
281,11,941.41,77.42,60.58,178.50,0.4316,-1,-1,-1
281,17,818.84,380.09,57.51,200.83,0.3197,-1,-1,-1
281,19,390.80,457.01,77.69,230.05,0.6388,-1,-1,-1
281,29,553.72,417.98,64.84,206.70,0.6406,-1,-1,-1
281,32,886.29,394.86,63.77,185.60,0.3197,-1,-1,-1
281,42,280.08,798.25,83.68,277.50,0.6530,-1,-1,-1
281,45,789.27,151.40,65.64,169.34,0.2428,-1,-1,-1
281,46,1028.08,100.63,62.40,176.06,0.4611,-1,-1,-1
281,50,294.48,732.61,106.08,144.22,0.6478,-1,-1,-1
281,51,1102.38,93.47,57.65,158.83,0.3387,-1,-1,-1
281,55,752.77,340.38,56.99,182.74,0.3408,-1,-1,-1
282,1,463.90,143.20,67.89,201.08,0.3169,-1,-1,-1
282,2,216.40,584.94,63.53,243.86,0.6080,-1,-1,-1
282,3,940.57,923.83,87.36,153.89,0.7622,-1,-1,-1
282,4,1719.76,460.48,73.66,209.04,0.6173,-1,-1,-1
282,5,1438.83,585.25,76.20,240.19,0.4881,-1,-1,-1
282,6,228.30,416.65,61.63,190.20,0.4534,-1,-1,-1
282,8,465.77,405.96,64.31,211.09,0.6627,-1,-1,-1
282,11,940.04,77.46,61.90,177.71,0.4586,-1,-1,-1
282,17,819.47,381.00,58.81,187.60,0.2992,-1,-1,-1
282,19,390.55,455.55,76.21,228.60,0.6575,-1,-1,-1
282,29,552.50,419.29,64.54,204.28,0.6621,-1,-1,-1
282,32,887.28,396.00,65.02,188.39,0.2270,-1,-1,-1
282,42,281.76,800.28,84.09,276.06,0.7253,-1,-1,-1
282,45,790.04,152.97,59.27,167.01,0.2616,-1,-1,-1
282,46,1025.85,99.85,62.52,174.78,0.4221,-1,-1,-1
282,50,298.67,733.83,106.47,145.28,0.6498,-1,-1,-1
282,51,1101.82,92.61,55.97,160.52,0.3543,-1,-1,-1
282,55,756.08,341.67,56.92,178.42,0.4191,-1,-1,-1
283,1,464.01,143.96,68.22,200.13,0.3050,-1,-1,-1
283,2,219.22,584.22,64.38,245.05,0.5959,-1,-1,-1
283,3,940.74,923.61,87.50,154.00,0.7733,-1,-1,-1
283,4,1720.63,459.40,73.44,209.61,0.6068,-1,-1,-1
283,5,1439.90,583.77,76.83,241.76,0.4626,-1,-1,-1
283,6,228.72,412.93,60.89,180.05,0.4085,-1,-1,-1
283,8,466.13,407.76,64.29,212.28,0.6527,-1,-1,-1
283,11,940.52,79.09,58.68,171.87,0.4800,-1,-1,-1
283,17,819.68,384.02,58.42,194.68,0.3039,-1,-1,-1
283,19,389.12,451.50,78.22,231.43,0.6539,-1,-1,-1
283,29,553.28,421.17,61.43,205.80,0.6490,-1,-1,-1
283,32,886.32,396.45,66.73,194.34,0.2524,-1,-1,-1
283,42,282.91,799.10,85.22,277.32,0.7065,-1,-1,-1
283,45,788.28,152.13,67.43,168.24,0.2497,-1,-1,-1
283,46,1023.55,98.80,62.75,174.95,0.4459,-1,-1,-1
283,50,302.80,736.00,105.85,138.61,0.5685,-1,-1,-1
283,51,1100.52,92.27,57.24,162.05,0.3726,-1,-1,-1
283,55,759.80,343.64,56.98,175.74,0.3781,-1,-1,-1
284,1,462.89,143.10,67.70,200.19,0.3473,-1,-1,-1
284,2,223.42,579.71,63.60,254.21,0.5683,-1,-1,-1
284,3,938.63,922.75,89.46,155.12,0.7675,-1,-1,-1
284,4,1720.23,460.00,74.07,209.02,0.5957,-1,-1,-1
284,5,1440.66,581.11,77.30,244.65,0.4512,-1,-1,-1
284,6,228.75,412.44,60.16,176.57,0.3866,-1,-1,-1
284,8,464.74,409.54,66.73,215.92,0.6229,-1,-1,-1
284,11,940.87,78.95,59.10,171.69,0.4639,-1,-1,-1
284,17,819.85,384.71,60.57,195.33,0.2564,-1,-1,-1
284,19,391.98,449.21,74.76,232.70,0.6506,-1,-1,-1
284,29,552.27,423.66,63.28,209.68,0.6639,-1,-1,-1
284,32,891.90,396.43,64.44,194.21,0.2396,-1,-1,-1
284,42,282.79,800.66,86.98,276.71,0.7151,-1,-1,-1
284,45,788.72,152.64,61.36,168.31,0.2881,-1,-1,-1
284,46,1021.16,97.29,63.10,177.30,0.4289,-1,-1,-1
284,50,307.21,738.53,102.63,137.52,0.5650,-1,-1,-1
284,51,1098.59,92.31,57.12,163.12,0.3415,-1,-1,-1
284,55,763.57,345.82,57.41,174.61,0.3544,-1,-1,-1
285,1,463.06,143.14,65.31,200.12,0.3228,-1,-1,-1
285,2,227.06,579.02,63.80,254.99,0.5533,-1,-1,-1
285,3,937.80,922.31,89.65,155.17,0.7729,-1,-1,-1
285,4,1720.46,460.26,74.36,208.31,0.5922,-1,-1,-1
285,5,1444.75,578.97,78.86,246.36,0.5630,-1,-1,-1
285,6,227.68,413.93,62.67,183.21,0.3948,-1,-1,-1
285,8,464.80,410.04,66.37,218.21,0.6044,-1,-1,-1
285,11,940.52,79.11,60.88,173.95,0.4671,-1,-1,-1
285,17,822.37,386.82,58.90,194.35,0.2985,-1,-1,-1
285,19,392.11,448.13,74.07,232.19,0.6455,-1,-1,-1
285,29,551.30,424.08,61.07,211.20,0.6510,-1,-1,-1
285,32,890.75,398.95,56.95,194.70,0.2541,-1,-1,-1
285,42,283.52,801.92,88.27,275.55,0.6991,-1,-1,-1
285,45,789.09,151.32,65.98,169.59,0.2806,-1,-1,-1
285,46,1019.64,97.08,66.80,176.59,0.4515,-1,-1,-1
285,50,306.89,740.82,104.27,137.77,0.5552,-1,-1,-1
285,51,1095.91,91.23,57.05,162.56,0.3309,-1,-1,-1
285,55,766.62,351.34,58.77,184.51,0.3455,-1,-1,-1
286,1,463.04,144.23,62.95,197.91,0.2980,-1,-1,-1
286,2,231.15,577.07,63.53,257.21,0.5325,-1,-1,-1
286,3,939.85,921.95,86.41,155.79,0.7626,-1,-1,-1
286,4,1721.02,460.01,72.75,208.52,0.6189,-1,-1,-1
286,5,1447.22,579.63,78.57,247.87,0.4734,-1,-1,-1
286,6,229.67,413.26,60.91,196.80,0.2954,-1,-1,-1
286,8,464.29,411.43,66.44,223.84,0.6034,-1,-1,-1
286,11,940.50,78.68,61.06,174.78,0.4633,-1,-1,-1
286,17,825.74,387.13,56.88,202.39,0.3669,-1,-1,-1
286,19,392.00,445.70,73.66,231.09,0.6354,-1,-1,-1
286,29,548.53,425.18,63.28,211.61,0.6247,-1,-1,-1
286,32,894.18,398.71,65.07,196.19,0.3530,-1,-1,-1
286,42,284.00,804.15,91.75,272.44,0.7237,-1,-1,-1
286,45,790.32,152.14,65.42,169.05,0.2639,-1,-1,-1
286,46,1018.51,97.19,59.10,178.27,0.4879,-1,-1,-1
286,50,307.30,742.58,103.55,137.52,0.5518,-1,-1,-1
286,51,1095.36,90.01,52.54,165.29,0.3439,-1,-1,-1
286,55,770.70,353.31,58.10,194.00,0.2741,-1,-1,-1
287,1,461.73,143.84,64.45,198.11,0.3322,-1,-1,-1
287,2,232.92,579.82,64.38,254.92,0.5415,-1,-1,-1
287,3,939.51,922.19,86.02,155.81,0.7804,-1,-1,-1
287,4,1720.52,459.66,73.16,209.06,0.6030,-1,-1,-1
287,5,1449.99,579.59,79.75,247.15,0.5467,-1,-1,-1
287,6,230.05,413.67,61.74,209.92,0.3055,-1,-1,-1
287,8,464.22,412.34,65.73,224.67,0.5948,-1,-1,-1
287,11,940.06,78.06,61.29,176.65,0.4455,-1,-1,-1
287,17,822.81,392.19,70.86,204.30,0.3674,-1,-1,-1
287,19,392.13,443.43,74.29,224.15,0.6025,-1,-1,-1
287,29,544.56,425.58,65.94,211.13,0.6306,-1,-1,-1
287,32,893.20,399.27,62.85,195.77,0.3645,-1,-1,-1
287,42,285.24,808.81,94.13,266.71,0.7506,-1,-1,-1
287,45,789.81,152.32,65.26,169.49,0.2822,-1,-1,-1
287,46,1018.00,97.00,59.78,178.06,0.4822,-1,-1,-1
287,50,309.66,741.63,101.52,139.42,0.5593,-1,-1,-1
287,51,1092.85,90.68,56.07,164.46,0.3680,-1,-1,-1
287,55,776.61,350.60,56.50,188.69,0.2439,-1,-1,-1
288,1,462.48,144.13,66.43,197.28,0.3257,-1,-1,-1
288,2,233.29,579.24,67.20,255.40,0.5718,-1,-1,-1
288,3,940.58,921.69,83.87,156.01,0.7591,-1,-1,-1
288,4,1720.59,460.03,73.00,208.50,0.6029,-1,-1,-1
288,5,1450.70,583.47,81.85,240.29,0.5221,-1,-1,-1
288,6,229.99,410.02,63.39,204.25,0.3142,-1,-1,-1
288,8,461.81,408.02,66.34,228.46,0.5780,-1,-1,-1
288,11,938.49,74.86,59.12,176.21,0.5007,-1,-1,-1
288,17,824.42,394.42,72.11,203.16,0.4156,-1,-1,-1
288,19,393.17,441.25,72.51,221.60,0.6215,-1,-1,-1
288,29,542.17,426.15,67.39,210.40,0.6176,-1,-1,-1
288,32,893.78,400.15,63.75,195.69,0.3622,-1,-1,-1
288,42,286.16,812.44,94.83,266.46,0.7668,-1,-1,-1
288,45,787.85,151.88,67.41,169.67,0.2993,-1,-1,-1
288,46,1017.69,95.99,59.57,176.52,0.5109,-1,-1,-1
288,50,309.66,742.60,96.89,138.63,0.5819,-1,-1,-1
288,51,1091.79,90.44,56.52,164.46,0.4106,-1,-1,-1
288,55,781.03,352.03,55.65,200.53,0.2638,-1,-1,-1
289,1,462.94,143.61,64.47,198.15,0.3117,-1,-1,-1
289,2,234.59,580.34,69.36,253.38,0.5501,-1,-1,-1
289,3,941.44,921.04,80.63,156.40,0.7492,-1,-1,-1
289,4,1719.83,459.04,74.23,210.68,0.5916,-1,-1,-1
289,5,1452.01,582.57,83.52,238.99,0.4868,-1,-1,-1
289,6,231.54,407.65,61.92,187.63,0.4162,-1,-1,-1
289,8,461.83,411.68,65.30,227.82,0.6438,-1,-1,-1
289,11,938.07,73.58,57.65,175.39,0.5175,-1,-1,-1
289,17,825.33,394.32,70.90,203.06,0.3798,-1,-1,-1
289,19,393.09,439.23,72.95,220.98,0.6243,-1,-1,-1
289,29,540.31,427.10,68.47,210.00,0.6189,-1,-1,-1
289,32,895.95,400.06,64.79,194.84,0.3152,-1,-1,-1
289,42,289.02,812.44,95.87,266.47,0.7552,-1,-1,-1
289,45,789.19,153.54,66.00,169.11,0.2881,-1,-1,-1
289,46,1016.40,94.86,62.18,177.51,0.4757,-1,-1,-1
289,50,309.66,743.12,97.38,143.05,0.6003,-1,-1,-1
289,51,1091.46,91.23,56.33,163.98,0.3939,-1,-1,-1
289,55,782.31,350.59,56.62,194.59,0.3124,-1,-1,-1
289,57,1667.51,25.26,57.46,158.13,0.2344,-1,-1,-1
290,1,464.07,141.20,60.95,198.21,0.2718,-1,-1,-1
290,2,236.38,582.07,67.68,252.62,0.5753,-1,-1,-1
290,3,941.91,920.05,78.32,156.87,0.7548,-1,-1,-1
290,4,1720.17,459.33,74.08,209.48,0.5980,-1,-1,-1
290,5,1451.89,589.75,87.46,229.43,0.3991,-1,-1,-1
290,6,233.87,408.52,59.53,182.66,0.4541,-1,-1,-1
290,8,460.13,411.72,66.49,231.20,0.6780,-1,-1,-1
290,11,938.28,72.32,55.96,175.67,0.5208,-1,-1,-1
290,17,825.28,394.90,75.41,203.69,0.4373,-1,-1,-1
290,19,388.95,437.55,76.96,224.70,0.6026,-1,-1,-1
290,29,539.33,427.10,68.38,209.68,0.6299,-1,-1,-1
290,32,896.97,401.76,65.14,193.97,0.3233,-1,-1,-1
290,42,290.57,816.15,97.29,263.92,0.7190,-1,-1,-1
290,45,789.95,152.27,65.19,169.42,0.2887,-1,-1,-1
290,46,1015.53,93.84,61.29,177.96,0.4989,-1,-1,-1
290,50,312.38,744.07,90.91,144.75,0.6321,-1,-1,-1
290,51,1088.83,90.52,57.67,164.83,0.4068,-1,-1,-1
290,55,787.01,352.50,52.93,190.97,0.3718,-1,-1,-1
291,1,459.59,140.10,59.86,196.43,0.2986,-1,-1,-1
291,2,238.64,580.90,67.85,254.03,0.5595,-1,-1,-1
291,3,942.21,919.73,77.27,157.02,0.7535,-1,-1,-1
291,4,1721.70,459.86,73.05,208.84,0.5873,-1,-1,-1
291,5,1452.96,593.93,87.94,221.86,0.3779,-1,-1,-1
291,6,233.06,408.28,60.97,182.08,0.4296,-1,-1,-1
291,8,460.43,412.62,66.54,231.02,0.6567,-1,-1,-1
291,11,938.13,70.85,56.04,178.35,0.5040,-1,-1,-1
291,17,830.29,398.43,67.63,203.33,0.3162,-1,-1,-1
291,19,384.77,435.50,81.50,227.25,0.5990,-1,-1,-1
291,29,536.47,427.93,69.22,209.22,0.6371,-1,-1,-1
291,32,896.46,402.13,63.02,193.11,0.3132,-1,-1,-1
291,42,293.05,820.67,95.60,259.46,0.7015,-1,-1,-1
291,45,788.36,152.11,67.15,169.79,0.2779,-1,-1,-1
291,46,1014.91,92.87,61.10,178.06,0.4551,-1,-1,-1
291,50,312.65,746.21,90.19,143.89,0.6187,-1,-1,-1
291,51,1087.04,89.26,57.08,165.54,0.3645,-1,-1,-1
291,55,790.28,353.45,56.60,194.69,0.4416,-1,-1,-1
292,1,457.70,139.55,61.17,195.45,0.3089,-1,-1,-1
292,2,240.53,581.29,73.16,252.89,0.5460,-1,-1,-1
292,3,942.29,919.71,75.64,157.46,0.7393,-1,-1,-1
292,4,1719.99,460.70,74.50,208.40,0.5788,-1,-1,-1
292,5,1464.60,600.33,78.52,222.30,0.4201,-1,-1,-1
292,6,232.58,407.70,60.59,183.63,0.4533,-1,-1,-1
292,8,460.64,414.26,66.41,230.22,0.5982,-1,-1,-1
292,11,937.85,69.90,56.84,175.45,0.5273,-1,-1,-1
292,17,832.12,398.29,64.35,206.51,0.4448,-1,-1,-1
292,19,383.59,435.51,81.73,227.83,0.5703,-1,-1,-1
292,29,537.53,429.89,68.72,207.25,0.6517,-1,-1,-1
292,32,896.84,406.73,62.50,187.55,0.3405,-1,-1,-1
292,42,295.24,827.58,99.98,251.17,0.6408,-1,-1,-1
292,45,790.76,151.33,64.64,170.26,0.3198,-1,-1,-1
292,46,1013.82,92.72,61.52,177.56,0.4235,-1,-1,-1
292,50,315.61,749.20,86.80,141.65,0.5220,-1,-1,-1
292,51,1085.48,88.80,57.99,164.46,0.3774,-1,-1,-1
292,55,790.64,351.95,57.49,201.85,0.3038,-1,-1,-1
293,1,456.39,138.36,61.88,194.33,0.2888,-1,-1,-1
293,2,241.93,582.04,82.31,253.58,0.5494,-1,-1,-1
293,3,942.73,918.51,71.14,159.19,0.7353,-1,-1,-1
293,4,1720.86,460.73,73.28,207.81,0.5608,-1,-1,-1
293,5,1463.96,598.68,83.82,225.48,0.4377,-1,-1,-1
293,6,231.91,406.15,60.96,183.75,0.5323,-1,-1,-1
293,8,460.10,414.83,67.99,227.63,0.5829,-1,-1,-1
293,11,938.23,68.70,56.37,172.61,0.4583,-1,-1,-1
293,17,832.23,398.33,64.53,206.06,0.3837,-1,-1,-1
293,19,381.53,433.27,83.35,228.84,0.5440,-1,-1,-1
293,29,535.36,432.60,69.21,206.32,0.6793,-1,-1,-1
293,32,897.14,408.69,60.48,187.06,0.3385,-1,-1,-1
293,42,296.20,832.12,93.25,245.40,0.6608,-1,-1,-1
293,45,791.38,151.54,63.66,169.89,0.2823,-1,-1,-1
293,46,1012.65,92.13,61.86,178.79,0.3524,-1,-1,-1
293,50,314.61,751.45,87.40,137.33,0.4052,-1,-1,-1
293,51,1084.71,88.21,56.59,164.63,0.3257,-1,-1,-1
293,55,791.92,350.35,61.23,183.70,0.2660,-1,-1,-1
294,1,457.52,137.66,61.41,192.35,0.3315,-1,-1,-1
294,2,242.78,582.67,87.75,253.37,0.6109,-1,-1,-1
294,3,942.63,917.84,67.43,160.30,0.7530,-1,-1,-1
294,4,1720.09,459.56,74.43,209.99,0.5880,-1,-1,-1
294,5,1455.69,593.90,94.36,230.30,0.5309,-1,-1,-1
294,6,232.12,404.50,61.05,180.93,0.5153,-1,-1,-1
294,8,459.15,415.48,69.27,226.63,0.6227,-1,-1,-1
294,11,938.73,67.44,54.34,170.95,0.4356,-1,-1,-1
294,17,834.06,400.56,63.25,204.46,0.3631,-1,-1,-1
294,19,379.08,433.27,84.68,230.12,0.5593,-1,-1,-1
294,29,535.47,434.64,69.22,209.31,0.6740,-1,-1,-1
294,32,896.64,412.91,62.50,182.74,0.3538,-1,-1,-1
294,42,298.09,836.85,91.55,241.41,0.7176,-1,-1,-1
294,45,789.29,150.85,65.80,170.47,0.2987,-1,-1,-1
294,46,1011.88,91.56,59.32,177.65,0.3654,-1,-1,-1
294,50,325.89,755.62,75.98,135.96,0.4937,-1,-1,-1
294,51,1083.02,87.79,57.82,164.44,0.4163,-1,-1,-1
294,55,795.72,357.69,60.50,208.10,0.3117,-1,-1,-1
294,57,1674.75,28.81,53.43,161.21,0.2001,-1,-1,-1
294,58,325.94,753.63,82.78,260.47,0.4013,-1,-1,-1
295,1,458.32,137.67,60.30,191.42,0.3085,-1,-1,-1
295,2,243.05,582.99,92.24,252.11,0.6466,-1,-1,-1
295,3,941.38,916.48,66.40,162.22,0.7387,-1,-1,-1
295,4,1719.69,460.23,74.66,209.39,0.5915,-1,-1,-1
295,5,1457.40,595.33,93.92,228.53,0.4920,-1,-1,-1
295,6,231.70,401.73,60.46,183.68,0.4432,-1,-1,-1
295,8,459.67,415.88,68.31,224.68,0.6022,-1,-1,-1
295,11,937.69,66.87,54.43,172.60,0.4046,-1,-1,-1
295,17,833.23,401.53,64.30,203.29,0.3841,-1,-1,-1
295,19,375.99,433.66,87.87,230.76,0.5388,-1,-1,-1
295,29,534.19,436.37,68.68,210.59,0.6727,-1,-1,-1
295,32,896.63,411.69,61.98,185.13,0.3714,-1,-1,-1
295,42,300.59,840.10,89.79,239.26,0.7028,-1,-1,-1
295,45,786.98,150.73,68.22,170.96,0.3053,-1,-1,-1
295,46,1010.97,91.70,58.34,178.59,0.3965,-1,-1,-1
295,50,328.64,760.22,75.29,138.15,0.5063,-1,-1,-1
295,51,1081.71,86.80,56.57,165.90,0.4014,-1,-1,-1
295,55,797.80,357.82,63.08,209.24,0.2616,-1,-1,-1
295,57,1676.30,27.75,51.65,163.62,0.2002,-1,-1,-1
295,58,328.01,757.63,84.30,254.74,0.4025,-1,-1,-1
296,1,459.88,135.17,57.78,194.36,0.2841,-1,-1,-1
296,2,243.68,583.43,90.96,251.54,0.6714,-1,-1,-1
296,3,941.34,915.71,63.30,162.66,0.7549,-1,-1,-1
296,4,1720.24,459.96,73.69,209.24,0.5967,-1,-1,-1
296,5,1459.74,598.58,96.23,226.82,0.4991,-1,-1,-1
296,6,231.71,400.53,62.40,181.84,0.5118,-1,-1,-1
296,8,458.09,419.06,71.25,223.12,0.6239,-1,-1,-1
296,11,937.59,65.82,54.11,172.32,0.4520,-1,-1,-1
296,17,832.62,401.73,63.59,203.64,0.4050,-1,-1,-1
296,19,376.45,431.31,85.77,232.62,0.5406,-1,-1,-1
296,29,535.03,438.71,67.57,205.85,0.6729,-1,-1,-1
296,32,896.60,412.32,62.41,190.74,0.4593,-1,-1,-1
296,42,301.91,842.87,91.01,236.29,0.7250,-1,-1,-1
296,45,786.88,151.48,68.87,171.20,0.3204,-1,-1,-1
296,46,1010.37,90.89,57.21,179.26,0.4040,-1,-1,-1
296,50,328.88,761.99,78.24,138.99,0.4895,-1,-1,-1
296,51,1080.37,86.58,56.71,165.23,0.4075,-1,-1,-1
296,58,328.85,761.27,81.89,264.09,0.2552,-1,-1,-1
297,1,458.77,134.60,60.05,194.73,0.2805,-1,-1,-1
297,2,245.02,585.20,90.77,250.52,0.6601,-1,-1,-1
297,3,941.29,914.92,62.46,164.33,0.7551,-1,-1,-1
297,4,1719.64,460.39,73.74,208.94,0.5769,-1,-1,-1
297,5,1461.16,596.19,100.62,229.88,0.5496,-1,-1,-1
297,6,233.46,400.16,60.90,183.00,0.5759,-1,-1,-1
297,8,457.57,419.58,68.93,221.65,0.6279,-1,-1,-1
297,11,936.91,64.76,54.32,173.84,0.4148,-1,-1,-1
297,17,833.43,401.27,62.09,207.25,0.3656,-1,-1,-1
297,19,376.86,430.04,84.69,233.43,0.5030,-1,-1,-1
297,29,534.97,441.21,65.16,205.37,0.6669,-1,-1,-1
297,32,894.96,413.22,64.45,195.27,0.4683,-1,-1,-1
297,42,303.28,842.81,91.55,236.80,0.7411,-1,-1,-1
297,45,789.78,151.03,66.72,171.04,0.3324,-1,-1,-1
297,46,1009.32,90.46,57.62,179.64,0.3729,-1,-1,-1
297,50,331.47,765.60,77.48,139.62,0.5133,-1,-1,-1
297,51,1079.07,87.13,56.82,164.08,0.3428,-1,-1,-1
297,57,1678.39,30.97,53.32,161.64,0.2188,-1,-1,-1
297,58,330.98,767.76,78.27,292.72,0.2217,-1,-1,-1
298,1,458.23,133.97,60.22,196.21,0.2898,-1,-1,-1
298,2,245.90,584.64,90.36,249.97,0.6296,-1,-1,-1
298,3,940.72,914.66,63.17,165.12,0.7687,-1,-1,-1
298,4,1721.20,460.94,73.09,208.10,0.6019,-1,-1,-1
298,5,1462.94,598.79,103.53,229.72,0.5551,-1,-1,-1
298,6,234.42,398.71,61.10,184.54,0.5628,-1,-1,-1
298,8,456.98,419.84,68.83,221.62,0.6305,-1,-1,-1
298,11,936.60,64.29,55.69,172.17,0.4333,-1,-1,-1
298,17,830.33,400.17,66.81,210.31,0.3127,-1,-1,-1
298,19,376.26,429.50,84.85,229.69,0.5240,-1,-1,-1
298,29,535.07,442.88,65.04,201.65,0.6485,-1,-1,-1
298,32,895.10,414.69,64.80,197.60,0.4864,-1,-1,-1
298,42,304.54,844.64,93.14,235.34,0.7526,-1,-1,-1
298,45,790.10,151.17,66.18,171.32,0.2960,-1,-1,-1
298,46,1010.23,92.12,57.93,174.58,0.3716,-1,-1,-1
298,50,334.05,767.83,78.75,144.04,0.5736,-1,-1,-1
298,51,1077.74,86.06,57.54,165.30,0.3708,-1,-1,-1
299,1,459.68,133.61,60.12,196.18,0.2952,-1,-1,-1
299,2,248.97,583.30,87.70,250.66,0.6848,-1,-1,-1
299,3,940.06,913.64,61.69,165.35,0.7750,-1,-1,-1
299,4,1720.55,461.54,73.39,207.62,0.5989,-1,-1,-1
299,5,1462.75,592.50,104.14,236.23,0.5919,-1,-1,-1
299,6,233.58,397.63,61.85,183.82,0.5966,-1,-1,-1
299,8,457.03,421.12,68.10,223.80,0.6477,-1,-1,-1
299,11,936.55,63.91,56.40,171.03,0.4345,-1,-1,-1
299,17,821.61,401.53,77.32,207.44,0.2245,-1,-1,-1
299,19,377.80,428.33,82.65,228.20,0.5657,-1,-1,-1
299,29,535.51,444.44,63.89,203.42,0.6529,-1,-1,-1
299,32,894.91,415.62,64.41,197.22,0.4952,-1,-1,-1
299,42,305.56,845.77,93.32,234.21,0.7645,-1,-1,-1
299,45,790.45,152.66,64.69,170.00,0.2777,-1,-1,-1
299,46,1009.87,88.82,56.48,182.40,0.4035,-1,-1,-1
299,50,339.52,770.76,77.68,144.61,0.6245,-1,-1,-1
299,51,1074.61,84.09,57.18,169.27,0.3247,-1,-1,-1
300,1,458.85,133.16,62.25,198.47,0.2984,-1,-1,-1
300,2,249.85,583.19,89.44,249.65,0.6896,-1,-1,-1
300,3,940.30,914.11,60.36,164.97,0.7697,-1,-1,-1
300,4,1721.93,460.55,71.99,208.62,0.5821,-1,-1,-1
300,5,1464.44,589.95,103.86,239.37,0.5939,-1,-1,-1
300,6,233.90,397.97,60.52,183.81,0.5784,-1,-1,-1
300,8,456.30,423.67,68.61,224.21,0.6648,-1,-1,-1
300,11,935.73,63.08,56.57,172.87,0.4599,-1,-1,-1
300,19,380.09,425.51,80.18,224.08,0.5437,-1,-1,-1
300,29,534.98,445.69,64.17,204.79,0.6571,-1,-1,-1
300,32,895.81,416.41,63.01,197.63,0.4452,-1,-1,-1
300,42,307.02,846.54,94.53,233.43,0.7510,-1,-1,-1
300,45,790.67,151.26,65.44,170.41,0.2025,-1,-1,-1
300,46,1008.68,86.59,56.41,185.07,0.4042,-1,-1,-1
300,50,344.64,772.68,75.54,146.53,0.6404,-1,-1,-1
300,51,1073.49,82.64,56.83,165.77,0.2326,-1,-1,-1
301,1,458.35,132.80,61.69,198.41,0.2805,-1,-1,-1
301,2,251.60,581.28,89.35,250.65,0.6653,-1,-1,-1
301,3,941.93,914.16,57.41,165.14,0.7696,-1,-1,-1
301,4,1721.12,460.83,72.58,207.90,0.5924,-1,-1,-1
301,5,1466.05,587.49,103.82,243.65,0.6006,-1,-1,-1
301,6,234.54,397.18,59.23,184.47,0.5659,-1,-1,-1
301,8,456.50,427.65,68.01,221.57,0.6708,-1,-1,-1
301,11,934.79,62.93,57.38,174.15,0.4867,-1,-1,-1
301,17,823.98,404.22,76.84,204.46,0.2996,-1,-1,-1
301,19,383.02,422.41,76.72,224.37,0.5519,-1,-1,-1
301,29,535.27,446.06,63.82,206.90,0.6669,-1,-1,-1
301,32,895.61,416.86,62.70,196.27,0.4610,-1,-1,-1
301,42,307.40,847.26,95.52,232.71,0.7499,-1,-1,-1
301,45,792.53,148.71,62.10,172.69,0.2155,-1,-1,-1
301,46,1008.18,85.15,57.53,184.99,0.4181,-1,-1,-1
301,50,346.68,774.35,77.75,143.60,0.6037,-1,-1,-1
301,51,1073.51,81.95,55.30,168.49,0.2779,-1,-1,-1
302,1,457.75,130.57,64.31,195.15,0.2483,-1,-1,-1
302,2,254.10,580.42,89.04,252.22,0.6750,-1,-1,-1
302,3,941.90,911.94,56.16,168.00,0.7522,-1,-1,-1
302,4,1721.81,459.90,72.00,209.59,0.5729,-1,-1,-1
302,5,1469.16,590.10,101.10,241.03,0.5718,-1,-1,-1
302,6,233.41,396.84,59.80,185.19,0.5498,-1,-1,-1
302,8,456.27,429.40,67.83,221.46,0.6209,-1,-1,-1
302,11,934.19,62.29,57.35,174.13,0.4834,-1,-1,-1
302,17,831.19,408.12,72.39,211.86,0.4461,-1,-1,-1
302,19,386.57,421.61,72.41,219.40,0.5308,-1,-1,-1
302,29,534.99,446.55,63.83,204.84,0.6404,-1,-1,-1
302,32,895.15,419.11,62.63,198.23,0.5470,-1,-1,-1
302,42,309.28,847.26,97.66,232.69,0.7383,-1,-1,-1
302,46,1006.07,85.09,59.28,179.85,0.4301,-1,-1,-1
302,50,348.49,775.70,81.73,148.12,0.6292,-1,-1,-1
302,51,1072.56,82.32,53.64,165.52,0.2162,-1,-1,-1
303,1,459.11,130.64,65.19,194.28,0.2159,-1,-1,-1
303,2,258.44,579.38,88.06,253.59,0.6385,-1,-1,-1
303,3,940.56,913.00,56.56,167.06,0.7240,-1,-1,-1
303,4,1721.35,460.00,72.46,209.51,0.5851,-1,-1,-1
303,5,1472.55,586.41,100.21,244.46,0.4839,-1,-1,-1
303,6,233.73,395.49,59.15,187.25,0.5571,-1,-1,-1
303,8,456.30,430.60,65.87,221.30,0.6272,-1,-1,-1
303,11,933.68,62.81,57.54,169.90,0.4944,-1,-1,-1
303,17,836.38,409.51,64.51,215.11,0.4776,-1,-1,-1
303,19,387.88,415.36,70.32,218.02,0.5918,-1,-1,-1
303,29,534.87,447.37,64.51,208.23,0.6535,-1,-1,-1
303,32,895.28,421.06,61.03,195.23,0.5139,-1,-1,-1
303,42,311.57,848.05,97.57,231.94,0.7381,-1,-1,-1
303,46,1006.03,85.28,59.02,174.92,0.4708,-1,-1,-1
303,50,350.84,776.38,86.62,150.44,0.6856,-1,-1,-1
303,51,1070.94,80.87,55.32,169.91,0.3451,-1,-1,-1
304,1,464.81,132.43,63.30,192.22,0.2261,-1,-1,-1
304,2,265.20,579.98,84.04,251.31,0.6129,-1,-1,-1
304,3,939.14,912.04,58.62,167.96,0.7389,-1,-1,-1
304,4,1721.60,459.82,72.38,210.48,0.5898,-1,-1,-1
304,5,1474.83,581.78,99.13,249.71,0.5065,-1,-1,-1
304,6,234.76,393.97,58.92,188.30,0.5439,-1,-1,-1
304,8,455.20,432.43,65.31,219.75,0.6343,-1,-1,-1
304,11,935.52,62.28,54.96,173.68,0.5343,-1,-1,-1
304,17,830.41,403.89,80.50,217.75,0.4737,-1,-1,-1
304,19,388.92,411.94,68.98,221.45,0.5694,-1,-1,-1
304,29,534.27,447.95,65.32,207.00,0.6435,-1,-1,-1
304,32,898.04,420.63,57.69,195.99,0.4717,-1,-1,-1
304,42,312.57,849.63,98.49,230.38,0.7462,-1,-1,-1
304,45,793.13,148.64,62.86,174.53,0.2383,-1,-1,-1
304,46,1006.25,85.18,57.86,174.43,0.4799,-1,-1,-1
304,50,354.87,777.53,88.14,152.72,0.6166,-1,-1,-1
304,51,1068.46,81.04,56.68,169.33,0.3032,-1,-1,-1
305,1,462.25,131.40,62.10,192.92,0.2203,-1,-1,-1
305,2,274.92,581.43,77.29,248.53,0.5988,-1,-1,-1
305,3,937.05,909.89,60.74,170.07,0.7406,-1,-1,-1
305,4,1720.81,460.16,72.59,209.66,0.5747,-1,-1,-1
305,5,1475.93,587.37,99.02,246.37,0.4541,-1,-1,-1
305,6,233.47,390.86,59.11,192.15,0.5371,-1,-1,-1
305,8,454.39,435.25,65.30,218.89,0.6648,-1,-1,-1
305,11,934.81,62.05,55.53,173.54,0.4938,-1,-1,-1
305,17,831.91,405.36,79.82,218.14,0.5165,-1,-1,-1
305,19,389.60,408.99,69.10,223.30,0.5660,-1,-1,-1
305,29,534.25,448.65,65.26,208.31,0.6381,-1,-1,-1
305,32,899.86,419.45,55.44,196.23,0.4509,-1,-1,-1
305,42,316.07,851.52,97.24,228.49,0.7629,-1,-1,-1
305,45,795.39,149.66,62.02,173.20,0.2471,-1,-1,-1
305,46,1005.37,85.50,59.42,171.22,0.4882,-1,-1,-1
305,50,355.01,778.92,93.62,158.02,0.6139,-1,-1,-1
305,51,1067.37,81.18,57.09,167.15,0.2614,-1,-1,-1
306,1,463.36,131.17,63.94,192.39,0.2579,-1,-1,-1
306,2,286.33,581.92,70.52,247.48,0.5445,-1,-1,-1
306,3,935.37,909.29,64.44,170.67,0.7184,-1,-1,-1
306,4,1721.02,460.47,72.70,209.03,0.5720,-1,-1,-1
306,5,1480.16,589.08,98.05,245.45,0.5247,-1,-1,-1
306,6,232.27,389.23,60.63,194.19,0.5701,-1,-1,-1
306,8,453.19,436.32,64.58,219.16,0.6850,-1,-1,-1
306,11,934.57,59.76,57.71,175.25,0.4776,-1,-1,-1
306,17,832.52,403.63,78.46,220.45,0.4939,-1,-1,-1
306,19,389.62,407.96,68.40,222.62,0.5334,-1,-1,-1
306,29,533.03,448.90,65.82,203.98,0.6257,-1,-1,-1
306,32,897.97,422.61,57.75,192.50,0.4149,-1,-1,-1
306,42,319.45,858.78,91.81,221.34,0.7677,-1,-1,-1
306,45,795.62,116.57,65.58,204.94,0.2758,-1,-1,-1
306,46,1003.86,84.87,60.82,170.19,0.5274,-1,-1,-1
306,50,356.82,779.96,95.70,152.71,0.6559,-1,-1,-1
306,51,1068.55,82.63,54.03,160.31,0.2768,-1,-1,-1
307,1,459.11,130.46,65.51,191.58,0.2442,-1,-1,-1
307,2,296.11,580.65,69.75,245.53,0.5716,-1,-1,-1
307,3,933.91,907.93,66.58,171.90,0.7100,-1,-1,-1
307,4,1720.93,459.46,72.90,210.09,0.5617,-1,-1,-1
307,5,1482.68,589.25,95.91,244.99,0.5523,-1,-1,-1
307,6,232.50,387.35,59.76,193.35,0.5290,-1,-1,-1
307,8,450.95,438.79,65.50,217.38,0.6771,-1,-1,-1
307,11,934.66,59.57,56.99,174.12,0.4946,-1,-1,-1
307,17,833.70,407.57,77.34,217.18,0.3397,-1,-1,-1
307,19,391.40,407.93,67.76,222.32,0.5582,-1,-1,-1
307,29,532.27,449.49,65.48,205.60,0.6424,-1,-1,-1
307,32,898.53,425.36,57.17,190.31,0.3533,-1,-1,-1
307,42,319.74,862.07,94.65,217.96,0.7758,-1,-1,-1
307,45,795.19,105.90,73.09,216.20,0.3751,-1,-1,-1
307,46,1003.49,83.40,59.93,169.86,0.5635,-1,-1,-1
307,50,358.57,781.73,100.01,155.27,0.6463,-1,-1,-1
307,51,1065.99,82.02,53.92,162.73,0.2935,-1,-1,-1
308,1,462.00,130.46,60.38,192.18,0.2782,-1,-1,-1
308,2,304.08,580.26,70.56,244.09,0.6429,-1,-1,-1
308,3,931.72,908.06,69.41,171.97,0.7205,-1,-1,-1
308,4,1721.25,458.92,72.47,210.55,0.5782,-1,-1,-1
308,5,1483.83,593.53,95.44,241.21,0.6322,-1,-1,-1
308,6,229.98,385.68,62.35,190.90,0.5577,-1,-1,-1
308,8,449.81,440.62,64.38,215.31,0.6771,-1,-1,-1
308,11,935.34,56.55,56.09,169.67,0.5066,-1,-1,-1
308,17,833.29,413.49,79.02,212.52,0.3560,-1,-1,-1
308,19,390.87,406.70,69.92,224.14,0.5731,-1,-1,-1
308,29,529.78,451.60,67.81,204.78,0.6563,-1,-1,-1
308,32,894.71,427.58,58.07,188.10,0.3330,-1,-1,-1
308,42,322.00,867.46,95.43,212.60,0.7740,-1,-1,-1
308,45,794.01,103.62,73.46,219.03,0.3269,-1,-1,-1
308,46,1002.26,82.81,61.10,172.30,0.6055,-1,-1,-1
308,50,360.63,784.98,104.08,156.20,0.6944,-1,-1,-1
308,51,1064.59,82.23,55.56,165.45,0.3191,-1,-1,-1
309,1,464.48,130.62,57.82,191.05,0.2714,-1,-1,-1
309,2,308.22,579.91,76.76,247.99,0.6464,-1,-1,-1
309,3,930.00,907.36,71.47,172.55,0.7374,-1,-1,-1
309,4,1720.74,458.30,72.73,211.66,0.5750,-1,-1,-1
309,5,1486.22,589.35,95.22,244.99,0.5963,-1,-1,-1
309,6,230.37,383.46,61.93,189.12,0.5279,-1,-1,-1
309,8,447.81,441.95,64.65,216.38,0.6613,-1,-1,-1
309,11,935.43,53.31,54.37,170.03,0.4871,-1,-1,-1
309,17,837.27,417.52,69.06,211.29,0.3782,-1,-1,-1
309,19,390.42,407.11,71.30,222.31,0.5211,-1,-1,-1
309,29,528.76,455.25,68.14,207.72,0.6695,-1,-1,-1
309,32,890.67,430.17,61.58,186.76,0.2317,-1,-1,-1
309,42,324.34,872.01,93.39,208.02,0.7803,-1,-1,-1
309,45,793.73,103.18,73.48,219.77,0.3756,-1,-1,-1
309,46,1002.38,81.40,61.03,175.73,0.6238,-1,-1,-1
309,50,364.55,790.29,106.14,152.48,0.6748,-1,-1,-1
309,51,1064.90,82.08,53.61,163.73,0.2955,-1,-1,-1
310,1,464.84,129.03,56.63,190.43,0.3065,-1,-1,-1
310,2,311.94,579.60,79.34,249.62,0.6944,-1,-1,-1
310,3,928.22,907.96,74.21,172.07,0.7477,-1,-1,-1
310,4,1720.81,458.20,72.42,210.68,0.5755,-1,-1,-1
310,5,1487.48,588.02,96.16,245.36,0.5561,-1,-1,-1
310,6,231.29,380.37,58.96,186.12,0.5578,-1,-1,-1
310,8,447.77,438.55,63.19,222.53,0.6418,-1,-1,-1
310,11,934.33,50.72,55.81,171.00,0.5408,-1,-1,-1
310,19,392.38,406.44,68.33,226.05,0.4990,-1,-1,-1
310,29,528.02,456.31,67.88,210.49,0.6994,-1,-1,-1
310,42,327.50,873.46,93.28,206.51,0.7572,-1,-1,-1
310,45,793.97,103.03,72.26,220.39,0.3175,-1,-1,-1
310,46,1001.10,79.99,62.09,176.47,0.6485,-1,-1,-1
310,50,366.35,794.56,106.61,149.94,0.6770,-1,-1,-1
310,51,1064.26,82.74,55.48,164.23,0.3344,-1,-1,-1
311,1,465.34,128.90,57.64,189.38,0.2956,-1,-1,-1
311,2,315.18,579.82,82.81,247.53,0.7434,-1,-1,-1
311,3,927.68,907.07,74.69,172.92,0.7621,-1,-1,-1
311,4,1720.83,458.16,72.68,210.74,0.5806,-1,-1,-1
311,5,1488.22,589.52,102.63,243.98,0.5887,-1,-1,-1
311,6,232.16,378.88,57.34,186.31,0.5323,-1,-1,-1
311,8,445.58,439.81,64.42,222.24,0.6852,-1,-1,-1
311,11,933.64,49.35,55.98,171.39,0.5099,-1,-1,-1
311,17,834.22,421.95,70.69,195.24,0.3040,-1,-1,-1
311,19,391.52,407.71,70.37,223.80,0.4703,-1,-1,-1
311,29,527.62,457.57,66.90,212.62,0.6771,-1,-1,-1
311,42,330.22,876.39,95.37,203.61,0.7339,-1,-1,-1
311,45,794.46,102.25,71.14,221.10,0.3346,-1,-1,-1
311,46,1000.40,79.80,62.61,175.43,0.6278,-1,-1,-1
311,50,367.80,798.89,108.30,146.74,0.6609,-1,-1,-1
311,51,1062.11,81.91,54.62,163.25,0.2978,-1,-1,-1
312,1,462.88,127.69,60.55,188.74,0.3044,-1,-1,-1
312,2,317.03,581.71,90.01,243.73,0.7547,-1,-1,-1
312,3,927.81,905.95,74.79,174.04,0.7514,-1,-1,-1
312,4,1721.47,458.74,72.38,209.77,0.5819,-1,-1,-1
312,5,1489.46,593.01,101.92,239.29,0.6282,-1,-1,-1
312,6,231.28,376.07,58.25,188.12,0.5380,-1,-1,-1
312,8,444.24,442.08,64.50,221.56,0.6714,-1,-1,-1
312,11,933.75,48.78,56.61,172.08,0.5153,-1,-1,-1
312,17,832.94,424.45,73.62,195.16,0.2802,-1,-1,-1
312,19,392.35,407.81,69.12,221.44,0.4342,-1,-1,-1
312,29,527.30,461.15,66.87,215.88,0.6751,-1,-1,-1
312,42,333.25,879.17,96.98,200.83,0.7449,-1,-1,-1
312,45,792.32,102.63,70.77,220.31,0.3460,-1,-1,-1
312,46,1000.35,80.05,63.43,174.60,0.6085,-1,-1,-1
312,50,367.24,801.64,108.54,148.25,0.6539,-1,-1,-1
312,51,1063.10,81.42,52.24,163.52,0.2601,-1,-1,-1
313,1,463.72,124.08,60.61,190.55,0.3257,-1,-1,-1
313,2,316.61,584.55,97.27,240.65,0.7631,-1,-1,-1
313,3,927.32,905.67,75.65,174.34,0.7536,-1,-1,-1
313,4,1722.29,457.57,71.80,210.61,0.5786,-1,-1,-1
313,5,1491.36,598.25,103.54,234.64,0.6206,-1,-1,-1
313,6,231.00,374.74,58.33,189.29,0.5223,-1,-1,-1
313,8,441.89,447.53,65.17,221.96,0.6882,-1,-1,-1
313,11,933.65,48.06,55.90,172.57,0.5191,-1,-1,-1
313,17,835.02,427.01,67.26,198.68,0.2573,-1,-1,-1
313,19,393.36,406.25,68.23,224.06,0.4176,-1,-1,-1
313,29,527.57,463.56,66.15,214.60,0.6588,-1,-1,-1
313,32,889.29,436.19,65.49,186.82,0.2333,-1,-1,-1
313,42,336.86,882.87,99.54,197.15,0.7344,-1,-1,-1
313,45,789.05,103.12,72.19,219.51,0.2555,-1,-1,-1
313,46,1000.56,80.43,62.37,173.34,0.5987,-1,-1,-1
313,50,368.21,805.14,108.75,146.77,0.6957,-1,-1,-1
313,51,1061.70,82.26,54.37,164.03,0.2640,-1,-1,-1
313,55,875.28,371.72,79.77,147.22,0.2095,-1,-1,-1
314,1,459.07,125.38,64.77,187.57,0.2961,-1,-1,-1
314,2,316.60,585.00,99.95,240.24,0.7639,-1,-1,-1
314,3,927.56,905.46,76.66,174.55,0.7544,-1,-1,-1
314,4,1722.79,457.86,71.00,211.36,0.5717,-1,-1,-1
314,5,1494.81,599.46,101.07,233.90,0.5502,-1,-1,-1
314,6,230.44,374.16,58.99,189.68,0.5533,-1,-1,-1
314,8,440.40,447.42,65.89,221.61,0.6976,-1,-1,-1
314,11,932.09,47.22,57.75,173.02,0.5226,-1,-1,-1
314,17,831.31,426.49,70.79,200.93,0.3062,-1,-1,-1
314,19,393.37,404.16,66.05,224.14,0.3875,-1,-1,-1
314,29,527.18,464.74,65.71,215.47,0.6584,-1,-1,-1
314,32,888.52,438.19,66.68,188.42,0.2180,-1,-1,-1
314,42,341.08,887.04,96.32,192.99,0.7252,-1,-1,-1
314,45,788.01,103.24,72.47,219.03,0.2309,-1,-1,-1
314,46,1000.24,80.00,59.45,173.22,0.5563,-1,-1,-1
314,50,369.39,808.50,110.58,148.12,0.6978,-1,-1,-1
314,55,879.41,373.11,74.46,149.49,0.2406,-1,-1,-1
315,1,463.60,122.81,61.82,188.23,0.2670,-1,-1,-1
315,2,316.37,585.45,108.01,240.43,0.7701,-1,-1,-1
315,3,926.11,905.18,77.56,174.82,0.7589,-1,-1,-1
315,4,1722.26,457.70,71.43,211.59,0.5556,-1,-1,-1
315,5,1497.96,601.71,96.22,231.76,0.5606,-1,-1,-1
315,6,229.74,374.03,61.28,189.44,0.5624,-1,-1,-1
315,8,437.80,447.88,67.94,221.59,0.7295,-1,-1,-1
315,11,931.82,46.63,57.46,173.39,0.5300,-1,-1,-1
315,17,826.69,429.62,77.65,198.36,0.2136,-1,-1,-1
315,19,392.97,403.41,63.56,222.74,0.2589,-1,-1,-1
315,29,527.58,466.55,62.43,215.93,0.6706,-1,-1,-1
315,42,343.05,889.40,97.13,190.58,0.7283,-1,-1,-1
315,46,999.47,79.53,58.54,174.16,0.5399,-1,-1,-1
315,50,370.98,808.01,109.13,148.63,0.6409,-1,-1,-1
315,51,1055.76,82.00,52.80,161.29,0.2009,-1,-1,-1
315,55,883.41,372.47,71.04,154.09,0.4214,-1,-1,-1
316,1,459.45,122.04,65.69,189.35,0.2707,-1,-1,-1
316,2,317.51,585.23,112.43,239.71,0.7684,-1,-1,-1
316,3,926.43,905.47,77.26,174.55,0.7550,-1,-1,-1
316,4,1721.62,458.52,72.45,211.79,0.5343,-1,-1,-1
316,5,1502.43,602.06,92.34,232.87,0.6161,-1,-1,-1
316,6,230.10,373.04,62.16,188.98,0.5812,-1,-1,-1
316,8,435.98,449.22,68.68,222.53,0.7148,-1,-1,-1
316,11,931.49,46.40,58.90,172.00,0.5314,-1,-1,-1
316,19,396.68,398.24,59.50,223.62,0.2645,-1,-1,-1
316,29,526.63,469.76,62.08,219.21,0.6524,-1,-1,-1
316,32,888.77,440.83,68.94,189.09,0.2082,-1,-1,-1
316,42,345.15,892.40,95.13,187.60,0.7150,-1,-1,-1
316,46,999.44,80.47,57.70,174.08,0.5961,-1,-1,-1
316,50,372.87,809.33,107.00,152.88,0.6606,-1,-1,-1
316,51,1053.78,79.10,52.60,163.68,0.2574,-1,-1,-1
316,55,887.42,374.76,64.68,160.28,0.3427,-1,-1,-1
317,1,457.84,121.03,66.86,190.44,0.2970,-1,-1,-1
317,2,317.50,584.60,115.61,242.02,0.7684,-1,-1,-1
317,3,926.60,906.12,77.93,173.90,0.7525,-1,-1,-1
317,4,1721.77,458.05,72.26,211.97,0.5627,-1,-1,-1
317,5,1507.73,612.04,85.68,224.15,0.5595,-1,-1,-1
317,6,230.19,372.35,61.70,187.73,0.5683,-1,-1,-1
317,8,433.79,449.54,69.05,218.80,0.7112,-1,-1,-1
317,11,931.15,45.73,59.43,172.64,0.5070,-1,-1,-1
317,19,396.42,393.70,61.95,221.76,0.3231,-1,-1,-1
317,29,523.36,472.31,63.89,219.21,0.6915,-1,-1,-1
317,32,893.37,440.92,65.20,191.35,0.2947,-1,-1,-1
317,42,346.55,887.87,93.90,191.92,0.7242,-1,-1,-1
317,46,996.99,79.52,58.59,174.01,0.5699,-1,-1,-1
317,50,374.97,813.07,103.34,151.19,0.5596,-1,-1,-1
317,51,1050.96,81.47,59.39,163.52,0.2939,-1,-1,-1
318,1,461.30,117.98,64.60,192.56,0.2954,-1,-1,-1
318,2,319.69,585.16,111.55,240.84,0.7545,-1,-1,-1
318,3,926.50,905.68,77.88,174.32,0.7440,-1,-1,-1
318,4,1721.82,458.50,72.36,211.15,0.5718,-1,-1,-1
318,5,1512.17,601.36,84.49,235.78,0.5626,-1,-1,-1
318,6,230.96,371.81,59.91,186.55,0.5624,-1,-1,-1
318,8,433.85,451.49,68.42,218.75,0.7232,-1,-1,-1
318,11,931.17,45.12,60.20,173.71,0.5130,-1,-1,-1
318,17,833.52,434.75,68.01,194.38,0.2921,-1,-1,-1
318,19,396.74,392.12,63.30,215.06,0.2533,-1,-1,-1
318,29,521.63,471.44,64.71,217.88,0.6668,-1,-1,-1
318,42,349.49,889.25,95.67,190.73,0.7045,-1,-1,-1
318,45,788.24,100.41,68.10,221.57,0.2063,-1,-1,-1
318,46,994.38,78.22,60.64,174.66,0.5970,-1,-1,-1
318,50,377.01,812.19,99.10,154.25,0.6224,-1,-1,-1
318,51,1050.52,81.72,58.59,161.83,0.2903,-1,-1,-1
318,55,893.10,382.62,65.00,240.11,0.2834,-1,-1,-1
319,1,462.27,117.33,63.47,192.54,0.2424,-1,-1,-1
319,2,319.91,583.82,112.65,242.04,0.7530,-1,-1,-1
319,3,928.01,905.77,76.19,174.24,0.7306,-1,-1,-1
319,4,1723.07,459.08,70.47,210.77,0.5778,-1,-1,-1
319,5,1515.52,601.71,81.76,237.74,0.5111,-1,-1,-1
319,6,231.74,370.99,59.05,188.96,0.5902,-1,-1,-1
319,8,433.32,455.52,68.93,218.50,0.7246,-1,-1,-1
319,11,930.16,43.67,59.95,173.36,0.4934,-1,-1,-1
319,17,836.21,432.09,65.26,203.34,0.4254,-1,-1,-1
319,29,516.34,468.63,70.48,218.06,0.6747,-1,-1,-1
319,42,350.86,891.06,96.54,188.94,0.6990,-1,-1,-1
319,46,993.84,77.19,60.17,174.82,0.5772,-1,-1,-1
319,50,378.59,812.25,96.62,155.92,0.6694,-1,-1,-1
319,51,1049.09,83.43,59.23,159.75,0.2976,-1,-1,-1
319,55,896.65,378.57,64.07,254.79,0.3376,-1,-1,-1
320,1,458.24,121.08,66.47,187.89,0.2276,-1,-1,-1
320,2,323.77,583.36,112.06,240.73,0.7189,-1,-1,-1
320,3,930.72,906.28,74.06,173.74,0.7342,-1,-1,-1
320,4,1722.56,458.45,71.45,210.64,0.6014,-1,-1,-1
320,5,1517.75,603.40,80.38,233.54,0.3703,-1,-1,-1
320,6,232.58,370.58,58.65,188.74,0.5836,-1,-1,-1
320,8,433.20,461.13,69.15,215.79,0.7176,-1,-1,-1
320,11,929.19,41.88,60.81,175.80,0.5041,-1,-1,-1
320,17,834.73,432.87,69.34,201.35,0.5080,-1,-1,-1
320,29,514.03,470.36,70.66,218.43,0.6945,-1,-1,-1
320,32,897.37,434.83,58.45,201.75,0.2765,-1,-1,-1
320,42,352.40,895.71,99.56,184.38,0.7053,-1,-1,-1
320,45,786.90,99.51,68.61,221.58,0.2133,-1,-1,-1
320,46,992.55,78.15,60.19,174.01,0.5762,-1,-1,-1
320,50,379.88,813.35,93.60,151.56,0.6416,-1,-1,-1
320,51,1048.47,84.22,57.58,159.04,0.2776,-1,-1,-1
320,55,897.45,366.52,66.54,192.38,0.2901,-1,-1,-1
321,1,455.38,119.84,68.07,189.80,0.2595,-1,-1,-1
321,2,326.31,582.19,106.15,241.68,0.6806,-1,-1,-1
321,3,930.12,907.34,74.27,172.48,0.7296,-1,-1,-1
321,4,1721.90,458.72,71.81,210.95,0.5769,-1,-1,-1
321,5,1525.39,605.41,80.27,233.94,0.2653,-1,-1,-1
321,6,233.90,370.24,56.83,187.94,0.5602,-1,-1,-1
321,8,429.57,459.24,71.08,226.71,0.6420,-1,-1,-1
321,11,929.14,39.44,64.94,179.35,0.4785,-1,-1,-1
321,17,833.46,432.68,78.00,206.04,0.4927,-1,-1,-1
321,29,512.65,470.72,70.25,220.20,0.6673,-1,-1,-1
321,32,897.59,437.05,63.43,199.98,0.2266,-1,-1,-1
321,42,355.06,898.46,102.19,181.56,0.7185,-1,-1,-1
321,45,783.92,98.50,70.77,221.87,0.2572,-1,-1,-1
321,46,991.43,77.52,62.55,175.17,0.5985,-1,-1,-1
321,50,384.18,816.12,87.71,149.20,0.5977,-1,-1,-1
321,51,1048.57,81.40,52.22,158.96,0.2775,-1,-1,-1
321,55,901.83,373.22,61.40,169.76,0.2404,-1,-1,-1
321,59,395.94,386.43,88.75,123.21,0.2286,-1,-1,-1
322,1,455.29,119.04,67.02,189.89,0.2468,-1,-1,-1
322,2,331.27,579.78,97.08,244.71,0.7093,-1,-1,-1
322,3,933.03,906.96,71.07,173.03,0.7241,-1,-1,-1
322,4,1721.29,459.37,72.20,209.37,0.6008,-1,-1,-1
322,5,1528.65,606.05,82.08,234.26,0.2370,-1,-1,-1
322,6,235.02,368.08,55.88,189.34,0.5662,-1,-1,-1
322,8,428.37,459.99,72.54,225.32,0.6770,-1,-1,-1
322,11,927.75,36.78,66.87,183.09,0.4844,-1,-1,-1
322,17,832.24,432.51,83.74,209.28,0.5743,-1,-1,-1
322,29,511.32,470.37,70.56,218.51,0.7143,-1,-1,-1
322,42,357.04,903.99,99.28,176.11,0.7110,-1,-1,-1
322,45,780.14,97.19,73.25,222.85,0.2334,-1,-1,-1
322,46,990.33,76.17,60.71,174.71,0.6180,-1,-1,-1
322,50,389.53,817.29,82.10,149.46,0.5578,-1,-1,-1
322,51,1047.60,79.43,50.27,157.79,0.3347,-1,-1,-1
322,55,908.10,375.55,54.66,165.44,0.3864,-1,-1,-1
322,59,395.08,385.68,87.42,129.84,0.2832,-1,-1,-1
323,1,454.37,117.70,67.80,192.96,0.2904,-1,-1,-1
323,2,340.82,579.14,87.52,244.55,0.6252,-1,-1,-1
323,3,935.91,906.46,66.82,173.28,0.6973,-1,-1,-1
323,4,1721.68,458.88,72.45,210.24,0.6028,-1,-1,-1
323,5,1533.12,607.15,68.47,232.70,0.2506,-1,-1,-1
323,6,235.37,365.34,56.43,189.51,0.5742,-1,-1,-1
323,8,428.46,462.47,72.18,225.32,0.6866,-1,-1,-1
323,11,927.50,35.74,67.16,179.48,0.4706,-1,-1,-1
323,17,832.26,432.62,83.50,211.17,0.5682,-1,-1,-1
323,29,511.63,470.56,70.79,219.55,0.7240,-1,-1,-1
323,42,359.76,906.27,95.88,173.29,0.7776,-1,-1,-1
323,45,779.04,96.93,74.88,223.48,0.2817,-1,-1,-1
323,46,990.08,75.16,61.57,172.94,0.6219,-1,-1,-1
323,50,392.21,820.85,79.12,149.06,0.5646,-1,-1,-1
323,51,1047.23,77.34,50.33,159.45,0.3401,-1,-1,-1
323,55,912.60,378.83,53.15,163.84,0.3987,-1,-1,-1
323,59,393.06,385.06,92.65,131.36,0.2066,-1,-1,-1
324,1,453.12,117.95,68.50,191.62,0.3151,-1,-1,-1
324,2,348.87,580.93,81.16,242.24,0.6283,-1,-1,-1
324,3,936.51,905.31,64.35,174.65,0.7057,-1,-1,-1
324,4,1721.47,459.07,72.02,209.76,0.6022,-1,-1,-1
324,5,1533.48,603.01,68.92,235.69,0.2424,-1,-1,-1
324,6,233.48,362.08,58.23,191.40,0.5204,-1,-1,-1
324,8,425.93,463.34,75.32,226.81,0.7010,-1,-1,-1
324,11,926.54,33.69,70.45,179.03,0.4018,-1,-1,-1
324,17,832.18,435.19,87.59,209.53,0.4811,-1,-1,-1
324,29,509.60,471.07,72.37,219.18,0.7485,-1,-1,-1
324,42,360.67,910.23,96.37,168.79,0.7835,-1,-1,-1
324,46,989.20,73.34,61.67,173.13,0.5746,-1,-1,-1
324,50,396.68,824.85,76.73,147.92,0.5854,-1,-1,-1
324,51,1047.20,75.82,48.38,159.05,0.2788,-1,-1,-1
324,55,913.59,380.00,55.61,169.02,0.2914,-1,-1,-1
325,1,453.58,118.55,68.41,188.91,0.3107,-1,-1,-1
325,2,356.38,580.48,74.74,240.62,0.6562,-1,-1,-1
325,3,937.06,908.27,65.04,171.38,0.7032,-1,-1,-1
325,4,1721.60,459.18,72.35,208.48,0.6089,-1,-1,-1
325,6,233.01,359.80,58.98,188.94,0.4452,-1,-1,-1
325,8,426.64,462.51,75.13,228.69,0.7093,-1,-1,-1
325,11,925.34,35.25,67.29,171.52,0.4032,-1,-1,-1
325,17,833.99,433.95,85.24,210.20,0.5022,-1,-1,-1
325,29,509.12,474.67,71.83,216.79,0.7618,-1,-1,-1
325,42,364.55,915.16,96.51,163.95,0.7705,-1,-1,-1
325,46,988.31,72.02,62.70,172.64,0.5561,-1,-1,-1
325,50,401.08,830.33,72.71,140.35,0.5943,-1,-1,-1
325,51,1046.48,74.38,48.83,160.38,0.2733,-1,-1,-1
325,55,916.98,384.92,59.25,183.00,0.3197,-1,-1,-1
325,59,392.04,380.54,89.93,130.87,0.2008,-1,-1,-1
326,1,454.39,117.79,67.59,188.26,0.2933,-1,-1,-1
326,2,370.19,578.28,71.38,242.42,0.6418,-1,-1,-1
326,3,939.04,908.31,60.41,171.68,0.6811,-1,-1,-1
326,4,1721.37,459.54,73.02,208.50,0.6198,-1,-1,-1
326,5,1528.62,607.20,84.36,232.78,0.3769,-1,-1,-1
326,6,233.79,358.31,58.00,188.80,0.5092,-1,-1,-1
326,8,426.48,463.38,75.50,226.51,0.7040,-1,-1,-1
326,11,926.35,34.40,65.92,170.19,0.4094,-1,-1,-1
326,17,835.70,433.69,87.78,210.19,0.5788,-1,-1,-1
326,29,508.76,476.49,72.18,216.86,0.7593,-1,-1,-1
326,32,909.73,447.34,54.12,190.22,0.2490,-1,-1,-1
326,42,366.15,917.28,95.31,162.59,0.7175,-1,-1,-1
326,46,986.37,71.15,62.45,172.68,0.5739,-1,-1,-1
326,50,403.11,833.57,72.74,142.05,0.5891,-1,-1,-1
326,51,1045.90,76.00,48.13,156.47,0.2836,-1,-1,-1
326,55,921.70,385.31,58.94,191.59,0.2837,-1,-1,-1
327,1,452.49,115.05,68.25,191.36,0.3643,-1,-1,-1
327,2,376.12,576.03,69.34,244.38,0.5875,-1,-1,-1
327,3,940.20,907.75,57.90,172.22,0.6689,-1,-1,-1
327,4,1721.70,459.74,72.31,207.39,0.6297,-1,-1,-1
327,5,1532.09,611.09,83.27,230.15,0.4278,-1,-1,-1
327,6,233.68,356.99,58.99,188.80,0.5192,-1,-1,-1
327,8,426.53,466.66,73.41,226.15,0.7122,-1,-1,-1
327,11,927.37,32.43,65.47,172.60,0.4344,-1,-1,-1
327,17,836.91,434.48,86.53,208.29,0.5362,-1,-1,-1
327,29,509.98,478.00,71.84,219.39,0.7047,-1,-1,-1
327,32,908.86,448.07,53.29,190.00,0.2882,-1,-1,-1
327,42,367.64,917.48,98.95,162.42,0.7020,-1,-1,-1
327,46,986.85,70.20,62.26,171.16,0.5272,-1,-1,-1
327,50,405.70,837.32,73.14,141.69,0.5793,-1,-1,-1
327,51,1044.94,75.99,47.84,155.03,0.2816,-1,-1,-1
327,55,922.62,383.74,61.34,184.25,0.2559,-1,-1,-1
328,1,451.26,113.00,68.56,194.27,0.4547,-1,-1,-1
328,2,384.25,574.58,67.72,246.90,0.5855,-1,-1,-1
328,3,940.87,909.89,56.79,169.47,0.6745,-1,-1,-1
328,4,1722.02,460.77,72.11,207.20,0.6366,-1,-1,-1
328,5,1536.03,610.77,81.20,230.14,0.4992,-1,-1,-1
328,6,231.46,356.14,60.41,187.05,0.5517,-1,-1,-1
328,8,422.71,466.97,78.20,221.31,0.7036,-1,-1,-1
328,11,927.12,31.58,64.85,172.52,0.4202,-1,-1,-1
328,17,839.98,435.11,88.03,209.40,0.4735,-1,-1,-1
328,29,509.61,479.17,70.57,221.97,0.7051,-1,-1,-1
328,42,368.91,921.09,96.05,158.94,0.6838,-1,-1,-1
328,45,791.58,155.09,64.94,165.47,0.2072,-1,-1,-1
328,46,985.52,68.10,62.02,172.65,0.4941,-1,-1,-1
328,50,410.41,840.36,72.71,147.73,0.5482,-1,-1,-1
328,51,1043.25,75.85,47.79,154.94,0.2952,-1,-1,-1
328,55,928.18,386.87,59.83,186.19,0.3288,-1,-1,-1
328,59,392.69,379.06,92.79,131.41,0.2014,-1,-1,-1
329,1,449.07,111.59,72.34,193.97,0.3739,-1,-1,-1
329,2,388.11,578.60,68.98,246.88,0.5809,-1,-1,-1
329,3,943.11,912.53,57.35,166.51,0.6966,-1,-1,-1
329,4,1722.26,458.58,71.78,209.15,0.6101,-1,-1,-1
329,5,1536.54,610.01,87.06,231.26,0.3966,-1,-1,-1
329,6,232.00,355.93,59.90,185.92,0.5518,-1,-1,-1
329,8,419.14,469.14,81.22,218.15,0.6903,-1,-1,-1
329,11,928.98,30.95,63.89,171.62,0.3895,-1,-1,-1
329,17,839.50,435.32,85.25,207.16,0.4021,-1,-1,-1
329,29,509.14,483.42,69.88,221.17,0.7148,-1,-1,-1
329,32,909.53,451.78,50.43,186.90,0.2635,-1,-1,-1
329,42,370.25,923.21,97.21,156.77,0.6868,-1,-1,-1
329,45,795.85,160.18,58.85,160.22,0.2355,-1,-1,-1
329,46,986.41,68.40,59.42,170.40,0.4646,-1,-1,-1
329,50,413.00,843.48,77.06,148.02,0.5554,-1,-1,-1
329,51,1041.23,75.85,49.55,153.27,0.2568,-1,-1,-1
329,55,936.69,387.36,62.67,192.25,0.4313,-1,-1,-1
330,1,448.37,110.65,74.68,192.84,0.3657,-1,-1,-1
330,2,389.50,596.31,72.80,232.15,0.4024,-1,-1,-1
330,3,941.86,914.46,60.30,164.14,0.6945,-1,-1,-1
330,4,1722.06,460.02,72.29,207.89,0.6325,-1,-1,-1
330,5,1537.28,610.27,85.24,230.77,0.4068,-1,-1,-1
330,6,232.31,355.06,58.26,184.45,0.5688,-1,-1,-1
330,8,412.29,469.75,88.81,224.24,0.6664,-1,-1,-1
330,11,928.64,30.32,64.33,171.89,0.4295,-1,-1,-1
330,17,842.86,436.06,81.54,206.64,0.3729,-1,-1,-1
330,29,509.48,485.88,68.71,219.53,0.7308,-1,-1,-1
330,32,905.25,445.31,53.62,196.60,0.2360,-1,-1,-1
330,42,372.61,924.07,94.68,154.43,0.6354,-1,-1,-1
330,45,795.70,163.09,58.47,157.63,0.2096,-1,-1,-1
330,46,984.71,67.56,59.87,172.57,0.4740,-1,-1,-1
330,50,418.36,849.51,74.56,223.51,0.5953,-1,-1,-1
330,51,1039.52,75.66,50.67,156.75,0.3053,-1,-1,-1
330,55,939.82,388.15,59.90,194.00,0.4231,-1,-1,-1
330,59,398.23,375.63,84.84,126.76,0.2968,-1,-1,-1
331,1,447.78,110.04,74.07,188.20,0.3868,-1,-1,-1
331,3,940.88,913.26,61.87,165.66,0.7383,-1,-1,-1
331,4,1722.34,457.51,72.84,210.46,0.6519,-1,-1,-1
331,5,1538.44,613.52,79.49,228.99,0.5313,-1,-1,-1
331,6,231.46,354.56,58.58,187.96,0.5212,-1,-1,-1
331,8,397.38,477.75,99.82,339.08,0.6025,-1,-1,-1
331,11,927.62,30.39,63.11,172.82,0.4072,-1,-1,-1
331,17,845.69,439.29,80.72,205.97,0.4824,-1,-1,-1
331,29,508.91,488.16,67.34,219.59,0.7419,-1,-1,-1
331,32,905.34,445.77,55.68,196.43,0.2005,-1,-1,-1
331,42,373.95,923.51,94.04,149.05,0.6450,-1,-1,-1
331,45,797.47,158.05,54.65,162.36,0.2433,-1,-1,-1
331,46,983.04,67.17,61.47,174.46,0.4977,-1,-1,-1
331,50,420.73,847.37,78.14,231.23,0.6615,-1,-1,-1
331,51,1037.54,73.76,53.95,160.59,0.3579,-1,-1,-1
331,55,942.21,388.51,57.31,194.90,0.3496,-1,-1,-1
331,59,403.70,372.46,80.01,129.18,0.4232,-1,-1,-1
332,1,447.66,109.28,73.89,185.70,0.3438,-1,-1,-1
332,3,942.12,915.03,61.43,162.90,0.7202,-1,-1,-1
332,4,1722.84,459.11,72.80,210.14,0.6404,-1,-1,-1
332,5,1539.17,612.23,89.03,230.67,0.4450,-1,-1,-1
332,6,229.90,352.68,60.76,189.99,0.5069,-1,-1,-1
332,8,393.67,473.65,104.88,353.74,0.6040,-1,-1,-1
332,11,928.50,30.38,62.67,170.09,0.4155,-1,-1,-1
332,17,842.48,437.64,85.74,210.76,0.3787,-1,-1,-1
332,29,508.24,490.06,68.94,220.37,0.7425,-1,-1,-1
332,42,376.50,924.58,91.15,145.56,0.6332,-1,-1,-1
332,45,795.20,156.69,57.16,163.49,0.2744,-1,-1,-1
332,46,982.57,67.63,61.59,175.22,0.5227,-1,-1,-1
332,50,423.78,848.51,79.71,229.80,0.6623,-1,-1,-1
332,51,1039.08,73.70,51.92,162.27,0.4015,-1,-1,-1
332,55,944.30,390.81,58.79,192.98,0.4265,-1,-1,-1
332,59,405.81,371.09,77.30,123.81,0.3866,-1,-1,-1
333,1,446.83,107.89,77.24,187.03,0.3268,-1,-1,-1
333,3,943.73,915.10,60.13,162.72,0.7332,-1,-1,-1
333,4,1723.60,459.20,71.82,209.61,0.6226,-1,-1,-1
333,5,1539.90,612.77,88.81,233.45,0.4466,-1,-1,-1
333,6,229.98,352.53,59.34,190.85,0.5195,-1,-1,-1
333,8,393.01,474.61,107.52,354.36,0.6425,-1,-1,-1
333,11,928.31,30.35,61.73,170.92,0.4210,-1,-1,-1
333,17,844.27,438.70,86.03,214.98,0.4353,-1,-1,-1
333,29,507.27,491.43,69.38,221.42,0.7452,-1,-1,-1
333,32,909.76,448.74,53.03,195.68,0.3224,-1,-1,-1
333,42,378.68,924.83,95.30,147.47,0.6688,-1,-1,-1
333,45,796.46,158.74,57.78,161.90,0.2698,-1,-1,-1
333,46,984.80,66.59,56.88,177.37,0.5041,-1,-1,-1
333,50,419.44,844.84,94.71,165.92,0.5834,-1,-1,-1
333,51,1038.01,73.08,51.86,163.21,0.4091,-1,-1,-1
333,55,949.23,390.44,56.78,191.80,0.4220,-1,-1,-1
333,59,410.99,366.84,72.95,126.40,0.3272,-1,-1,-1
334,1,445.42,107.22,76.66,188.16,0.3149,-1,-1,-1
334,3,944.58,916.56,60.40,160.84,0.7206,-1,-1,-1
334,4,1722.15,460.05,72.37,209.21,0.6214,-1,-1,-1
334,5,1539.91,616.13,84.75,231.19,0.5675,-1,-1,-1
334,6,229.88,351.96,59.30,188.05,0.4724,-1,-1,-1
334,8,394.09,474.53,111.23,355.57,0.6252,-1,-1,-1
334,11,928.32,29.44,61.62,172.42,0.3859,-1,-1,-1
334,17,845.55,438.59,84.89,218.04,0.4942,-1,-1,-1
334,29,507.32,491.86,68.67,222.81,0.7314,-1,-1,-1
334,32,911.69,453.64,53.29,193.51,0.3423,-1,-1,-1
334,42,380.29,928.05,96.40,144.26,0.6542,-1,-1,-1
334,45,795.36,158.99,56.97,161.80,0.2488,-1,-1,-1
334,46,983.82,66.91,56.84,176.34,0.4848,-1,-1,-1
334,50,421.98,850.39,93.94,156.01,0.5517,-1,-1,-1
334,51,1037.29,72.40,52.13,163.87,0.3875,-1,-1,-1
334,55,952.97,392.13,55.96,192.90,0.4481,-1,-1,-1
334,59,412.42,363.97,72.39,130.08,0.2366,-1,-1,-1
335,1,443.11,105.52,77.62,189.29,0.2744,-1,-1,-1
335,3,945.17,918.50,61.04,159.68,0.7195,-1,-1,-1
335,4,1722.71,459.91,71.76,208.34,0.6252,-1,-1,-1
335,5,1540.75,614.39,84.48,240.09,0.5498,-1,-1,-1
335,6,227.80,350.44,62.18,191.03,0.4978,-1,-1,-1
335,8,390.26,477.32,119.37,353.64,0.6699,-1,-1,-1
335,11,928.89,27.91,61.85,172.10,0.3671,-1,-1,-1
335,17,847.82,439.76,80.61,218.17,0.5031,-1,-1,-1
335,29,505.83,492.48,69.03,222.62,0.7263,-1,-1,-1
335,32,911.16,452.64,54.52,197.43,0.3455,-1,-1,-1
335,42,383.05,931.50,97.88,141.55,0.6625,-1,-1,-1
335,45,795.98,158.51,56.37,161.75,0.2263,-1,-1,-1
335,46,982.78,66.90,57.71,174.99,0.4746,-1,-1,-1
335,50,425.35,850.21,97.92,160.33,0.5600,-1,-1,-1
335,51,1037.32,72.41,51.79,163.52,0.3775,-1,-1,-1
335,55,956.79,393.53,55.83,189.42,0.4955,-1,-1,-1
335,59,414.41,361.17,73.13,133.48,0.3041,-1,-1,-1
336,1,443.21,104.80,77.95,189.53,0.2456,-1,-1,-1
336,3,945.38,919.02,61.91,159.72,0.7153,-1,-1,-1
336,4,1721.53,459.38,73.02,208.72,0.6382,-1,-1,-1
336,5,1541.31,615.40,83.25,241.55,0.5903,-1,-1,-1
336,6,227.18,349.07,62.74,193.76,0.5126,-1,-1,-1
336,8,398.06,481.65,118.95,346.92,0.6984,-1,-1,-1
336,11,927.20,27.06,63.67,175.23,0.3714,-1,-1,-1
336,17,844.32,440.59,81.46,219.02,0.4418,-1,-1,-1
336,29,504.75,492.69,69.67,221.75,0.7183,-1,-1,-1
336,32,908.76,454.82,59.13,195.55,0.3848,-1,-1,-1
336,42,386.17,936.83,94.60,133.83,0.6695,-1,-1,-1
336,45,795.06,163.31,59.20,157.87,0.2520,-1,-1,-1
336,46,982.07,66.30,56.87,175.81,0.4660,-1,-1,-1
336,50,424.93,852.50,104.93,164.78,0.5311,-1,-1,-1
336,51,1036.82,71.72,52.43,163.88,0.3478,-1,-1,-1
336,55,958.48,392.53,57.41,190.48,0.4323,-1,-1,-1
336,59,415.00,359.57,75.15,137.85,0.3227,-1,-1,-1
337,3,948.73,919.50,59.53,158.93,0.6815,-1,-1,-1
337,4,1722.38,459.21,72.32,207.88,0.6157,-1,-1,-1
337,5,1541.63,616.01,81.31,239.13,0.6433,-1,-1,-1
337,6,225.75,347.90,63.47,189.37,0.5040,-1,-1,-1
337,8,400.11,485.72,125.11,342.10,0.7132,-1,-1,-1
337,11,928.97,25.02,64.30,175.27,0.3793,-1,-1,-1
337,17,846.88,443.18,75.18,221.21,0.4186,-1,-1,-1
337,29,504.52,492.87,69.46,221.50,0.7013,-1,-1,-1
337,32,909.62,457.04,55.99,198.14,0.3695,-1,-1,-1
337,42,387.07,942.45,97.31,131.96,0.6893,-1,-1,-1
337,45,796.38,165.35,58.38,154.79,0.2233,-1,-1,-1
337,46,981.21,64.95,57.21,176.68,0.4494,-1,-1,-1
337,50,427.24,856.53,110.62,165.81,0.4763,-1,-1,-1
337,51,1036.43,71.25,52.73,165.50,0.4182,-1,-1,-1
337,55,962.75,391.44,58.15,190.89,0.5694,-1,-1,-1
337,59,416.84,358.57,76.02,139.02,0.3297,-1,-1,-1
338,1,440.92,103.28,79.58,190.20,0.2390,-1,-1,-1
338,3,948.65,921.66,61.38,156.64,0.7029,-1,-1,-1
338,4,1722.11,458.80,72.82,208.26,0.5891,-1,-1,-1
338,5,1543.20,615.95,79.64,241.47,0.6084,-1,-1,-1
338,6,225.30,347.04,63.40,187.81,0.5299,-1,-1,-1
338,8,402.03,486.89,124.99,340.38,0.7142,-1,-1,-1
338,11,929.36,23.02,62.22,174.57,0.3631,-1,-1,-1
338,17,848.86,444.87,75.80,220.68,0.4242,-1,-1,-1
338,29,503.89,492.94,69.77,220.81,0.6977,-1,-1,-1
338,32,910.90,458.17,52.03,198.69,0.3401,-1,-1,-1
338,42,389.38,945.07,96.98,130.27,0.7145,-1,-1,-1
338,45,796.25,161.90,58.48,157.92,0.2392,-1,-1,-1
338,46,980.80,64.23,57.10,176.77,0.4403,-1,-1,-1
338,50,432.83,860.74,111.35,159.31,0.6351,-1,-1,-1
338,51,1035.87,70.86,53.26,165.68,0.3915,-1,-1,-1
338,55,965.43,392.51,58.63,193.22,0.5296,-1,-1,-1
338,59,416.12,358.86,77.55,141.75,0.3318,-1,-1,-1
339,1,440.31,101.61,79.50,191.92,0.2401,-1,-1,-1
339,3,950.31,922.31,62.74,154.89,0.7027,-1,-1,-1
339,4,1721.63,459.83,73.80,207.37,0.6072,-1,-1,-1
339,5,1543.46,616.55,80.46,243.01,0.6281,-1,-1,-1
339,6,223.89,345.90,64.03,184.13,0.5282,-1,-1,-1
339,8,402.90,486.80,122.19,338.88,0.7385,-1,-1,-1
339,11,929.00,22.66,62.19,168.73,0.3582,-1,-1,-1
339,17,846.23,446.98,77.03,217.97,0.4319,-1,-1,-1
339,29,503.42,494.06,68.29,220.76,0.6897,-1,-1,-1
339,32,911.94,459.61,50.78,198.60,0.3297,-1,-1,-1
339,42,392.14,948.90,97.33,127.49,0.7288,-1,-1,-1
339,46,979.68,61.62,58.18,178.72,0.4547,-1,-1,-1
339,50,438.75,866.77,108.45,157.99,0.6124,-1,-1,-1
339,51,1036.79,70.38,51.38,166.19,0.4389,-1,-1,-1
339,55,968.09,394.81,60.12,194.49,0.5924,-1,-1,-1
339,59,416.98,358.38,80.03,143.08,0.3326,-1,-1,-1
340,1,441.80,99.62,77.67,193.75,0.2600,-1,-1,-1
340,3,950.98,923.08,62.91,154.11,0.6983,-1,-1,-1
340,4,1721.66,457.89,72.95,209.96,0.6028,-1,-1,-1
340,5,1545.11,615.49,79.83,244.28,0.6011,-1,-1,-1
340,6,222.48,343.94,64.06,182.75,0.5225,-1,-1,-1
340,8,403.89,487.79,123.51,338.46,0.6986,-1,-1,-1
340,11,928.92,21.13,62.73,167.85,0.3422,-1,-1,-1
340,17,846.90,449.82,75.04,221.46,0.4386,-1,-1,-1
340,29,500.51,496.85,71.39,216.91,0.6604,-1,-1,-1
340,32,911.53,459.13,51.70,199.61,0.3382,-1,-1,-1
340,42,395.54,950.76,96.14,127.80,0.7123,-1,-1,-1
340,45,794.05,160.76,60.53,159.67,0.2393,-1,-1,-1
340,46,979.12,60.79,57.41,179.36,0.4922,-1,-1,-1
340,50,439.77,872.00,113.69,151.03,0.6878,-1,-1,-1
340,51,1035.28,69.75,52.90,167.59,0.4185,-1,-1,-1
340,55,970.18,396.99,61.43,194.76,0.5838,-1,-1,-1
340,59,418.21,357.22,81.70,148.34,0.3236,-1,-1,-1
340,60,286.26,139.01,56.88,159.59,0.2260,-1,-1,-1
341,1,441.10,99.21,79.14,192.68,0.3064,-1,-1,-1
341,3,951.18,924.10,63.06,153.10,0.7025,-1,-1,-1
341,4,1721.67,458.79,73.06,209.17,0.6045,-1,-1,-1
341,5,1544.81,616.26,81.77,243.33,0.6540,-1,-1,-1
341,6,221.94,342.30,64.60,183.23,0.5240,-1,-1,-1
341,8,406.68,488.05,119.63,339.08,0.3894,-1,-1,-1
341,11,928.07,19.95,62.92,165.98,0.3499,-1,-1,-1
341,17,845.83,450.97,76.28,221.83,0.4616,-1,-1,-1
341,29,498.70,498.60,70.44,215.36,0.6828,-1,-1,-1
341,32,910.97,460.12,52.25,201.29,0.3407,-1,-1,-1
341,42,399.15,955.14,96.35,123.72,0.6945,-1,-1,-1
341,45,793.45,159.28,61.24,160.39,0.2305,-1,-1,-1
341,46,979.21,58.99,55.39,180.22,0.4710,-1,-1,-1
341,50,441.03,875.74,115.33,147.04,0.6955,-1,-1,-1
341,51,1036.22,68.93,51.47,169.95,0.4654,-1,-1,-1
341,55,974.49,398.23,61.17,195.29,0.5611,-1,-1,-1
341,59,418.42,357.14,84.86,152.43,0.3086,-1,-1,-1
341,60,286.08,137.93,56.42,161.09,0.2034,-1,-1,-1
341,61,399.32,487.44,91.37,235.02,0.3930,-1,-1,-1
342,1,440.22,100.22,80.06,191.74,0.3183,-1,-1,-1
342,2,423.52,596.73,101.92,228.19,0.2566,-1,-1,-1
342,3,951.18,924.21,65.76,153.03,0.6962,-1,-1,-1
342,4,1723.19,457.17,72.72,211.64,0.6254,-1,-1,-1
342,5,1545.15,618.00,82.30,239.62,0.6394,-1,-1,-1
342,6,219.78,341.07,66.16,185.53,0.5180,-1,-1,-1
342,11,927.29,18.65,62.94,164.36,0.3288,-1,-1,-1
342,17,844.89,452.14,69.04,220.77,0.3934,-1,-1,-1
342,29,497.18,501.00,71.96,212.86,0.6927,-1,-1,-1
342,32,909.22,461.11,55.03,201.24,0.3567,-1,-1,-1
342,42,402.40,961.04,97.51,118.25,0.7173,-1,-1,-1
342,45,793.06,156.63,60.02,163.24,0.2665,-1,-1,-1
342,46,978.45,57.82,56.03,180.74,0.4038,-1,-1,-1
342,50,441.72,878.80,117.82,145.04,0.6888,-1,-1,-1
342,51,1035.91,68.27,51.96,169.86,0.4130,-1,-1,-1
342,55,975.55,400.55,62.97,195.90,0.6052,-1,-1,-1
342,59,420.53,358.77,82.85,182.24,0.3271,-1,-1,-1
342,61,400.83,487.27,84.54,242.09,0.5943,-1,-1,-1
343,1,440.28,101.68,78.06,190.33,0.3040,-1,-1,-1
343,2,427.55,596.46,100.51,226.55,0.2541,-1,-1,-1
343,3,951.50,924.94,65.75,151.70,0.7060,-1,-1,-1
343,4,1722.27,457.94,72.24,209.27,0.5959,-1,-1,-1
343,5,1545.36,617.90,83.80,240.27,0.5948,-1,-1,-1
343,6,218.46,339.89,68.54,185.50,0.5092,-1,-1,-1
343,11,925.00,17.02,65.50,162.63,0.3098,-1,-1,-1
343,17,844.20,453.30,65.51,219.76,0.3378,-1,-1,-1
343,29,494.90,502.32,73.66,213.26,0.6738,-1,-1,-1
343,32,908.95,462.28,55.96,200.24,0.3351,-1,-1,-1
343,42,404.33,963.07,98.21,116.27,0.7207,-1,-1,-1
343,45,794.51,156.70,60.33,163.20,0.2606,-1,-1,-1
343,46,976.56,57.77,56.39,177.53,0.3744,-1,-1,-1
343,50,440.42,881.71,120.83,144.14,0.6734,-1,-1,-1
343,51,1035.13,67.43,51.92,171.17,0.3753,-1,-1,-1
343,55,979.89,401.69,62.13,193.18,0.6358,-1,-1,-1
343,59,419.17,355.96,87.18,195.30,0.3050,-1,-1,-1
343,61,399.88,485.75,81.05,243.24,0.5748,-1,-1,-1
344,1,438.31,102.38,80.77,188.55,0.3235,-1,-1,-1
344,2,439.79,589.60,81.84,231.60,0.2526,-1,-1,-1
344,3,951.54,924.82,67.56,151.25,0.6941,-1,-1,-1
344,4,1721.16,459.22,73.36,207.39,0.6067,-1,-1,-1
344,5,1546.18,617.56,85.05,237.84,0.5912,-1,-1,-1
344,6,220.02,339.35,65.63,186.21,0.5461,-1,-1,-1
344,11,922.88,15.03,68.53,166.89,0.3487,-1,-1,-1
344,17,842.44,453.06,70.76,206.36,0.3316,-1,-1,-1
344,29,496.40,503.33,70.57,211.11,0.6470,-1,-1,-1
344,32,908.20,462.04,57.87,195.24,0.3880,-1,-1,-1
344,42,408.00,964.34,95.64,113.64,0.7271,-1,-1,-1
344,45,794.84,157.34,59.79,162.41,0.2967,-1,-1,-1
344,46,977.63,56.23,55.85,176.51,0.3880,-1,-1,-1
344,50,446.24,883.19,116.90,145.45,0.6794,-1,-1,-1
344,51,1035.50,66.35,51.66,171.86,0.3335,-1,-1,-1
344,55,982.23,406.11,63.86,191.53,0.5821,-1,-1,-1
344,59,420.19,353.94,86.42,203.82,0.3332,-1,-1,-1
344,61,399.36,486.35,77.41,242.09,0.6259,-1,-1,-1
345,1,438.86,102.28,80.58,187.36,0.2951,-1,-1,-1
345,2,448.27,585.06,80.20,233.90,0.3003,-1,-1,-1
345,3,952.13,925.59,68.28,150.07,0.6984,-1,-1,-1
345,4,1720.78,458.60,73.67,206.76,0.6123,-1,-1,-1
345,5,1547.01,618.96,84.74,239.73,0.5665,-1,-1,-1
345,6,219.74,338.80,64.72,185.39,0.5149,-1,-1,-1
345,11,923.89,15.33,67.61,165.72,0.3726,-1,-1,-1
345,17,842.44,455.17,67.27,215.02,0.3394,-1,-1,-1
345,29,497.75,505.72,67.10,210.52,0.5724,-1,-1,-1
345,32,908.85,462.95,59.06,194.20,0.3966,-1,-1,-1
345,42,410.68,964.16,97.65,113.35,0.7053,-1,-1,-1
345,45,796.09,157.67,57.94,161.73,0.2681,-1,-1,-1
345,46,977.16,54.01,55.30,172.93,0.4200,-1,-1,-1
345,50,449.05,884.80,116.27,150.98,0.6596,-1,-1,-1
345,51,1035.35,66.31,52.30,168.96,0.3411,-1,-1,-1
345,55,984.08,407.28,64.38,193.51,0.5275,-1,-1,-1
345,59,421.69,350.99,84.71,195.88,0.3808,-1,-1,-1
345,61,398.98,487.39,78.21,237.66,0.6663,-1,-1,-1
346,1,440.16,99.44,77.00,190.70,0.2877,-1,-1,-1
346,2,458.78,585.06,74.01,230.83,0.3759,-1,-1,-1
346,3,952.34,926.19,69.36,149.71,0.7113,-1,-1,-1
346,4,1721.97,457.72,73.11,207.95,0.6137,-1,-1,-1
346,5,1555.35,620.34,77.31,236.08,0.5697,-1,-1,-1
346,6,218.92,337.86,67.38,187.03,0.5121,-1,-1,-1
346,11,923.16,13.91,68.54,170.39,0.3342,-1,-1,-1
346,17,840.56,452.34,68.38,202.61,0.3783,-1,-1,-1
346,29,485.38,507.70,77.58,206.32,0.5588,-1,-1,-1
346,32,904.14,464.13,65.02,197.45,0.4663,-1,-1,-1
346,42,411.76,964.89,106.99,113.97,0.7046,-1,-1,-1
346,45,795.15,155.76,57.58,163.62,0.2671,-1,-1,-1
346,46,975.50,54.16,57.07,174.70,0.3690,-1,-1,-1
346,50,453.74,885.12,111.62,154.07,0.6698,-1,-1,-1
346,51,1034.35,66.95,52.60,164.41,0.2625,-1,-1,-1
346,55,985.00,408.00,66.01,194.87,0.4689,-1,-1,-1
346,59,425.93,349.64,77.13,202.13,0.3149,-1,-1,-1
346,61,396.39,486.94,80.56,234.81,0.7017,-1,-1,-1
347,1,439.14,96.32,78.56,193.76,0.2770,-1,-1,-1
347,2,468.53,583.11,71.76,233.19,0.3946,-1,-1,-1
347,3,951.70,927.23,71.81,148.63,0.7021,-1,-1,-1
347,4,1723.13,458.35,72.11,209.11,0.6250,-1,-1,-1
347,5,1549.11,621.18,85.54,234.73,0.5610,-1,-1,-1
347,6,218.53,336.99,67.22,187.45,0.4503,-1,-1,-1
347,11,922.64,13.97,68.33,171.09,0.2981,-1,-1,-1
347,17,841.95,455.01,67.26,201.50,0.3374,-1,-1,-1
347,29,482.14,510.87,79.42,200.97,0.5438,-1,-1,-1
347,32,909.43,465.94,61.44,196.04,0.4725,-1,-1,-1
347,42,413.68,965.33,102.67,113.74,0.6975,-1,-1,-1
347,45,794.41,157.75,62.06,161.72,0.2307,-1,-1,-1
347,46,975.08,54.02,57.58,174.41,0.3644,-1,-1,-1
347,50,455.76,887.17,108.30,154.91,0.6742,-1,-1,-1
347,51,1033.18,65.42,54.06,167.38,0.2707,-1,-1,-1
347,55,989.28,409.46,64.48,193.16,0.5326,-1,-1,-1
347,59,427.82,348.43,73.49,207.54,0.3348,-1,-1,-1
347,61,396.27,488.85,80.97,232.82,0.7115,-1,-1,-1
348,1,439.55,95.71,77.57,193.76,0.2750,-1,-1,-1
348,2,470.57,571.53,78.84,247.90,0.6002,-1,-1,-1
348,3,951.65,927.37,71.60,149.08,0.7281,-1,-1,-1
348,4,1722.28,457.89,73.35,208.84,0.6119,-1,-1,-1
348,5,1552.92,621.79,83.84,232.78,0.5380,-1,-1,-1
348,6,217.85,336.32,67.27,186.02,0.4058,-1,-1,-1
348,11,922.53,14.50,66.07,166.60,0.2712,-1,-1,-1
348,17,842.89,454.51,66.16,198.89,0.2808,-1,-1,-1
348,29,485.82,512.27,74.60,193.68,0.4572,-1,-1,-1
348,32,907.46,466.19,64.62,197.62,0.5223,-1,-1,-1
348,42,415.75,966.89,101.78,111.99,0.7084,-1,-1,-1
348,45,795.65,157.76,59.24,161.43,0.2270,-1,-1,-1
348,46,975.06,52.38,55.06,172.26,0.3412,-1,-1,-1
348,50,455.21,890.65,104.22,162.20,0.6435,-1,-1,-1
348,51,1032.08,65.92,53.75,163.86,0.2395,-1,-1,-1
348,55,994.72,410.28,61.47,192.71,0.5805,-1,-1,-1
348,59,429.82,345.59,72.77,192.96,0.3888,-1,-1,-1
348,61,393.94,489.59,81.85,233.08,0.7195,-1,-1,-1
349,1,439.64,92.59,74.52,194.35,0.2679,-1,-1,-1
349,2,474.59,578.24,75.80,241.68,0.6639,-1,-1,-1
349,3,951.59,927.70,74.81,147.86,0.7382,-1,-1,-1
349,4,1722.85,457.90,72.28,208.31,0.6022,-1,-1,-1
349,5,1551.08,622.05,87.80,237.24,0.5456,-1,-1,-1
349,6,218.07,334.13,66.80,187.99,0.4380,-1,-1,-1
349,11,922.08,14.18,68.65,164.56,0.2763,-1,-1,-1
349,17,844.35,457.15,65.56,205.81,0.2472,-1,-1,-1
349,29,483.41,507.74,80.07,137.99,0.2194,-1,-1,-1
349,32,908.42,469.57,59.59,197.37,0.4799,-1,-1,-1
349,42,417.35,969.28,101.25,110.17,0.7037,-1,-1,-1
349,45,794.26,155.09,58.97,164.07,0.2388,-1,-1,-1
349,46,974.34,51.62,54.74,173.50,0.4529,-1,-1,-1
349,50,458.11,892.31,99.21,164.64,0.6393,-1,-1,-1
349,51,1031.59,65.54,54.46,160.63,0.2452,-1,-1,-1
349,55,996.20,411.39,63.29,193.15,0.6059,-1,-1,-1
349,59,429.67,345.29,72.42,201.45,0.4450,-1,-1,-1
349,61,393.80,489.29,79.39,233.41,0.7192,-1,-1,-1
350,1,437.77,92.86,77.88,191.31,0.2117,-1,-1,-1
350,2,478.58,578.87,77.57,240.80,0.5749,-1,-1,-1
350,3,951.18,928.68,76.51,146.84,0.7306,-1,-1,-1
350,4,1721.90,457.61,73.55,207.35,0.6055,-1,-1,-1
350,5,1553.00,623.58,88.64,240.15,0.5358,-1,-1,-1
350,6,215.82,333.29,67.63,186.77,0.3939,-1,-1,-1
350,11,922.40,13.24,65.40,166.07,0.2554,-1,-1,-1
350,17,845.32,456.58,65.64,206.50,0.2446,-1,-1,-1
350,32,908.12,468.48,64.91,201.97,0.4154,-1,-1,-1
350,42,418.18,972.38,103.70,107.62,0.6904,-1,-1,-1
350,45,795.37,157.32,59.49,162.24,0.2083,-1,-1,-1
350,46,974.41,49.87,54.16,176.27,0.3895,-1,-1,-1
350,50,462.66,894.17,91.19,159.24,0.6134,-1,-1,-1
350,51,1030.85,65.47,55.48,158.46,0.2400,-1,-1,-1
350,55,1000.53,410.60,63.44,194.20,0.6152,-1,-1,-1
350,59,429.77,342.35,72.34,204.51,0.4424,-1,-1,-1
350,61,391.69,491.31,79.60,232.86,0.6636,-1,-1,-1
351,1,438.18,92.45,77.45,190.40,0.2913,-1,-1,-1
351,2,480.81,525.38,89.37,290.22,0.6626,-1,-1,-1
351,3,950.91,929.91,79.01,146.82,0.7354,-1,-1,-1
351,4,1722.47,458.14,72.66,208.68,0.5801,-1,-1,-1
351,5,1550.44,623.67,94.85,237.00,0.5630,-1,-1,-1
351,6,213.63,329.96,67.96,186.70,0.3133,-1,-1,-1
351,11,922.12,13.17,66.54,166.57,0.2476,-1,-1,-1
351,17,845.07,456.68,64.16,203.48,0.2474,-1,-1,-1
351,32,908.59,469.60,66.26,203.96,0.3823,-1,-1,-1
351,42,419.70,976.22,103.41,103.54,0.6968,-1,-1,-1
351,45,795.68,155.58,57.17,164.21,0.2663,-1,-1,-1
351,46,973.72,49.34,54.30,177.36,0.4614,-1,-1,-1
351,50,466.29,898.00,86.12,154.79,0.5857,-1,-1,-1
351,51,1030.06,65.12,55.90,158.68,0.2838,-1,-1,-1
351,55,1001.87,408.46,63.46,195.11,0.5972,-1,-1,-1
351,59,429.68,338.79,73.06,205.71,0.4616,-1,-1,-1
351,61,392.69,493.95,76.53,233.74,0.6804,-1,-1,-1
352,1,438.13,91.62,76.59,190.72,0.2787,-1,-1,-1
352,2,479.93,567.21,104.15,250.39,0.6596,-1,-1,-1
352,3,950.77,929.95,80.01,147.50,0.7275,-1,-1,-1
352,4,1722.98,457.16,72.81,209.43,0.5970,-1,-1,-1
352,5,1550.12,626.11,94.50,238.48,0.5546,-1,-1,-1
352,6,212.65,327.87,66.49,188.04,0.3215,-1,-1,-1
352,11,923.35,11.64,64.75,168.47,0.2659,-1,-1,-1
352,17,845.89,459.25,69.28,212.39,0.2826,-1,-1,-1
352,32,909.68,472.21,65.56,203.10,0.4408,-1,-1,-1
352,42,421.64,980.29,107.94,99.67,0.6891,-1,-1,-1
352,45,797.08,158.33,57.65,161.79,0.2556,-1,-1,-1
352,46,972.05,47.80,54.82,178.80,0.4355,-1,-1,-1
352,50,468.35,899.75,83.92,151.15,0.5744,-1,-1,-1
352,51,1029.76,64.89,56.28,158.19,0.2986,-1,-1,-1
352,55,1007.48,410.01,61.93,194.00,0.5960,-1,-1,-1
352,59,429.40,337.75,70.80,211.41,0.3768,-1,-1,-1
352,61,391.71,495.33,76.54,234.67,0.7084,-1,-1,-1
353,1,440.27,90.19,71.74,192.28,0.2848,-1,-1,-1
353,2,480.76,574.63,112.02,241.40,0.7195,-1,-1,-1
353,3,950.96,930.22,81.37,147.68,0.7487,-1,-1,-1
353,4,1721.85,458.37,73.26,209.71,0.6067,-1,-1,-1
353,5,1565.10,624.42,81.93,240.18,0.5121,-1,-1,-1
353,6,212.48,325.20,66.24,188.13,0.3107,-1,-1,-1
353,11,922.42,10.30,65.04,167.91,0.2707,-1,-1,-1
353,17,846.42,459.79,69.61,218.89,0.3689,-1,-1,-1
353,32,910.16,473.77,65.33,201.97,0.4828,-1,-1,-1
353,42,422.12,983.97,108.74,96.08,0.6849,-1,-1,-1
353,45,799.20,159.46,55.93,160.79,0.2627,-1,-1,-1
353,46,968.52,47.16,58.17,179.58,0.3736,-1,-1,-1
353,50,466.87,902.29,86.52,151.31,0.4848,-1,-1,-1
353,51,1029.53,64.96,56.83,158.06,0.2578,-1,-1,-1
353,55,1008.84,411.08,64.62,194.25,0.6495,-1,-1,-1
353,59,429.78,333.53,75.07,202.60,0.4501,-1,-1,-1
353,61,391.34,496.96,75.86,235.76,0.7008,-1,-1,-1
354,1,440.97,89.36,71.66,193.16,0.2801,-1,-1,-1
354,2,480.60,577.16,114.53,238.60,0.7345,-1,-1,-1
354,3,951.26,930.69,81.29,147.21,0.7496,-1,-1,-1
354,4,1722.33,458.19,72.41,209.91,0.5912,-1,-1,-1
354,5,1566.70,626.84,83.41,245.18,0.5276,-1,-1,-1
354,6,213.84,324.13,63.79,186.67,0.3055,-1,-1,-1
354,11,922.46,8.92,63.75,167.11,0.2621,-1,-1,-1
354,17,845.52,461.21,68.86,221.63,0.3724,-1,-1,-1
354,32,908.95,477.40,68.57,200.67,0.4622,-1,-1,-1
354,42,425.54,990.21,105.25,89.94,0.6499,-1,-1,-1
354,45,798.38,158.64,55.76,161.21,0.2855,-1,-1,-1
354,46,965.38,47.10,61.21,178.94,0.3155,-1,-1,-1
354,50,471.06,908.06,81.36,149.07,0.5136,-1,-1,-1
354,51,1029.63,64.91,56.29,160.46,0.2749,-1,-1,-1
354,55,1011.74,413.93,66.62,193.76,0.5973,-1,-1,-1
354,59,428.54,335.09,75.38,206.04,0.4231,-1,-1,-1
354,61,389.18,498.63,79.09,235.46,0.6849,-1,-1,-1
354,62,1747.50,68.63,59.83,168.87,0.2047,-1,-1,-1
355,1,443.09,88.25,69.96,193.67,0.2299,-1,-1,-1
355,2,480.41,579.88,114.90,236.74,0.7572,-1,-1,-1
355,3,950.98,929.49,82.81,148.13,0.7462,-1,-1,-1
355,4,1723.13,458.23,71.02,208.61,0.6066,-1,-1,-1
355,5,1568.61,628.82,84.13,245.72,0.5541,-1,-1,-1
355,6,211.95,322.82,64.16,186.21,0.2875,-1,-1,-1
355,11,923.58,7.58,62.26,165.86,0.2445,-1,-1,-1
355,17,845.07,463.62,69.22,222.04,0.3828,-1,-1,-1
355,32,909.03,480.72,67.19,198.25,0.3998,-1,-1,-1
355,42,432.02,994.67,98.45,84.29,0.6135,-1,-1,-1
355,45,797.87,158.13,56.60,161.30,0.2689,-1,-1,-1
355,46,965.35,57.77,62.90,167.21,0.2883,-1,-1,-1
355,50,472.84,911.20,81.90,160.40,0.5781,-1,-1,-1
355,51,1029.35,64.28,56.87,160.97,0.2644,-1,-1,-1
355,55,1014.46,417.20,66.58,191.23,0.5710,-1,-1,-1
355,59,426.15,333.68,79.19,209.27,0.4536,-1,-1,-1
355,61,388.15,501.21,80.70,236.56,0.6939,-1,-1,-1
355,62,1749.04,68.77,59.30,171.03,0.2093,-1,-1,-1
356,1,443.21,87.49,70.01,193.93,0.3017,-1,-1,-1
356,2,481.19,575.56,115.85,240.48,0.7309,-1,-1,-1
356,3,951.76,928.79,81.13,147.68,0.7432,-1,-1,-1
356,4,1722.67,458.43,71.45,208.49,0.6066,-1,-1,-1
356,5,1568.98,627.07,85.53,246.86,0.5876,-1,-1,-1
356,6,217.04,321.22,58.79,183.25,0.2895,-1,-1,-1
356,11,924.99,5.58,60.68,166.35,0.2796,-1,-1,-1
356,17,846.43,464.34,68.77,219.79,0.4298,-1,-1,-1
356,32,910.57,482.48,64.94,202.65,0.4217,-1,-1,-1
356,42,435.68,998.49,95.14,80.53,0.6162,-1,-1,-1
356,45,797.43,157.23,57.18,162.16,0.2828,-1,-1,-1
356,46,962.29,53.40,62.53,171.33,0.3390,-1,-1,-1
356,50,472.93,915.50,84.84,157.95,0.5447,-1,-1,-1
356,51,1028.47,63.48,57.01,161.08,0.3002,-1,-1,-1
356,55,1015.52,418.76,68.83,190.59,0.4963,-1,-1,-1
356,59,425.15,332.51,81.05,210.83,0.4699,-1,-1,-1
356,61,386.37,503.61,79.74,236.37,0.6987,-1,-1,-1
356,62,1750.17,69.10,57.37,170.92,0.2360,-1,-1,-1
357,1,444.06,87.33,68.99,192.73,0.2196,-1,-1,-1
357,2,483.00,572.86,117.38,243.42,0.6990,-1,-1,-1
357,3,952.69,927.66,81.04,149.17,0.7298,-1,-1,-1
357,4,1722.81,458.32,71.33,207.78,0.5908,-1,-1,-1
357,5,1570.63,630.12,85.42,244.26,0.5843,-1,-1,-1
357,6,217.18,320.20,58.00,181.02,0.2943,-1,-1,-1
357,11,925.48,3.29,60.45,169.44,0.2809,-1,-1,-1
357,17,846.66,466.98,69.88,214.74,0.4828,-1,-1,-1
357,32,911.19,484.89,64.30,198.87,0.4852,-1,-1,-1
357,42,439.75,1003.61,92.97,75.48,0.5505,-1,-1,-1
357,45,798.30,155.51,55.83,163.53,0.3032,-1,-1,-1
357,46,963.81,54.05,60.44,169.14,0.2944,-1,-1,-1
357,50,479.17,921.12,82.44,153.45,0.5129,-1,-1,-1
357,51,1027.33,62.93,57.55,161.46,0.2665,-1,-1,-1
357,55,1017.80,421.21,77.05,193.68,0.4402,-1,-1,-1
357,59,423.88,330.62,83.16,213.89,0.4491,-1,-1,-1
357,61,384.94,505.21,79.63,236.78,0.6887,-1,-1,-1
357,62,1750.38,69.93,58.43,172.84,0.2948,-1,-1,-1
358,1,444.03,85.65,68.95,194.76,0.2300,-1,-1,-1
358,2,485.71,578.96,116.40,237.03,0.7542,-1,-1,-1
358,3,954.66,927.37,78.66,152.47,0.7262,-1,-1,-1
358,4,1723.22,458.02,71.32,208.27,0.5817,-1,-1,-1
358,5,1570.80,632.53,84.50,242.52,0.5397,-1,-1,-1
358,6,215.87,318.74,59.27,182.64,0.3605,-1,-1,-1
358,11,924.57,1.80,62.13,171.43,0.2380,-1,-1,-1
358,17,847.79,468.21,69.16,214.73,0.4935,-1,-1,-1
358,32,912.50,486.84,64.19,199.07,0.4811,-1,-1,-1
358,42,440.79,1006.81,88.68,72.38,0.5574,-1,-1,-1
358,45,798.72,155.18,55.83,164.38,0.2806,-1,-1,-1
358,46,964.27,55.59,58.49,167.35,0.3156,-1,-1,-1
358,50,483.54,921.33,85.54,154.44,0.5997,-1,-1,-1
358,51,1026.56,61.98,58.02,161.24,0.2801,-1,-1,-1
358,55,1017.09,423.16,78.72,193.99,0.5056,-1,-1,-1
358,59,422.97,330.83,83.87,210.84,0.4440,-1,-1,-1
358,61,383.71,506.28,79.77,241.27,0.6992,-1,-1,-1
358,62,1751.60,71.73,57.63,173.54,0.3428,-1,-1,-1
358,63,476.12,521.61,66.33,218.30,0.5440,-1,-1,-1
359,1,443.94,85.34,68.45,194.78,0.2746,-1,-1,-1
359,2,487.67,579.59,112.42,235.91,0.7413,-1,-1,-1
359,3,954.37,927.04,79.88,149.87,0.7175,-1,-1,-1
359,4,1722.25,457.02,72.42,209.40,0.5852,-1,-1,-1
359,5,1569.86,635.63,86.52,242.07,0.5911,-1,-1,-1
359,6,209.92,317.83,65.03,184.81,0.3767,-1,-1,-1
359,11,924.00,1.21,63.38,172.51,0.2001,-1,-1,-1
359,17,846.88,475.23,72.48,216.65,0.5623,-1,-1,-1
359,32,913.91,488.02,64.08,198.32,0.4509,-1,-1,-1
359,42,442.99,1011.23,93.00,68.60,0.5474,-1,-1,-1
359,45,797.30,154.26,57.34,165.40,0.2855,-1,-1,-1
359,46,964.15,56.19,55.31,168.81,0.3705,-1,-1,-1
359,50,483.19,922.38,87.03,153.41,0.5681,-1,-1,-1
359,51,1026.29,61.76,57.55,163.44,0.3261,-1,-1,-1
359,55,1019.82,426.02,78.18,192.49,0.5046,-1,-1,-1
359,59,423.95,330.19,82.16,210.63,0.4731,-1,-1,-1
359,61,382.37,507.12,80.16,242.62,0.6913,-1,-1,-1
359,62,1752.35,74.10,56.47,172.26,0.3467,-1,-1,-1
359,63,475.70,524.23,65.81,216.92,0.5388,-1,-1,-1
360,1,443.08,85.57,69.20,193.68,0.2467,-1,-1,-1
360,2,491.15,581.05,109.73,235.06,0.6930,-1,-1,-1
360,3,955.40,926.73,78.57,150.67,0.7183,-1,-1,-1
360,4,1722.55,457.64,72.01,208.12,0.6181,-1,-1,-1
360,5,1570.27,635.96,82.40,243.90,0.5891,-1,-1,-1
360,6,209.42,317.80,64.48,185.05,0.3849,-1,-1,-1
360,17,847.90,476.04,74.25,219.54,0.5672,-1,-1,-1
360,32,915.83,487.66,63.30,198.67,0.4739,-1,-1,-1
360,42,445.69,1011.99,89.28,67.73,0.5166,-1,-1,-1
360,45,797.72,154.12,56.73,165.66,0.2931,-1,-1,-1
360,46,962.71,55.26,56.56,169.91,0.3643,-1,-1,-1
360,50,489.17,923.79,85.15,153.78,0.6072,-1,-1,-1
360,51,1025.68,62.04,57.22,161.80,0.3441,-1,-1,-1
360,55,1024.02,425.86,77.38,197.73,0.5226,-1,-1,-1
360,59,426.43,329.15,79.22,209.14,0.5083,-1,-1,-1
360,61,380.00,508.06,82.06,242.40,0.7186,-1,-1,-1
360,62,1752.86,75.23,56.32,172.32,0.3344,-1,-1,-1
360,63,476.86,528.59,61.37,219.18,0.6190,-1,-1,-1
361,1,441.88,85.50,69.48,193.05,0.2216,-1,-1,-1
361,2,499.89,577.37,100.86,238.27,0.6539,-1,-1,-1
361,3,956.57,926.24,77.98,151.40,0.7181,-1,-1,-1
361,4,1722.91,457.85,72.12,208.72,0.6151,-1,-1,-1
361,5,1568.30,635.55,83.64,243.43,0.6156,-1,-1,-1
361,6,209.71,317.13,62.23,185.72,0.2882,-1,-1,-1
361,17,850.40,477.35,71.83,219.40,0.6164,-1,-1,-1
361,32,915.85,487.34,66.34,201.00,0.4812,-1,-1,-1
361,42,445.74,1014.73,94.02,64.43,0.4443,-1,-1,-1
361,45,797.44,153.49,56.63,167.04,0.3196,-1,-1,-1
361,46,959.30,53.12,60.15,171.66,0.4078,-1,-1,-1
361,50,493.76,924.01,85.11,155.89,0.6513,-1,-1,-1
361,51,1025.32,60.74,55.60,161.53,0.3863,-1,-1,-1
361,55,1027.74,428.39,75.79,196.30,0.4499,-1,-1,-1
361,59,427.87,328.35,77.51,207.98,0.5101,-1,-1,-1
361,61,379.91,508.93,79.16,242.23,0.7082,-1,-1,-1
361,62,1753.32,76.99,56.92,173.06,0.3737,-1,-1,-1
361,63,474.70,529.36,66.93,229.69,0.6367,-1,-1,-1
362,1,441.23,84.46,70.08,193.75,0.2200,-1,-1,-1
362,2,512.61,577.08,90.25,235.54,0.6018,-1,-1,-1
362,3,958.97,926.25,74.95,151.50,0.6844,-1,-1,-1
362,4,1722.64,457.99,73.07,208.69,0.5911,-1,-1,-1
362,5,1571.36,634.83,82.22,244.97,0.5539,-1,-1,-1
362,6,208.79,316.18,62.43,185.64,0.2206,-1,-1,-1
362,17,850.42,477.61,71.09,218.47,0.5477,-1,-1,-1
362,32,914.90,489.82,66.90,199.58,0.3917,-1,-1,-1
362,42,448.40,1017.46,83.67,61.11,0.4502,-1,-1,-1
362,45,797.55,153.87,57.88,166.48,0.3059,-1,-1,-1
362,46,955.62,50.25,61.47,174.02,0.4269,-1,-1,-1
362,50,494.57,926.60,93.64,153.52,0.6742,-1,-1,-1
362,51,1025.40,59.73,54.87,162.90,0.3849,-1,-1,-1
362,55,1029.83,429.26,75.74,195.18,0.4743,-1,-1,-1
362,59,432.20,324.93,74.23,205.27,0.4812,-1,-1,-1
362,61,377.65,509.82,78.42,240.43,0.6923,-1,-1,-1
362,62,1753.54,81.54,56.61,169.95,0.3867,-1,-1,-1
362,63,472.54,526.13,66.85,235.66,0.6963,-1,-1,-1
363,1,441.72,83.62,69.49,193.53,0.2668,-1,-1,-1
363,2,517.16,576.50,91.50,233.58,0.6175,-1,-1,-1
363,3,960.68,926.04,73.46,151.52,0.6481,-1,-1,-1
363,4,1722.84,458.30,72.60,208.31,0.5985,-1,-1,-1
363,5,1572.41,634.53,82.87,244.60,0.5787,-1,-1,-1
363,6,206.99,315.60,63.73,185.23,0.2572,-1,-1,-1
363,17,852.91,478.75,68.34,216.83,0.5885,-1,-1,-1
363,32,915.50,491.87,66.04,198.06,0.4491,-1,-1,-1
363,42,449.55,1018.00,90.62,61.18,0.5160,-1,-1,-1
363,45,795.46,154.01,55.12,166.41,0.3138,-1,-1,-1
363,46,956.27,48.56,59.74,173.40,0.3508,-1,-1,-1
363,50,496.08,928.56,98.88,151.54,0.6515,-1,-1,-1
363,51,1024.19,59.44,56.99,161.78,0.4430,-1,-1,-1
363,55,1035.09,429.69,71.48,195.47,0.5321,-1,-1,-1
363,59,435.85,324.19,70.44,207.42,0.4904,-1,-1,-1
363,61,376.08,509.72,79.00,240.09,0.7083,-1,-1,-1
363,62,1753.32,81.81,56.32,170.61,0.3764,-1,-1,-1
363,63,472.19,535.62,67.48,226.61,0.7135,-1,-1,-1
364,1,442.20,82.67,68.37,193.52,0.2563,-1,-1,-1
364,2,526.18,576.08,86.42,236.27,0.6576,-1,-1,-1
364,3,962.57,925.25,72.65,152.83,0.6641,-1,-1,-1
364,4,1721.59,457.85,73.62,208.43,0.5886,-1,-1,-1
364,5,1573.61,634.00,80.00,245.95,0.5521,-1,-1,-1
364,6,205.64,316.42,63.77,182.58,0.2330,-1,-1,-1
364,17,852.36,477.96,71.42,217.56,0.5575,-1,-1,-1
364,32,916.97,492.45,64.64,197.28,0.4187,-1,-1,-1
364,42,452.69,1018.15,87.85,61.60,0.5017,-1,-1,-1
364,45,795.11,154.13,54.63,166.04,0.3284,-1,-1,-1
364,46,957.39,47.46,58.22,173.05,0.3157,-1,-1,-1
364,50,500.01,932.18,101.09,147.97,0.6687,-1,-1,-1
364,51,1022.69,58.42,58.23,162.73,0.3836,-1,-1,-1
364,55,1040.48,429.93,69.63,194.07,0.5999,-1,-1,-1
364,59,436.27,322.67,69.77,206.73,0.4881,-1,-1,-1
364,61,373.98,511.33,78.99,239.44,0.6907,-1,-1,-1
364,62,1753.78,82.66,55.94,169.94,0.3107,-1,-1,-1
364,63,470.98,539.61,66.30,223.63,0.7230,-1,-1,-1
365,1,442.70,80.94,67.52,193.97,0.3012,-1,-1,-1
365,2,538.56,573.41,78.67,237.81,0.6445,-1,-1,-1
365,3,963.44,923.41,71.68,155.09,0.6762,-1,-1,-1
365,4,1722.79,456.81,72.24,209.62,0.5705,-1,-1,-1
365,5,1574.71,635.41,79.29,242.99,0.6066,-1,-1,-1
365,6,205.79,315.24,63.64,184.62,0.2752,-1,-1,-1
365,17,850.87,479.01,72.37,216.10,0.5369,-1,-1,-1
365,32,916.52,490.21,65.88,199.67,0.4057,-1,-1,-1
365,42,455.36,1016.40,84.91,63.24,0.4642,-1,-1,-1
365,45,795.11,154.30,55.21,165.89,0.3169,-1,-1,-1
365,46,957.05,50.22,60.39,167.44,0.2186,-1,-1,-1
365,50,503.58,934.00,103.62,146.06,0.6730,-1,-1,-1
365,51,1021.36,58.24,58.98,161.89,0.3910,-1,-1,-1
365,55,1044.17,430.65,68.97,193.83,0.6219,-1,-1,-1
365,59,437.58,317.56,67.61,209.11,0.5339,-1,-1,-1
365,61,370.32,512.52,80.06,237.74,0.6918,-1,-1,-1
365,62,1754.59,83.31,54.07,169.87,0.2956,-1,-1,-1
365,63,470.27,537.70,66.18,227.38,0.7146,-1,-1,-1
366,1,443.77,80.41,66.13,192.96,0.3153,-1,-1,-1
366,2,544.95,572.61,73.91,239.74,0.7068,-1,-1,-1
366,3,965.37,922.80,71.19,155.97,0.7045,-1,-1,-1
366,4,1722.10,457.33,72.45,209.24,0.5831,-1,-1,-1
366,5,1574.77,632.58,82.61,247.28,0.5590,-1,-1,-1
366,17,850.44,479.80,72.40,215.27,0.5753,-1,-1,-1
366,32,915.71,490.03,67.31,200.94,0.4521,-1,-1,-1
366,42,457.01,1017.16,77.49,62.70,0.3868,-1,-1,-1
366,45,794.91,153.86,54.61,167.01,0.3475,-1,-1,-1
366,46,957.90,49.88,58.95,166.21,0.3311,-1,-1,-1
366,50,508.15,936.80,104.36,143.29,0.6721,-1,-1,-1
366,51,1020.85,59.23,56.06,157.16,0.4136,-1,-1,-1
366,55,1047.07,430.18,68.43,195.62,0.6360,-1,-1,-1
366,59,438.87,316.18,68.65,209.16,0.5354,-1,-1,-1
366,61,366.44,512.12,81.17,237.19,0.7382,-1,-1,-1
366,62,1754.95,84.50,55.76,168.76,0.2774,-1,-1,-1
366,63,469.57,539.21,65.18,231.75,0.7363,-1,-1,-1
367,1,444.38,79.47,65.22,192.53,0.2885,-1,-1,-1
367,2,546.75,572.16,73.81,242.69,0.6910,-1,-1,-1
367,3,966.28,921.25,70.86,156.63,0.7085,-1,-1,-1
367,4,1721.92,457.73,71.90,209.61,0.5782,-1,-1,-1
367,5,1574.74,641.38,89.43,240.24,0.5721,-1,-1,-1
367,6,205.86,314.32,62.28,182.64,0.2044,-1,-1,-1
367,17,851.57,479.74,72.82,217.77,0.5985,-1,-1,-1
367,32,915.54,491.17,66.81,202.39,0.4385,-1,-1,-1
367,42,462.66,1021.30,71.47,58.99,0.3440,-1,-1,-1
367,45,795.40,153.86,53.82,167.27,0.3344,-1,-1,-1
367,46,956.92,47.79,59.25,167.47,0.3196,-1,-1,-1
367,50,506.35,941.09,107.62,139.03,0.6845,-1,-1,-1
367,51,1020.83,58.71,55.43,155.35,0.4286,-1,-1,-1
367,55,1050.54,430.97,67.05,193.84,0.6293,-1,-1,-1
367,59,439.13,313.89,69.31,209.27,0.5578,-1,-1,-1
367,61,362.15,514.60,84.81,235.18,0.7535,-1,-1,-1
367,62,1757.65,85.35,53.42,167.65,0.2143,-1,-1,-1
367,63,467.82,540.03,65.33,233.37,0.7384,-1,-1,-1
368,1,444.59,79.04,65.32,191.45,0.2301,-1,-1,-1
368,2,547.82,571.80,76.98,241.19,0.6911,-1,-1,-1
368,3,967.90,921.26,70.91,157.34,0.6907,-1,-1,-1
368,4,1722.00,457.93,73.73,207.84,0.5801,-1,-1,-1
368,5,1574.74,644.42,90.89,235.11,0.5174,-1,-1,-1
368,17,852.04,480.83,69.72,217.86,0.6278,-1,-1,-1
368,32,914.91,492.02,68.18,202.92,0.4885,-1,-1,-1
368,42,469.00,1023.74,56.79,56.37,0.2907,-1,-1,-1
368,45,794.90,151.98,57.89,168.74,0.3281,-1,-1,-1
368,46,955.67,47.46,59.15,168.17,0.2754,-1,-1,-1
368,50,509.99,943.29,108.53,136.74,0.6910,-1,-1,-1
368,51,1020.35,57.96,55.29,154.21,0.4500,-1,-1,-1
368,55,1054.73,432.15,67.18,197.59,0.6652,-1,-1,-1
368,59,439.43,312.69,69.75,208.25,0.5699,-1,-1,-1
368,61,359.25,515.12,87.26,234.95,0.7706,-1,-1,-1
368,62,1756.65,85.51,55.70,165.91,0.2617,-1,-1,-1
368,63,465.61,540.60,67.00,233.25,0.7515,-1,-1,-1
369,2,547.43,572.51,80.22,241.06,0.6849,-1,-1,-1
369,3,968.72,920.97,71.75,158.07,0.7168,-1,-1,-1
369,4,1721.99,458.18,75.41,206.47,0.5704,-1,-1,-1
369,5,1575.68,645.48,88.21,236.12,0.5087,-1,-1,-1
369,17,852.02,482.40,66.68,219.36,0.5687,-1,-1,-1
369,32,913.05,493.93,69.16,204.48,0.4003,-1,-1,-1
369,42,475.33,1028.85,45.57,51.58,0.2633,-1,-1,-1
369,45,795.20,151.96,57.47,169.21,0.3285,-1,-1,-1
369,46,959.12,47.39,55.23,168.10,0.3109,-1,-1,-1
369,50,513.14,946.24,111.17,133.81,0.6967,-1,-1,-1
369,51,1019.53,57.06,54.40,155.52,0.4489,-1,-1,-1
369,55,1057.22,432.65,68.96,194.51,0.6196,-1,-1,-1
369,59,441.11,310.57,67.40,210.01,0.5333,-1,-1,-1
369,61,356.05,516.10,90.10,239.53,0.7537,-1,-1,-1
369,62,1759.82,89.59,54.45,162.01,0.2711,-1,-1,-1
369,63,464.72,540.77,66.36,232.57,0.7333,-1,-1,-1
370,2,547.07,572.58,83.84,240.78,0.6628,-1,-1,-1
370,3,968.69,919.48,73.56,158.80,0.7285,-1,-1,-1
370,4,1722.44,457.68,73.53,208.16,0.5874,-1,-1,-1
370,5,1575.13,644.05,90.24,235.73,0.4691,-1,-1,-1
370,6,204.07,309.51,61.87,178.46,0.2995,-1,-1,-1
370,17,852.52,482.18,66.02,218.07,0.4710,-1,-1,-1
370,32,915.56,498.27,67.57,203.15,0.3723,-1,-1,-1
370,42,478.48,1037.08,57.29,43.62,0.2515,-1,-1,-1
370,45,793.92,152.44,60.43,168.05,0.3157,-1,-1,-1
370,46,957.50,46.64,55.93,169.52,0.2810,-1,-1,-1
370,50,515.16,951.51,115.43,128.62,0.6846,-1,-1,-1
370,51,1016.17,55.58,58.10,158.99,0.4061,-1,-1,-1
370,55,1060.12,435.26,67.47,198.79,0.6198,-1,-1,-1
370,59,441.78,309.41,67.96,212.95,0.5428,-1,-1,-1
370,61,352.71,519.20,90.82,242.73,0.7180,-1,-1,-1
370,62,1762.09,92.48,53.14,160.17,0.2418,-1,-1,-1
370,63,462.91,541.22,67.49,232.15,0.7277,-1,-1,-1
371,2,547.72,572.24,95.45,241.55,0.6411,-1,-1,-1
371,3,970.15,917.59,73.98,160.58,0.7217,-1,-1,-1
371,4,1722.22,457.67,74.56,207.72,0.5571,-1,-1,-1
371,5,1574.19,644.22,91.04,234.16,0.3964,-1,-1,-1
371,6,203.89,305.37,61.04,181.35,0.2013,-1,-1,-1
371,17,851.51,483.11,68.16,224.54,0.4579,-1,-1,-1
371,32,914.77,503.50,69.26,203.72,0.4775,-1,-1,-1
371,42,481.53,1040.57,49.48,39.19,0.2266,-1,-1,-1
371,45,794.29,153.02,60.79,168.00,0.3037,-1,-1,-1
371,50,516.56,954.82,116.98,125.22,0.6926,-1,-1,-1
371,51,1015.19,53.99,59.64,161.15,0.3408,-1,-1,-1
371,55,1062.40,435.99,69.85,199.28,0.6651,-1,-1,-1
371,59,441.30,310.11,70.05,210.17,0.5069,-1,-1,-1
371,61,348.62,522.49,92.85,242.32,0.6995,-1,-1,-1
371,62,1761.46,93.33,55.78,159.20,0.3399,-1,-1,-1
371,63,461.42,541.60,67.42,232.12,0.7161,-1,-1,-1
372,2,549.11,571.22,107.85,242.87,0.6572,-1,-1,-1
372,3,970.61,917.08,77.34,161.31,0.7401,-1,-1,-1
372,4,1721.30,458.85,76.86,206.77,0.5385,-1,-1,-1
372,5,1573.62,646.40,92.92,232.80,0.4464,-1,-1,-1
372,17,850.97,484.14,69.10,224.59,0.4099,-1,-1,-1
372,32,912.60,505.47,71.46,203.78,0.4711,-1,-1,-1
372,45,793.68,152.37,60.79,168.08,0.2984,-1,-1,-1
372,46,952.34,42.62,60.64,172.14,0.2286,-1,-1,-1
372,50,519.11,959.15,115.66,120.92,0.6817,-1,-1,-1
372,51,1015.40,53.33,58.58,163.57,0.3745,-1,-1,-1
372,55,1064.40,439.29,70.21,203.21,0.6604,-1,-1,-1
372,59,442.52,310.66,69.54,209.55,0.5541,-1,-1,-1
372,61,348.15,524.88,93.31,242.98,0.7206,-1,-1,-1
372,62,1762.37,96.19,57.44,156.97,0.3663,-1,-1,-1
372,63,459.93,541.94,68.30,230.26,0.7129,-1,-1,-1
373,2,550.12,571.22,109.95,242.87,0.6622,-1,-1,-1
373,3,972.09,915.61,77.88,162.27,0.7300,-1,-1,-1
373,4,1720.72,458.05,78.44,208.06,0.5376,-1,-1,-1
373,5,1574.00,644.52,91.71,232.48,0.4244,-1,-1,-1
373,17,850.57,485.54,67.69,222.77,0.3839,-1,-1,-1
373,32,914.11,505.80,70.53,205.24,0.4805,-1,-1,-1
373,45,793.29,154.37,56.55,165.98,0.2889,-1,-1,-1
373,46,951.08,43.62,62.00,170.22,0.2340,-1,-1,-1
373,50,518.95,962.51,117.33,117.52,0.6644,-1,-1,-1
373,51,1015.29,52.90,57.81,161.95,0.3809,-1,-1,-1
373,55,1066.96,441.32,71.17,203.21,0.6459,-1,-1,-1
373,59,443.16,309.63,68.98,210.23,0.5566,-1,-1,-1
373,61,346.89,526.90,92.71,239.49,0.6982,-1,-1,-1
373,62,1766.03,97.19,53.66,157.76,0.2800,-1,-1,-1
373,63,459.29,543.37,66.92,229.19,0.7052,-1,-1,-1
373,65,1802.55,457.81,67.45,206.19,0.2372,-1,-1,-1
374,2,555.36,569.55,107.49,244.03,0.6515,-1,-1,-1
374,3,972.58,915.37,78.24,162.93,0.7321,-1,-1,-1
374,4,1719.60,456.75,78.93,208.25,0.5508,-1,-1,-1
374,5,1572.66,645.52,94.07,233.02,0.4207,-1,-1,-1
374,17,851.50,487.91,67.35,218.56,0.4447,-1,-1,-1
374,32,913.86,506.53,69.81,205.51,0.5503,-1,-1,-1
374,45,792.23,154.23,57.54,166.48,0.3158,-1,-1,-1
374,46,953.71,42.42,58.98,171.88,0.2291,-1,-1,-1
374,50,522.10,964.40,114.02,115.57,0.6573,-1,-1,-1
374,51,1014.63,52.35,57.02,161.72,0.3998,-1,-1,-1
374,55,1073.30,443.02,66.83,201.62,0.6226,-1,-1,-1
374,59,443.70,308.81,69.35,208.93,0.5967,-1,-1,-1
374,61,345.26,527.53,91.26,238.10,0.7019,-1,-1,-1
374,62,1765.83,95.56,55.12,161.04,0.2410,-1,-1,-1
374,63,457.10,545.30,67.61,225.53,0.7079,-1,-1,-1
374,65,1801.86,455.85,67.54,206.65,0.2506,-1,-1,-1
375,2,560.75,567.94,107.65,245.35,0.6307,-1,-1,-1
375,3,972.86,914.22,79.09,164.80,0.7226,-1,-1,-1
375,4,1718.63,456.95,78.43,208.82,0.5806,-1,-1,-1
375,5,1571.53,640.61,96.22,236.89,0.2747,-1,-1,-1
375,17,853.92,490.53,64.67,216.72,0.4074,-1,-1,-1
375,32,914.16,507.08,69.03,205.84,0.5548,-1,-1,-1
375,45,790.75,151.58,62.03,167.94,0.3391,-1,-1,-1
375,46,951.44,41.39,61.41,169.51,0.2556,-1,-1,-1
375,50,524.84,966.38,111.04,113.59,0.6405,-1,-1,-1
375,51,1014.38,52.07,56.86,160.23,0.4237,-1,-1,-1
375,55,1076.99,444.03,68.19,203.23,0.5920,-1,-1,-1
375,59,445.47,307.31,69.33,209.46,0.6044,-1,-1,-1
375,61,343.92,528.60,91.69,237.90,0.6896,-1,-1,-1
375,62,1766.37,93.93,57.34,163.01,0.2547,-1,-1,-1
375,63,455.20,546.89,70.46,222.47,0.7354,-1,-1,-1
376,2,565.52,564.66,105.32,249.98,0.5844,-1,-1,-1
376,3,974.63,912.55,78.47,166.68,0.7171,-1,-1,-1
376,4,1720.32,456.72,74.58,209.82,0.6138,-1,-1,-1
376,5,1573.04,647.32,96.86,233.84,0.3202,-1,-1,-1
376,17,853.20,494.99,65.33,215.92,0.5090,-1,-1,-1
376,32,914.30,506.99,68.06,206.58,0.5749,-1,-1,-1
376,45,791.48,153.79,58.27,167.32,0.3246,-1,-1,-1
376,46,948.54,41.78,63.26,172.03,0.2297,-1,-1,-1
376,50,529.39,969.14,105.88,110.87,0.6334,-1,-1,-1
376,51,1014.12,52.53,56.30,162.37,0.3757,-1,-1,-1
376,55,1079.34,444.57,68.53,200.99,0.5770,-1,-1,-1
376,59,446.84,306.30,69.69,209.32,0.5892,-1,-1,-1
376,61,341.32,531.71,91.78,236.01,0.6857,-1,-1,-1
376,62,1767.60,95.59,55.50,163.13,0.2805,-1,-1,-1
376,63,454.49,549.47,68.48,223.59,0.7419,-1,-1,-1
376,65,1798.25,455.20,69.32,205.07,0.2635,-1,-1,-1
377,2,568.65,564.62,104.80,249.53,0.5896,-1,-1,-1
377,3,972.47,911.63,82.72,167.56,0.7047,-1,-1,-1
377,4,1720.63,456.53,73.97,209.11,0.6229,-1,-1,-1
377,5,1584.38,648.48,85.66,231.08,0.2448,-1,-1,-1
377,17,852.38,495.70,66.00,214.34,0.5045,-1,-1,-1
377,32,914.12,508.23,67.63,204.99,0.5669,-1,-1,-1
377,45,789.39,153.36,64.14,166.96,0.2983,-1,-1,-1
377,46,950.34,43.24,61.73,171.39,0.2901,-1,-1,-1
377,50,530.43,969.30,103.98,110.60,0.6472,-1,-1,-1
377,51,1013.33,51.58,56.63,161.50,0.3984,-1,-1,-1
377,55,1080.62,447.14,68.68,200.81,0.5912,-1,-1,-1
377,59,447.55,303.79,69.46,210.95,0.6353,-1,-1,-1
377,61,338.86,533.98,91.63,231.50,0.6842,-1,-1,-1
377,62,1768.63,99.16,55.68,161.50,0.2827,-1,-1,-1
377,63,453.72,551.01,68.38,227.97,0.7336,-1,-1,-1
377,65,1798.08,455.05,69.56,202.65,0.2849,-1,-1,-1
378,2,573.00,563.01,98.18,248.90,0.4994,-1,-1,-1
378,3,974.26,910.06,82.22,169.90,0.7153,-1,-1,-1
378,4,1720.18,456.49,75.30,209.44,0.6187,-1,-1,-1
378,5,1603.09,657.49,66.74,219.98,0.2039,-1,-1,-1
378,17,851.82,492.42,66.39,223.62,0.5080,-1,-1,-1
378,32,915.44,509.26,66.21,204.09,0.5547,-1,-1,-1
378,45,789.25,153.04,63.95,167.17,0.2691,-1,-1,-1
378,46,954.48,42.86,57.09,170.71,0.2444,-1,-1,-1
378,50,533.03,971.28,101.24,108.70,0.6403,-1,-1,-1
378,51,1013.58,51.81,55.34,161.91,0.3775,-1,-1,-1
378,55,1084.70,449.21,67.50,197.73,0.6326,-1,-1,-1
378,59,447.50,302.80,71.92,209.93,0.6302,-1,-1,-1
378,61,338.27,534.68,89.47,230.79,0.6933,-1,-1,-1
378,62,1770.62,102.33,55.91,158.98,0.2548,-1,-1,-1
378,63,452.48,553.35,68.84,230.00,0.7251,-1,-1,-1
378,65,1792.68,455.32,72.30,200.15,0.2459,-1,-1,-1
379,2,579.41,563.07,90.53,246.43,0.3955,-1,-1,-1
379,3,974.43,909.70,84.13,169.97,0.7192,-1,-1,-1
379,4,1719.94,457.16,76.47,208.45,0.6189,-1,-1,-1
379,17,850.69,492.48,68.30,226.11,0.5166,-1,-1,-1
379,32,915.84,508.75,66.17,204.81,0.5568,-1,-1,-1
379,45,791.73,154.27,58.72,167.50,0.2860,-1,-1,-1
379,46,955.15,40.37,56.75,171.96,0.2690,-1,-1,-1
379,50,535.62,972.72,98.07,107.24,0.6080,-1,-1,-1
379,51,1013.22,50.99,54.75,164.66,0.3921,-1,-1,-1
379,55,1091.75,448.39,63.69,200.22,0.6357,-1,-1,-1
379,59,447.18,300.95,72.54,208.49,0.6419,-1,-1,-1
379,61,338.04,535.87,87.98,227.74,0.6960,-1,-1,-1
379,62,1771.11,100.72,57.62,161.14,0.2649,-1,-1,-1
379,63,451.18,555.32,69.92,233.12,0.7138,-1,-1,-1
379,65,1793.30,451.15,73.72,202.77,0.2200,-1,-1,-1
380,2,598.11,563.00,73.10,249.17,0.2016,-1,-1,-1
380,3,975.19,908.70,84.30,170.51,0.7085,-1,-1,-1
380,4,1720.12,456.54,75.70,209.65,0.6080,-1,-1,-1
380,17,848.04,491.63,72.03,218.76,0.4418,-1,-1,-1
380,32,915.59,506.57,67.18,205.18,0.4786,-1,-1,-1
380,45,790.05,153.08,64.36,167.61,0.2768,-1,-1,-1
380,46,958.46,35.92,53.79,176.02,0.3126,-1,-1,-1
380,50,537.54,974.03,96.63,105.93,0.6081,-1,-1,-1
380,51,1012.81,50.03,54.44,165.40,0.4308,-1,-1,-1
380,55,1092.26,448.97,65.50,199.06,0.6020,-1,-1,-1
380,59,446.95,298.74,73.44,205.70,0.5897,-1,-1,-1
380,61,336.83,536.99,88.29,227.36,0.7044,-1,-1,-1
380,62,1770.91,100.19,56.26,160.66,0.2681,-1,-1,-1
380,63,449.42,558.81,69.50,230.22,0.7311,-1,-1,-1
381,2,601.16,562.03,73.15,239.83,0.3288,-1,-1,-1
381,3,975.90,907.91,84.07,171.41,0.7044,-1,-1,-1
381,4,1720.15,456.30,74.32,209.70,0.6325,-1,-1,-1
381,17,847.93,492.65,69.59,219.91,0.3952,-1,-1,-1
381,32,917.55,506.48,65.83,204.70,0.4834,-1,-1,-1
381,45,788.94,151.98,64.50,169.09,0.3050,-1,-1,-1
381,46,958.05,33.56,54.34,176.38,0.3236,-1,-1,-1
381,50,540.70,977.39,93.87,102.68,0.6092,-1,-1,-1
381,51,1012.71,49.44,53.95,165.87,0.4516,-1,-1,-1
381,55,1093.43,449.10,66.77,198.12,0.6689,-1,-1,-1
381,59,447.17,297.61,72.78,202.97,0.6251,-1,-1,-1
381,61,336.79,537.68,85.85,235.38,0.7552,-1,-1,-1
381,62,1771.32,100.74,57.46,160.02,0.2621,-1,-1,-1
381,63,449.28,561.69,68.53,234.03,0.7344,-1,-1,-1
382,1,450.91,75.64,65.48,185.87,0.2510,-1,-1,-1
382,2,607.21,564.78,69.61,240.63,0.2229,-1,-1,-1
382,3,976.23,907.13,84.59,171.65,0.7177,-1,-1,-1
382,4,1719.28,456.91,74.62,208.04,0.5978,-1,-1,-1
382,17,849.26,493.79,69.74,217.33,0.2649,-1,-1,-1
382,32,916.68,509.75,67.82,203.24,0.4633,-1,-1,-1
382,45,789.79,151.85,63.64,169.44,0.3017,-1,-1,-1
382,46,958.81,32.96,54.65,174.57,0.3687,-1,-1,-1
382,50,544.31,980.71,90.67,99.36,0.5966,-1,-1,-1
382,51,1012.91,48.04,53.15,169.53,0.4630,-1,-1,-1
382,55,1095.17,448.51,67.01,200.04,0.6676,-1,-1,-1
382,59,447.61,294.45,73.43,203.47,0.6214,-1,-1,-1
382,61,336.62,539.27,84.16,236.07,0.7804,-1,-1,-1
382,62,1771.97,100.73,57.60,160.32,0.2710,-1,-1,-1
382,63,448.14,562.05,69.17,235.34,0.7421,-1,-1,-1
382,66,1612.83,654.40,51.80,224.30,0.2647,-1,-1,-1
383,1,451.83,75.53,64.94,186.26,0.2635,-1,-1,-1
383,2,610.71,562.11,69.40,237.32,0.2375,-1,-1,-1
383,3,978.46,906.16,82.59,172.17,0.6948,-1,-1,-1
383,4,1719.86,456.39,73.76,209.58,0.5996,-1,-1,-1
383,17,850.09,497.10,68.89,213.76,0.3717,-1,-1,-1
383,32,915.47,510.80,69.20,202.77,0.4852,-1,-1,-1
383,45,789.08,151.47,64.11,170.22,0.3268,-1,-1,-1
383,46,960.55,31.91,53.28,172.34,0.3899,-1,-1,-1
383,50,546.66,989.51,88.78,90.86,0.5854,-1,-1,-1
383,51,1013.21,47.45,52.76,169.96,0.4466,-1,-1,-1
383,55,1097.64,448.68,67.59,198.52,0.6577,-1,-1,-1
383,59,447.64,291.95,74.13,204.06,0.5795,-1,-1,-1
383,61,335.40,539.99,84.48,235.35,0.7778,-1,-1,-1
383,62,1773.00,96.67,58.47,164.84,0.3244,-1,-1,-1
383,63,446.63,560.99,71.85,237.11,0.7638,-1,-1,-1
383,66,1611.67,649.13,53.65,229.04,0.2948,-1,-1,-1
384,1,452.83,75.20,65.95,185.81,0.3060,-1,-1,-1
384,2,611.06,558.28,66.93,233.41,0.2911,-1,-1,-1
384,3,979.13,906.39,82.83,172.35,0.6974,-1,-1,-1
384,4,1720.16,456.86,71.69,208.33,0.5854,-1,-1,-1
384,17,850.47,497.10,69.77,211.64,0.4233,-1,-1,-1
384,32,916.14,513.00,69.22,201.82,0.5701,-1,-1,-1
384,45,788.32,151.18,65.13,170.38,0.3398,-1,-1,-1
384,46,958.89,30.48,54.83,173.45,0.3275,-1,-1,-1
384,50,550.89,993.53,87.13,86.54,0.5755,-1,-1,-1
384,51,1012.75,46.12,52.84,169.35,0.4227,-1,-1,-1
384,55,1099.36,454.09,71.17,197.41,0.6495,-1,-1,-1
384,59,448.14,290.02,74.32,205.94,0.5982,-1,-1,-1
384,61,335.61,540.52,82.30,237.60,0.7743,-1,-1,-1
384,62,1771.36,98.89,60.26,162.58,0.3722,-1,-1,-1
384,63,443.90,564.31,73.36,234.66,0.7710,-1,-1,-1
384,66,1612.06,650.50,53.60,227.31,0.2916,-1,-1,-1
385,1,453.48,74.29,67.38,185.53,0.3139,-1,-1,-1
385,3,980.58,905.81,81.21,172.83,0.7067,-1,-1,-1
385,4,1718.97,456.96,72.41,208.20,0.6482,-1,-1,-1
385,17,850.93,499.33,70.17,208.54,0.4494,-1,-1,-1
385,32,920.67,515.17,66.40,203.94,0.5274,-1,-1,-1
385,45,788.48,150.99,65.27,170.67,0.3627,-1,-1,-1
385,46,957.16,30.59,56.98,172.25,0.3527,-1,-1,-1
385,50,553.13,997.74,86.70,82.32,0.5641,-1,-1,-1
385,51,1013.06,45.74,52.16,170.73,0.3824,-1,-1,-1
385,55,1102.29,454.54,72.43,200.27,0.5805,-1,-1,-1
385,59,445.08,289.27,77.57,207.67,0.5635,-1,-1,-1
385,61,334.18,541.25,83.97,239.45,0.7690,-1,-1,-1
385,62,1771.90,99.20,60.54,163.32,0.3684,-1,-1,-1
385,63,444.03,563.90,72.79,235.76,0.7671,-1,-1,-1
385,66,1612.60,649.79,54.44,227.83,0.2274,-1,-1,-1
386,1,452.84,73.71,69.34,185.69,0.3337,-1,-1,-1
386,3,982.55,905.08,78.98,173.24,0.6770,-1,-1,-1
386,4,1719.80,457.35,72.52,207.43,0.5963,-1,-1,-1
386,17,850.55,500.08,69.59,208.73,0.4792,-1,-1,-1
386,32,918.40,515.73,69.00,205.20,0.4951,-1,-1,-1
386,45,786.51,151.06,67.23,170.55,0.3576,-1,-1,-1
386,46,953.59,29.61,59.79,172.23,0.3363,-1,-1,-1
386,50,557.59,1002.58,85.47,77.52,0.5100,-1,-1,-1
386,51,1011.73,46.01,52.77,164.76,0.3462,-1,-1,-1
386,55,1107.78,456.19,72.01,200.09,0.5315,-1,-1,-1
386,59,443.96,288.12,80.59,208.64,0.5668,-1,-1,-1
386,61,332.48,544.24,86.23,239.18,0.7449,-1,-1,-1
386,62,1771.52,98.78,64.50,164.25,0.3708,-1,-1,-1
386,63,442.34,565.17,72.47,235.25,0.7506,-1,-1,-1
387,1,452.99,72.45,73.27,186.50,0.2837,-1,-1,-1
387,3,984.32,904.58,77.39,173.12,0.6625,-1,-1,-1
387,4,1719.40,458.30,73.13,206.49,0.5498,-1,-1,-1
387,17,850.92,500.03,69.42,211.27,0.4424,-1,-1,-1
387,32,923.18,518.45,65.31,209.77,0.4515,-1,-1,-1
387,45,787.18,150.45,66.30,171.43,0.3504,-1,-1,-1
387,46,954.09,29.59,59.79,171.38,0.3221,-1,-1,-1
387,50,559.97,1005.63,85.28,74.33,0.5022,-1,-1,-1
387,51,1011.77,45.41,52.42,162.20,0.3174,-1,-1,-1
387,55,1108.15,458.58,79.41,199.34,0.5198,-1,-1,-1
387,59,443.54,288.29,82.18,208.25,0.5799,-1,-1,-1
387,61,331.74,545.53,86.81,244.14,0.7467,-1,-1,-1
387,62,1772.33,96.26,62.45,169.09,0.3666,-1,-1,-1
387,63,440.76,565.10,70.95,235.74,0.7455,-1,-1,-1
387,66,1614.85,652.13,55.25,225.39,0.2232,-1,-1,-1
388,1,454.59,72.02,74.62,187.86,0.2406,-1,-1,-1
388,3,984.10,904.54,79.12,173.55,0.6212,-1,-1,-1
388,4,1719.49,457.08,72.32,207.31,0.5462,-1,-1,-1
388,17,850.46,501.94,69.61,210.49,0.4317,-1,-1,-1
388,32,921.81,519.52,67.35,208.74,0.4781,-1,-1,-1
388,45,789.80,150.77,63.33,170.73,0.3435,-1,-1,-1
388,46,955.38,29.35,57.65,171.90,0.3406,-1,-1,-1
388,50,562.39,1010.37,84.36,69.73,0.4454,-1,-1,-1
388,51,1011.74,45.28,52.68,158.32,0.3148,-1,-1,-1
388,55,1108.64,462.89,83.37,198.21,0.5449,-1,-1,-1
388,59,443.13,287.78,82.76,208.66,0.5918,-1,-1,-1
388,61,328.09,550.45,89.87,247.66,0.7585,-1,-1,-1
388,62,1771.96,93.99,64.39,172.47,0.3572,-1,-1,-1
388,63,439.39,567.30,70.79,234.19,0.7456,-1,-1,-1
389,1,455.30,71.37,76.47,188.48,0.2890,-1,-1,-1
389,3,984.12,904.74,80.46,173.48,0.6562,-1,-1,-1
389,4,1720.28,457.40,72.53,208.63,0.5572,-1,-1,-1
389,17,850.43,499.46,71.20,195.31,0.4313,-1,-1,-1
389,32,921.19,524.77,71.07,203.49,0.5346,-1,-1,-1
389,45,789.46,151.03,64.04,170.37,0.3551,-1,-1,-1
389,46,953.62,29.12,58.59,171.94,0.3444,-1,-1,-1
389,50,563.91,1012.82,83.95,67.07,0.4302,-1,-1,-1
389,51,1010.98,43.93,52.81,161.57,0.3556,-1,-1,-1
389,55,1111.23,463.82,87.32,200.66,0.4855,-1,-1,-1
389,59,441.67,287.20,84.10,209.14,0.6155,-1,-1,-1
389,61,326.19,552.16,91.50,245.77,0.7761,-1,-1,-1
389,62,1772.30,85.80,62.86,180.58,0.3459,-1,-1,-1
389,63,437.34,568.03,73.01,232.73,0.7650,-1,-1,-1
390,1,455.40,70.78,76.37,189.93,0.3298,-1,-1,-1
390,3,983.53,904.48,81.62,173.60,0.6238,-1,-1,-1
390,4,1720.07,456.51,71.83,209.11,0.5505,-1,-1,-1
390,17,852.01,505.08,69.29,212.55,0.5199,-1,-1,-1
390,32,922.57,526.27,70.87,200.94,0.5928,-1,-1,-1
390,45,791.11,151.40,62.17,169.98,0.3865,-1,-1,-1
390,46,955.86,28.26,55.80,173.21,0.3598,-1,-1,-1
390,50,567.13,1015.32,83.21,64.57,0.3898,-1,-1,-1
390,51,1011.16,42.97,53.18,163.94,0.3873,-1,-1,-1
390,55,1118.60,464.51,80.58,201.62,0.4781,-1,-1,-1
390,59,441.86,287.04,83.21,209.18,0.6386,-1,-1,-1
390,61,324.15,553.70,90.61,245.13,0.7912,-1,-1,-1
390,62,1771.57,89.99,61.43,177.14,0.3528,-1,-1,-1
390,63,436.10,569.05,73.29,231.86,0.7767,-1,-1,-1
390,68,1617.66,638.63,51.07,141.83,0.2108,-1,-1,-1
391,1,456.37,70.68,76.48,189.08,0.3332,-1,-1,-1
391,3,981.47,904.62,83.10,173.78,0.6190,-1,-1,-1
391,4,1719.76,456.51,73.06,210.74,0.5596,-1,-1,-1
391,17,850.88,507.26,72.13,212.97,0.5916,-1,-1,-1
391,32,923.11,528.05,71.60,208.02,0.6167,-1,-1,-1
391,45,790.81,153.07,60.02,168.67,0.3640,-1,-1,-1
391,46,953.14,28.32,58.74,172.40,0.4052,-1,-1,-1
391,50,569.51,1016.73,84.65,62.82,0.3947,-1,-1,-1
391,51,1010.17,42.28,54.44,164.87,0.3609,-1,-1,-1
391,55,1121.58,465.80,78.54,202.02,0.4466,-1,-1,-1
391,59,442.65,284.62,82.31,209.43,0.6364,-1,-1,-1
391,61,322.40,556.40,91.64,245.43,0.7922,-1,-1,-1
391,62,1770.36,101.82,62.10,165.82,0.3892,-1,-1,-1
391,63,434.14,572.52,74.27,229.10,0.8010,-1,-1,-1
392,1,457.13,71.89,76.12,188.03,0.3437,-1,-1,-1
392,3,980.45,905.07,84.95,173.31,0.6731,-1,-1,-1
392,4,1721.66,456.69,71.43,209.15,0.5841,-1,-1,-1
392,17,851.70,509.49,70.28,226.70,0.5643,-1,-1,-1
392,32,921.71,528.70,73.94,208.80,0.6035,-1,-1,-1
392,45,791.50,153.15,58.47,168.23,0.3894,-1,-1,-1
392,46,954.34,28.00,57.64,172.42,0.3939,-1,-1,-1
392,50,570.77,1016.50,84.99,63.15,0.4039,-1,-1,-1
392,51,1010.25,42.00,55.21,161.75,0.3300,-1,-1,-1
392,55,1127.73,467.47,74.45,198.90,0.5065,-1,-1,-1
392,59,444.26,282.76,79.85,210.84,0.6664,-1,-1,-1
392,61,320.49,557.03,93.32,248.16,0.8025,-1,-1,-1
392,62,1771.88,107.09,60.88,162.41,0.3487,-1,-1,-1
392,63,433.58,574.17,74.80,229.77,0.8065,-1,-1,-1
393,1,458.47,72.00,75.01,186.82,0.3332,-1,-1,-1
393,3,980.32,905.96,84.72,172.27,0.6861,-1,-1,-1
393,4,1721.88,456.54,71.07,209.90,0.5842,-1,-1,-1
393,17,850.14,510.43,72.10,222.62,0.5608,-1,-1,-1
393,32,924.53,529.55,72.96,210.61,0.6589,-1,-1,-1
393,45,791.91,153.07,57.70,168.09,0.3818,-1,-1,-1
393,46,953.69,28.50,58.06,172.46,0.3834,-1,-1,-1
393,50,573.25,1017.22,84.74,62.58,0.4267,-1,-1,-1
393,51,1010.27,41.42,55.53,161.21,0.3189,-1,-1,-1
393,55,1132.53,466.44,71.93,201.49,0.5180,-1,-1,-1
393,59,446.75,279.25,77.05,212.04,0.6648,-1,-1,-1
393,61,319.49,559.64,94.37,247.51,0.7961,-1,-1,-1
393,62,1770.20,110.44,62.68,161.75,0.3654,-1,-1,-1
393,63,432.55,577.11,73.95,230.86,0.8170,-1,-1,-1
394,1,459.98,71.41,74.34,186.99,0.3042,-1,-1,-1
394,3,981.24,906.88,83.55,171.20,0.6821,-1,-1,-1
394,4,1720.29,456.29,71.76,210.90,0.5803,-1,-1,-1
394,17,851.30,512.28,71.65,228.76,0.5159,-1,-1,-1
394,32,926.96,524.25,70.25,213.22,0.6594,-1,-1,-1
394,45,791.29,151.34,60.90,169.37,0.3695,-1,-1,-1
394,46,954.84,29.46,57.10,171.58,0.3849,-1,-1,-1
394,50,574.23,1017.53,87.07,62.28,0.4413,-1,-1,-1
394,51,1008.40,40.68,57.38,163.59,0.3479,-1,-1,-1
394,55,1138.98,466.98,68.75,201.67,0.5360,-1,-1,-1
394,59,448.56,277.24,74.92,212.18,0.6713,-1,-1,-1
394,61,319.42,560.22,93.26,248.45,0.7909,-1,-1,-1
394,62,1768.22,111.99,66.17,161.78,0.3443,-1,-1,-1
394,63,432.31,579.73,71.67,230.42,0.8014,-1,-1,-1
394,68,1619.18,633.15,49.99,146.33,0.2739,-1,-1,-1
395,1,460.04,71.81,74.94,185.82,0.2690,-1,-1,-1
395,3,981.78,906.73,84.12,171.31,0.6682,-1,-1,-1
395,4,1720.79,456.15,71.14,211.73,0.5810,-1,-1,-1
395,17,853.09,515.44,71.37,220.89,0.5655,-1,-1,-1
395,32,927.56,525.11,72.73,211.96,0.6733,-1,-1,-1
395,45,789.89,150.66,63.09,170.16,0.3951,-1,-1,-1
395,46,954.41,28.40,56.15,172.84,0.4069,-1,-1,-1
395,50,575.18,1019.35,87.42,60.61,0.4008,-1,-1,-1
395,51,1008.06,39.86,58.57,165.02,0.3501,-1,-1,-1
395,55,1140.69,468.81,70.48,200.72,0.4430,-1,-1,-1
395,59,450.05,275.39,73.52,209.88,0.6584,-1,-1,-1
395,61,318.31,560.51,91.62,248.89,0.7875,-1,-1,-1
395,62,1769.92,112.31,62.60,162.51,0.3443,-1,-1,-1
395,63,431.82,583.39,70.54,232.01,0.7920,-1,-1,-1
395,68,1619.48,634.87,48.90,144.58,0.2048,-1,-1,-1
396,1,460.87,71.00,73.58,186.43,0.2593,-1,-1,-1
396,3,981.20,907.61,84.85,170.62,0.6869,-1,-1,-1
396,4,1720.67,457.66,71.72,209.20,0.6245,-1,-1,-1
396,17,854.98,518.24,70.28,225.29,0.6048,-1,-1,-1
396,32,928.72,526.19,71.75,211.87,0.6922,-1,-1,-1
396,45,789.26,150.24,63.81,171.10,0.3996,-1,-1,-1
396,46,953.24,28.78,57.63,171.91,0.4383,-1,-1,-1
396,50,577.12,1023.89,86.00,56.47,0.2617,-1,-1,-1
396,51,1008.71,39.68,57.97,163.97,0.3854,-1,-1,-1
396,55,1146.72,468.80,68.74,199.34,0.4890,-1,-1,-1
396,59,450.84,273.90,72.04,205.92,0.6759,-1,-1,-1
396,61,316.98,562.00,87.73,248.76,0.7878,-1,-1,-1
396,62,1769.95,111.34,61.26,163.58,0.3209,-1,-1,-1
396,63,430.81,585.43,70.84,230.97,0.7766,-1,-1,-1
396,68,1618.94,630.48,52.46,147.38,0.2180,-1,-1,-1
397,1,461.59,70.81,74.38,186.67,0.2901,-1,-1,-1
397,3,981.04,908.09,85.11,170.53,0.7011,-1,-1,-1
397,4,1720.39,457.53,72.62,209.48,0.6302,-1,-1,-1
397,17,852.90,518.97,74.37,207.62,0.6196,-1,-1,-1
397,32,929.19,528.00,72.26,208.92,0.6874,-1,-1,-1
397,45,789.37,150.31,63.48,170.79,0.4002,-1,-1,-1
397,46,952.81,28.80,57.10,170.47,0.4205,-1,-1,-1
397,50,582.95,1027.85,73.72,52.43,0.2142,-1,-1,-1
397,51,1007.53,39.55,59.90,165.45,0.3288,-1,-1,-1
397,55,1147.86,472.00,70.83,197.05,0.4623,-1,-1,-1
397,59,452.16,271.91,70.66,201.85,0.6803,-1,-1,-1
397,61,316.01,562.01,86.03,249.29,0.7924,-1,-1,-1
397,62,1769.36,113.83,60.52,160.90,0.3258,-1,-1,-1
397,63,430.25,587.61,69.44,231.55,0.7715,-1,-1,-1
397,68,1620.01,626.36,53.61,152.05,0.2780,-1,-1,-1
398,1,461.93,70.79,77.05,185.91,0.3602,-1,-1,-1
398,3,982.52,908.05,82.22,170.45,0.7212,-1,-1,-1
398,4,1720.18,458.74,72.69,208.29,0.5910,-1,-1,-1
398,17,856.56,520.04,71.12,223.49,0.6044,-1,-1,-1
398,32,932.06,530.92,68.20,206.15,0.6470,-1,-1,-1
398,45,789.06,150.45,63.58,170.31,0.4099,-1,-1,-1
398,46,953.80,29.28,56.20,169.51,0.4326,-1,-1,-1
398,50,595.01,1032.31,56.25,47.98,0.2178,-1,-1,-1
398,51,1006.34,41.48,59.45,159.88,0.3576,-1,-1,-1
398,55,1151.47,469.57,73.68,199.79,0.5280,-1,-1,-1
398,59,451.22,270.42,72.91,200.30,0.6625,-1,-1,-1
398,61,313.85,562.86,85.28,248.48,0.7894,-1,-1,-1
398,62,1770.83,113.73,57.23,161.33,0.2898,-1,-1,-1
398,63,430.07,588.98,65.83,236.53,0.7532,-1,-1,-1
399,1,463.63,70.84,76.47,186.72,0.3675,-1,-1,-1
399,3,983.62,908.50,81.31,171.46,0.7313,-1,-1,-1
399,4,1720.66,458.48,72.16,208.23,0.5775,-1,-1,-1
399,17,856.16,520.07,72.55,222.27,0.6076,-1,-1,-1
399,32,933.20,531.63,69.52,206.08,0.6638,-1,-1,-1
399,45,789.18,150.15,63.07,169.76,0.3997,-1,-1,-1
399,46,952.82,29.40,55.75,167.64,0.4395,-1,-1,-1
399,50,598.42,1037.36,45.68,42.95,0.2238,-1,-1,-1
399,51,1007.84,40.93,57.09,158.30,0.3573,-1,-1,-1
399,55,1154.81,467.08,75.00,205.58,0.5700,-1,-1,-1
399,59,452.78,266.95,72.92,202.77,0.6416,-1,-1,-1
399,61,312.70,563.20,84.91,246.51,0.7826,-1,-1,-1
399,62,1770.50,113.60,57.20,161.49,0.2682,-1,-1,-1
399,63,429.25,590.95,66.76,236.98,0.7542,-1,-1,-1
400,1,466.04,70.87,73.82,187.97,0.4266,-1,-1,-1
400,3,984.44,909.49,80.52,170.11,0.7269,-1,-1,-1
400,4,1720.46,457.66,72.02,208.33,0.5462,-1,-1,-1
400,17,857.28,521.30,72.27,224.30,0.6066,-1,-1,-1
400,32,930.87,533.44,71.93,206.33,0.6472,-1,-1,-1
400,45,788.58,149.93,64.52,170.54,0.4367,-1,-1,-1
400,46,951.56,27.38,56.64,168.67,0.4449,-1,-1,-1
400,51,1006.97,40.39,58.57,158.65,0.3649,-1,-1,-1
400,55,1157.97,470.55,72.95,205.75,0.5799,-1,-1,-1
400,59,452.11,266.65,73.88,203.21,0.6447,-1,-1,-1
400,61,312.22,565.21,84.18,242.48,0.7854,-1,-1,-1
400,62,1769.49,112.73,57.83,163.34,0.2671,-1,-1,-1
400,63,428.62,592.37,65.81,237.27,0.7672,-1,-1,-1
401,1,465.85,70.92,74.44,187.64,0.4791,-1,-1,-1
401,3,983.72,911.18,78.88,168.28,0.7069,-1,-1,-1
401,4,1721.37,456.48,70.14,210.38,0.5080,-1,-1,-1
401,17,856.92,521.02,73.20,228.39,0.6120,-1,-1,-1
401,32,935.46,535.21,68.80,206.40,0.6563,-1,-1,-1
401,45,788.71,150.58,64.14,169.67,0.4194,-1,-1,-1
401,46,951.14,24.92,57.08,169.62,0.4814,-1,-1,-1
401,51,1006.58,39.47,58.75,159.88,0.4245,-1,-1,-1
401,55,1163.61,471.47,72.23,207.18,0.6060,-1,-1,-1
401,59,451.30,266.26,75.61,202.96,0.6450,-1,-1,-1
401,61,309.98,566.71,85.81,238.63,0.7850,-1,-1,-1
401,62,1769.40,111.45,58.44,165.23,0.2314,-1,-1,-1
401,63,428.16,593.47,66.61,237.28,0.7539,-1,-1,-1
401,71,1639.57,44.89,63.82,170.12,0.2014,-1,-1,-1
402,1,466.44,70.82,73.54,188.87,0.4627,-1,-1,-1
402,3,985.15,912.73,76.80,167.11,0.7073,-1,-1,-1
402,4,1721.11,455.77,71.52,210.98,0.5233,-1,-1,-1
402,17,856.01,522.27,74.75,227.44,0.6012,-1,-1,-1
402,32,934.30,536.37,71.53,209.33,0.6352,-1,-1,-1
402,45,789.00,150.65,64.28,169.72,0.4286,-1,-1,-1
402,46,949.92,21.82,58.31,170.88,0.4414,-1,-1,-1
402,51,1005.69,38.72,58.16,159.68,0.4422,-1,-1,-1
402,55,1165.25,475.21,76.60,200.12,0.5418,-1,-1,-1
402,59,451.98,265.45,75.78,204.63,0.6374,-1,-1,-1
402,61,308.23,568.70,87.45,240.89,0.7818,-1,-1,-1
402,62,1768.04,112.86,64.01,167.51,0.2834,-1,-1,-1
402,63,427.91,594.68,65.71,236.46,0.7513,-1,-1,-1
402,66,1614.99,616.88,64.93,252.41,0.2523,-1,-1,-1
402,71,1639.05,46.54,66.46,170.21,0.2194,-1,-1,-1
403,1,466.15,71.03,72.77,189.12,0.4427,-1,-1,-1
403,3,984.98,913.83,75.51,165.36,0.7147,-1,-1,-1
403,4,1721.61,459.55,71.46,208.14,0.5081,-1,-1,-1
403,17,856.73,523.03,75.57,227.08,0.6401,-1,-1,-1
403,32,933.39,538.07,72.74,207.33,0.6358,-1,-1,-1
403,45,790.67,150.74,63.17,169.88,0.4354,-1,-1,-1
403,46,950.29,21.99,57.09,164.50,0.4135,-1,-1,-1
403,51,1005.11,38.61,58.85,158.84,0.4386,-1,-1,-1
403,55,1169.56,479.52,75.79,198.08,0.3716,-1,-1,-1
403,59,452.35,265.19,76.12,204.93,0.6434,-1,-1,-1
403,61,307.64,571.52,85.34,245.00,0.7804,-1,-1,-1
403,62,1768.49,111.27,68.01,171.90,0.2792,-1,-1,-1
403,63,426.62,596.14,65.04,235.85,0.7407,-1,-1,-1
403,66,1614.66,619.62,65.87,247.21,0.2462,-1,-1,-1
403,71,1641.07,45.97,66.48,170.86,0.2476,-1,-1,-1
404,1,466.82,70.92,71.55,188.10,0.4292,-1,-1,-1
404,3,985.53,916.00,74.14,163.37,0.6942,-1,-1,-1
404,4,1721.24,460.06,70.74,207.02,0.4566,-1,-1,-1
404,17,857.05,522.80,75.78,226.74,0.6528,-1,-1,-1
404,32,933.05,540.22,72.19,212.51,0.6106,-1,-1,-1
404,45,791.49,150.42,62.06,169.81,0.4136,-1,-1,-1
404,46,950.53,20.80,55.17,163.66,0.3876,-1,-1,-1
404,51,1003.29,37.63,59.95,157.84,0.4448,-1,-1,-1
404,55,1171.40,483.26,78.75,199.61,0.4656,-1,-1,-1
404,59,453.41,264.13,74.61,207.08,0.6624,-1,-1,-1
404,61,307.10,574.52,84.38,246.75,0.7802,-1,-1,-1
404,62,1769.61,90.26,69.88,194.14,0.2770,-1,-1,-1
404,63,425.20,596.69,66.41,235.02,0.7292,-1,-1,-1
404,66,1614.83,615.03,65.16,248.59,0.2566,-1,-1,-1
404,72,425.49,95.38,49.38,166.91,0.2102,-1,-1,-1
405,1,466.90,70.74,71.25,187.48,0.4069,-1,-1,-1
405,3,985.14,918.38,73.62,160.83,0.6954,-1,-1,-1
405,4,1721.83,456.67,73.04,209.01,0.4634,-1,-1,-1
405,17,858.64,524.01,78.29,226.97,0.6719,-1,-1,-1
405,32,935.81,541.19,70.19,213.78,0.6418,-1,-1,-1
405,45,790.40,149.81,63.15,170.38,0.4093,-1,-1,-1
405,46,950.73,20.24,53.35,160.28,0.3824,-1,-1,-1
405,51,1002.44,37.06,59.72,156.12,0.4032,-1,-1,-1
405,55,1172.49,484.16,81.06,201.33,0.5389,-1,-1,-1
405,59,452.86,263.81,75.69,206.26,0.6715,-1,-1,-1
405,61,306.07,575.76,83.01,249.35,0.7704,-1,-1,-1
405,62,1767.92,101.52,69.59,184.96,0.2336,-1,-1,-1
405,63,422.27,598.29,68.22,233.96,0.7470,-1,-1,-1
405,66,1613.99,609.38,69.84,248.55,0.3392,-1,-1,-1
405,71,1648.24,48.33,59.24,169.25,0.2715,-1,-1,-1
405,72,425.77,96.39,48.00,165.68,0.2068,-1,-1,-1
406,1,466.52,70.42,71.54,186.89,0.3905,-1,-1,-1
406,3,983.78,918.93,75.63,160.31,0.7091,-1,-1,-1
406,4,1721.97,456.82,73.99,209.41,0.4952,-1,-1,-1
406,17,859.61,526.13,78.38,227.04,0.6845,-1,-1,-1
406,32,933.63,543.76,73.27,215.17,0.6605,-1,-1,-1
406,45,791.37,151.10,58.26,169.81,0.4407,-1,-1,-1
406,46,951.64,19.13,52.47,160.18,0.3867,-1,-1,-1
406,51,1002.32,36.42,58.21,156.00,0.3734,-1,-1,-1
406,55,1177.55,486.25,79.97,203.67,0.4583,-1,-1,-1
406,59,452.45,263.00,77.86,204.12,0.6620,-1,-1,-1
406,61,305.68,577.79,82.23,249.77,0.7549,-1,-1,-1
406,62,1770.20,115.37,69.99,173.96,0.2791,-1,-1,-1
406,63,420.03,600.16,68.95,231.80,0.7363,-1,-1,-1
406,66,1611.74,604.98,73.69,251.50,0.4125,-1,-1,-1
406,71,1647.82,47.72,61.65,169.63,0.3023,-1,-1,-1
406,72,424.61,94.63,48.19,167.28,0.2178,-1,-1,-1
407,1,467.62,69.74,71.01,185.83,0.3899,-1,-1,-1
407,3,982.73,920.55,75.69,158.34,0.6955,-1,-1,-1
407,4,1721.82,458.94,74.68,207.25,0.4470,-1,-1,-1
407,17,857.45,526.62,79.64,236.50,0.6433,-1,-1,-1
407,32,933.56,546.18,72.02,216.78,0.6861,-1,-1,-1
407,45,789.47,149.80,62.94,170.46,0.4489,-1,-1,-1
407,46,949.76,17.97,54.18,160.84,0.3685,-1,-1,-1
407,51,1002.21,35.45,58.60,156.33,0.4417,-1,-1,-1
407,55,1181.66,486.75,77.67,202.44,0.3792,-1,-1,-1
407,59,453.86,262.97,76.20,203.88,0.6768,-1,-1,-1
407,61,305.04,580.12,81.65,248.23,0.7597,-1,-1,-1
407,63,418.14,600.13,66.94,231.46,0.7578,-1,-1,-1
407,66,1609.15,616.42,76.48,241.97,0.3065,-1,-1,-1
407,71,1649.28,47.71,63.71,169.99,0.3390,-1,-1,-1
407,72,424.14,93.85,51.66,167.50,0.2127,-1,-1,-1
408,1,467.77,69.64,70.30,185.60,0.3285,-1,-1,-1
408,2,700.26,559.85,60.07,230.94,0.3149,-1,-1,-1
408,3,981.86,922.97,75.89,154.80,0.7088,-1,-1,-1
408,4,1721.39,455.56,72.31,211.69,0.4598,-1,-1,-1
408,17,859.39,527.21,78.25,239.26,0.6624,-1,-1,-1
408,32,930.98,547.47,74.51,214.09,0.6931,-1,-1,-1
408,45,789.15,149.95,62.89,170.32,0.4554,-1,-1,-1
408,46,949.83,19.21,54.24,160.63,0.3594,-1,-1,-1
408,51,1003.14,35.80,57.04,155.64,0.4352,-1,-1,-1
408,55,1187.54,486.63,74.11,204.77,0.4229,-1,-1,-1
408,59,454.22,261.09,76.27,205.39,0.6783,-1,-1,-1
408,61,303.18,583.39,81.91,250.28,0.7580,-1,-1,-1
408,63,417.06,604.00,70.38,230.66,0.7640,-1,-1,-1
408,66,1613.38,618.60,68.63,238.62,0.2503,-1,-1,-1
408,71,1650.46,45.94,65.49,172.31,0.3115,-1,-1,-1
409,1,466.95,69.46,70.92,183.39,0.3426,-1,-1,-1
409,2,700.20,559.46,85.74,237.45,0.2022,-1,-1,-1
409,3,981.36,924.27,76.55,153.64,0.6845,-1,-1,-1
409,4,1721.62,452.95,72.06,213.56,0.5259,-1,-1,-1
409,17,860.12,530.62,78.88,241.06,0.6374,-1,-1,-1
409,32,933.52,548.64,72.24,212.21,0.6851,-1,-1,-1
409,45,789.22,149.90,63.86,170.27,0.4301,-1,-1,-1
409,46,951.45,19.07,52.10,160.89,0.3901,-1,-1,-1
409,51,1003.40,35.49,57.13,156.37,0.4228,-1,-1,-1
409,55,1197.62,487.00,68.39,203.94,0.4702,-1,-1,-1
409,59,457.00,260.06,73.85,202.72,0.6622,-1,-1,-1
409,61,301.74,585.48,81.50,250.30,0.7695,-1,-1,-1
409,63,415.44,608.76,70.33,231.28,0.7636,-1,-1,-1
409,66,1598.01,620.80,84.57,233.94,0.2599,-1,-1,-1
409,71,1650.89,49.28,66.90,169.33,0.2986,-1,-1,-1
410,1,465.60,66.84,71.96,187.59,0.3224,-1,-1,-1
410,2,702.21,557.96,90.77,237.00,0.3403,-1,-1,-1
410,3,981.25,925.14,76.37,152.62,0.6876,-1,-1,-1
410,4,1722.25,449.80,71.34,217.27,0.5456,-1,-1,-1
410,17,860.39,532.98,75.57,243.24,0.6323,-1,-1,-1
410,32,934.22,550.92,71.08,211.64,0.7015,-1,-1,-1
410,45,789.65,150.01,63.87,170.03,0.4278,-1,-1,-1
410,46,949.41,18.78,54.54,161.96,0.4050,-1,-1,-1
410,51,1003.34,35.47,57.05,156.51,0.4392,-1,-1,-1
410,55,1207.02,487.94,61.27,202.48,0.4715,-1,-1,-1
410,59,458.10,259.08,72.80,199.54,0.6669,-1,-1,-1
410,61,297.67,586.26,85.02,251.52,0.7951,-1,-1,-1
410,62,1771.40,81.53,75.75,212.73,0.2405,-1,-1,-1
410,63,414.21,610.03,69.35,234.75,0.7315,-1,-1,-1
410,66,1577.12,619.98,105.00,234.91,0.3282,-1,-1,-1
410,71,1650.30,47.13,70.90,175.80,0.3169,-1,-1,-1
411,1,462.58,67.89,71.88,189.07,0.2636,-1,-1,-1
411,2,702.96,559.31,92.06,236.28,0.3264,-1,-1,-1
411,3,979.33,925.57,78.93,151.86,0.6835,-1,-1,-1
411,4,1721.87,449.03,72.08,219.25,0.5402,-1,-1,-1
411,17,862.71,535.75,72.38,243.30,0.6610,-1,-1,-1
411,32,934.71,551.15,69.99,210.46,0.6832,-1,-1,-1
411,45,788.44,150.05,64.63,169.85,0.4343,-1,-1,-1
411,46,949.83,18.24,53.01,161.83,0.3569,-1,-1,-1
411,51,1002.88,34.72,55.96,156.32,0.4039,-1,-1,-1
411,55,1209.28,486.70,64.31,205.31,0.4179,-1,-1,-1
411,59,458.03,257.07,72.32,196.63,0.6828,-1,-1,-1
411,61,297.04,587.56,83.23,249.33,0.7970,-1,-1,-1
411,62,1771.02,99.92,68.85,193.23,0.2371,-1,-1,-1
411,63,412.09,612.79,69.14,234.16,0.7073,-1,-1,-1
411,66,1577.57,619.41,104.27,235.77,0.3675,-1,-1,-1
411,71,1651.53,47.31,71.81,178.27,0.3090,-1,-1,-1
412,1,465.25,66.29,71.12,191.48,0.2686,-1,-1,-1
412,2,704.60,559.12,95.46,238.28,0.3841,-1,-1,-1
412,3,978.23,925.50,81.59,152.68,0.7058,-1,-1,-1
412,4,1722.07,448.34,71.92,219.44,0.5722,-1,-1,-1
412,17,862.76,538.23,73.25,235.14,0.6555,-1,-1,-1
412,32,936.95,552.99,67.82,209.28,0.6698,-1,-1,-1
412,45,790.07,151.38,60.06,168.77,0.4140,-1,-1,-1
412,46,951.09,18.42,53.91,164.74,0.3727,-1,-1,-1
412,51,1003.10,34.55,55.31,158.15,0.4149,-1,-1,-1
412,55,1211.59,486.34,64.97,205.70,0.5074,-1,-1,-1
412,59,456.50,253.86,73.77,197.78,0.6593,-1,-1,-1
412,61,295.63,587.89,81.98,248.88,0.7994,-1,-1,-1
412,62,1772.73,108.31,66.00,185.17,0.2099,-1,-1,-1
412,63,406.42,614.39,72.35,236.30,0.7279,-1,-1,-1
412,66,1576.50,617.61,103.88,237.39,0.3922,-1,-1,-1
412,71,1653.39,53.99,68.31,171.55,0.2818,-1,-1,-1
413,1,465.77,65.95,69.84,190.47,0.2905,-1,-1,-1
413,2,704.91,558.88,95.43,239.12,0.3997,-1,-1,-1
413,3,977.32,926.91,83.14,150.55,0.6948,-1,-1,-1
413,4,1722.76,451.83,71.92,216.41,0.5481,-1,-1,-1
413,17,864.28,539.83,71.53,239.40,0.6398,-1,-1,-1
413,32,938.84,552.88,67.26,209.56,0.6470,-1,-1,-1
413,45,788.30,150.92,61.96,169.83,0.4330,-1,-1,-1
413,46,949.18,18.27,56.01,166.72,0.3786,-1,-1,-1
413,51,1002.96,34.68,54.83,157.07,0.4420,-1,-1,-1
413,55,1216.52,495.13,63.03,197.88,0.5838,-1,-1,-1
413,59,455.88,251.19,73.88,199.09,0.6570,-1,-1,-1
413,61,292.25,589.59,84.63,246.97,0.7906,-1,-1,-1
413,62,1772.98,114.80,61.22,179.41,0.2467,-1,-1,-1
413,63,406.39,616.36,71.40,235.22,0.7396,-1,-1,-1
413,66,1577.59,615.10,103.58,239.12,0.4434,-1,-1,-1
413,71,1654.75,52.73,71.77,176.57,0.2340,-1,-1,-1
414,1,465.72,64.98,70.16,191.25,0.2471,-1,-1,-1
414,2,705.77,559.51,95.78,239.08,0.4062,-1,-1,-1
414,3,976.75,927.25,84.56,150.22,0.7044,-1,-1,-1
414,4,1721.62,458.57,72.00,210.33,0.4790,-1,-1,-1
414,17,865.56,540.65,69.79,242.95,0.6495,-1,-1,-1
414,32,930.78,555.98,77.19,205.30,0.6682,-1,-1,-1
414,45,788.08,150.01,65.16,169.73,0.4145,-1,-1,-1
414,46,949.48,16.45,53.62,166.38,0.3838,-1,-1,-1
414,51,1002.95,34.78,55.00,156.30,0.4204,-1,-1,-1
414,55,1221.28,486.05,66.96,205.88,0.5218,-1,-1,-1
414,59,453.11,249.03,76.00,201.52,0.6653,-1,-1,-1
414,61,291.59,589.80,84.54,247.32,0.7827,-1,-1,-1
414,63,406.17,618.36,70.86,236.33,0.7246,-1,-1,-1
414,66,1576.27,612.81,110.06,244.34,0.5792,-1,-1,-1
414,71,1655.55,56.85,74.80,177.21,0.3448,-1,-1,-1
415,1,464.46,65.66,71.14,192.30,0.2631,-1,-1,-1
415,2,706.91,559.81,94.19,239.89,0.3926,-1,-1,-1
415,3,977.00,928.54,86.46,148.93,0.7242,-1,-1,-1
415,4,1722.57,452.00,72.59,215.36,0.4901,-1,-1,-1
415,17,866.37,542.26,69.71,243.71,0.6307,-1,-1,-1
415,32,933.90,557.35,76.50,205.21,0.6375,-1,-1,-1
415,45,787.33,150.13,66.64,169.50,0.3841,-1,-1,-1
415,46,950.89,14.11,51.56,167.74,0.3385,-1,-1,-1
415,51,1002.89,34.31,55.24,156.47,0.4073,-1,-1,-1
415,55,1221.44,494.25,71.77,201.80,0.5807,-1,-1,-1
415,59,450.57,249.23,79.34,199.23,0.6205,-1,-1,-1
415,61,290.32,591.95,84.65,245.30,0.7808,-1,-1,-1
415,63,403.73,619.87,70.91,238.05,0.7189,-1,-1,-1
415,66,1573.74,614.38,111.41,242.17,0.5356,-1,-1,-1
415,71,1658.58,62.77,73.30,173.74,0.3736,-1,-1,-1
416,1,459.67,65.36,74.24,194.26,0.3081,-1,-1,-1
416,2,708.16,559.82,93.57,239.89,0.3891,-1,-1,-1
416,3,975.91,928.66,88.17,148.82,0.7298,-1,-1,-1
416,4,1721.53,452.03,73.99,215.49,0.4764,-1,-1,-1
416,17,866.42,542.97,69.11,242.71,0.6043,-1,-1,-1
416,32,934.63,558.83,75.70,206.73,0.6358,-1,-1,-1
416,45,788.83,150.71,61.41,170.07,0.3918,-1,-1,-1
416,46,950.83,13.60,50.68,167.64,0.2964,-1,-1,-1
416,51,1003.13,33.64,55.10,157.69,0.4415,-1,-1,-1
416,55,1226.80,488.48,78.10,207.42,0.4298,-1,-1,-1
416,59,448.63,249.34,80.87,198.75,0.6034,-1,-1,-1
416,61,290.75,592.75,83.75,242.39,0.7908,-1,-1,-1
416,63,401.36,620.84,72.63,238.25,0.7387,-1,-1,-1
416,66,1575.34,613.28,109.28,243.66,0.5569,-1,-1,-1
416,71,1659.21,64.58,71.37,176.55,0.4683,-1,-1,-1
417,1,461.28,64.44,73.75,195.46,0.3053,-1,-1,-1
417,2,714.13,558.57,86.53,239.47,0.3713,-1,-1,-1
417,3,975.94,929.81,88.83,147.51,0.7094,-1,-1,-1
417,4,1721.05,455.18,72.55,213.10,0.4827,-1,-1,-1
417,17,866.77,543.29,67.06,228.29,0.5607,-1,-1,-1
417,32,934.75,561.02,77.09,204.05,0.6175,-1,-1,-1
417,45,786.30,150.04,66.90,170.14,0.3539,-1,-1,-1
417,46,949.97,12.56,52.20,169.29,0.3091,-1,-1,-1
417,51,1003.09,33.53,55.11,157.67,0.4559,-1,-1,-1
417,55,1229.22,490.82,85.40,208.53,0.5282,-1,-1,-1
417,59,446.43,250.41,82.57,197.71,0.5997,-1,-1,-1
417,61,289.51,595.94,85.32,240.05,0.7691,-1,-1,-1
417,63,398.51,623.69,73.76,234.24,0.7403,-1,-1,-1
417,66,1573.82,610.07,108.21,246.71,0.5618,-1,-1,-1
417,71,1659.66,66.61,72.98,174.27,0.3110,-1,-1,-1
418,1,458.49,64.58,73.10,194.85,0.2239,-1,-1,-1
418,2,718.78,557.87,80.71,239.76,0.3798,-1,-1,-1
418,3,974.89,930.50,91.05,147.25,0.7074,-1,-1,-1
418,4,1720.49,453.75,73.28,214.61,0.4691,-1,-1,-1
418,17,866.84,545.14,68.32,217.67,0.5127,-1,-1,-1
418,32,937.02,562.49,75.52,205.33,0.5957,-1,-1,-1
418,45,787.29,149.53,66.02,170.53,0.3376,-1,-1,-1
418,46,948.67,11.66,53.31,169.51,0.3287,-1,-1,-1
418,51,1003.92,33.03,54.38,156.60,0.4402,-1,-1,-1
418,55,1228.94,490.66,92.68,211.78,0.5419,-1,-1,-1
418,59,445.50,249.76,83.50,198.75,0.5490,-1,-1,-1
418,61,288.66,597.37,85.67,241.84,0.7836,-1,-1,-1
418,63,395.38,623.25,74.26,235.55,0.7817,-1,-1,-1
418,66,1574.92,614.43,104.36,242.18,0.5845,-1,-1,-1
418,71,1661.01,67.37,72.84,174.14,0.4196,-1,-1,-1
419,1,460.17,63.93,74.49,195.68,0.2249,-1,-1,-1
419,2,724.49,558.29,72.70,238.35,0.4171,-1,-1,-1
419,3,974.06,931.18,93.10,146.44,0.7161,-1,-1,-1
419,4,1720.87,448.21,73.23,219.66,0.5264,-1,-1,-1
419,17,867.52,546.32,68.77,214.15,0.5398,-1,-1,-1
419,32,944.16,564.44,69.00,213.68,0.5517,-1,-1,-1
419,45,789.39,149.64,64.51,170.31,0.3505,-1,-1,-1
419,46,948.58,8.81,55.04,173.63,0.3674,-1,-1,-1
419,51,1004.38,31.99,54.56,157.18,0.4789,-1,-1,-1
419,55,1229.84,492.93,92.46,211.92,0.4771,-1,-1,-1
419,59,446.24,249.47,83.05,199.35,0.5454,-1,-1,-1
419,61,287.92,599.55,86.61,245.82,0.7869,-1,-1,-1
419,62,1764.10,112.58,55.73,183.62,0.2465,-1,-1,-1
419,63,393.95,623.12,73.40,236.29,0.7937,-1,-1,-1
419,66,1574.24,615.38,106.45,241.05,0.5866,-1,-1,-1
419,71,1662.66,65.53,71.55,178.08,0.3643,-1,-1,-1
420,1,460.98,62.72,72.36,196.66,0.2209,-1,-1,-1
420,2,726.40,559.02,72.23,239.87,0.4141,-1,-1,-1
420,3,974.20,931.16,94.78,146.85,0.7023,-1,-1,-1
420,4,1722.27,449.50,73.48,216.40,0.4984,-1,-1,-1
420,17,867.85,545.57,69.81,218.02,0.5566,-1,-1,-1
420,32,944.31,567.70,70.48,211.44,0.5359,-1,-1,-1
420,45,789.24,148.99,65.35,170.51,0.3371,-1,-1,-1
420,46,949.46,9.30,52.67,171.12,0.3833,-1,-1,-1
420,51,1005.10,30.73,54.08,158.08,0.4878,-1,-1,-1
420,55,1231.36,491.01,89.44,216.85,0.4156,-1,-1,-1
420,59,446.16,248.61,83.49,199.27,0.5262,-1,-1,-1
420,61,287.48,601.21,86.69,249.51,0.7773,-1,-1,-1
420,62,1762.91,105.67,57.42,191.05,0.2411,-1,-1,-1
420,63,392.19,624.30,75.08,235.68,0.7873,-1,-1,-1
420,66,1575.36,614.77,102.24,240.78,0.5862,-1,-1,-1
420,71,1659.36,67.17,72.81,172.91,0.2429,-1,-1,-1
421,2,729.04,559.01,69.48,238.23,0.4801,-1,-1,-1
421,3,974.33,931.97,93.78,146.30,0.7078,-1,-1,-1
421,4,1721.77,456.15,74.64,213.50,0.4866,-1,-1,-1
421,17,867.30,547.08,71.61,219.70,0.5187,-1,-1,-1
421,32,945.80,571.88,70.56,212.40,0.4547,-1,-1,-1
421,45,793.10,149.85,57.45,171.34,0.3664,-1,-1,-1
421,46,949.73,8.56,54.38,171.07,0.3882,-1,-1,-1
421,51,1005.69,28.89,53.88,158.66,0.5101,-1,-1,-1
421,55,1232.62,498.36,93.54,212.13,0.3788,-1,-1,-1
421,59,445.34,246.81,84.13,199.70,0.5849,-1,-1,-1
421,61,286.13,602.90,88.47,254.18,0.7626,-1,-1,-1
421,62,1760.75,108.23,64.86,190.34,0.2716,-1,-1,-1
421,63,390.93,624.79,75.42,235.30,0.7874,-1,-1,-1
421,66,1574.36,624.39,100.52,231.91,0.5404,-1,-1,-1
421,71,1662.00,67.70,66.95,170.86,0.2333,-1,-1,-1
422,2,730.99,561.28,68.87,229.85,0.5330,-1,-1,-1
422,3,975.02,931.27,92.95,146.89,0.7195,-1,-1,-1
422,4,1722.18,460.72,74.14,204.65,0.5278,-1,-1,-1
422,17,869.03,549.73,71.53,224.95,0.4256,-1,-1,-1
422,32,947.78,575.00,67.54,209.07,0.5541,-1,-1,-1
422,45,792.54,149.35,57.97,171.37,0.3561,-1,-1,-1
422,46,948.49,8.73,53.94,164.45,0.3739,-1,-1,-1
422,51,1005.87,27.90,53.88,155.98,0.4734,-1,-1,-1
422,55,1239.80,501.66,88.94,207.79,0.3827,-1,-1,-1
422,59,447.55,244.98,79.45,201.41,0.6100,-1,-1,-1
422,61,284.63,604.77,92.87,258.46,0.7459,-1,-1,-1
422,62,1759.67,103.55,75.41,196.33,0.3618,-1,-1,-1
422,63,390.50,627.27,75.95,232.36,0.7811,-1,-1,-1
422,66,1573.96,625.66,99.70,230.17,0.4806,-1,-1,-1
422,71,1663.68,67.96,65.79,170.00,0.2956,-1,-1,-1
423,2,735.53,560.82,67.37,227.87,0.6187,-1,-1,-1
423,3,976.08,930.88,92.94,146.89,0.6970,-1,-1,-1
423,4,1720.97,458.96,73.50,207.41,0.5436,-1,-1,-1
423,17,863.13,542.18,79.65,163.12,0.3568,-1,-1,-1
423,32,947.29,576.62,68.94,208.71,0.5610,-1,-1,-1
423,45,792.60,149.12,58.01,172.05,0.3379,-1,-1,-1
423,46,947.73,7.59,54.90,162.69,0.3759,-1,-1,-1
423,51,1006.44,27.54,52.57,151.21,0.4401,-1,-1,-1
423,55,1249.41,505.70,83.84,203.72,0.2939,-1,-1,-1
423,59,447.73,242.76,78.20,201.59,0.5925,-1,-1,-1
423,61,284.98,607.50,93.14,257.77,0.7395,-1,-1,-1
423,62,1760.53,103.18,68.41,197.37,0.3477,-1,-1,-1
423,63,389.16,630.11,76.31,232.98,0.7793,-1,-1,-1
423,66,1575.08,624.69,97.85,230.65,0.4279,-1,-1,-1
423,71,1666.63,71.80,64.11,168.83,0.2860,-1,-1,-1
424,2,736.58,560.24,73.11,231.27,0.6640,-1,-1,-1
424,3,976.82,931.63,91.77,146.15,0.7073,-1,-1,-1
424,4,1720.77,461.33,73.81,205.94,0.5594,-1,-1,-1
424,17,869.54,554.85,70.52,216.58,0.4145,-1,-1,-1
424,32,947.71,577.64,71.01,208.96,0.5995,-1,-1,-1
424,45,793.21,149.71,57.03,171.18,0.3724,-1,-1,-1
424,46,945.81,6.48,56.39,164.31,0.4177,-1,-1,-1
424,51,1007.36,24.09,52.45,156.05,0.4631,-1,-1,-1
424,55,1255.69,504.58,81.51,207.05,0.2884,-1,-1,-1
424,59,447.72,242.52,76.52,202.06,0.6003,-1,-1,-1
424,61,284.66,609.64,91.56,256.81,0.7517,-1,-1,-1
424,62,1760.36,122.12,56.78,178.33,0.3054,-1,-1,-1
424,63,385.52,632.21,82.80,236.51,0.7815,-1,-1,-1
424,66,1579.92,634.79,89.80,221.05,0.4237,-1,-1,-1
424,71,1668.37,72.83,62.18,170.57,0.3048,-1,-1,-1
425,2,738.70,559.40,77.16,237.04,0.6257,-1,-1,-1
425,3,978.62,931.68,91.42,146.41,0.6954,-1,-1,-1
425,4,1720.45,460.20,74.08,207.54,0.5439,-1,-1,-1
425,17,863.80,544.36,81.27,164.40,0.3451,-1,-1,-1
425,32,947.29,575.59,75.09,208.00,0.5829,-1,-1,-1
425,45,793.99,150.25,56.09,170.03,0.3808,-1,-1,-1
425,46,943.03,5.48,59.46,164.20,0.3851,-1,-1,-1
425,51,1007.51,22.98,52.47,157.26,0.4256,-1,-1,-1
425,55,1260.49,501.72,81.29,208.89,0.2003,-1,-1,-1
425,59,447.52,239.11,76.23,202.56,0.6323,-1,-1,-1
425,61,283.71,611.47,93.65,258.80,0.7274,-1,-1,-1
425,62,1761.59,128.28,52.97,173.57,0.3310,-1,-1,-1
425,63,384.55,633.63,82.40,238.25,0.7596,-1,-1,-1
425,66,1577.33,634.58,90.68,221.70,0.4348,-1,-1,-1
425,71,1668.91,74.30,62.91,171.29,0.2815,-1,-1,-1
426,2,740.46,560.20,78.58,239.10,0.6240,-1,-1,-1
426,3,979.80,931.67,91.70,146.95,0.7125,-1,-1,-1
426,4,1720.94,459.68,75.76,207.96,0.5639,-1,-1,-1
426,17,869.91,558.89,73.11,214.96,0.4824,-1,-1,-1
426,32,948.00,576.84,75.66,208.12,0.6190,-1,-1,-1
426,45,791.45,149.63,57.61,171.37,0.3383,-1,-1,-1
426,46,942.48,4.64,60.15,165.43,0.4216,-1,-1,-1
426,51,1008.13,22.09,52.65,158.35,0.4342,-1,-1,-1
426,55,1269.97,504.33,71.16,204.32,0.3265,-1,-1,-1
426,59,447.39,237.57,74.95,198.22,0.6296,-1,-1,-1
426,61,283.75,613.78,92.10,258.66,0.7228,-1,-1,-1
426,62,1764.91,128.94,47.94,175.07,0.3429,-1,-1,-1
426,63,384.35,635.46,81.31,239.14,0.7307,-1,-1,-1
426,66,1577.62,635.61,89.75,220.14,0.3571,-1,-1,-1
426,71,1671.28,74.60,61.09,174.45,0.2503,-1,-1,-1
426,75,1806.80,73.79,66.87,168.20,0.2668,-1,-1,-1
427,2,742.46,560.64,78.01,242.76,0.5572,-1,-1,-1
427,3,981.32,930.53,91.13,148.24,0.7041,-1,-1,-1
427,4,1719.13,461.98,75.38,206.10,0.5369,-1,-1,-1
427,17,869.73,557.88,74.41,222.51,0.5223,-1,-1,-1
427,32,949.97,577.96,75.62,209.30,0.5994,-1,-1,-1
427,45,793.10,149.95,57.88,171.01,0.3965,-1,-1,-1
427,46,942.53,4.32,59.95,165.81,0.4098,-1,-1,-1
427,51,1008.01,21.85,52.87,158.64,0.4402,-1,-1,-1
427,55,1285.76,502.20,60.49,194.35,0.2847,-1,-1,-1
427,59,447.85,237.11,74.43,194.87,0.6098,-1,-1,-1
427,61,281.74,614.90,94.49,259.78,0.7033,-1,-1,-1
427,62,1764.14,129.26,49.68,176.06,0.3767,-1,-1,-1
427,63,382.86,638.06,87.04,241.03,0.6775,-1,-1,-1
427,66,1576.26,630.27,88.84,224.56,0.3176,-1,-1,-1
427,71,1671.23,76.88,63.00,174.84,0.2641,-1,-1,-1
427,75,1802.50,71.11,67.41,172.51,0.2946,-1,-1,-1
427,76,209.86,100.22,78.28,324.10,0.2100,-1,-1,-1
428,2,744.58,561.76,82.44,243.25,0.5952,-1,-1,-1
428,3,982.22,929.89,91.82,148.92,0.7233,-1,-1,-1
428,4,1718.17,463.35,78.26,203.47,0.5219,-1,-1,-1
428,17,870.87,560.97,76.57,230.45,0.5954,-1,-1,-1
428,32,952.17,578.32,74.84,210.61,0.6509,-1,-1,-1
428,45,792.47,149.13,60.92,171.01,0.4040,-1,-1,-1
428,46,943.41,3.57,59.01,166.76,0.3670,-1,-1,-1
428,51,1008.06,21.71,53.02,158.66,0.4313,-1,-1,-1
428,55,1289.31,502.52,62.36,210.84,0.4003,-1,-1,-1
428,59,447.90,234.91,73.92,192.86,0.6353,-1,-1,-1
428,61,281.17,617.99,94.65,258.72,0.7010,-1,-1,-1
428,62,1763.48,129.51,50.07,176.92,0.3978,-1,-1,-1
428,63,382.26,642.00,74.30,237.35,0.7201,-1,-1,-1
428,66,1576.95,632.10,88.44,223.92,0.3752,-1,-1,-1
428,75,1802.48,72.19,67.98,172.49,0.2533,-1,-1,-1
429,2,747.74,562.66,85.30,247.70,0.6644,-1,-1,-1
429,3,983.39,930.23,90.96,148.50,0.7308,-1,-1,-1
429,4,1719.40,461.14,77.29,207.64,0.5457,-1,-1,-1
429,17,871.37,563.06,76.44,225.03,0.6391,-1,-1,-1
429,32,955.36,579.33,72.32,209.92,0.6502,-1,-1,-1
429,45,793.40,148.84,57.42,172.04,0.4006,-1,-1,-1
429,46,942.85,3.42,58.98,167.24,0.3657,-1,-1,-1
429,51,1007.81,20.76,53.34,162.76,0.4496,-1,-1,-1
429,55,1290.46,502.58,63.68,211.60,0.3888,-1,-1,-1
429,59,446.71,234.49,75.33,192.04,0.5958,-1,-1,-1
429,61,280.00,617.80,95.00,255.95,0.7206,-1,-1,-1
429,62,1763.03,136.76,47.06,168.85,0.3243,-1,-1,-1
429,63,381.30,644.62,73.22,237.92,0.7106,-1,-1,-1
429,66,1576.52,635.46,88.09,221.64,0.4318,-1,-1,-1
429,75,1799.01,72.78,66.92,171.26,0.2167,-1,-1,-1
429,76,211.44,100.60,80.81,267.03,0.2624,-1,-1,-1
430,2,749.91,563.27,86.89,245.11,0.6761,-1,-1,-1
430,3,988.01,929.39,87.26,149.19,0.7041,-1,-1,-1
430,4,1720.47,464.73,76.51,203.10,0.5226,-1,-1,-1
430,17,872.30,564.25,75.86,225.62,0.5871,-1,-1,-1
430,32,956.62,580.85,74.01,207.49,0.6296,-1,-1,-1
430,45,794.72,148.12,56.12,172.75,0.3845,-1,-1,-1
430,46,942.99,3.19,58.89,167.43,0.3110,-1,-1,-1
430,51,1008.07,21.12,53.46,161.07,0.4014,-1,-1,-1
430,55,1288.47,519.01,71.08,195.03,0.3644,-1,-1,-1
430,59,446.04,232.48,75.94,193.34,0.5608,-1,-1,-1
430,61,279.42,620.28,93.00,255.48,0.7244,-1,-1,-1
430,63,378.91,647.03,72.48,241.91,0.7109,-1,-1,-1
430,66,1575.74,633.79,88.70,222.73,0.4744,-1,-1,-1
431,2,752.17,563.40,86.81,244.48,0.6974,-1,-1,-1
431,3,989.41,928.56,85.90,149.93,0.6947,-1,-1,-1
431,4,1722.77,461.90,71.79,207.89,0.5330,-1,-1,-1
431,17,872.16,566.49,77.91,225.19,0.6140,-1,-1,-1
431,32,959.53,582.08,71.48,206.46,0.6155,-1,-1,-1
431,45,788.78,149.31,65.01,171.16,0.3770,-1,-1,-1
431,46,943.25,3.47,58.54,167.36,0.3719,-1,-1,-1
431,51,1008.58,20.92,53.35,158.81,0.3915,-1,-1,-1
431,59,445.15,230.63,75.54,194.41,0.5695,-1,-1,-1
431,61,280.02,621.32,92.16,253.75,0.7519,-1,-1,-1
431,62,1759.57,143.84,49.37,161.56,0.2031,-1,-1,-1
431,63,377.01,648.71,73.38,240.04,0.7425,-1,-1,-1
431,66,1576.02,632.31,88.38,223.27,0.4183,-1,-1,-1
432,2,753.66,564.35,86.79,246.09,0.7290,-1,-1,-1
432,3,991.90,927.08,83.39,151.45,0.6985,-1,-1,-1
432,4,1721.62,461.97,72.48,206.49,0.5576,-1,-1,-1
432,17,873.68,569.29,74.95,224.52,0.6105,-1,-1,-1
432,32,959.93,583.14,72.48,207.19,0.6272,-1,-1,-1
432,45,792.97,148.26,57.86,172.38,0.4076,-1,-1,-1
432,46,943.55,3.70,59.28,168.72,0.3593,-1,-1,-1
432,51,1008.21,21.53,53.46,158.86,0.4114,-1,-1,-1
432,55,1294.87,517.74,77.18,192.06,0.2242,-1,-1,-1
432,59,444.69,228.51,75.82,196.52,0.5804,-1,-1,-1
432,61,278.89,622.99,92.07,250.85,0.7411,-1,-1,-1
432,62,1758.32,140.07,50.46,164.66,0.2713,-1,-1,-1
432,63,377.02,649.94,74.05,238.70,0.7358,-1,-1,-1
432,66,1574.30,626.58,89.93,229.45,0.4575,-1,-1,-1
433,2,755.11,564.82,85.99,249.19,0.7081,-1,-1,-1
433,3,993.02,927.75,83.38,150.54,0.6867,-1,-1,-1
433,4,1722.37,463.31,74.80,204.77,0.5203,-1,-1,-1
433,17,875.85,569.93,74.94,221.41,0.6066,-1,-1,-1
433,32,963.17,583.72,70.65,210.35,0.5941,-1,-1,-1
433,45,793.85,147.94,57.36,172.99,0.3855,-1,-1,-1
433,46,942.81,3.43,59.86,170.27,0.4293,-1,-1,-1
433,51,1007.67,20.95,54.35,159.73,0.4054,-1,-1,-1
433,55,1301.20,509.73,79.06,168.27,0.2088,-1,-1,-1
433,59,444.39,227.40,76.42,197.50,0.6030,-1,-1,-1
433,61,279.15,622.30,89.17,249.20,0.7505,-1,-1,-1
433,62,1756.16,138.83,53.47,167.44,0.2887,-1,-1,-1
433,63,375.89,651.78,73.79,237.83,0.7014,-1,-1,-1
433,66,1574.24,625.97,88.05,229.17,0.4023,-1,-1,-1
433,78,1861.69,409.06,57.88,205.43,0.2014,-1,-1,-1
434,2,756.61,566.42,84.65,249.27,0.7258,-1,-1,-1
434,3,995.15,927.96,83.29,150.05,0.7279,-1,-1,-1
434,4,1724.09,464.83,72.32,202.96,0.4698,-1,-1,-1
434,17,879.34,571.04,73.69,220.38,0.5975,-1,-1,-1
434,32,963.12,586.32,72.15,211.92,0.6032,-1,-1,-1
434,45,793.48,148.91,57.64,171.38,0.4320,-1,-1,-1
434,46,942.84,3.53,58.48,169.85,0.4330,-1,-1,-1
434,51,1007.56,20.97,54.74,158.82,0.4262,-1,-1,-1
434,55,1302.41,520.48,86.57,191.36,0.2545,-1,-1,-1
434,59,445.14,226.97,75.54,198.17,0.5984,-1,-1,-1
434,61,278.88,623.79,89.24,248.30,0.7380,-1,-1,-1
434,63,373.43,652.50,76.63,237.13,0.7244,-1,-1,-1
434,66,1574.03,630.95,88.20,224.22,0.3874,-1,-1,-1
434,78,1856.92,407.02,62.58,185.83,0.2579,-1,-1,-1
435,2,758.69,566.31,81.81,249.62,0.7057,-1,-1,-1
435,3,997.38,926.46,82.44,151.54,0.7050,-1,-1,-1
435,4,1724.06,465.08,72.35,203.68,0.4832,-1,-1,-1
435,17,879.13,571.89,76.07,219.13,0.6057,-1,-1,-1
435,32,965.66,587.34,69.57,217.58,0.6031,-1,-1,-1
435,45,794.33,148.11,55.84,171.71,0.4028,-1,-1,-1
435,46,942.88,4.38,57.56,167.95,0.4245,-1,-1,-1
435,51,1006.61,20.37,56.18,159.01,0.3929,-1,-1,-1
435,55,1311.91,520.42,85.81,186.95,0.3782,-1,-1,-1
435,59,444.78,226.15,75.61,199.05,0.6016,-1,-1,-1
435,61,278.18,624.64,89.08,248.47,0.7539,-1,-1,-1
435,63,370.74,652.74,77.36,238.46,0.7186,-1,-1,-1
435,66,1573.94,629.59,86.70,224.71,0.3831,-1,-1,-1
435,71,1680.64,87.77,67.44,170.09,0.2030,-1,-1,-1
435,78,1862.45,409.16,56.87,182.47,0.2648,-1,-1,-1
436,2,759.79,566.63,80.39,250.69,0.6845,-1,-1,-1
436,3,998.93,926.39,83.66,151.20,0.6919,-1,-1,-1
436,4,1724.66,465.96,71.78,201.82,0.4640,-1,-1,-1
436,17,879.77,572.93,75.28,209.73,0.6277,-1,-1,-1
436,32,967.79,588.00,69.56,224.09,0.6170,-1,-1,-1
436,45,792.96,148.98,57.60,170.97,0.4073,-1,-1,-1
436,46,943.64,3.16,56.80,169.17,0.4317,-1,-1,-1
436,51,1006.37,19.54,56.28,157.51,0.3999,-1,-1,-1
436,55,1315.51,521.70,85.74,182.36,0.4885,-1,-1,-1
436,59,444.70,225.42,75.55,200.23,0.6245,-1,-1,-1
436,61,276.89,625.62,89.13,252.15,0.7617,-1,-1,-1
436,63,368.81,653.67,76.46,237.33,0.7289,-1,-1,-1
436,66,1574.53,635.52,82.04,217.78,0.3352,-1,-1,-1
436,78,1856.99,408.19,62.16,180.77,0.2617,-1,-1,-1
437,2,760.43,566.58,80.60,251.17,0.6867,-1,-1,-1
437,3,1000.78,925.04,84.00,152.72,0.7123,-1,-1,-1
437,4,1723.49,465.42,73.40,200.79,0.5033,-1,-1,-1
437,17,881.21,574.45,74.63,215.64,0.6426,-1,-1,-1
437,32,967.36,589.73,69.12,224.77,0.6083,-1,-1,-1
437,45,794.30,148.75,55.98,171.03,0.4007,-1,-1,-1
437,46,942.93,3.44,56.43,166.62,0.4424,-1,-1,-1
437,51,1005.92,18.39,56.70,157.71,0.4088,-1,-1,-1
437,55,1320.56,526.89,79.59,178.22,0.4449,-1,-1,-1
437,59,446.35,223.81,73.31,199.98,0.6142,-1,-1,-1
437,61,275.29,627.75,90.07,257.36,0.7765,-1,-1,-1
437,63,368.15,654.71,76.32,235.97,0.7382,-1,-1,-1
437,66,1574.56,638.51,79.91,214.03,0.3399,-1,-1,-1
437,78,1854.38,407.63,64.75,184.39,0.2699,-1,-1,-1
438,2,762.77,567.25,78.05,251.99,0.6774,-1,-1,-1
438,3,1004.06,925.69,83.36,152.37,0.7075,-1,-1,-1
438,4,1723.02,463.70,71.08,204.63,0.5365,-1,-1,-1
438,17,881.30,575.09,75.45,224.44,0.6676,-1,-1,-1
438,32,966.89,591.91,72.07,225.81,0.5787,-1,-1,-1
438,45,793.04,148.63,57.74,170.67,0.4227,-1,-1,-1
438,46,942.69,2.58,56.05,165.60,0.4119,-1,-1,-1
438,51,1005.91,16.55,56.28,157.98,0.3432,-1,-1,-1
438,55,1323.38,531.09,81.11,175.09,0.3278,-1,-1,-1
438,59,446.85,224.84,72.98,198.22,0.6190,-1,-1,-1
438,61,273.64,630.66,89.71,261.41,0.7671,-1,-1,-1
438,63,367.65,656.31,74.21,236.05,0.7404,-1,-1,-1
438,66,1573.31,634.89,74.97,216.90,0.3625,-1,-1,-1
438,78,1858.34,405.73,60.98,188.12,0.2445,-1,-1,-1
439,2,764.59,568.67,77.01,250.58,0.6489,-1,-1,-1
439,3,1005.82,925.68,84.58,152.74,0.6999,-1,-1,-1
439,4,1722.67,461.14,71.14,205.74,0.5594,-1,-1,-1
439,17,882.39,575.79,76.75,226.47,0.6659,-1,-1,-1
439,32,966.69,595.27,72.66,224.94,0.5583,-1,-1,-1
439,45,793.26,147.61,57.80,172.20,0.4332,-1,-1,-1
439,46,942.59,0.90,54.78,165.04,0.4087,-1,-1,-1
439,51,1006.34,15.14,56.12,156.90,0.3259,-1,-1,-1
439,55,1331.25,538.51,73.45,176.78,0.2903,-1,-1,-1
439,59,448.20,224.48,71.94,199.50,0.6168,-1,-1,-1
439,61,275.46,631.39,85.01,262.96,0.7532,-1,-1,-1
439,63,365.67,656.92,75.52,236.40,0.7622,-1,-1,-1
439,66,1572.26,636.76,72.72,216.63,0.3111,-1,-1,-1
439,78,1851.64,404.54,67.79,185.12,0.2775,-1,-1,-1
440,2,767.16,568.64,75.41,249.82,0.6722,-1,-1,-1
440,3,1007.20,925.23,85.76,153.06,0.6948,-1,-1,-1
440,4,1723.45,460.82,70.69,205.70,0.6049,-1,-1,-1
440,17,883.03,576.25,77.29,225.32,0.6660,-1,-1,-1
440,32,966.46,596.89,74.70,224.08,0.5841,-1,-1,-1
440,45,794.53,147.30,56.18,172.20,0.4481,-1,-1,-1
440,46,941.62,0.57,55.14,161.11,0.4337,-1,-1,-1
440,51,1006.01,13.60,56.32,156.17,0.3655,-1,-1,-1
440,55,1339.02,530.94,70.13,192.92,0.2805,-1,-1,-1
440,59,447.12,223.29,73.33,199.12,0.6133,-1,-1,-1
440,61,271.68,633.88,89.48,262.13,0.7626,-1,-1,-1
440,63,367.60,657.02,72.20,242.13,0.7502,-1,-1,-1
440,66,1572.73,634.92,65.33,218.07,0.2895,-1,-1,-1
440,78,1854.67,400.81,64.83,186.05,0.2848,-1,-1,-1
441,2,771.31,570.08,69.46,250.44,0.6547,-1,-1,-1
441,3,1009.92,924.17,84.98,154.56,0.7324,-1,-1,-1
441,4,1723.51,459.45,70.46,206.87,0.5975,-1,-1,-1
441,17,886.45,576.34,72.50,217.11,0.6593,-1,-1,-1
441,32,964.35,599.02,77.35,221.45,0.5194,-1,-1,-1
441,45,793.09,147.72,57.05,171.47,0.4660,-1,-1,-1
441,46,941.60,0.23,55.07,158.94,0.4115,-1,-1,-1
441,51,1005.17,13.36,56.45,153.12,0.3736,-1,-1,-1
441,55,1344.32,530.16,69.38,196.46,0.3816,-1,-1,-1
441,59,447.06,220.23,72.58,200.00,0.6153,-1,-1,-1
441,61,269.79,636.48,90.60,259.24,0.7680,-1,-1,-1
441,63,365.91,659.74,72.34,246.80,0.7759,-1,-1,-1
441,66,1572.20,634.61,62.22,218.96,0.2922,-1,-1,-1
441,78,1855.50,398.63,63.73,188.52,0.2981,-1,-1,-1
442,2,774.36,570.43,67.96,249.74,0.6397,-1,-1,-1
442,3,1011.57,924.36,85.58,154.10,0.7435,-1,-1,-1
442,4,1724.79,459.09,68.91,208.18,0.5901,-1,-1,-1
442,17,886.65,577.89,73.95,217.21,0.6397,-1,-1,-1
442,32,966.45,599.51,75.76,220.67,0.5404,-1,-1,-1
442,45,793.89,147.90,55.48,170.99,0.4329,-1,-1,-1
442,46,940.86,0.19,55.94,156.17,0.4186,-1,-1,-1
442,51,1004.79,12.28,56.35,153.35,0.3828,-1,-1,-1
442,55,1362.69,526.49,58.00,198.41,0.3811,-1,-1,-1
442,59,447.04,218.24,72.36,197.28,0.5441,-1,-1,-1
442,61,266.48,638.83,90.86,260.55,0.7717,-1,-1,-1
442,63,363.06,662.84,74.44,245.31,0.7707,-1,-1,-1
442,66,1572.92,629.99,57.11,223.88,0.2385,-1,-1,-1
442,78,1857.02,396.30,62.28,190.11,0.2927,-1,-1,-1
443,2,776.40,570.65,68.48,249.64,0.6224,-1,-1,-1
443,3,1013.05,924.50,86.28,154.55,0.7338,-1,-1,-1
443,4,1724.89,459.44,68.85,207.71,0.5866,-1,-1,-1
443,17,884.58,581.21,77.38,229.45,0.6018,-1,-1,-1
443,32,967.10,601.63,74.21,220.42,0.4674,-1,-1,-1
443,45,794.16,147.63,55.15,172.03,0.4245,-1,-1,-1
443,46,937.78,-0.15,57.12,156.44,0.4275,-1,-1,-1
443,51,1004.57,11.87,56.79,153.99,0.3938,-1,-1,-1
443,55,1362.08,527.40,64.52,205.80,0.4449,-1,-1,-1
443,59,447.68,217.13,72.36,193.96,0.5341,-1,-1,-1
443,61,262.12,641.01,91.74,260.72,0.7537,-1,-1,-1
443,63,359.32,665.97,76.42,245.37,0.7667,-1,-1,-1
443,66,1571.28,631.07,58.13,223.45,0.2314,-1,-1,-1
443,78,1857.19,396.72,61.99,193.58,0.2262,-1,-1,-1
444,2,779.05,570.88,67.49,252.55,0.6428,-1,-1,-1
444,3,1015.59,924.97,84.91,154.36,0.7487,-1,-1,-1
444,4,1725.41,458.95,68.55,208.46,0.5760,-1,-1,-1
444,17,886.04,583.11,75.16,230.06,0.6203,-1,-1,-1
444,32,966.36,602.58,76.21,219.78,0.4608,-1,-1,-1
444,45,792.49,147.20,55.88,171.83,0.4196,-1,-1,-1
444,46,938.39,-0.45,56.04,157.44,0.4090,-1,-1,-1
444,51,1004.65,12.00,56.69,152.80,0.3955,-1,-1,-1
444,55,1367.12,526.50,67.60,183.61,0.2603,-1,-1,-1
444,59,445.90,215.35,73.77,191.02,0.5119,-1,-1,-1
444,61,258.88,643.49,93.48,257.88,0.7680,-1,-1,-1
444,63,358.74,668.56,75.86,246.87,0.7710,-1,-1,-1
444,66,1569.78,633.60,58.97,219.61,0.2515,-1,-1,-1
445,2,778.75,570.90,70.35,254.51,0.6477,-1,-1,-1
445,3,1016.13,923.65,85.08,155.85,0.7422,-1,-1,-1
445,4,1724.40,458.12,69.29,208.36,0.5713,-1,-1,-1
445,17,885.15,584.63,75.83,229.19,0.6509,-1,-1,-1
445,32,966.41,602.32,76.87,221.21,0.5757,-1,-1,-1
445,45,793.52,147.99,54.98,172.46,0.4104,-1,-1,-1
445,46,940.24,-0.30,55.51,156.53,0.4217,-1,-1,-1
445,51,1005.82,10.91,55.76,157.06,0.3955,-1,-1,-1
445,59,444.74,214.13,73.94,190.74,0.5369,-1,-1,-1
445,61,256.20,643.76,94.05,256.91,0.7530,-1,-1,-1
445,63,358.59,672.58,74.64,242.84,0.7505,-1,-1,-1
445,66,1571.14,633.94,56.36,218.35,0.2306,-1,-1,-1
446,2,782.16,571.82,72.43,249.89,0.6314,-1,-1,-1
446,3,1019.32,923.49,82.79,154.94,0.7468,-1,-1,-1
446,4,1724.85,457.84,68.48,209.18,0.5609,-1,-1,-1
446,17,884.62,586.71,77.13,236.12,0.6298,-1,-1,-1
446,32,964.37,603.15,78.57,218.76,0.5960,-1,-1,-1
446,45,793.90,147.81,54.00,172.63,0.3869,-1,-1,-1
446,46,941.99,-0.02,53.15,154.42,0.4113,-1,-1,-1
446,51,1004.41,11.43,56.75,155.29,0.3831,-1,-1,-1
446,59,444.22,212.40,73.62,192.07,0.5308,-1,-1,-1
446,61,252.98,645.37,95.92,255.65,0.7522,-1,-1,-1
446,63,356.70,674.86,74.52,245.13,0.7394,-1,-1,-1
447,2,784.67,572.23,72.95,248.54,0.6364,-1,-1,-1
447,3,1020.14,921.72,82.46,157.75,0.7518,-1,-1,-1
447,4,1721.33,458.29,71.88,209.62,0.5586,-1,-1,-1
447,17,884.22,588.85,77.33,236.08,0.6158,-1,-1,-1
447,32,967.49,607.71,76.82,210.25,0.5625,-1,-1,-1
447,45,793.17,148.95,58.26,171.88,0.3510,-1,-1,-1
447,46,942.19,-0.17,51.72,153.85,0.3880,-1,-1,-1
447,51,1004.77,11.44,55.84,154.42,0.3478,-1,-1,-1
447,59,444.31,211.03,72.88,193.92,0.5190,-1,-1,-1
447,61,251.87,647.31,97.09,254.42,0.7618,-1,-1,-1
447,62,1748.91,150.06,64.30,172.54,0.2705,-1,-1,-1
447,63,355.17,676.44,74.86,244.54,0.7556,-1,-1,-1
447,78,1860.80,389.60,58.36,197.06,0.2290,-1,-1,-1
448,2,786.01,571.93,76.57,248.40,0.6562,-1,-1,-1
448,3,1022.42,921.37,80.43,157.60,0.7503,-1,-1,-1
448,4,1719.86,457.97,73.50,209.88,0.5698,-1,-1,-1
448,17,882.21,590.98,80.13,242.97,0.6486,-1,-1,-1
448,32,967.81,608.33,76.16,211.67,0.6508,-1,-1,-1
448,45,794.92,148.54,52.79,172.42,0.3699,-1,-1,-1
448,46,940.71,-0.27,52.16,154.02,0.4566,-1,-1,-1
448,51,1004.60,11.58,55.68,154.71,0.4200,-1,-1,-1
448,59,441.84,210.72,74.17,193.41,0.5455,-1,-1,-1
448,61,250.97,647.71,96.08,253.25,0.7710,-1,-1,-1
448,62,1747.15,145.85,63.46,176.40,0.2078,-1,-1,-1
448,63,353.81,678.34,74.20,243.14,0.7600,-1,-1,-1
448,66,1568.91,630.02,56.21,220.50,0.2017,-1,-1,-1
448,78,1860.91,389.08,58.37,197.53,0.2171,-1,-1,-1
448,83,112.91,373.74,50.07,162.83,0.3263,-1,-1,-1
449,2,786.83,572.83,77.15,247.58,0.6569,-1,-1,-1
449,3,1023.11,922.16,80.55,156.93,0.7493,-1,-1,-1
449,4,1723.11,457.17,74.47,209.84,0.5471,-1,-1,-1
449,17,881.80,593.73,81.70,245.72,0.6594,-1,-1,-1
449,32,965.83,610.08,79.78,210.75,0.6510,-1,-1,-1
449,45,793.49,149.00,57.50,171.59,0.3774,-1,-1,-1
449,46,938.50,-0.33,52.78,154.31,0.4424,-1,-1,-1
449,51,1004.97,11.71,55.26,154.06,0.3969,-1,-1,-1
449,59,442.84,210.07,72.50,193.21,0.5284,-1,-1,-1
449,61,251.74,647.96,94.88,252.60,0.7615,-1,-1,-1
449,62,1746.65,147.40,63.80,174.31,0.2549,-1,-1,-1
449,63,350.01,678.73,76.30,242.77,0.7640,-1,-1,-1
449,66,1565.52,631.75,59.41,219.08,0.2444,-1,-1,-1
449,78,1861.59,387.24,57.45,199.74,0.2527,-1,-1,-1
449,84,1667.85,360.20,66.54,193.28,0.3106,-1,-1,-1
450,2,787.50,573.68,77.81,246.47,0.6358,-1,-1,-1
450,3,1024.35,920.48,79.37,157.96,0.7457,-1,-1,-1
450,4,1723.48,457.46,73.17,209.86,0.5608,-1,-1,-1
450,17,881.78,594.05,82.70,245.57,0.6493,-1,-1,-1
450,32,969.23,611.26,76.35,211.50,0.6529,-1,-1,-1
450,45,794.16,148.81,56.41,171.62,0.3708,-1,-1,-1
450,46,938.73,-0.21,52.28,153.67,0.4810,-1,-1,-1
450,51,1004.92,11.58,55.58,153.40,0.3903,-1,-1,-1
450,59,442.76,209.52,71.69,194.41,0.5364,-1,-1,-1
450,61,249.24,650.02,96.43,248.87,0.7584,-1,-1,-1
450,63,347.74,678.49,78.30,242.99,0.7612,-1,-1,-1
450,66,1561.58,631.94,62.34,218.14,0.2042,-1,-1,-1
450,78,1859.02,388.55,59.97,199.68,0.2358,-1,-1,-1
450,83,113.86,379.02,49.37,158.01,0.2281,-1,-1,-1
450,84,1667.49,359.24,65.71,196.09,0.2883,-1,-1,-1
451,2,789.52,575.41,75.45,243.90,0.6344,-1,-1,-1
451,3,1025.99,922.21,78.12,157.63,0.7425,-1,-1,-1
451,4,1718.53,458.13,75.00,208.95,0.5198,-1,-1,-1
451,17,881.79,597.14,82.13,243.34,0.6095,-1,-1,-1
451,32,971.67,612.68,74.93,216.86,0.6024,-1,-1,-1
451,45,796.22,148.93,51.08,170.52,0.3626,-1,-1,-1
451,46,938.26,-0.27,52.87,154.03,0.4584,-1,-1,-1
451,51,1004.89,12.06,55.07,153.40,0.3833,-1,-1,-1
451,55,1408.76,543.55,63.07,148.53,0.3237,-1,-1,-1
451,59,440.43,209.31,73.67,194.02,0.5087,-1,-1,-1
451,61,250.21,651.94,92.23,246.28,0.7257,-1,-1,-1
451,63,346.05,680.16,77.61,243.96,0.7559,-1,-1,-1
451,66,1559.18,628.20,64.98,222.56,0.2683,-1,-1,-1
451,78,1857.51,390.89,61.77,198.10,0.2637,-1,-1,-1
451,83,110.46,379.35,52.95,157.73,0.2171,-1,-1,-1
451,84,1665.52,358.69,66.41,196.01,0.2339,-1,-1,-1
452,2,792.14,575.61,75.02,245.03,0.6454,-1,-1,-1
452,3,1027.21,922.07,77.12,157.93,0.7612,-1,-1,-1
452,4,1718.61,458.47,75.07,208.73,0.5382,-1,-1,-1
452,17,885.24,597.93,79.18,244.01,0.6371,-1,-1,-1
452,32,972.71,614.27,76.38,220.47,0.6019,-1,-1,-1
452,45,796.34,148.45,51.07,169.87,0.3489,-1,-1,-1
452,46,938.09,-0.53,52.61,156.74,0.4933,-1,-1,-1
452,51,1004.50,12.17,55.17,152.67,0.3835,-1,-1,-1
452,55,1414.19,543.19,69.54,153.06,0.3918,-1,-1,-1
452,59,439.74,208.22,74.60,195.45,0.4577,-1,-1,-1
452,61,249.99,653.66,91.40,250.66,0.7530,-1,-1,-1
452,63,343.08,680.05,79.96,241.74,0.7881,-1,-1,-1
452,66,1558.94,621.60,65.11,228.79,0.4208,-1,-1,-1
452,78,1852.09,389.16,67.18,198.22,0.2532,-1,-1,-1
452,84,1663.59,359.35,67.09,197.47,0.2616,-1,-1,-1
453,2,794.69,577.43,75.87,244.91,0.6394,-1,-1,-1
453,3,1027.63,921.48,76.89,158.51,0.7549,-1,-1,-1
453,4,1718.29,458.94,75.40,208.58,0.5298,-1,-1,-1
453,17,889.50,599.55,75.60,241.38,0.6363,-1,-1,-1
453,32,972.57,617.30,77.29,221.23,0.6127,-1,-1,-1
453,45,795.32,147.91,50.99,172.14,0.3086,-1,-1,-1
453,46,937.65,-0.20,52.54,156.10,0.5116,-1,-1,-1
453,51,1004.84,11.78,54.92,152.73,0.4061,-1,-1,-1
453,55,1423.61,544.57,69.21,154.50,0.3862,-1,-1,-1
453,59,436.91,207.87,76.99,195.35,0.4337,-1,-1,-1
453,61,249.60,656.51,90.19,253.10,0.7507,-1,-1,-1
453,62,1739.50,149.85,59.11,171.84,0.2002,-1,-1,-1
453,63,341.42,680.31,81.31,241.29,0.7872,-1,-1,-1
453,66,1546.00,617.26,80.53,233.32,0.4678,-1,-1,-1
453,78,1848.77,389.87,70.52,198.44,0.2308,-1,-1,-1
453,84,1662.91,358.73,67.89,197.12,0.3635,-1,-1,-1
454,2,796.38,578.26,73.58,243.88,0.6232,-1,-1,-1
454,3,1026.83,920.96,77.86,159.04,0.7541,-1,-1,-1
454,4,1716.10,457.71,77.42,208.53,0.5601,-1,-1,-1
454,17,883.65,600.30,82.48,240.53,0.6431,-1,-1,-1
454,32,977.47,618.91,72.93,220.50,0.6456,-1,-1,-1
454,45,795.31,148.05,54.04,171.42,0.3257,-1,-1,-1
454,46,937.02,-0.06,53.00,155.77,0.5278,-1,-1,-1
454,51,1005.59,11.16,53.82,153.66,0.4084,-1,-1,-1
454,55,1425.88,543.99,69.09,156.94,0.3691,-1,-1,-1
454,59,445.00,208.01,67.01,197.03,0.4423,-1,-1,-1
454,61,247.95,657.26,91.76,256.23,0.7528,-1,-1,-1
454,63,339.93,681.35,83.44,240.71,0.8009,-1,-1,-1
454,66,1558.40,622.19,65.07,229.83,0.4524,-1,-1,-1
454,78,1846.15,391.32,73.33,195.91,0.2708,-1,-1,-1
454,84,1661.10,359.38,66.72,190.74,0.4084,-1,-1,-1
455,2,797.00,579.79,75.29,242.44,0.6457,-1,-1,-1
455,3,1028.24,921.99,77.24,158.05,0.7528,-1,-1,-1
455,4,1715.77,457.81,78.09,210.07,0.5592,-1,-1,-1
455,17,885.82,600.91,80.70,235.87,0.6318,-1,-1,-1
455,32,977.08,621.86,76.67,216.23,0.6421,-1,-1,-1
455,45,793.13,148.03,56.45,171.16,0.3214,-1,-1,-1
455,46,937.64,0.09,51.53,155.28,0.5330,-1,-1,-1
455,51,1005.78,10.86,53.84,152.95,0.4322,-1,-1,-1
455,55,1427.05,543.50,70.89,158.75,0.2861,-1,-1,-1
455,59,441.51,204.33,71.55,197.83,0.4534,-1,-1,-1
455,61,246.82,658.17,93.71,259.69,0.7567,-1,-1,-1
455,63,340.02,682.98,80.17,242.75,0.7878,-1,-1,-1
455,66,1540.88,615.03,83.68,235.32,0.4981,-1,-1,-1
455,78,1846.31,392.18,69.81,190.68,0.2751,-1,-1,-1
455,84,1661.52,359.31,65.30,191.08,0.3757,-1,-1,-1
456,2,798.38,581.13,74.20,241.12,0.6530,-1,-1,-1
456,3,1028.55,921.94,77.86,158.07,0.7444,-1,-1,-1
456,4,1716.59,457.99,76.93,209.92,0.5697,-1,-1,-1
456,17,885.28,601.61,83.94,235.93,0.6576,-1,-1,-1
456,32,979.09,623.86,76.50,220.01,0.6816,-1,-1,-1
456,45,793.56,146.11,56.31,172.62,0.3046,-1,-1,-1
456,46,937.85,0.07,51.36,154.30,0.5433,-1,-1,-1
456,51,1006.22,9.57,53.33,153.31,0.4670,-1,-1,-1
456,55,1430.69,543.93,67.80,157.55,0.2759,-1,-1,-1
456,59,443.51,203.82,67.63,198.15,0.5173,-1,-1,-1
456,61,245.87,660.67,93.43,261.78,0.7590,-1,-1,-1
456,63,337.48,684.42,81.62,247.14,0.7774,-1,-1,-1
456,66,1551.30,615.09,73.45,236.31,0.4742,-1,-1,-1
456,78,1843.38,390.83,72.53,199.61,0.2856,-1,-1,-1
456,84,1659.03,359.43,65.91,191.84,0.3992,-1,-1,-1
457,2,800.28,581.57,71.68,241.30,0.6708,-1,-1,-1
457,3,1028.23,922.17,78.39,157.84,0.7322,-1,-1,-1
457,4,1715.20,458.06,78.61,209.38,0.6017,-1,-1,-1
457,17,886.58,602.54,84.00,237.28,0.6565,-1,-1,-1
457,32,980.22,624.85,75.22,221.86,0.6704,-1,-1,-1
457,45,791.69,145.47,58.51,174.50,0.3158,-1,-1,-1
457,46,937.78,0.12,51.18,152.73,0.5344,-1,-1,-1
457,51,1006.23,9.43,53.48,150.63,0.4521,-1,-1,-1
457,59,444.76,201.45,66.04,198.10,0.5403,-1,-1,-1
457,61,244.19,662.89,95.10,261.88,0.7616,-1,-1,-1
457,63,336.12,688.56,78.96,249.25,0.7925,-1,-1,-1
457,66,1550.93,614.85,73.27,238.08,0.4585,-1,-1,-1
457,78,1841.01,385.97,71.97,204.61,0.2980,-1,-1,-1
457,84,1658.92,359.42,65.13,189.32,0.4054,-1,-1,-1
458,2,801.95,583.65,74.37,240.63,0.6581,-1,-1,-1
458,3,1028.08,921.66,79.69,158.33,0.7410,-1,-1,-1
458,4,1715.08,458.29,79.02,210.17,0.5686,-1,-1,-1
458,17,894.62,603.96,77.68,239.11,0.6823,-1,-1,-1
458,32,980.22,625.31,78.10,222.36,0.6691,-1,-1,-1
458,45,796.47,145.63,53.66,173.92,0.3036,-1,-1,-1
458,46,935.67,0.10,53.17,151.64,0.4892,-1,-1,-1
458,51,1005.92,8.71,54.23,148.36,0.4086,-1,-1,-1
458,59,446.01,199.56,64.47,195.10,0.5354,-1,-1,-1
458,61,242.96,665.69,96.71,261.91,0.7630,-1,-1,-1
458,63,335.41,691.80,78.63,247.79,0.7926,-1,-1,-1
458,66,1552.09,613.89,71.63,238.37,0.4611,-1,-1,-1
458,78,1839.20,382.70,70.95,202.35,0.3684,-1,-1,-1
458,84,1657.40,358.70,63.75,189.61,0.4387,-1,-1,-1
459,2,804.00,583.94,76.01,240.66,0.6433,-1,-1,-1
459,3,1027.48,921.20,80.79,158.66,0.7305,-1,-1,-1
459,4,1717.69,458.40,76.18,209.48,0.5421,-1,-1,-1
459,17,896.27,605.53,77.21,238.26,0.6810,-1,-1,-1
459,32,980.79,627.56,79.77,221.57,0.6875,-1,-1,-1
459,45,793.86,145.46,56.03,174.62,0.2846,-1,-1,-1
459,46,935.67,0.42,53.01,148.26,0.4666,-1,-1,-1
459,51,1007.89,7.72,51.98,146.03,0.3952,-1,-1,-1
459,59,445.62,196.82,64.98,193.29,0.5034,-1,-1,-1
459,61,242.56,668.14,96.05,265.52,0.7731,-1,-1,-1
459,62,1720.05,143.73,74.74,182.39,0.2109,-1,-1,-1
459,63,334.49,695.85,76.95,245.68,0.8081,-1,-1,-1
459,66,1551.91,614.29,70.55,238.22,0.4917,-1,-1,-1
459,78,1836.09,382.34,75.14,201.19,0.3756,-1,-1,-1
459,84,1655.25,357.10,63.83,189.47,0.3722,-1,-1,-1
460,2,805.72,583.78,78.48,240.78,0.6644,-1,-1,-1
460,3,1027.77,921.37,80.90,158.59,0.7361,-1,-1,-1
460,4,1717.98,456.92,75.75,211.51,0.5499,-1,-1,-1
460,17,897.90,607.17,78.26,240.35,0.7085,-1,-1,-1
460,32,982.40,628.17,78.43,220.67,0.6762,-1,-1,-1
460,45,796.08,145.93,53.96,173.80,0.3124,-1,-1,-1
460,46,933.84,0.23,55.49,147.25,0.5096,-1,-1,-1
460,51,1008.50,5.95,50.79,146.54,0.4396,-1,-1,-1
460,59,444.76,195.22,66.54,190.30,0.5148,-1,-1,-1
460,61,242.46,668.25,96.20,267.46,0.7757,-1,-1,-1
460,62,1721.31,142.71,74.63,184.64,0.2169,-1,-1,-1
460,63,334.46,698.95,77.40,242.11,0.8112,-1,-1,-1
460,66,1553.21,616.49,67.51,236.77,0.4481,-1,-1,-1
460,78,1831.32,379.80,78.69,207.55,0.3389,-1,-1,-1
461,2,807.82,582.75,79.37,240.61,0.6711,-1,-1,-1
461,3,1027.66,921.80,81.59,158.21,0.7367,-1,-1,-1
461,4,1719.96,457.59,74.07,210.21,0.5475,-1,-1,-1
461,17,898.50,610.04,78.84,240.01,0.7079,-1,-1,-1
461,32,983.04,629.35,78.81,220.98,0.6581,-1,-1,-1
461,45,796.77,145.33,53.71,173.84,0.3438,-1,-1,-1
461,46,933.95,0.94,55.53,145.30,0.4418,-1,-1,-1
461,51,1007.84,5.17,51.91,148.22,0.4036,-1,-1,-1
461,59,444.69,193.45,66.12,189.86,0.5108,-1,-1,-1
461,61,241.80,669.97,98.27,266.07,0.7848,-1,-1,-1
461,63,334.78,702.39,76.99,244.94,0.8067,-1,-1,-1
461,66,1552.65,613.34,67.30,238.51,0.4294,-1,-1,-1
461,78,1826.55,378.41,77.08,202.73,0.3274,-1,-1,-1
461,85,441.19,46.89,64.57,163.18,0.2472,-1,-1,-1
462,2,809.48,583.28,81.87,242.45,0.6689,-1,-1,-1
462,3,1027.45,921.62,81.03,158.34,0.7505,-1,-1,-1
462,4,1720.67,455.30,73.86,213.33,0.5339,-1,-1,-1
462,17,899.39,611.58,79.11,239.15,0.7138,-1,-1,-1
462,32,983.93,630.61,79.75,218.99,0.6693,-1,-1,-1
462,45,797.92,145.46,52.32,173.95,0.3442,-1,-1,-1
462,46,933.23,2.75,56.85,142.70,0.3588,-1,-1,-1
462,51,1007.80,4.55,52.32,149.31,0.3971,-1,-1,-1
462,59,443.70,192.85,67.06,189.41,0.5060,-1,-1,-1
462,61,242.59,671.52,93.55,264.38,0.7671,-1,-1,-1
462,63,332.54,703.68,79.26,248.51,0.8076,-1,-1,-1
462,66,1554.77,620.03,64.62,233.18,0.3253,-1,-1,-1
462,78,1825.50,377.86,87.51,207.42,0.3144,-1,-1,-1
463,2,810.74,583.36,84.92,243.08,0.6888,-1,-1,-1
463,3,1027.26,921.39,81.29,158.61,0.7407,-1,-1,-1
463,4,1719.95,456.71,74.34,211.44,0.5622,-1,-1,-1
463,17,901.08,613.69,78.47,235.64,0.7071,-1,-1,-1
463,32,986.66,631.06,78.05,215.35,0.6924,-1,-1,-1
463,45,796.86,144.63,53.73,174.37,0.3625,-1,-1,-1
463,46,934.36,3.40,55.21,141.55,0.4175,-1,-1,-1
463,51,1006.62,4.10,54.13,150.27,0.4376,-1,-1,-1
463,59,443.89,194.36,68.12,188.03,0.4821,-1,-1,-1
463,61,242.58,673.51,92.77,264.67,0.7681,-1,-1,-1
463,63,332.13,703.91,79.40,249.81,0.8067,-1,-1,-1
463,66,1553.62,615.21,65.30,236.41,0.3131,-1,-1,-1
463,78,1820.35,375.58,76.09,202.89,0.3710,-1,-1,-1
463,85,441.38,45.40,63.34,162.50,0.2151,-1,-1,-1
463,86,1730.35,73.33,74.46,255.81,0.2781,-1,-1,-1
464,2,811.67,584.62,88.88,244.66,0.6958,-1,-1,-1
464,3,1026.75,921.01,81.56,158.98,0.7500,-1,-1,-1
464,4,1719.25,455.52,74.94,212.58,0.5222,-1,-1,-1
464,17,902.73,616.22,77.69,233.51,0.6800,-1,-1,-1
464,32,985.66,632.28,78.18,217.05,0.6633,-1,-1,-1
464,45,796.39,144.85,54.69,173.77,0.3757,-1,-1,-1
464,46,934.51,2.39,55.05,142.91,0.3878,-1,-1,-1
464,51,1006.63,3.07,54.48,151.72,0.4671,-1,-1,-1
464,59,444.20,191.96,70.75,190.41,0.4896,-1,-1,-1
464,61,241.02,675.30,96.28,264.24,0.7496,-1,-1,-1
464,63,334.68,705.40,75.44,250.89,0.8017,-1,-1,-1
464,66,1551.79,623.75,67.10,229.74,0.2503,-1,-1,-1
464,78,1819.74,374.82,73.66,203.56,0.3451,-1,-1,-1
464,86,1731.02,73.54,76.38,255.29,0.3167,-1,-1,-1
465,2,812.14,585.28,91.25,243.47,0.6814,-1,-1,-1
465,3,1026.07,922.04,81.50,157.99,0.7457,-1,-1,-1
465,4,1720.52,456.18,73.75,212.30,0.5333,-1,-1,-1
465,17,903.56,618.25,78.72,231.16,0.6801,-1,-1,-1
465,32,988.35,635.23,76.78,215.10,0.6531,-1,-1,-1
465,45,798.64,145.01,52.38,174.32,0.3970,-1,-1,-1
465,46,934.53,2.36,55.48,142.65,0.4042,-1,-1,-1
465,51,1006.55,3.68,54.89,150.60,0.4331,-1,-1,-1
465,59,442.98,191.68,72.67,191.30,0.5164,-1,-1,-1
465,61,240.26,677.57,95.65,260.26,0.7568,-1,-1,-1
465,63,335.41,706.40,72.37,250.59,0.7907,-1,-1,-1
465,66,1553.23,616.28,65.21,235.17,0.2380,-1,-1,-1
465,78,1815.43,372.54,76.27,202.50,0.3522,-1,-1,-1
465,85,440.96,41.75,62.27,166.85,0.2302,-1,-1,-1
465,87,266.73,108.54,70.54,272.12,0.2201,-1,-1,-1
466,2,811.45,584.44,93.57,243.24,0.7225,-1,-1,-1
466,3,1026.21,922.38,81.55,157.63,0.7216,-1,-1,-1
466,4,1721.77,455.94,71.76,211.44,0.5413,-1,-1,-1
466,17,904.09,620.86,79.26,232.62,0.6893,-1,-1,-1
466,32,989.77,637.67,75.82,218.47,0.6303,-1,-1,-1
466,45,800.05,144.69,50.89,175.18,0.3853,-1,-1,-1
466,46,936.96,1.99,52.86,142.69,0.4334,-1,-1,-1
466,51,1006.22,2.98,55.36,150.71,0.4614,-1,-1,-1
466,59,443.35,191.27,72.45,190.48,0.5255,-1,-1,-1
466,61,240.17,679.50,88.01,256.07,0.7694,-1,-1,-1
466,62,1732.75,140.20,73.70,189.53,0.2017,-1,-1,-1
466,63,334.50,706.48,72.68,249.28,0.7748,-1,-1,-1
466,78,1813.17,372.11,79.05,205.08,0.4135,-1,-1,-1
466,83,94.35,366.98,74.82,172.26,0.2245,-1,-1,-1
466,85,438.66,42.80,64.46,166.22,0.2102,-1,-1,-1
467,2,810.07,584.57,95.66,245.08,0.7358,-1,-1,-1
467,3,1025.96,922.27,82.21,155.93,0.7244,-1,-1,-1
467,4,1721.24,454.42,72.70,214.05,0.5544,-1,-1,-1
467,17,904.71,621.62,78.92,237.05,0.7181,-1,-1,-1
467,32,990.84,637.83,75.82,219.87,0.5946,-1,-1,-1
467,45,801.12,144.33,48.65,175.36,0.3336,-1,-1,-1
467,46,937.82,2.64,51.95,142.58,0.4122,-1,-1,-1
467,51,1006.37,3.54,56.01,149.97,0.4443,-1,-1,-1
467,59,444.80,191.43,72.61,189.67,0.5822,-1,-1,-1
467,61,238.61,680.57,89.01,250.53,0.7704,-1,-1,-1
467,63,334.83,706.68,71.38,249.46,0.7850,-1,-1,-1
467,78,1812.17,369.84,77.41,208.50,0.3955,-1,-1,-1
467,83,95.79,365.38,73.57,169.62,0.2025,-1,-1,-1
467,85,439.38,33.22,62.12,174.80,0.2524,-1,-1,-1
468,2,809.65,584.74,98.42,247.14,0.7388,-1,-1,-1
468,3,1026.68,922.62,81.27,155.52,0.7176,-1,-1,-1
468,4,1720.75,455.85,72.84,211.89,0.5387,-1,-1,-1
468,17,906.30,622.32,78.84,232.93,0.6944,-1,-1,-1
468,32,990.81,640.61,76.43,219.10,0.5672,-1,-1,-1
468,45,798.70,143.48,53.04,176.56,0.3706,-1,-1,-1
468,46,937.90,3.71,52.46,141.35,0.4521,-1,-1,-1
468,51,1005.74,3.70,56.42,149.50,0.4198,-1,-1,-1
468,59,447.68,191.15,69.95,188.88,0.5440,-1,-1,-1
468,61,236.75,681.26,89.46,251.68,0.7838,-1,-1,-1
468,63,334.17,708.22,71.34,245.94,0.7572,-1,-1,-1
468,78,1809.07,366.27,77.38,211.28,0.4674,-1,-1,-1
468,83,93.62,370.05,75.63,165.66,0.2607,-1,-1,-1
468,85,436.68,32.72,64.85,173.75,0.2931,-1,-1,-1
468,87,268.03,108.26,68.59,269.98,0.2134,-1,-1,-1
469,2,809.35,584.89,100.25,249.57,0.7288,-1,-1,-1
469,3,1027.57,922.80,79.18,155.63,0.7280,-1,-1,-1
469,4,1721.22,454.18,72.38,212.51,0.5343,-1,-1,-1
469,17,907.92,623.23,78.29,230.35,0.6856,-1,-1,-1
469,32,988.47,642.37,79.62,210.72,0.5450,-1,-1,-1
469,45,800.71,142.66,51.10,177.46,0.3495,-1,-1,-1
469,46,936.80,3.68,54.46,140.89,0.4321,-1,-1,-1
469,51,1005.13,2.99,57.55,150.39,0.3867,-1,-1,-1
469,59,448.95,189.44,69.22,188.59,0.5602,-1,-1,-1
469,61,233.94,683.74,92.28,252.63,0.7789,-1,-1,-1
469,63,332.89,710.75,72.96,246.78,0.7749,-1,-1,-1
469,78,1805.02,366.40,80.12,211.81,0.4959,-1,-1,-1
469,85,435.11,32.10,65.83,174.77,0.2751,-1,-1,-1
469,87,270.59,112.69,65.01,264.55,0.2064,-1,-1,-1
470,2,808.51,585.06,101.21,252.95,0.7284,-1,-1,-1
470,3,1025.89,922.29,80.50,156.43,0.7207,-1,-1,-1
470,4,1721.49,455.53,72.42,211.38,0.5343,-1,-1,-1
470,17,910.37,624.46,77.08,227.42,0.6462,-1,-1,-1
470,32,990.15,645.02,76.71,215.69,0.4747,-1,-1,-1
470,45,799.44,142.42,52.19,177.65,0.3858,-1,-1,-1
470,46,936.65,2.88,54.13,141.72,0.3930,-1,-1,-1
470,51,1004.92,1.73,57.35,151.35,0.3766,-1,-1,-1
470,59,447.92,188.36,70.95,189.70,0.5756,-1,-1,-1
470,61,233.26,686.27,92.01,255.60,0.7878,-1,-1,-1
470,63,331.24,712.25,73.34,245.25,0.7983,-1,-1,-1
470,78,1804.59,364.69,79.42,209.59,0.4652,-1,-1,-1
470,84,1640.66,339.10,68.13,197.85,0.2939,-1,-1,-1
470,85,436.25,32.51,64.48,171.41,0.2936,-1,-1,-1
470,87,272.26,112.59,64.35,264.92,0.2448,-1,-1,-1
471,2,808.49,585.76,103.40,255.85,0.7057,-1,-1,-1
471,3,1025.45,923.91,79.85,156.10,0.7268,-1,-1,-1
471,4,1720.97,455.36,72.95,213.22,0.5363,-1,-1,-1
471,17,911.69,624.70,78.31,221.13,0.5838,-1,-1,-1
471,32,989.16,647.14,79.05,221.46,0.4872,-1,-1,-1
471,45,799.81,142.72,52.14,177.87,0.3641,-1,-1,-1
471,46,937.55,3.15,53.25,140.68,0.4069,-1,-1,-1
471,51,1004.57,1.64,55.79,150.82,0.4074,-1,-1,-1
471,59,450.45,185.10,68.55,193.63,0.5833,-1,-1,-1
471,61,231.15,688.06,94.82,260.74,0.7872,-1,-1,-1
471,63,328.15,714.43,75.78,244.65,0.8019,-1,-1,-1
471,78,1802.07,365.23,81.03,208.33,0.5073,-1,-1,-1
471,84,1640.02,336.99,68.40,199.15,0.2565,-1,-1,-1
471,85,438.18,32.31,62.60,168.97,0.2573,-1,-1,-1
472,2,808.79,586.69,101.54,257.44,0.7268,-1,-1,-1
472,3,1025.60,924.45,78.87,155.56,0.7004,-1,-1,-1
472,4,1719.97,455.51,74.23,213.49,0.5530,-1,-1,-1
472,17,913.36,625.94,76.83,221.09,0.6300,-1,-1,-1
472,32,989.71,647.63,78.72,224.17,0.5005,-1,-1,-1
472,45,799.83,141.82,53.37,178.42,0.4000,-1,-1,-1
472,46,936.20,3.06,54.49,140.45,0.3740,-1,-1,-1
472,51,1003.91,0.34,55.40,151.93,0.4131,-1,-1,-1
472,59,451.71,184.04,67.12,194.75,0.5989,-1,-1,-1
472,61,229.81,690.42,94.83,264.87,0.7860,-1,-1,-1
472,63,327.24,716.70,76.60,246.02,0.8153,-1,-1,-1
472,78,1801.90,364.85,79.56,206.49,0.4986,-1,-1,-1
472,84,1639.63,339.93,68.06,196.20,0.2637,-1,-1,-1
472,85,439.29,32.21,62.42,164.93,0.2292,-1,-1,-1
472,87,277.88,124.98,60.10,251.19,0.2521,-1,-1,-1
473,2,808.38,587.01,99.61,257.75,0.7571,-1,-1,-1
473,3,1023.96,925.48,80.52,154.55,0.7196,-1,-1,-1
473,4,1718.98,454.51,75.63,215.83,0.5518,-1,-1,-1
473,17,914.03,627.46,77.59,227.69,0.6879,-1,-1,-1
473,32,990.11,648.56,78.09,224.18,0.5346,-1,-1,-1
473,45,801.66,144.70,50.45,175.47,0.3780,-1,-1,-1
473,46,936.46,3.35,54.22,139.79,0.3627,-1,-1,-1
473,51,1003.60,-0.14,56.94,152.64,0.3464,-1,-1,-1
473,59,451.39,181.27,68.58,191.29,0.5666,-1,-1,-1
473,61,227.99,693.68,95.33,265.03,0.7656,-1,-1,-1
473,63,324.96,721.02,77.88,248.00,0.8021,-1,-1,-1
473,78,1798.56,363.86,82.62,207.49,0.4860,-1,-1,-1
473,84,1640.42,338.17,66.79,196.54,0.2770,-1,-1,-1
473,85,440.25,32.46,61.38,161.79,0.2361,-1,-1,-1
473,87,279.24,135.23,60.03,240.45,0.2559,-1,-1,-1
474,2,808.17,587.76,98.39,257.14,0.7579,-1,-1,-1
474,3,1024.77,924.84,79.22,154.69,0.7102,-1,-1,-1
474,4,1717.12,455.32,77.22,215.16,0.5410,-1,-1,-1
474,17,913.56,627.81,80.07,227.11,0.6427,-1,-1,-1
474,32,991.06,650.21,77.17,226.34,0.5582,-1,-1,-1
474,45,800.73,143.42,51.13,177.11,0.3881,-1,-1,-1
474,46,936.81,3.12,54.02,140.20,0.3641,-1,-1,-1
474,51,1003.38,-0.14,54.90,151.76,0.3810,-1,-1,-1
474,59,453.56,178.90,66.84,189.96,0.5198,-1,-1,-1
474,61,226.29,694.67,96.09,268.63,0.7625,-1,-1,-1
474,63,323.46,723.72,78.48,251.07,0.7906,-1,-1,-1
474,78,1794.46,363.21,85.18,206.84,0.4767,-1,-1,-1
474,84,1640.34,337.06,65.29,197.68,0.2112,-1,-1,-1
474,85,440.22,31.80,61.71,160.68,0.2051,-1,-1,-1
475,2,808.22,588.65,96.27,255.96,0.7555,-1,-1,-1
475,3,1025.07,925.34,77.62,154.40,0.7112,-1,-1,-1
475,4,1715.13,455.71,81.59,214.52,0.5216,-1,-1,-1
475,17,916.15,629.95,77.35,233.44,0.6704,-1,-1,-1
475,32,992.52,652.55,77.04,224.39,0.5964,-1,-1,-1
475,45,802.31,143.62,49.83,176.93,0.3893,-1,-1,-1
475,46,936.69,2.90,53.53,141.38,0.3546,-1,-1,-1
475,51,1002.41,-0.12,55.42,150.64,0.3824,-1,-1,-1
475,59,454.04,180.50,64.76,185.49,0.5149,-1,-1,-1
475,61,224.84,697.30,95.47,270.31,0.7566,-1,-1,-1
475,63,322.24,726.64,78.67,251.74,0.7800,-1,-1,-1
475,66,1533.97,569.88,80.94,260.18,0.2064,-1,-1,-1
475,78,1792.26,363.59,85.95,206.77,0.4817,-1,-1,-1
475,85,440.95,31.71,61.29,160.27,0.2059,-1,-1,-1
475,87,281.48,130.10,58.93,238.27,0.2357,-1,-1,-1
476,2,807.91,589.11,93.18,255.99,0.7445,-1,-1,-1
476,3,1024.11,926.52,78.60,153.25,0.7211,-1,-1,-1
476,4,1712.46,456.10,84.02,214.05,0.4954,-1,-1,-1
476,17,915.86,631.15,78.48,231.09,0.6036,-1,-1,-1
476,32,996.32,654.42,72.97,222.11,0.5608,-1,-1,-1
476,45,802.65,142.65,49.41,177.01,0.4306,-1,-1,-1
476,46,936.96,3.09,53.19,141.55,0.3154,-1,-1,-1
476,51,1001.71,0.17,55.71,147.74,0.3096,-1,-1,-1
476,59,453.53,179.91,65.37,184.52,0.5279,-1,-1,-1
476,61,223.92,700.32,95.45,268.82,0.7455,-1,-1,-1
476,63,321.42,728.18,78.18,250.00,0.7723,-1,-1,-1
476,78,1786.67,362.83,88.22,207.99,0.4450,-1,-1,-1
476,85,439.48,31.66,63.44,160.78,0.2030,-1,-1,-1
477,2,808.29,589.93,90.77,254.78,0.7748,-1,-1,-1
477,3,1023.78,927.03,78.51,152.96,0.7144,-1,-1,-1
477,4,1713.14,457.11,83.69,212.27,0.5078,-1,-1,-1
477,17,915.89,633.62,80.48,230.09,0.6550,-1,-1,-1
477,32,997.63,656.14,71.17,221.50,0.5832,-1,-1,-1
477,45,801.70,145.21,50.72,175.14,0.4628,-1,-1,-1
477,46,936.66,3.18,52.94,140.89,0.2730,-1,-1,-1
477,51,1001.44,1.74,54.02,146.23,0.2734,-1,-1,-1
477,59,450.59,175.63,69.16,188.61,0.5399,-1,-1,-1
477,61,222.89,701.88,94.69,266.36,0.7468,-1,-1,-1
477,62,1727.40,170.57,62.35,167.28,0.2154,-1,-1,-1
477,63,320.14,730.45,77.72,251.98,0.7657,-1,-1,-1
477,78,1787.88,361.87,85.79,207.29,0.5059,-1,-1,-1
477,84,1638.39,341.54,63.15,191.04,0.2827,-1,-1,-1
477,85,439.84,31.09,64.06,165.29,0.2276,-1,-1,-1
477,87,282.09,115.95,59.19,250.83,0.2401,-1,-1,-1
478,2,807.63,590.40,88.00,254.70,0.7848,-1,-1,-1
478,3,1023.15,928.54,78.23,151.49,0.7228,-1,-1,-1
478,4,1709.67,456.95,87.15,211.75,0.4697,-1,-1,-1
478,17,913.44,635.43,82.63,229.11,0.6721,-1,-1,-1
478,32,998.83,656.24,71.01,220.28,0.5636,-1,-1,-1
478,45,802.19,145.71,50.55,174.67,0.4778,-1,-1,-1
478,46,937.75,4.28,51.57,139.59,0.3284,-1,-1,-1
478,51,1001.84,1.42,53.63,146.24,0.3108,-1,-1,-1
478,59,453.43,178.05,66.54,184.67,0.5329,-1,-1,-1
478,61,220.36,703.30,95.80,265.58,0.7416,-1,-1,-1
478,63,320.38,732.93,77.39,253.05,0.7591,-1,-1,-1
478,66,1540.15,592.69,77.38,238.05,0.2830,-1,-1,-1
478,78,1791.21,360.03,80.41,206.07,0.4712,-1,-1,-1
478,84,1639.70,336.28,59.33,194.91,0.2602,-1,-1,-1
478,85,443.42,30.30,61.39,169.85,0.2069,-1,-1,-1
478,90,614.75,760.91,64.52,160.62,0.2183,-1,-1,-1
479,2,806.75,591.23,85.30,253.87,0.7854,-1,-1,-1
479,3,1021.93,929.72,77.83,150.30,0.7220,-1,-1,-1
479,4,1710.86,457.45,86.56,210.62,0.4742,-1,-1,-1
479,17,914.59,639.33,80.55,232.43,0.7045,-1,-1,-1
479,32,997.08,656.68,72.87,222.58,0.6328,-1,-1,-1
479,45,804.16,146.13,48.64,175.10,0.4585,-1,-1,-1
479,46,937.29,4.44,50.55,138.97,0.3362,-1,-1,-1
479,51,1001.60,1.28,51.17,144.63,0.2903,-1,-1,-1
479,59,451.65,177.32,68.29,185.79,0.5620,-1,-1,-1
479,61,220.36,703.84,96.72,264.42,0.7285,-1,-1,-1
479,62,1729.74,171.10,59.38,168.85,0.2534,-1,-1,-1
479,63,317.20,734.70,80.44,254.93,0.7558,-1,-1,-1
479,66,1537.95,594.37,83.29,234.94,0.2324,-1,-1,-1
479,78,1787.02,360.42,82.86,206.19,0.5405,-1,-1,-1
479,84,1639.10,334.80,59.55,196.10,0.2627,-1,-1,-1
479,91,883.49,1.94,46.72,133.20,0.2058,-1,-1,-1
480,2,805.53,592.14,85.20,253.77,0.7774,-1,-1,-1
480,3,1020.20,932.33,78.59,147.72,0.7376,-1,-1,-1
480,4,1692.16,456.48,106.44,210.23,0.3876,-1,-1,-1
480,17,912.37,641.49,83.81,239.67,0.6725,-1,-1,-1
480,32,999.25,657.82,69.97,220.31,0.6105,-1,-1,-1
480,45,805.64,146.63,46.79,174.90,0.4261,-1,-1,-1
480,46,935.83,2.85,51.40,139.11,0.2991,-1,-1,-1
480,51,1001.42,1.52,50.96,142.03,0.2784,-1,-1,-1
480,59,445.48,173.02,75.88,191.95,0.5252,-1,-1,-1
480,61,219.79,704.09,93.42,262.95,0.7467,-1,-1,-1
480,62,1730.26,170.25,60.22,169.02,0.3363,-1,-1,-1
480,63,312.51,736.50,83.04,253.18,0.7508,-1,-1,-1
480,66,1535.46,592.49,85.25,236.47,0.2268,-1,-1,-1
480,78,1788.07,359.66,76.38,206.64,0.5237,-1,-1,-1
480,84,1637.90,331.27,58.52,197.50,0.2247,-1,-1,-1
480,90,614.29,764.18,65.09,156.49,0.2119,-1,-1,-1
481,2,805.23,593.46,83.50,253.23,0.7909,-1,-1,-1
481,3,1019.49,931.04,78.83,148.91,0.7395,-1,-1,-1
481,4,1705.23,457.94,94.22,210.20,0.3943,-1,-1,-1
481,17,909.94,644.20,85.46,236.25,0.6796,-1,-1,-1
481,32,993.56,660.33,75.22,220.96,0.5894,-1,-1,-1
481,45,804.17,144.31,48.43,176.18,0.4400,-1,-1,-1
481,46,933.59,1.71,52.87,138.35,0.3812,-1,-1,-1
481,51,1000.65,0.59,53.08,142.96,0.3774,-1,-1,-1
481,59,445.96,171.15,75.47,193.55,0.5274,-1,-1,-1
481,61,219.49,704.41,92.13,262.87,0.7626,-1,-1,-1
481,62,1729.75,171.39,62.25,170.13,0.4070,-1,-1,-1
481,63,305.29,737.25,88.20,254.95,0.7771,-1,-1,-1
481,78,1788.72,358.00,73.24,204.77,0.5709,-1,-1,-1
481,84,1636.51,333.44,58.61,193.60,0.2089,-1,-1,-1
481,85,439.52,25.67,67.84,170.79,0.2123,-1,-1,-1
481,91,880.58,1.83,49.32,132.80,0.2409,-1,-1,-1
482,2,804.09,594.25,83.37,253.13,0.7820,-1,-1,-1
482,3,1019.52,932.82,78.70,147.21,0.7342,-1,-1,-1
482,4,1707.75,458.82,89.84,209.89,0.4302,-1,-1,-1
482,17,907.32,646.36,88.70,247.05,0.6955,-1,-1,-1
482,32,995.62,662.82,73.71,221.89,0.6300,-1,-1,-1
482,45,805.47,144.22,47.39,177.28,0.4869,-1,-1,-1
482,46,933.25,1.73,52.64,135.47,0.3193,-1,-1,-1
482,51,999.62,0.50,52.57,142.67,0.3508,-1,-1,-1
482,59,450.79,175.46,70.70,187.04,0.5095,-1,-1,-1
482,61,219.70,706.27,90.75,261.02,0.7569,-1,-1,-1
482,62,1729.12,172.12,63.91,169.83,0.4131,-1,-1,-1
482,63,306.20,738.26,85.92,255.81,0.7725,-1,-1,-1
482,78,1786.94,356.49,72.12,205.95,0.5453,-1,-1,-1
482,85,439.92,24.02,69.58,171.91,0.2224,-1,-1,-1
482,90,615.45,765.94,64.05,155.57,0.2033,-1,-1,-1
482,91,879.91,2.09,48.86,131.37,0.2467,-1,-1,-1
483,2,801.81,595.36,84.23,252.00,0.7753,-1,-1,-1
483,3,1019.05,932.97,79.14,147.02,0.7338,-1,-1,-1
483,4,1695.91,457.99,102.99,209.86,0.3731,-1,-1,-1
483,17,909.12,648.73,86.35,246.39,0.7103,-1,-1,-1
483,32,998.73,664.56,71.69,221.98,0.6216,-1,-1,-1
483,45,805.56,143.50,47.50,176.56,0.4700,-1,-1,-1
483,46,933.58,1.64,51.78,134.44,0.3291,-1,-1,-1
483,51,999.22,-0.18,53.24,144.66,0.3841,-1,-1,-1
483,59,453.97,173.37,67.44,188.62,0.5145,-1,-1,-1
483,61,218.82,707.28,91.59,259.11,0.7570,-1,-1,-1
483,62,1729.13,170.17,62.12,171.75,0.4092,-1,-1,-1
483,63,303.01,739.22,86.24,255.54,0.7739,-1,-1,-1
483,66,1548.28,585.37,79.50,245.52,0.2327,-1,-1,-1
483,78,1784.80,355.66,73.18,206.94,0.5091,-1,-1,-1
483,84,1633.69,331.71,60.90,190.77,0.2491,-1,-1,-1
483,91,880.01,1.45,49.24,130.50,0.2178,-1,-1,-1
484,2,800.80,596.46,86.20,250.78,0.7711,-1,-1,-1
484,3,1018.17,933.48,80.49,146.52,0.7210,-1,-1,-1
484,4,1694.82,458.39,103.92,210.70,0.3807,-1,-1,-1
484,17,909.97,649.12,85.68,250.00,0.6971,-1,-1,-1
484,32,999.61,667.79,71.57,223.73,0.6039,-1,-1,-1
484,45,807.60,144.94,45.52,175.17,0.4685,-1,-1,-1
484,46,932.95,2.63,52.15,130.82,0.3224,-1,-1,-1
484,51,999.88,-0.26,52.54,145.14,0.4167,-1,-1,-1
484,59,457.05,173.08,62.79,188.95,0.5104,-1,-1,-1
484,61,218.68,709.10,90.43,256.77,0.7547,-1,-1,-1
484,62,1729.57,169.62,64.30,172.93,0.3948,-1,-1,-1
484,63,302.83,740.63,84.92,254.02,0.7665,-1,-1,-1
484,66,1541.64,596.11,82.57,234.74,0.2661,-1,-1,-1
484,78,1786.93,353.80,66.47,205.34,0.5158,-1,-1,-1
484,85,443.50,19.29,67.02,168.99,0.2187,-1,-1,-1
484,91,877.98,1.10,50.61,129.83,0.2386,-1,-1,-1
485,2,799.32,597.01,87.86,250.60,0.7826,-1,-1,-1
485,3,1018.18,933.79,80.94,146.20,0.7124,-1,-1,-1
485,4,1677.74,457.52,121.30,209.36,0.3722,-1,-1,-1
485,17,911.67,649.87,82.70,247.23,0.7207,-1,-1,-1
485,32,1000.89,668.58,71.38,227.18,0.6357,-1,-1,-1
485,45,808.30,145.05,44.82,175.84,0.4783,-1,-1,-1
485,46,931.29,2.66,52.87,128.52,0.3116,-1,-1,-1
485,51,999.68,-0.05,52.05,143.83,0.4180,-1,-1,-1
485,59,456.79,171.04,63.19,190.45,0.5325,-1,-1,-1
485,61,218.28,711.04,90.66,256.49,0.7634,-1,-1,-1
485,62,1729.02,170.16,66.00,174.86,0.3834,-1,-1,-1
485,63,300.72,741.99,85.57,252.20,0.7633,-1,-1,-1
485,78,1783.88,352.90,68.43,199.62,0.4396,-1,-1,-1
485,85,447.03,16.03,63.34,167.37,0.2007,-1,-1,-1
485,91,878.03,0.76,50.77,129.85,0.2034,-1,-1,-1
485,92,417.15,157.07,48.40,172.91,0.2661,-1,-1,-1
486,2,798.99,597.45,89.07,251.37,0.7888,-1,-1,-1
486,3,1017.01,934.12,81.99,145.87,0.7151,-1,-1,-1
486,4,1675.26,456.87,117.91,211.44,0.2621,-1,-1,-1
486,17,910.56,650.90,83.60,244.61,0.7305,-1,-1,-1
486,32,1001.39,671.04,70.83,221.71,0.6526,-1,-1,-1
486,45,808.45,145.55,45.64,175.09,0.4876,-1,-1,-1
486,46,932.18,2.51,51.50,128.32,0.3384,-1,-1,-1
486,51,999.45,-0.09,51.24,143.70,0.4010,-1,-1,-1
486,59,459.44,163.13,60.72,198.02,0.5507,-1,-1,-1
486,61,216.85,712.94,91.06,259.55,0.7750,-1,-1,-1
486,62,1728.91,176.85,66.42,170.90,0.3593,-1,-1,-1
486,63,300.23,742.30,84.77,251.43,0.7713,-1,-1,-1
486,66,1545.30,602.28,79.13,229.65,0.2291,-1,-1,-1
486,78,1782.26,351.72,67.56,200.08,0.4659,-1,-1,-1
486,84,1634.07,333.74,57.78,182.34,0.2095,-1,-1,-1
486,85,449.22,13.24,61.36,166.14,0.2289,-1,-1,-1
486,91,877.75,0.97,51.46,128.93,0.2116,-1,-1,-1
486,92,415.85,157.53,48.87,175.04,0.3435,-1,-1,-1
487,2,798.03,598.26,92.98,251.22,0.7924,-1,-1,-1
487,3,1017.83,935.09,81.86,144.92,0.7075,-1,-1,-1
487,4,1683.99,456.12,110.04,211.01,0.3817,-1,-1,-1
487,17,911.24,651.72,84.12,240.27,0.7341,-1,-1,-1
487,32,1005.04,673.37,68.04,223.53,0.6616,-1,-1,-1
487,45,808.35,144.62,46.42,176.32,0.4557,-1,-1,-1
487,46,932.85,2.30,50.65,128.25,0.2929,-1,-1,-1
487,51,999.78,-0.04,50.69,142.64,0.3481,-1,-1,-1
487,59,459.71,162.99,59.08,196.33,0.5287,-1,-1,-1
487,61,217.42,713.51,91.20,264.41,0.7679,-1,-1,-1
487,62,1730.53,176.30,64.03,175.12,0.3065,-1,-1,-1
487,63,301.11,744.89,83.63,249.20,0.7644,-1,-1,-1
487,66,1541.64,599.22,84.54,231.56,0.2331,-1,-1,-1
487,78,1780.70,351.61,67.56,199.21,0.4055,-1,-1,-1
487,84,1633.16,327.15,56.53,187.21,0.4371,-1,-1,-1
487,92,414.58,158.01,50.69,176.52,0.2891,-1,-1,-1
488,2,797.19,600.02,93.86,249.39,0.7789,-1,-1,-1
488,3,1017.98,936.17,81.99,143.84,0.7195,-1,-1,-1
488,4,1679.29,456.38,113.86,211.08,0.3587,-1,-1,-1
488,17,911.63,653.01,85.83,240.32,0.7063,-1,-1,-1
488,32,1006.86,675.72,68.26,223.93,0.6933,-1,-1,-1
488,45,808.05,146.22,47.93,175.64,0.4617,-1,-1,-1
488,46,931.91,2.31,51.88,128.57,0.3117,-1,-1,-1
488,51,1000.23,-0.02,50.49,142.01,0.3774,-1,-1,-1
488,59,462.57,160.20,55.27,195.42,0.4968,-1,-1,-1
488,61,216.92,716.25,91.72,271.41,0.7674,-1,-1,-1
488,62,1730.37,176.32,65.00,176.19,0.3447,-1,-1,-1
488,63,299.81,748.52,82.40,246.41,0.7644,-1,-1,-1
488,78,1778.26,359.00,67.70,198.45,0.2453,-1,-1,-1
488,84,1631.86,329.27,56.74,185.81,0.3780,-1,-1,-1
488,92,414.38,157.96,50.77,178.17,0.3538,-1,-1,-1
489,2,797.61,600.75,93.03,252.29,0.7862,-1,-1,-1
489,3,1017.18,936.39,83.34,143.59,0.7181,-1,-1,-1
489,4,1690.68,455.24,101.91,212.45,0.3608,-1,-1,-1
489,17,911.97,654.00,87.34,238.60,0.6950,-1,-1,-1
489,32,1008.31,677.08,68.88,225.76,0.6854,-1,-1,-1
489,45,809.21,144.65,47.23,175.36,0.4457,-1,-1,-1
489,46,931.31,2.41,51.95,127.91,0.3382,-1,-1,-1
489,51,1001.38,2.13,48.90,139.40,0.3549,-1,-1,-1
489,59,463.23,159.92,53.58,191.34,0.4771,-1,-1,-1
489,61,216.50,718.19,91.27,272.72,0.7683,-1,-1,-1
489,62,1731.68,178.14,64.43,174.42,0.3553,-1,-1,-1
489,63,300.14,750.33,81.53,250.77,0.7597,-1,-1,-1
489,66,1541.42,608.28,84.60,224.06,0.3114,-1,-1,-1
489,78,1775.64,363.89,67.22,194.84,0.2157,-1,-1,-1
489,84,1633.98,334.24,53.17,180.99,0.3789,-1,-1,-1
489,85,450.85,13.53,60.82,161.02,0.2104,-1,-1,-1
489,92,414.21,157.29,50.79,180.89,0.2886,-1,-1,-1
489,93,1609.22,571.64,60.28,168.34,0.2984,-1,-1,-1
490,2,797.24,601.20,94.32,256.00,0.7872,-1,-1,-1
490,3,1014.96,936.92,85.85,143.07,0.7009,-1,-1,-1
490,4,1698.59,454.90,93.11,213.28,0.3692,-1,-1,-1
490,17,916.38,658.64,84.60,233.15,0.6977,-1,-1,-1
490,32,1010.17,677.96,69.14,227.05,0.7212,-1,-1,-1
490,45,810.91,144.42,46.08,175.80,0.3772,-1,-1,-1
490,46,930.86,2.51,52.01,127.18,0.3147,-1,-1,-1
490,51,1001.63,3.98,48.63,135.51,0.2799,-1,-1,-1
490,59,464.62,160.29,53.06,185.42,0.4576,-1,-1,-1
490,61,214.83,721.05,93.50,275.87,0.7650,-1,-1,-1
490,62,1732.06,180.16,63.07,170.61,0.4052,-1,-1,-1
490,63,300.05,751.85,79.85,252.57,0.7521,-1,-1,-1
490,66,1540.89,606.33,79.78,222.56,0.2461,-1,-1,-1
490,84,1632.34,328.49,54.10,187.47,0.4453,-1,-1,-1
490,92,414.09,159.41,51.10,179.97,0.3333,-1,-1,-1
490,93,1615.23,572.24,59.62,164.10,0.2336,-1,-1,-1
491,2,797.78,602.19,94.89,259.21,0.7806,-1,-1,-1
491,3,1017.11,937.76,83.92,142.25,0.6992,-1,-1,-1
491,4,1707.41,456.18,85.21,215.06,0.4152,-1,-1,-1
491,17,920.56,661.09,79.97,240.01,0.7034,-1,-1,-1
491,32,1011.21,679.36,70.29,226.20,0.6901,-1,-1,-1
491,45,808.57,146.03,51.02,173.99,0.3880,-1,-1,-1
491,46,931.09,2.59,51.58,126.30,0.2645,-1,-1,-1
491,51,1001.94,5.95,48.09,132.53,0.3228,-1,-1,-1
491,59,462.57,159.77,55.37,183.72,0.4029,-1,-1,-1
491,61,214.13,723.26,93.47,278.16,0.7585,-1,-1,-1
491,62,1733.05,181.62,62.09,169.64,0.3368,-1,-1,-1
491,63,297.89,754.36,82.39,260.06,0.7474,-1,-1,-1
491,66,1540.40,610.09,82.84,219.56,0.2921,-1,-1,-1
491,84,1630.59,333.40,55.60,183.66,0.3450,-1,-1,-1
491,87,285.59,99.05,70.06,252.01,0.2162,-1,-1,-1
491,92,415.13,160.58,50.24,180.37,0.2934,-1,-1,-1
491,93,1617.94,566.83,65.00,226.15,0.2706,-1,-1,-1
491,95,1803.74,175.31,73.78,187.65,0.2622,-1,-1,-1
492,2,798.79,603.67,94.88,258.22,0.7863,-1,-1,-1
492,3,1017.24,937.98,83.82,142.01,0.7079,-1,-1,-1
492,4,1703.25,457.63,90.02,210.29,0.4311,-1,-1,-1
492,17,920.49,661.60,80.27,240.31,0.7231,-1,-1,-1
492,32,1011.89,682.26,72.75,223.82,0.6836,-1,-1,-1
492,45,808.72,146.15,51.68,172.48,0.3566,-1,-1,-1
492,46,933.79,1.57,49.49,129.11,0.2288,-1,-1,-1
492,51,1002.21,6.68,46.74,129.31,0.2799,-1,-1,-1
492,59,465.48,158.72,53.84,185.28,0.3124,-1,-1,-1
492,61,212.83,725.03,96.36,279.83,0.7725,-1,-1,-1
492,62,1733.79,182.01,61.35,167.71,0.4327,-1,-1,-1
492,63,298.17,756.65,80.36,257.93,0.7422,-1,-1,-1
492,66,1541.20,604.91,85.38,223.08,0.3277,-1,-1,-1
492,84,1629.35,327.40,55.91,187.89,0.4067,-1,-1,-1
492,87,286.85,108.23,71.75,242.25,0.2689,-1,-1,-1
492,92,413.03,161.73,54.21,180.88,0.3009,-1,-1,-1
492,93,1616.97,558.27,77.37,244.33,0.2593,-1,-1,-1
492,95,1808.80,174.21,72.60,180.84,0.3549,-1,-1,-1
492,96,352.06,103.74,70.76,180.61,0.2783,-1,-1,-1
493,2,800.45,604.61,94.16,257.81,0.7697,-1,-1,-1
493,3,1017.05,938.10,84.43,141.89,0.6879,-1,-1,-1
493,4,1711.06,457.81,84.13,211.85,0.4901,-1,-1,-1
493,17,920.08,663.64,81.52,242.46,0.7040,-1,-1,-1
493,32,1014.56,682.08,73.04,226.67,0.6377,-1,-1,-1
493,45,807.13,145.65,54.17,172.89,0.3373,-1,-1,-1
493,46,933.24,1.28,50.63,129.21,0.2260,-1,-1,-1
493,51,1002.57,6.35,46.21,129.42,0.2900,-1,-1,-1
493,59,467.98,159.29,52.29,184.54,0.2203,-1,-1,-1
493,61,212.42,728.39,95.02,277.26,0.7795,-1,-1,-1
493,62,1734.19,184.66,61.12,166.91,0.4826,-1,-1,-1
493,63,299.34,759.75,80.98,254.65,0.7397,-1,-1,-1
493,66,1540.30,607.50,88.46,221.14,0.2975,-1,-1,-1
493,84,1627.74,323.76,57.94,190.28,0.3521,-1,-1,-1
493,87,295.19,121.84,65.82,228.73,0.2097,-1,-1,-1
493,92,412.11,162.37,58.83,183.33,0.3413,-1,-1,-1
493,93,1613.20,559.03,90.93,248.97,0.2265,-1,-1,-1
493,95,1813.32,169.64,72.22,183.15,0.3730,-1,-1,-1
493,96,352.00,104.57,71.14,177.69,0.2209,-1,-1,-1
494,2,801.39,605.93,94.07,255.92,0.7546,-1,-1,-1
494,3,1017.19,938.64,84.34,141.36,0.6804,-1,-1,-1
494,4,1717.75,453.55,77.10,217.07,0.5228,-1,-1,-1
494,17,921.43,666.17,81.60,239.38,0.6684,-1,-1,-1
494,32,1015.14,686.32,75.60,219.50,0.6298,-1,-1,-1
494,45,805.86,145.56,56.56,171.98,0.3095,-1,-1,-1
494,51,1002.07,6.96,47.54,126.93,0.2634,-1,-1,-1
494,59,466.73,160.54,54.68,183.11,0.2030,-1,-1,-1
494,61,212.91,730.22,94.75,277.86,0.7792,-1,-1,-1
494,62,1735.13,184.63,62.93,167.13,0.4640,-1,-1,-1
494,63,299.36,763.48,79.11,255.03,0.7435,-1,-1,-1
494,66,1540.57,609.62,88.37,218.86,0.2782,-1,-1,-1
494,84,1626.86,322.64,58.40,191.37,0.3983,-1,-1,-1
494,87,295.35,125.40,67.53,226.17,0.2022,-1,-1,-1
494,92,412.48,163.02,53.60,181.51,0.2581,-1,-1,-1
494,93,1618.63,570.82,108.49,244.15,0.2827,-1,-1,-1
494,95,1814.15,170.81,75.39,182.42,0.3337,-1,-1,-1
494,96,352.06,101.73,71.29,181.01,0.2205,-1,-1,-1
495,2,804.56,606.14,90.16,253.69,0.7502,-1,-1,-1
495,3,1018.07,937.61,84.20,142.33,0.6715,-1,-1,-1
495,4,1722.05,451.09,74.17,217.59,0.6035,-1,-1,-1
495,17,921.48,668.14,81.72,244.89,0.6578,-1,-1,-1
495,32,1018.30,685.19,75.08,221.49,0.5845,-1,-1,-1
495,45,806.54,145.15,56.05,172.24,0.3409,-1,-1,-1
495,51,1002.57,7.10,47.34,126.39,0.2695,-1,-1,-1
495,61,212.29,732.33,93.51,275.61,0.7747,-1,-1,-1
495,62,1734.28,186.61,64.23,172.15,0.4876,-1,-1,-1
495,63,299.00,767.38,78.64,259.47,0.7371,-1,-1,-1
495,66,1538.87,613.10,90.15,216.53,0.3177,-1,-1,-1
495,84,1626.02,323.55,58.87,190.35,0.4025,-1,-1,-1
495,85,447.57,10.47,67.45,168.62,0.2015,-1,-1,-1
495,92,412.44,164.85,53.46,179.98,0.3010,-1,-1,-1
495,93,1619.46,583.50,116.76,229.83,0.3820,-1,-1,-1
495,95,1815.29,173.11,77.39,181.96,0.3461,-1,-1,-1
496,2,809.63,605.88,84.60,249.49,0.7416,-1,-1,-1
496,3,1019.73,939.23,82.78,140.81,0.6855,-1,-1,-1
496,4,1724.69,452.12,72.40,217.18,0.5835,-1,-1,-1
496,17,922.16,670.88,82.42,237.00,0.6925,-1,-1,-1
496,32,1018.45,686.61,75.21,221.02,0.5998,-1,-1,-1
496,45,805.41,144.50,56.62,172.05,0.3315,-1,-1,-1
496,51,1002.55,6.56,47.14,124.44,0.2759,-1,-1,-1
496,61,211.52,735.85,94.09,272.56,0.7732,-1,-1,-1
496,62,1733.99,187.72,65.36,172.88,0.4704,-1,-1,-1
496,63,296.90,768.60,80.92,259.32,0.7495,-1,-1,-1
496,66,1539.01,610.75,87.38,219.02,0.4066,-1,-1,-1
496,84,1624.73,322.13,59.07,189.43,0.4287,-1,-1,-1
496,92,412.73,164.57,52.26,181.45,0.3119,-1,-1,-1
496,93,1631.93,582.43,103.07,230.86,0.5762,-1,-1,-1
496,95,1817.47,174.99,79.08,182.49,0.2569,-1,-1,-1
497,2,814.74,606.31,80.00,247.80,0.7174,-1,-1,-1
497,3,1021.23,938.98,81.09,140.99,0.6777,-1,-1,-1
497,4,1726.14,452.83,70.04,217.05,0.5661,-1,-1,-1
497,17,923.23,673.87,81.45,236.94,0.6577,-1,-1,-1
497,32,1020.40,687.39,73.43,221.28,0.5637,-1,-1,-1
497,45,805.92,145.15,55.45,172.62,0.3736,-1,-1,-1
497,51,1003.22,5.77,46.82,125.97,0.3050,-1,-1,-1
497,59,467.19,161.65,60.39,182.29,0.2635,-1,-1,-1
497,61,213.47,736.54,90.59,269.08,0.7471,-1,-1,-1
497,62,1734.07,188.07,66.03,172.26,0.4985,-1,-1,-1
497,63,293.97,770.15,83.37,259.09,0.7608,-1,-1,-1
497,66,1539.27,609.94,87.18,220.25,0.4244,-1,-1,-1
497,84,1623.83,322.04,59.82,189.05,0.3777,-1,-1,-1
497,92,412.08,164.73,52.34,181.43,0.3386,-1,-1,-1
497,93,1638.42,591.03,98.17,224.65,0.2774,-1,-1,-1
497,95,1818.42,175.49,80.91,183.80,0.3784,-1,-1,-1
498,2,816.08,606.47,79.73,246.82,0.7071,-1,-1,-1
498,3,1020.84,937.98,81.74,141.96,0.6617,-1,-1,-1
498,4,1727.85,453.78,69.65,215.43,0.5105,-1,-1,-1
498,17,924.98,675.63,80.77,239.60,0.6450,-1,-1,-1
498,32,1019.24,689.28,78.45,220.98,0.5061,-1,-1,-1
498,45,804.00,145.64,56.44,172.54,0.3591,-1,-1,-1
498,51,1002.63,5.64,47.62,125.19,0.2636,-1,-1,-1
498,59,467.40,163.18,59.50,180.13,0.2838,-1,-1,-1
498,61,213.15,738.29,90.40,266.34,0.7411,-1,-1,-1
498,62,1732.89,188.41,67.15,172.67,0.4543,-1,-1,-1
498,63,294.66,771.83,82.37,257.27,0.7501,-1,-1,-1
498,66,1539.77,609.88,87.07,221.00,0.4572,-1,-1,-1
498,84,1623.94,321.55,57.93,190.05,0.3663,-1,-1,-1
498,92,410.40,165.25,52.81,181.92,0.4099,-1,-1,-1
498,93,1641.08,592.74,95.46,222.81,0.4367,-1,-1,-1
498,95,1819.70,176.10,79.58,186.93,0.3473,-1,-1,-1
499,2,820.23,607.64,76.13,246.05,0.6820,-1,-1,-1
499,3,1023.33,937.38,79.16,142.58,0.6725,-1,-1,-1
499,4,1728.89,452.54,71.95,215.33,0.2524,-1,-1,-1
499,17,925.32,677.71,81.31,238.48,0.6097,-1,-1,-1
499,32,1023.87,694.20,72.64,218.20,0.4921,-1,-1,-1
499,45,801.75,143.04,56.23,174.48,0.3457,-1,-1,-1
499,51,1002.59,5.30,47.41,125.39,0.2683,-1,-1,-1
499,59,468.95,163.06,59.45,176.18,0.3313,-1,-1,-1
499,61,212.41,740.84,90.85,265.21,0.7519,-1,-1,-1
499,62,1731.98,188.25,68.62,170.00,0.4901,-1,-1,-1
499,63,293.79,772.80,82.73,256.27,0.7417,-1,-1,-1
499,66,1539.00,610.43,87.53,219.65,0.4769,-1,-1,-1
499,84,1624.30,317.55,57.66,191.42,0.2879,-1,-1,-1
499,92,408.32,165.63,57.06,182.03,0.4489,-1,-1,-1
499,93,1644.16,590.27,90.56,225.24,0.3729,-1,-1,-1
499,95,1820.27,177.41,81.02,186.42,0.3878,-1,-1,-1
500,2,821.22,607.83,75.90,244.65,0.6890,-1,-1,-1
500,3,1025.80,935.81,77.62,144.12,0.6726,-1,-1,-1
500,4,1728.11,450.75,67.57,217.63,0.4894,-1,-1,-1
500,17,924.74,679.49,84.72,247.97,0.6148,-1,-1,-1
500,32,1023.80,697.29,71.84,211.07,0.4688,-1,-1,-1
500,45,802.59,142.16,55.09,176.31,0.3575,-1,-1,-1
500,51,1002.38,5.10,48.12,125.29,0.2611,-1,-1,-1
500,59,465.46,164.92,61.57,171.88,0.3275,-1,-1,-1
500,61,209.01,741.98,93.77,267.16,0.7706,-1,-1,-1
500,62,1731.83,189.09,69.50,168.78,0.4977,-1,-1,-1
500,63,293.70,773.46,81.60,255.25,0.7343,-1,-1,-1
500,66,1537.86,610.61,89.84,218.34,0.4007,-1,-1,-1
500,84,1622.81,313.04,60.55,178.43,0.3281,-1,-1,-1
500,92,407.15,166.35,58.06,179.93,0.4763,-1,-1,-1
500,93,1655.87,594.45,77.45,220.72,0.4532,-1,-1,-1
500,95,1821.60,178.94,80.96,188.13,0.3896,-1,-1,-1
501,2,822.32,608.80,75.00,245.44,0.7027,-1,-1,-1
501,3,1028.73,935.23,75.86,144.75,0.6447,-1,-1,-1
501,4,1727.69,448.92,66.97,219.13,0.4556,-1,-1,-1
501,17,928.52,679.70,81.94,251.96,0.5993,-1,-1,-1
501,32,1023.72,698.93,73.16,210.88,0.5060,-1,-1,-1
501,45,802.26,144.05,54.04,173.90,0.3612,-1,-1,-1
501,51,1002.31,4.86,48.24,124.52,0.2568,-1,-1,-1
501,59,465.24,162.15,63.21,174.98,0.3569,-1,-1,-1
501,61,208.43,743.02,93.82,262.57,0.7803,-1,-1,-1
501,62,1731.54,189.07,70.24,169.74,0.4958,-1,-1,-1
501,63,293.55,774.41,80.23,255.22,0.7227,-1,-1,-1
501,66,1538.78,611.05,87.17,214.37,0.3803,-1,-1,-1
501,84,1622.63,312.63,59.28,180.88,0.3611,-1,-1,-1
501,92,407.44,168.35,58.04,178.69,0.5093,-1,-1,-1
501,93,1659.25,592.13,73.51,221.63,0.5212,-1,-1,-1
501,95,1823.26,180.00,80.34,191.43,0.3554,-1,-1,-1
502,2,822.29,609.10,74.97,247.11,0.7048,-1,-1,-1
502,3,1029.27,934.79,76.68,145.20,0.6789,-1,-1,-1
502,4,1729.33,449.57,64.37,219.68,0.4524,-1,-1,-1
502,17,927.62,681.65,83.63,256.05,0.6363,-1,-1,-1
502,32,1025.52,701.18,73.33,206.67,0.5853,-1,-1,-1
502,45,800.50,144.51,54.02,174.48,0.3079,-1,-1,-1
502,59,468.10,160.72,62.32,175.19,0.3282,-1,-1,-1
502,61,208.30,744.74,93.82,262.62,0.7760,-1,-1,-1
502,62,1731.75,189.80,70.12,167.15,0.4889,-1,-1,-1
502,63,292.50,774.91,81.24,253.89,0.7352,-1,-1,-1
502,66,1538.91,610.01,86.06,214.94,0.3966,-1,-1,-1
502,78,1747.82,332.36,64.51,191.25,0.2595,-1,-1,-1
502,84,1621.08,310.23,58.62,180.00,0.2184,-1,-1,-1
502,92,406.54,169.81,58.39,176.80,0.4758,-1,-1,-1
502,93,1662.61,595.50,70.22,221.20,0.4952,-1,-1,-1
502,95,1828.47,179.59,78.70,196.96,0.2952,-1,-1,-1
503,2,821.86,609.23,75.45,247.02,0.7179,-1,-1,-1
503,3,1030.66,933.95,76.50,146.02,0.6461,-1,-1,-1
503,4,1729.95,445.37,63.34,223.39,0.4044,-1,-1,-1
503,17,928.97,682.74,84.22,252.97,0.6186,-1,-1,-1
503,32,1025.91,703.80,73.26,200.87,0.5923,-1,-1,-1
503,45,800.12,145.55,52.05,174.28,0.3190,-1,-1,-1
503,51,1001.70,4.35,49.74,123.61,0.2175,-1,-1,-1
503,59,470.95,160.09,59.29,173.09,0.3059,-1,-1,-1
503,61,208.70,746.39,92.44,264.12,0.7599,-1,-1,-1
503,62,1732.88,190.39,69.08,168.50,0.4583,-1,-1,-1
503,63,288.51,776.07,81.32,254.64,0.7504,-1,-1,-1
503,66,1535.81,612.63,91.08,214.88,0.4695,-1,-1,-1
503,84,1621.48,308.17,58.98,180.49,0.3441,-1,-1,-1
503,92,404.51,170.78,62.06,175.43,0.4870,-1,-1,-1
503,93,1667.45,600.79,65.83,213.91,0.4748,-1,-1,-1
503,95,1828.42,179.52,77.04,198.91,0.2976,-1,-1,-1
503,99,1615.61,24.59,55.96,175.76,0.2370,-1,-1,-1
504,2,822.02,609.66,74.75,248.00,0.6919,-1,-1,-1
504,3,1032.97,933.29,74.88,146.69,0.6428,-1,-1,-1
504,4,1729.42,447.40,63.78,223.50,0.3452,-1,-1,-1
504,17,926.96,683.72,87.92,251.41,0.5894,-1,-1,-1
504,32,1029.40,705.48,69.32,212.78,0.5917,-1,-1,-1
504,45,801.00,146.30,49.94,173.87,0.2708,-1,-1,-1
504,51,1001.24,4.15,49.65,124.17,0.2044,-1,-1,-1
504,59,472.13,156.95,60.48,173.20,0.3214,-1,-1,-1
504,61,210.46,747.74,90.33,270.35,0.7560,-1,-1,-1
504,62,1734.00,191.17,67.60,170.26,0.4817,-1,-1,-1
504,63,285.90,777.17,81.85,253.23,0.7732,-1,-1,-1
504,66,1534.84,612.06,92.19,214.96,0.3700,-1,-1,-1
504,84,1620.58,306.49,59.26,183.84,0.2476,-1,-1,-1
504,92,403.61,170.54,64.96,174.17,0.4743,-1,-1,-1
504,93,1670.67,605.12,67.40,212.59,0.2595,-1,-1,-1
504,95,1829.63,180.85,75.59,200.94,0.2932,-1,-1,-1
504,99,1616.69,25.67,57.21,173.14,0.2831,-1,-1,-1
504,100,1680.54,23.66,61.16,169.96,0.2240,-1,-1,-1
505,2,822.32,610.01,74.53,249.49,0.6721,-1,-1,-1
505,3,1033.36,934.00,74.88,146.04,0.6721,-1,-1,-1
505,4,1728.83,454.02,63.74,216.53,0.3891,-1,-1,-1
505,17,928.09,684.17,86.43,251.68,0.5508,-1,-1,-1
505,32,1030.45,706.57,68.96,216.87,0.6046,-1,-1,-1
505,45,800.95,146.88,47.98,174.87,0.2541,-1,-1,-1
505,51,1000.96,3.78,51.37,124.32,0.2090,-1,-1,-1
505,59,469.45,152.10,62.45,176.70,0.4173,-1,-1,-1
505,61,209.65,749.94,88.75,274.71,0.7344,-1,-1,-1
505,62,1738.15,190.44,63.49,170.82,0.5044,-1,-1,-1
505,63,281.90,778.83,86.65,253.36,0.7720,-1,-1,-1
505,66,1534.09,618.96,92.83,209.49,0.2747,-1,-1,-1
505,84,1620.28,305.55,60.43,185.04,0.3280,-1,-1,-1
505,92,402.48,170.48,66.71,174.58,0.4771,-1,-1,-1
505,95,1831.03,181.71,79.05,202.00,0.2356,-1,-1,-1
505,99,1615.98,24.41,55.57,172.55,0.2640,-1,-1,-1
505,100,1679.13,23.18,60.71,169.19,0.2510,-1,-1,-1
506,2,821.92,610.16,75.87,250.96,0.6802,-1,-1,-1
506,3,1035.17,932.64,74.55,147.31,0.6644,-1,-1,-1
506,4,1728.67,458.66,63.64,210.82,0.4947,-1,-1,-1
506,17,917.87,685.95,98.20,247.11,0.6177,-1,-1,-1
506,32,1030.86,707.40,70.48,220.19,0.6367,-1,-1,-1
506,45,800.12,147.48,47.67,175.74,0.3096,-1,-1,-1
506,59,470.74,147.68,61.57,181.06,0.3822,-1,-1,-1
506,61,209.45,751.62,87.17,279.13,0.7274,-1,-1,-1
506,62,1739.15,194.23,63.13,167.29,0.4992,-1,-1,-1
506,63,278.93,780.46,89.38,255.78,0.7582,-1,-1,-1
506,66,1533.97,620.53,93.33,203.35,0.2272,-1,-1,-1
506,84,1620.06,305.28,59.39,186.00,0.4643,-1,-1,-1
506,92,401.20,171.01,67.28,175.93,0.4491,-1,-1,-1
506,95,1831.29,183.50,83.70,200.73,0.2683,-1,-1,-1
506,99,1615.43,23.64,56.46,170.45,0.2622,-1,-1,-1
506,100,1678.50,21.69,59.04,169.05,0.2466,-1,-1,-1
506,101,326.70,183.23,49.29,153.49,0.2282,-1,-1,-1
507,2,823.58,611.46,73.26,249.25,0.6988,-1,-1,-1
507,3,1036.43,934.05,75.40,146.03,0.6502,-1,-1,-1
507,4,1727.88,458.28,63.91,211.27,0.3475,-1,-1,-1
507,17,929.82,687.07,88.36,244.77,0.6072,-1,-1,-1
507,32,1030.06,708.59,71.46,222.21,0.6179,-1,-1,-1
507,45,799.54,147.87,46.66,173.93,0.2766,-1,-1,-1
507,59,468.69,152.03,61.04,174.25,0.3096,-1,-1,-1
507,61,208.70,753.49,86.81,278.95,0.7250,-1,-1,-1
507,62,1739.58,194.29,62.15,165.75,0.4700,-1,-1,-1
507,63,278.47,782.33,89.97,261.22,0.7596,-1,-1,-1
507,66,1536.98,620.60,92.11,210.55,0.2400,-1,-1,-1
507,84,1619.15,303.12,60.61,188.26,0.4331,-1,-1,-1
507,92,399.80,168.31,67.53,180.43,0.3891,-1,-1,-1
507,95,1831.27,184.18,83.27,200.54,0.2620,-1,-1,-1
507,99,1614.94,21.40,56.85,170.40,0.2561,-1,-1,-1
507,100,1677.97,21.01,57.56,167.98,0.2419,-1,-1,-1
508,2,825.25,611.55,72.01,248.97,0.7003,-1,-1,-1
508,3,1037.32,933.35,75.93,146.62,0.6516,-1,-1,-1
508,4,1727.25,460.10,62.59,207.59,0.3710,-1,-1,-1
508,17,923.80,688.65,94.77,247.56,0.6089,-1,-1,-1
508,32,1029.97,710.02,72.49,222.94,0.6254,-1,-1,-1
508,45,799.94,147.83,45.56,173.90,0.2796,-1,-1,-1
508,51,998.23,2.33,54.30,123.52,0.2114,-1,-1,-1
508,59,467.08,146.82,61.37,177.01,0.2776,-1,-1,-1
508,61,207.82,755.61,88.11,278.69,0.7428,-1,-1,-1
508,62,1741.44,195.63,60.19,164.69,0.5233,-1,-1,-1
508,63,277.10,784.25,92.30,264.77,0.7661,-1,-1,-1
508,84,1618.97,304.03,61.25,186.87,0.4923,-1,-1,-1
508,92,398.02,172.97,66.24,181.35,0.2449,-1,-1,-1
508,95,1837.26,187.38,72.60,196.69,0.2738,-1,-1,-1
508,99,1614.21,19.81,56.28,167.73,0.2754,-1,-1,-1
508,100,1676.65,20.86,56.19,167.15,0.2561,-1,-1,-1
509,2,825.90,611.59,71.70,249.72,0.6991,-1,-1,-1
509,3,1038.92,933.15,75.63,146.85,0.6440,-1,-1,-1
509,4,1726.91,459.99,62.73,201.42,0.3613,-1,-1,-1
509,17,931.05,690.59,90.16,249.12,0.6231,-1,-1,-1
509,32,1030.96,710.25,75.23,228.87,0.6305,-1,-1,-1
509,45,798.28,146.22,47.26,174.21,0.2675,-1,-1,-1
509,59,463.17,147.23,66.61,176.95,0.2884,-1,-1,-1
509,61,206.41,758.55,86.19,274.16,0.7329,-1,-1,-1
509,62,1743.39,198.08,58.45,163.83,0.4693,-1,-1,-1
509,63,279.76,788.27,86.33,259.89,0.7672,-1,-1,-1
509,84,1619.23,301.01,57.65,188.01,0.4140,-1,-1,-1
509,92,400.11,169.09,65.23,182.57,0.2559,-1,-1,-1
509,95,1834.51,185.95,79.41,196.08,0.2529,-1,-1,-1
509,99,1613.97,17.98,57.01,166.40,0.2027,-1,-1,-1
509,100,1676.40,19.87,57.76,168.15,0.2320,-1,-1,-1
510,2,826.42,611.63,70.84,250.02,0.6991,-1,-1,-1
510,3,1039.86,934.44,76.69,145.63,0.6350,-1,-1,-1
510,4,1727.26,459.65,62.44,200.72,0.3781,-1,-1,-1
510,17,928.33,692.10,94.14,249.75,0.6166,-1,-1,-1
510,32,1028.80,711.55,80.92,228.03,0.5978,-1,-1,-1
510,45,795.20,146.15,48.56,175.38,0.2300,-1,-1,-1
510,59,463.73,148.84,66.46,175.88,0.2412,-1,-1,-1
510,61,206.35,761.87,81.55,275.61,0.7393,-1,-1,-1
510,62,1745.20,200.43,57.54,163.09,0.5340,-1,-1,-1
510,63,279.85,791.87,86.29,255.73,0.7549,-1,-1,-1
510,84,1619.00,301.13,57.38,189.08,0.4585,-1,-1,-1
510,92,401.36,172.93,63.49,185.13,0.2618,-1,-1,-1
510,95,1840.26,187.10,66.33,199.54,0.3074,-1,-1,-1
510,100,1676.85,19.96,54.24,167.72,0.2380,-1,-1,-1
511,2,826.67,612.03,71.35,249.67,0.6955,-1,-1,-1
511,3,1041.67,931.78,75.03,148.09,0.6247,-1,-1,-1
511,4,1724.33,459.66,65.15,201.82,0.3925,-1,-1,-1
511,17,934.23,695.82,90.84,257.90,0.6359,-1,-1,-1
511,32,1030.81,713.00,78.81,217.07,0.5881,-1,-1,-1
511,45,791.39,146.99,52.89,173.52,0.2547,-1,-1,-1
511,59,459.40,148.63,71.59,175.67,0.2636,-1,-1,-1
511,61,203.93,763.30,88.29,277.04,0.7619,-1,-1,-1
511,62,1748.39,202.41,55.33,162.67,0.5100,-1,-1,-1
511,63,281.02,797.44,82.59,254.06,0.7770,-1,-1,-1
511,84,1617.63,300.24,57.24,189.61,0.3538,-1,-1,-1
511,92,402.69,171.41,62.60,189.94,0.2443,-1,-1,-1
511,95,1842.43,187.85,65.18,199.01,0.2755,-1,-1,-1
511,100,1677.73,19.19,52.55,168.64,0.2643,-1,-1,-1
512,2,826.97,612.16,70.81,249.18,0.6950,-1,-1,-1
512,3,1041.79,931.41,75.54,148.51,0.6335,-1,-1,-1
512,4,1724.60,457.79,63.96,204.47,0.3352,-1,-1,-1
512,17,935.30,698.14,91.10,262.83,0.6312,-1,-1,-1
512,32,1032.37,715.23,76.63,213.12,0.5730,-1,-1,-1
512,45,787.44,144.42,54.56,176.40,0.2582,-1,-1,-1
512,51,993.77,2.05,54.79,119.53,0.2016,-1,-1,-1
512,61,202.31,766.09,92.20,275.53,0.7596,-1,-1,-1
512,62,1751.15,203.48,52.96,163.38,0.5357,-1,-1,-1
512,63,280.75,798.76,81.65,260.30,0.7699,-1,-1,-1
512,84,1616.20,300.29,56.64,189.48,0.3389,-1,-1,-1
512,92,401.34,174.07,63.07,192.99,0.2254,-1,-1,-1
512,93,1694.98,622.84,90.98,212.44,0.2118,-1,-1,-1
512,95,1843.35,194.66,69.84,196.67,0.2096,-1,-1,-1
512,100,1677.19,19.09,55.18,168.93,0.2568,-1,-1,-1
513,2,827.28,611.66,69.90,250.38,0.6773,-1,-1,-1
513,3,1041.47,932.86,76.55,146.54,0.6121,-1,-1,-1
513,4,1724.19,458.00,62.78,202.22,0.3488,-1,-1,-1
513,17,938.23,701.38,85.93,260.28,0.6128,-1,-1,-1
513,32,1035.84,718.21,74.20,224.57,0.5593,-1,-1,-1
513,45,785.91,140.83,55.57,179.11,0.2789,-1,-1,-1
513,61,201.19,766.99,92.29,275.35,0.7586,-1,-1,-1
513,62,1751.81,203.67,52.98,166.22,0.5085,-1,-1,-1
513,63,280.26,800.57,80.11,264.14,0.7778,-1,-1,-1
513,84,1615.59,300.72,55.94,189.28,0.3848,-1,-1,-1
513,92,401.87,175.76,60.80,192.48,0.2769,-1,-1,-1
513,100,1676.93,21.04,52.91,166.77,0.2099,-1,-1,-1
514,2,826.87,611.56,70.45,250.48,0.6588,-1,-1,-1
514,3,1042.51,932.01,75.02,147.06,0.6350,-1,-1,-1
514,4,1724.32,461.16,62.30,198.44,0.3356,-1,-1,-1
514,17,944.25,704.34,80.78,260.31,0.6244,-1,-1,-1
514,32,1036.11,718.73,74.22,225.96,0.5806,-1,-1,-1
514,45,786.77,139.32,53.91,180.31,0.2368,-1,-1,-1
514,59,458.36,149.76,68.90,174.65,0.2226,-1,-1,-1
514,61,198.19,769.85,93.16,274.41,0.7547,-1,-1,-1
514,62,1754.11,204.21,52.77,168.38,0.4590,-1,-1,-1
514,63,278.78,800.64,78.77,264.00,0.7987,-1,-1,-1
514,84,1615.72,301.30,53.90,189.28,0.3349,-1,-1,-1
514,92,402.11,173.48,60.03,194.65,0.2211,-1,-1,-1
515,2,827.56,611.84,69.36,250.12,0.6510,-1,-1,-1
515,3,1043.07,932.18,75.05,146.83,0.6428,-1,-1,-1
515,4,1724.45,459.85,60.85,198.34,0.3369,-1,-1,-1
515,17,935.78,706.17,91.08,255.83,0.6020,-1,-1,-1
515,32,1034.76,720.02,76.59,231.03,0.6215,-1,-1,-1
515,59,457.63,149.04,68.88,173.96,0.2174,-1,-1,-1
515,61,196.53,770.87,95.31,272.34,0.7579,-1,-1,-1
515,62,1755.36,205.51,53.16,168.07,0.4305,-1,-1,-1
515,63,275.72,801.45,81.27,263.54,0.8010,-1,-1,-1
515,84,1613.08,301.24,53.79,186.58,0.3109,-1,-1,-1
515,92,400.90,179.91,60.02,188.23,0.2546,-1,-1,-1
515,95,1844.59,204.00,75.17,195.40,0.2238,-1,-1,-1
516,2,828.44,612.35,67.94,249.66,0.6375,-1,-1,-1
516,3,1044.19,932.62,74.09,146.71,0.6141,-1,-1,-1
516,4,1721.91,459.57,64.34,203.45,0.3989,-1,-1,-1
516,17,938.43,709.03,90.01,252.04,0.6536,-1,-1,-1
516,32,1036.79,721.89,74.18,241.09,0.6395,-1,-1,-1
516,61,193.44,772.54,96.74,269.88,0.7619,-1,-1,-1
516,62,1755.99,204.85,53.47,165.49,0.4442,-1,-1,-1
516,63,273.63,801.80,81.58,262.15,0.8142,-1,-1,-1
516,84,1612.60,299.11,52.45,188.42,0.2040,-1,-1,-1
516,92,399.39,182.37,59.65,184.92,0.2345,-1,-1,-1
516,100,1676.41,20.44,51.12,167.65,0.2143,-1,-1,-1
517,2,827.09,611.44,69.59,250.89,0.6469,-1,-1,-1
517,3,1044.60,931.58,73.77,147.39,0.6172,-1,-1,-1
517,4,1723.87,457.09,63.46,207.13,0.3126,-1,-1,-1
517,17,938.03,711.37,91.21,254.06,0.6441,-1,-1,-1
517,32,1038.33,723.86,71.59,238.61,0.6404,-1,-1,-1
517,59,461.13,143.94,66.58,176.09,0.2451,-1,-1,-1
517,61,193.23,775.17,92.83,264.13,0.7597,-1,-1,-1
517,62,1758.66,203.88,53.44,158.09,0.4131,-1,-1,-1
517,63,273.35,803.25,81.23,262.23,0.8180,-1,-1,-1
517,78,1710.66,332.42,85.12,165.22,0.2444,-1,-1,-1
517,84,1611.32,299.84,49.16,185.01,0.2637,-1,-1,-1
517,93,1721.63,615.13,79.31,226.40,0.2828,-1,-1,-1
518,2,827.76,610.76,68.18,251.32,0.6387,-1,-1,-1
518,3,1044.78,929.58,72.59,149.14,0.6490,-1,-1,-1
518,4,1722.83,456.79,63.66,206.09,0.3573,-1,-1,-1
518,17,941.78,712.85,89.89,259.03,0.6331,-1,-1,-1
518,32,1040.12,726.25,70.22,231.46,0.6217,-1,-1,-1
518,59,465.91,140.83,61.46,177.51,0.2660,-1,-1,-1
518,61,191.55,776.52,91.50,263.00,0.7931,-1,-1,-1
518,62,1760.70,204.77,52.82,154.61,0.3885,-1,-1,-1
518,63,271.47,803.52,82.49,260.93,0.8221,-1,-1,-1
518,78,1711.02,332.86,83.99,166.98,0.2197,-1,-1,-1
518,84,1611.03,297.31,48.70,185.83,0.2557,-1,-1,-1
518,92,397.35,170.23,60.78,197.65,0.2094,-1,-1,-1
518,93,1724.31,624.07,80.05,220.39,0.2763,-1,-1,-1
519,2,827.91,610.45,67.33,251.03,0.6198,-1,-1,-1
519,3,1044.54,929.07,72.57,149.57,0.6263,-1,-1,-1
519,4,1722.58,460.11,66.84,206.61,0.3307,-1,-1,-1
519,17,943.47,713.81,87.84,259.90,0.6378,-1,-1,-1
519,32,1037.77,730.92,72.19,225.43,0.5577,-1,-1,-1
519,59,463.82,137.46,62.40,177.97,0.3617,-1,-1,-1
519,61,189.84,778.35,92.31,261.69,0.7921,-1,-1,-1
519,62,1759.35,205.43,56.94,166.20,0.3797,-1,-1,-1
519,63,270.47,805.22,82.92,259.73,0.8205,-1,-1,-1
519,78,1710.60,329.43,83.59,172.16,0.2405,-1,-1,-1
519,92,396.15,181.65,60.80,187.63,0.2828,-1,-1,-1
519,93,1728.02,628.88,82.37,219.11,0.3786,-1,-1,-1
520,2,827.58,607.62,68.42,252.12,0.5869,-1,-1,-1
520,3,1044.49,926.29,72.80,152.67,0.6485,-1,-1,-1
520,4,1720.48,459.44,67.99,210.05,0.3596,-1,-1,-1
520,17,943.83,714.63,86.56,259.60,0.6923,-1,-1,-1
520,32,1038.42,732.95,76.23,206.34,0.5979,-1,-1,-1
520,51,993.36,1.84,55.85,116.89,0.2077,-1,-1,-1
520,59,466.84,136.67,58.74,174.08,0.3005,-1,-1,-1
520,61,189.38,779.86,91.95,261.95,0.7892,-1,-1,-1
520,62,1759.61,205.65,59.67,168.31,0.3031,-1,-1,-1
520,63,268.65,808.09,84.49,258.32,0.8215,-1,-1,-1
520,78,1712.96,315.22,88.33,178.32,0.2218,-1,-1,-1
520,92,394.64,192.81,59.03,177.16,0.2707,-1,-1,-1
520,93,1732.48,629.60,81.51,223.06,0.4471,-1,-1,-1
521,2,828.70,607.80,66.86,253.34,0.6068,-1,-1,-1
521,3,1044.55,927.73,72.88,151.88,0.6559,-1,-1,-1
521,4,1717.26,460.59,70.46,209.80,0.3718,-1,-1,-1
521,17,948.26,717.86,84.17,257.34,0.6595,-1,-1,-1
521,32,1039.86,735.48,75.78,201.62,0.6054,-1,-1,-1
521,59,467.08,145.25,56.57,161.14,0.3291,-1,-1,-1
521,61,188.74,780.31,94.78,268.75,0.7915,-1,-1,-1
521,62,1761.37,207.15,59.94,171.44,0.2726,-1,-1,-1
521,63,267.22,810.63,84.56,257.70,0.8148,-1,-1,-1
521,78,1711.22,310.10,91.57,182.19,0.2399,-1,-1,-1
521,85,453.35,0.24,62.83,153.01,0.2368,-1,-1,-1
521,92,393.85,198.41,57.31,172.28,0.2602,-1,-1,-1
521,93,1732.95,632.90,88.71,215.36,0.5763,-1,-1,-1
521,100,1674.15,16.19,52.05,161.59,0.2028,-1,-1,-1
522,2,828.22,606.85,66.69,254.26,0.6257,-1,-1,-1
522,3,1044.28,929.17,72.74,150.76,0.6423,-1,-1,-1
522,4,1716.18,462.00,71.82,208.01,0.3257,-1,-1,-1
522,17,947.69,718.87,85.53,255.98,0.6876,-1,-1,-1
522,32,1040.86,739.41,76.37,203.18,0.6285,-1,-1,-1
522,51,992.95,2.06,54.33,114.32,0.2014,-1,-1,-1
522,59,468.21,143.69,54.62,161.00,0.3532,-1,-1,-1
522,61,188.64,781.89,95.74,272.36,0.7764,-1,-1,-1
522,62,1763.58,207.22,60.05,172.18,0.3261,-1,-1,-1
522,63,268.21,813.47,83.24,255.81,0.7965,-1,-1,-1
522,66,1574.29,620.41,60.20,214.71,0.2038,-1,-1,-1
522,78,1712.32,311.80,86.49,181.73,0.3073,-1,-1,-1
522,85,454.21,0.02,63.66,151.58,0.2623,-1,-1,-1
522,92,391.08,199.85,58.84,171.31,0.2043,-1,-1,-1
522,93,1737.02,635.45,90.73,214.15,0.5500,-1,-1,-1
522,95,1860.55,212.31,58.74,192.33,0.2360,-1,-1,-1
522,100,1674.18,13.43,52.44,162.99,0.2369,-1,-1,-1
523,2,828.58,607.70,66.47,253.90,0.6335,-1,-1,-1
523,3,1044.25,929.59,72.22,149.76,0.6072,-1,-1,-1
523,4,1718.35,460.83,68.69,206.64,0.3927,-1,-1,-1
523,17,949.73,719.49,85.74,256.59,0.6375,-1,-1,-1
523,32,1044.84,740.34,72.53,208.43,0.6177,-1,-1,-1
523,51,993.59,2.20,52.36,113.88,0.2041,-1,-1,-1
523,59,467.84,133.74,56.40,171.92,0.3339,-1,-1,-1
523,61,187.80,783.56,96.90,275.24,0.7704,-1,-1,-1
523,62,1765.08,209.11,60.01,167.59,0.3709,-1,-1,-1
523,63,266.04,817.06,85.04,255.24,0.7996,-1,-1,-1
523,78,1711.14,313.02,77.67,179.08,0.3828,-1,-1,-1
523,84,1601.09,286.15,53.25,186.23,0.2259,-1,-1,-1
523,85,455.30,0.25,62.02,148.13,0.2401,-1,-1,-1
523,93,1743.27,637.19,88.96,215.03,0.4890,-1,-1,-1
523,95,1860.96,212.96,58.16,193.31,0.2784,-1,-1,-1
523,100,1673.65,8.56,56.20,167.07,0.2488,-1,-1,-1
523,103,1489.54,0.04,50.86,136.60,0.2411,-1,-1,-1
524,2,827.19,608.41,66.20,252.92,0.6266,-1,-1,-1
524,3,1044.39,930.67,71.43,148.65,0.5831,-1,-1,-1
524,4,1720.70,461.54,67.24,205.92,0.3729,-1,-1,-1
524,17,953.02,719.67,83.37,250.01,0.5979,-1,-1,-1
524,32,1044.71,743.38,74.44,220.83,0.6187,-1,-1,-1
524,51,993.49,2.18,52.02,113.34,0.2117,-1,-1,-1
524,59,466.80,129.99,55.68,175.34,0.2051,-1,-1,-1
524,61,189.43,785.08,91.24,276.22,0.7688,-1,-1,-1
524,62,1767.44,211.44,59.39,171.87,0.3913,-1,-1,-1
524,63,262.14,819.86,87.78,256.97,0.8085,-1,-1,-1
524,78,1711.84,309.69,72.67,191.36,0.4348,-1,-1,-1
524,85,454.89,0.18,62.44,145.65,0.2176,-1,-1,-1
524,93,1741.78,641.14,93.55,215.99,0.3397,-1,-1,-1
524,95,1861.78,213.66,57.24,193.22,0.2612,-1,-1,-1
524,100,1672.41,7.14,54.83,167.04,0.2616,-1,-1,-1
524,103,1489.13,-0.00,51.07,136.78,0.2211,-1,-1,-1
525,2,827.09,607.86,66.47,252.98,0.6584,-1,-1,-1
525,3,1043.96,932.06,72.76,147.88,0.5430,-1,-1,-1
525,4,1716.43,461.15,71.62,205.80,0.4663,-1,-1,-1
525,17,958.51,719.81,79.79,237.56,0.5069,-1,-1,-1
525,32,1045.46,743.37,75.82,227.76,0.6276,-1,-1,-1
525,59,464.93,125.46,58.45,180.13,0.2522,-1,-1,-1
525,61,188.28,785.91,94.85,281.80,0.7718,-1,-1,-1
525,62,1767.28,212.30,60.36,170.09,0.4617,-1,-1,-1
525,63,263.76,822.46,86.01,256.75,0.8112,-1,-1,-1
525,78,1710.10,307.41,72.70,190.68,0.4032,-1,-1,-1
525,84,1603.44,284.35,47.73,181.93,0.2083,-1,-1,-1
525,85,456.10,-0.03,61.21,144.35,0.2581,-1,-1,-1
525,93,1753.93,643.83,83.96,219.89,0.3524,-1,-1,-1
525,95,1862.23,215.44,57.03,193.91,0.2446,-1,-1,-1
525,103,1488.80,-0.06,51.38,137.32,0.2334,-1,-1,-1
526,2,826.51,606.33,67.02,255.05,0.6657,-1,-1,-1
526,3,1043.88,929.14,71.81,150.70,0.6041,-1,-1,-1
526,4,1714.42,460.38,74.33,205.98,0.4444,-1,-1,-1
526,17,960.01,718.94,74.87,246.78,0.4979,-1,-1,-1
526,32,1050.05,741.79,74.70,213.91,0.5163,-1,-1,-1
526,45,778.65,135.84,56.93,184.61,0.2725,-1,-1,-1
526,59,465.15,126.31,57.97,178.96,0.2725,-1,-1,-1
526,61,189.04,788.21,92.05,280.97,0.7708,-1,-1,-1
526,62,1767.64,212.03,62.06,179.16,0.4332,-1,-1,-1
526,63,260.25,824.91,88.80,254.15,0.8036,-1,-1,-1
526,78,1706.88,305.85,73.87,188.66,0.3961,-1,-1,-1
526,85,454.93,-0.36,62.03,144.75,0.2336,-1,-1,-1
526,92,388.35,199.69,59.70,178.19,0.2542,-1,-1,-1
526,93,1756.23,645.35,82.51,221.64,0.2024,-1,-1,-1
526,95,1862.10,216.69,57.12,195.14,0.2053,-1,-1,-1
526,103,1486.20,-0.02,53.90,137.61,0.2161,-1,-1,-1
527,2,826.27,605.78,67.09,252.02,0.6674,-1,-1,-1
527,3,1043.24,927.01,71.85,152.90,0.6509,-1,-1,-1
527,4,1715.12,460.43,74.44,206.04,0.4667,-1,-1,-1
527,17,959.03,723.33,77.32,244.03,0.4363,-1,-1,-1
527,32,1051.95,743.07,75.72,200.89,0.5211,-1,-1,-1
527,45,778.09,140.06,56.37,180.49,0.3414,-1,-1,-1
527,59,465.78,125.81,57.66,180.11,0.3037,-1,-1,-1
527,61,188.85,788.71,93.14,283.57,0.7844,-1,-1,-1
527,62,1766.39,213.70,65.52,176.82,0.4449,-1,-1,-1
527,63,259.46,827.05,89.19,251.41,0.7867,-1,-1,-1
527,78,1702.98,304.93,76.71,188.08,0.4091,-1,-1,-1
527,85,455.74,-0.21,60.85,144.03,0.2620,-1,-1,-1
527,92,386.36,198.75,62.15,182.14,0.3103,-1,-1,-1
527,93,1760.10,647.85,84.83,220.52,0.2724,-1,-1,-1
527,103,1486.10,-0.01,54.38,137.91,0.2241,-1,-1,-1
528,2,826.00,605.47,67.23,252.21,0.6906,-1,-1,-1
528,3,1043.28,923.34,70.04,156.55,0.6969,-1,-1,-1
528,4,1715.09,459.67,76.73,207.00,0.5042,-1,-1,-1
528,17,958.55,719.24,82.76,170.63,0.4168,-1,-1,-1
528,32,1053.97,744.87,75.67,196.80,0.5250,-1,-1,-1
528,45,777.84,140.55,55.99,179.91,0.3159,-1,-1,-1
528,59,467.51,125.80,56.09,181.28,0.3348,-1,-1,-1
528,61,189.51,790.55,89.52,282.42,0.7790,-1,-1,-1
528,62,1767.89,214.40,66.40,168.72,0.5211,-1,-1,-1
528,63,257.33,828.13,90.45,250.24,0.7959,-1,-1,-1
528,66,1572.85,604.50,75.05,229.22,0.2098,-1,-1,-1
528,78,1700.19,305.42,77.34,186.89,0.4226,-1,-1,-1
528,85,455.76,-0.07,59.49,142.49,0.2598,-1,-1,-1
528,92,387.53,203.03,61.18,181.18,0.3166,-1,-1,-1
528,100,1669.13,6.59,57.25,163.53,0.2244,-1,-1,-1
528,103,1485.11,0.03,55.77,138.33,0.2159,-1,-1,-1
529,2,825.38,605.58,67.40,251.95,0.7103,-1,-1,-1
529,3,1041.40,925.14,71.37,154.94,0.7083,-1,-1,-1
529,4,1715.05,460.12,77.23,207.18,0.5165,-1,-1,-1
529,17,965.41,733.93,74.99,247.86,0.4641,-1,-1,-1
529,32,1056.21,746.27,75.09,201.55,0.5644,-1,-1,-1
529,45,773.67,142.31,60.75,178.98,0.3116,-1,-1,-1
529,59,466.49,125.36,57.62,182.16,0.3361,-1,-1,-1
529,61,191.14,791.80,87.79,281.29,0.7743,-1,-1,-1
529,62,1766.88,213.39,67.39,174.34,0.5208,-1,-1,-1
529,63,257.17,829.13,88.89,247.87,0.7870,-1,-1,-1
529,66,1570.64,605.11,79.17,230.02,0.2075,-1,-1,-1
529,78,1696.79,305.51,79.42,186.96,0.3181,-1,-1,-1
529,85,455.75,-0.36,58.69,143.04,0.2570,-1,-1,-1
529,92,388.17,203.02,60.14,186.55,0.3318,-1,-1,-1
529,95,1871.52,223.88,47.82,198.91,0.2052,-1,-1,-1
530,2,823.42,604.82,67.48,251.95,0.7116,-1,-1,-1
530,3,1040.07,927.59,72.41,152.56,0.6448,-1,-1,-1
530,4,1715.08,459.12,76.92,208.88,0.5266,-1,-1,-1
530,17,964.72,732.35,78.16,253.86,0.6222,-1,-1,-1
530,32,1056.10,747.85,76.86,198.61,0.5648,-1,-1,-1
530,45,775.21,139.43,60.19,180.38,0.2871,-1,-1,-1
530,59,463.92,124.52,60.39,178.16,0.2847,-1,-1,-1
530,61,191.37,792.85,87.54,280.89,0.7650,-1,-1,-1
530,62,1765.41,213.79,70.19,174.92,0.5166,-1,-1,-1
530,63,256.27,831.51,90.28,245.68,0.7888,-1,-1,-1
530,78,1695.25,306.77,78.90,182.66,0.3635,-1,-1,-1
530,85,455.75,-0.23,58.95,141.75,0.2457,-1,-1,-1
530,92,387.51,201.82,60.59,188.91,0.3441,-1,-1,-1
530,103,1484.87,-0.08,56.27,138.82,0.2105,-1,-1,-1
531,2,820.94,603.95,68.50,253.01,0.7088,-1,-1,-1
531,3,1039.14,930.10,72.34,150.02,0.6569,-1,-1,-1
531,4,1716.10,461.31,73.83,208.12,0.5377,-1,-1,-1
531,17,965.63,732.69,78.47,253.89,0.6375,-1,-1,-1
531,32,1058.68,749.67,74.95,206.58,0.6018,-1,-1,-1
531,45,775.51,137.38,59.37,181.61,0.2523,-1,-1,-1
531,59,468.20,124.50,57.41,176.82,0.3127,-1,-1,-1
531,61,191.61,794.82,87.09,279.14,0.7526,-1,-1,-1
531,62,1764.23,214.27,71.71,173.96,0.5226,-1,-1,-1
531,63,256.68,832.69,89.20,245.21,0.7860,-1,-1,-1
531,78,1695.48,305.63,76.89,183.14,0.3719,-1,-1,-1
531,92,375.90,197.12,72.19,194.34,0.4216,-1,-1,-1
531,103,1484.60,0.02,56.49,138.91,0.2003,-1,-1,-1
532,2,817.82,602.98,70.12,251.49,0.7089,-1,-1,-1
532,3,1039.56,937.12,71.60,143.27,0.6081,-1,-1,-1
532,4,1714.47,459.83,75.35,211.45,0.6042,-1,-1,-1
532,17,966.42,736.12,83.51,254.42,0.6737,-1,-1,-1
532,32,1058.43,750.87,76.34,210.74,0.6436,-1,-1,-1
532,45,773.44,143.23,62.56,176.84,0.2503,-1,-1,-1
532,51,993.13,2.77,50.48,103.61,0.2014,-1,-1,-1
532,59,468.70,122.79,57.17,180.05,0.3281,-1,-1,-1
532,61,191.73,796.53,87.07,275.92,0.7767,-1,-1,-1
532,62,1764.17,215.45,73.49,174.66,0.5163,-1,-1,-1
532,63,256.84,833.47,89.36,244.78,0.7905,-1,-1,-1
532,78,1697.22,305.31,74.67,185.08,0.3425,-1,-1,-1
532,92,376.50,194.51,72.07,195.67,0.4209,-1,-1,-1
532,103,1485.02,0.04,55.69,139.14,0.2148,-1,-1,-1
532,107,150.20,312.79,82.14,196.33,0.3030,-1,-1,-1
533,2,812.96,602.58,70.14,254.44,0.7135,-1,-1,-1
533,3,1038.96,945.56,72.04,135.02,0.5346,-1,-1,-1
533,4,1714.68,458.36,74.69,211.38,0.6083,-1,-1,-1
533,17,968.17,738.72,87.11,248.88,0.6863,-1,-1,-1
533,32,1060.28,753.39,77.22,211.46,0.6010,-1,-1,-1
533,45,771.75,143.95,63.78,175.34,0.2570,-1,-1,-1
533,51,993.33,2.58,50.35,103.04,0.2111,-1,-1,-1
533,59,467.32,123.81,58.37,179.85,0.2718,-1,-1,-1
533,61,190.06,797.99,90.55,273.82,0.7658,-1,-1,-1
533,62,1765.18,218.47,73.08,172.75,0.4886,-1,-1,-1
533,63,256.87,835.05,89.03,243.82,0.7916,-1,-1,-1
533,78,1698.60,304.82,71.40,184.63,0.3703,-1,-1,-1
533,92,376.74,195.97,71.13,195.60,0.3652,-1,-1,-1
533,107,149.44,312.75,83.04,193.54,0.2673,-1,-1,-1
534,2,809.23,601.36,70.71,256.86,0.7285,-1,-1,-1
534,3,1037.65,948.81,72.98,131.38,0.4533,-1,-1,-1
534,4,1713.25,458.78,76.61,210.55,0.5916,-1,-1,-1
534,17,968.33,739.57,89.45,249.18,0.6773,-1,-1,-1
534,32,1064.05,755.33,73.37,214.70,0.5527,-1,-1,-1
534,45,773.82,144.64,62.40,173.85,0.2639,-1,-1,-1
534,59,467.15,123.41,57.12,175.24,0.3697,-1,-1,-1
534,61,189.64,799.31,92.44,270.24,0.7758,-1,-1,-1
534,62,1765.79,219.96,74.27,170.94,0.5299,-1,-1,-1
534,63,256.82,836.29,90.08,241.75,0.7829,-1,-1,-1
534,78,1696.44,303.29,71.75,184.89,0.4206,-1,-1,-1
534,92,381.93,198.03,67.67,192.93,0.3625,-1,-1,-1
534,107,133.27,311.90,98.93,190.18,0.3450,-1,-1,-1
535,2,804.22,599.92,73.45,254.60,0.7456,-1,-1,-1
535,3,1037.06,954.47,73.68,126.08,0.2653,-1,-1,-1
535,4,1714.07,457.17,74.99,212.74,0.6167,-1,-1,-1
535,17,967.57,742.75,89.20,247.30,0.6598,-1,-1,-1
535,32,1061.78,758.63,76.93,225.41,0.4536,-1,-1,-1
535,45,774.44,149.44,61.75,170.07,0.2716,-1,-1,-1
535,59,465.16,119.67,60.66,174.76,0.2725,-1,-1,-1
535,61,189.46,799.49,94.72,271.76,0.7963,-1,-1,-1
535,62,1765.90,222.15,73.15,169.26,0.4726,-1,-1,-1
535,63,256.94,837.34,90.31,240.25,0.7883,-1,-1,-1
535,66,1538.81,614.78,111.45,219.58,0.2112,-1,-1,-1
535,78,1694.56,300.18,73.18,187.07,0.3287,-1,-1,-1
535,92,387.36,200.93,63.55,189.25,0.4036,-1,-1,-1
535,107,138.59,311.77,93.10,188.02,0.3318,-1,-1,-1
536,2,802.21,599.68,73.37,253.77,0.7298,-1,-1,-1
536,4,1714.65,458.72,74.95,210.53,0.6257,-1,-1,-1
536,17,972.87,742.92,86.62,252.21,0.6407,-1,-1,-1
536,32,1061.71,761.14,78.29,222.38,0.4628,-1,-1,-1
536,45,775.70,147.29,61.53,171.58,0.2444,-1,-1,-1
536,59,465.80,124.21,59.36,168.61,0.2744,-1,-1,-1
536,61,190.18,800.56,94.00,275.17,0.8012,-1,-1,-1
536,62,1765.60,222.99,73.39,167.95,0.5103,-1,-1,-1
536,63,257.33,838.66,88.47,239.39,0.7907,-1,-1,-1
536,66,1577.39,599.31,78.11,232.93,0.2835,-1,-1,-1
536,78,1694.26,300.02,72.08,187.41,0.3059,-1,-1,-1
536,92,389.68,199.25,62.07,191.01,0.3956,-1,-1,-1
536,107,140.43,310.08,91.50,188.87,0.4191,-1,-1,-1
537,2,797.58,599.91,76.96,255.37,0.7278,-1,-1,-1
537,4,1716.06,460.33,73.80,209.81,0.6156,-1,-1,-1
537,17,972.39,745.57,90.19,248.68,0.6552,-1,-1,-1
537,32,1064.81,762.94,75.57,227.61,0.5304,-1,-1,-1
537,45,776.12,142.51,61.07,176.33,0.2537,-1,-1,-1
537,59,466.42,121.31,57.61,169.19,0.2402,-1,-1,-1
537,61,191.62,801.40,92.65,278.41,0.7864,-1,-1,-1
537,62,1767.87,223.44,72.67,167.80,0.5016,-1,-1,-1
537,63,257.61,841.07,86.84,237.60,0.7770,-1,-1,-1
537,66,1576.00,597.78,80.81,235.33,0.2520,-1,-1,-1
537,78,1693.11,297.39,70.80,190.19,0.2991,-1,-1,-1
537,92,389.63,199.97,62.23,189.94,0.4197,-1,-1,-1
537,100,1663.62,1.85,55.58,160.26,0.2191,-1,-1,-1
537,103,1486.56,0.15,54.60,138.12,0.2365,-1,-1,-1
537,107,141.99,309.63,90.54,189.29,0.4344,-1,-1,-1
538,2,796.97,600.27,77.86,254.50,0.7357,-1,-1,-1
538,3,1031.91,944.75,78.09,134.61,0.2990,-1,-1,-1
538,4,1716.94,460.96,72.32,208.70,0.6222,-1,-1,-1
538,17,974.77,747.46,90.24,245.73,0.6965,-1,-1,-1
538,32,1061.71,764.84,78.74,226.64,0.5747,-1,-1,-1
538,45,776.13,139.88,62.85,180.95,0.2301,-1,-1,-1
538,59,464.66,120.76,58.85,166.67,0.2122,-1,-1,-1
538,61,192.91,802.90,91.86,277.13,0.7951,-1,-1,-1
538,62,1771.48,223.63,67.43,167.37,0.5189,-1,-1,-1
538,63,256.22,844.33,87.61,235.35,0.7825,-1,-1,-1
538,78,1690.38,296.29,68.45,190.65,0.3833,-1,-1,-1
538,92,390.19,196.80,61.26,193.75,0.3612,-1,-1,-1
538,100,1662.10,0.97,54.84,159.64,0.2081,-1,-1,-1
538,103,1488.37,-0.04,52.57,139.14,0.2571,-1,-1,-1
538,107,144.14,309.47,90.11,188.59,0.3728,-1,-1,-1
539,2,795.03,599.97,77.56,255.03,0.7296,-1,-1,-1
539,3,1029.57,940.87,80.45,138.74,0.4886,-1,-1,-1
539,4,1716.12,460.43,73.44,208.88,0.6104,-1,-1,-1
539,17,975.55,748.50,89.16,244.51,0.7046,-1,-1,-1
539,32,1060.09,767.44,81.89,227.92,0.6083,-1,-1,-1
539,45,777.16,131.95,65.00,188.64,0.2655,-1,-1,-1
539,51,992.01,2.58,54.45,101.29,0.2055,-1,-1,-1
539,61,193.43,804.75,91.76,275.30,0.7835,-1,-1,-1
539,62,1774.95,224.69,64.25,166.46,0.4961,-1,-1,-1
539,63,254.02,846.84,88.54,232.91,0.7833,-1,-1,-1
539,78,1688.75,294.20,70.99,194.38,0.3596,-1,-1,-1
539,92,391.34,204.14,57.77,187.69,0.4212,-1,-1,-1
539,103,1487.98,0.05,54.08,138.17,0.2718,-1,-1,-1
539,107,145.68,309.31,89.61,187.92,0.2661,-1,-1,-1
540,2,792.49,599.78,79.28,254.19,0.7454,-1,-1,-1
540,3,1029.36,945.66,80.88,134.86,0.3795,-1,-1,-1
540,4,1716.06,459.26,73.48,210.04,0.6295,-1,-1,-1
540,17,977.51,748.67,89.46,242.83,0.6747,-1,-1,-1
540,32,1061.03,768.78,82.39,222.04,0.5434,-1,-1,-1
540,45,777.34,108.83,66.04,211.23,0.2251,-1,-1,-1
540,59,463.37,120.77,58.92,164.06,0.2299,-1,-1,-1
540,61,193.12,806.16,92.03,273.06,0.7669,-1,-1,-1
540,62,1775.32,225.04,63.44,166.50,0.4547,-1,-1,-1
540,63,254.19,848.87,87.01,229.34,0.7685,-1,-1,-1
540,78,1684.11,291.11,72.17,196.55,0.4113,-1,-1,-1
540,92,391.26,188.84,58.46,202.08,0.4363,-1,-1,-1
540,100,1661.11,-0.13,54.39,158.51,0.2401,-1,-1,-1
540,103,1488.04,0.18,55.31,138.49,0.2567,-1,-1,-1
540,107,145.39,308.32,90.61,188.79,0.2911,-1,-1,-1
541,2,792.26,599.87,78.58,251.78,0.7226,-1,-1,-1
541,3,1027.98,939.74,81.62,139.89,0.5380,-1,-1,-1
541,4,1716.35,458.57,73.24,209.95,0.6392,-1,-1,-1
541,17,982.27,750.75,84.78,238.27,0.6838,-1,-1,-1
541,32,1054.17,769.86,88.67,223.60,0.6304,-1,-1,-1
541,45,775.95,93.41,71.19,228.46,0.3063,-1,-1,-1
541,59,461.66,115.75,60.87,167.25,0.2271,-1,-1,-1
541,61,196.78,809.37,89.64,270.38,0.7772,-1,-1,-1
541,62,1776.51,225.62,63.13,166.43,0.4520,-1,-1,-1
541,63,254.81,850.48,86.52,228.33,0.7674,-1,-1,-1
541,78,1678.24,288.15,76.33,198.58,0.4064,-1,-1,-1
541,92,390.25,187.33,59.77,206.38,0.4659,-1,-1,-1
541,100,1659.77,-0.39,54.79,159.05,0.2906,-1,-1,-1
541,103,1487.45,1.31,56.95,137.65,0.2057,-1,-1,-1
541,107,145.32,307.93,91.93,187.08,0.2085,-1,-1,-1
542,2,790.48,599.13,78.30,252.01,0.7133,-1,-1,-1
542,3,1030.55,947.46,78.92,133.46,0.3820,-1,-1,-1
542,4,1716.04,457.83,73.58,210.95,0.6028,-1,-1,-1
542,17,986.40,750.84,79.87,239.14,0.6719,-1,-1,-1
542,32,1069.06,771.36,75.78,224.01,0.5631,-1,-1,-1
542,45,775.20,91.32,74.48,230.43,0.2971,-1,-1,-1
542,59,462.32,112.98,58.81,169.63,0.2830,-1,-1,-1
542,61,200.98,810.73,86.33,269.29,0.7559,-1,-1,-1
542,62,1777.72,227.22,62.46,164.99,0.4316,-1,-1,-1
542,63,256.78,852.73,83.61,226.82,0.7469,-1,-1,-1
542,78,1675.89,284.81,79.77,201.99,0.4307,-1,-1,-1
542,92,390.79,190.19,57.73,204.86,0.3928,-1,-1,-1
542,100,1659.08,-0.40,56.81,158.68,0.2942,-1,-1,-1
542,107,145.91,307.74,92.21,190.04,0.2140,-1,-1,-1
543,2,787.94,599.26,80.70,251.56,0.7071,-1,-1,-1
543,3,1030.48,946.36,78.31,133.58,0.4375,-1,-1,-1
543,4,1714.71,456.76,75.30,211.88,0.5720,-1,-1,-1
543,17,988.65,752.83,81.40,231.83,0.6382,-1,-1,-1
543,32,1071.30,772.30,74.63,228.27,0.5933,-1,-1,-1
543,45,777.55,89.26,73.13,231.84,0.3127,-1,-1,-1
543,59,461.88,110.98,59.66,170.32,0.2299,-1,-1,-1
543,61,203.55,811.79,85.22,268.23,0.7124,-1,-1,-1
543,62,1779.75,227.48,61.26,166.08,0.4149,-1,-1,-1
543,63,256.46,857.61,82.24,222.22,0.7154,-1,-1,-1
543,78,1672.04,283.78,82.84,202.77,0.4332,-1,-1,-1
543,92,390.14,206.59,56.93,190.96,0.3052,-1,-1,-1
543,100,1659.09,-0.26,54.87,158.38,0.2713,-1,-1,-1
543,103,1489.07,1.48,55.06,137.63,0.2298,-1,-1,-1
543,107,152.04,307.27,87.38,191.51,0.2083,-1,-1,-1
544,2,783.98,598.96,83.02,252.40,0.7255,-1,-1,-1
544,3,1027.22,944.41,81.71,135.37,0.4534,-1,-1,-1
544,4,1714.07,456.92,76.01,212.25,0.5632,-1,-1,-1
544,17,987.30,755.21,86.19,225.57,0.6536,-1,-1,-1
544,32,1071.80,772.44,76.24,227.13,0.5985,-1,-1,-1
544,45,778.81,86.44,72.02,234.20,0.3595,-1,-1,-1
544,59,460.88,110.30,59.75,170.92,0.2402,-1,-1,-1
544,61,206.48,813.04,83.76,266.99,0.7165,-1,-1,-1
544,62,1780.43,228.00,60.99,166.36,0.4237,-1,-1,-1
544,63,255.80,862.59,82.94,216.33,0.7004,-1,-1,-1
544,78,1669.41,283.51,85.31,202.65,0.4169,-1,-1,-1
544,92,390.91,202.23,56.40,194.57,0.3117,-1,-1,-1
544,100,1658.96,-0.09,55.14,156.57,0.2676,-1,-1,-1
544,103,1488.98,1.64,55.54,137.35,0.2239,-1,-1,-1
545,2,775.62,598.44,90.46,253.71,0.7344,-1,-1,-1
545,3,1018.29,942.41,89.72,137.43,0.5479,-1,-1,-1
545,4,1713.35,458.37,76.14,208.75,0.6131,-1,-1,-1
545,17,991.45,756.96,82.79,223.92,0.6520,-1,-1,-1
545,32,1069.57,775.69,79.92,225.37,0.5919,-1,-1,-1
545,45,777.59,85.55,72.87,235.56,0.3607,-1,-1,-1
545,61,208.34,814.69,82.56,265.34,0.6967,-1,-1,-1
545,62,1784.25,227.79,58.60,170.01,0.4184,-1,-1,-1
545,63,253.20,866.08,84.19,212.93,0.7266,-1,-1,-1
545,78,1665.43,283.85,88.39,201.03,0.3852,-1,-1,-1
545,92,390.57,210.89,57.00,189.19,0.3631,-1,-1,-1
545,100,1658.84,0.03,54.99,154.59,0.2355,-1,-1,-1
545,103,1488.83,1.76,56.41,137.35,0.2466,-1,-1,-1
546,2,770.78,598.46,93.55,253.03,0.7458,-1,-1,-1
546,3,1021.15,942.53,86.06,137.47,0.5652,-1,-1,-1
546,4,1711.09,457.51,78.77,210.91,0.6234,-1,-1,-1
546,17,992.89,759.60,84.36,225.39,0.6311,-1,-1,-1
546,32,1073.24,776.81,78.21,227.92,0.6081,-1,-1,-1
546,45,778.93,84.63,71.68,235.50,0.4288,-1,-1,-1
546,61,209.78,815.68,82.51,264.33,0.6772,-1,-1,-1
546,62,1787.09,229.63,56.69,170.49,0.3925,-1,-1,-1
546,63,251.65,868.82,83.97,210.77,0.7209,-1,-1,-1
546,78,1666.96,284.09,86.75,201.03,0.3943,-1,-1,-1
546,92,392.10,183.62,55.05,216.33,0.3020,-1,-1,-1
546,100,1658.38,0.37,54.85,150.60,0.2684,-1,-1,-1
546,103,1488.94,1.95,56.64,137.78,0.2602,-1,-1,-1
547,2,770.97,597.93,93.14,255.37,0.7608,-1,-1,-1
547,3,1027.65,945.21,79.95,135.00,0.5266,-1,-1,-1
547,4,1711.81,457.02,83.41,211.37,0.5898,-1,-1,-1
547,17,995.22,761.58,85.68,220.00,0.6340,-1,-1,-1
547,32,1074.85,779.33,78.04,230.23,0.6269,-1,-1,-1
547,45,778.43,84.64,72.77,235.68,0.4513,-1,-1,-1
547,61,211.15,817.28,82.80,262.75,0.6791,-1,-1,-1
547,62,1788.27,231.79,58.52,171.78,0.3966,-1,-1,-1
547,63,251.65,872.62,84.27,207.41,0.6904,-1,-1,-1
547,78,1660.22,284.96,92.10,198.09,0.3304,-1,-1,-1
547,92,387.80,210.33,59.81,194.72,0.2763,-1,-1,-1
547,100,1658.99,-0.05,52.70,150.70,0.2896,-1,-1,-1
547,103,1489.05,1.92,56.58,138.43,0.2772,-1,-1,-1
548,2,769.55,598.12,93.80,256.08,0.7461,-1,-1,-1
548,3,1027.04,939.04,79.75,140.54,0.5400,-1,-1,-1
548,4,1716.23,458.77,74.07,210.76,0.5831,-1,-1,-1
548,17,993.90,765.83,87.36,217.41,0.6598,-1,-1,-1
548,32,1067.02,781.82,88.18,237.79,0.6431,-1,-1,-1
548,45,778.84,83.44,72.60,238.27,0.4263,-1,-1,-1
548,59,462.43,104.03,52.46,175.62,0.2003,-1,-1,-1
548,61,212.66,818.39,81.34,261.62,0.6445,-1,-1,-1
548,62,1788.91,235.10,60.85,173.45,0.4262,-1,-1,-1
548,63,251.78,875.27,80.85,204.73,0.6896,-1,-1,-1
548,78,1660.54,285.19,92.16,196.55,0.3514,-1,-1,-1
548,92,383.77,217.55,62.57,189.19,0.3663,-1,-1,-1
548,100,1659.15,-0.63,52.25,154.13,0.2446,-1,-1,-1
548,103,1489.52,2.09,55.48,138.94,0.2702,-1,-1,-1
549,2,769.73,599.27,92.88,254.40,0.7497,-1,-1,-1
549,3,1024.73,934.91,82.24,144.77,0.5194,-1,-1,-1
549,4,1721.49,459.31,68.38,208.61,0.6296,-1,-1,-1
549,17,997.20,768.48,83.01,212.58,0.5852,-1,-1,-1
549,32,1068.96,783.58,86.70,243.21,0.6367,-1,-1,-1
549,45,779.54,84.08,71.27,236.77,0.4380,-1,-1,-1
549,61,213.62,819.94,81.97,260.11,0.5244,-1,-1,-1
549,62,1790.29,236.67,61.92,174.57,0.3886,-1,-1,-1
549,63,249.22,873.28,81.01,206.51,0.6318,-1,-1,-1
549,78,1659.52,284.90,94.45,198.09,0.3769,-1,-1,-1
549,92,386.80,225.24,56.61,183.31,0.4167,-1,-1,-1
549,100,1659.90,0.37,50.67,153.01,0.2132,-1,-1,-1
549,103,1491.09,2.37,54.03,138.88,0.2639,-1,-1,-1
549,107,183.61,301.52,66.82,199.06,0.3032,-1,-1,-1
550,2,767.39,599.98,94.47,253.04,0.7338,-1,-1,-1
550,3,1023.64,934.75,82.57,145.28,0.5200,-1,-1,-1
550,4,1718.76,458.55,71.18,209.69,0.6150,-1,-1,-1
550,17,998.66,772.23,80.43,198.60,0.5101,-1,-1,-1
550,32,1067.87,787.05,89.66,244.66,0.5937,-1,-1,-1
550,45,782.14,84.62,70.46,236.54,0.4446,-1,-1,-1
550,61,214.90,821.96,82.87,258.15,0.4072,-1,-1,-1
550,62,1794.09,235.98,58.84,175.41,0.4140,-1,-1,-1
550,63,246.73,873.72,81.54,206.16,0.5747,-1,-1,-1
550,78,1659.24,283.74,93.57,197.30,0.3930,-1,-1,-1
550,92,383.42,228.60,61.02,179.17,0.3783,-1,-1,-1
550,103,1490.74,2.85,54.65,137.06,0.2640,-1,-1,-1
550,107,185.44,300.61,66.17,200.37,0.2706,-1,-1,-1
551,2,767.26,598.37,92.33,255.62,0.7309,-1,-1,-1
551,3,1018.66,936.57,87.09,143.60,0.5653,-1,-1,-1
551,4,1721.13,459.14,68.68,209.17,0.6082,-1,-1,-1
551,17,1002.88,772.61,78.97,189.13,0.4891,-1,-1,-1
551,32,1077.43,789.71,84.20,241.98,0.5596,-1,-1,-1
551,45,781.83,84.40,70.90,237.07,0.4735,-1,-1,-1
551,61,217.28,823.48,85.30,256.58,0.3525,-1,-1,-1
551,62,1795.81,235.78,58.22,175.93,0.4385,-1,-1,-1
551,63,239.88,874.22,88.67,205.69,0.5711,-1,-1,-1
551,78,1661.03,282.24,91.80,202.32,0.4071,-1,-1,-1
551,92,381.16,225.89,62.64,181.88,0.4661,-1,-1,-1
551,100,1659.85,-0.08,56.74,152.92,0.2087,-1,-1,-1
551,103,1490.59,2.57,55.07,138.06,0.2451,-1,-1,-1
551,107,185.50,298.38,67.62,202.23,0.2309,-1,-1,-1
552,2,766.81,597.81,91.90,254.28,0.7420,-1,-1,-1
552,3,1012.37,934.40,91.86,145.49,0.5345,-1,-1,-1
552,4,1724.59,458.21,64.82,208.68,0.6033,-1,-1,-1
552,17,1007.38,774.81,76.76,176.64,0.4742,-1,-1,-1
552,32,1073.12,793.02,91.33,240.86,0.5763,-1,-1,-1
552,45,784.36,85.00,70.68,235.91,0.4535,-1,-1,-1
552,62,1796.97,236.69,57.91,176.67,0.3919,-1,-1,-1
552,63,233.75,874.82,94.22,205.14,0.6605,-1,-1,-1
552,66,1578.01,597.91,86.20,228.42,0.2103,-1,-1,-1
552,78,1662.28,281.37,87.64,209.54,0.3917,-1,-1,-1
552,92,380.04,225.42,64.24,182.34,0.4122,-1,-1,-1
552,103,1489.68,3.01,56.93,137.80,0.2153,-1,-1,-1
552,107,188.10,297.25,65.12,200.71,0.2027,-1,-1,-1
553,2,766.50,595.70,91.76,254.39,0.7525,-1,-1,-1
553,3,995.84,928.25,109.02,151.20,0.5409,-1,-1,-1
553,4,1722.43,458.73,66.94,208.17,0.5776,-1,-1,-1
553,17,1010.48,777.70,73.44,166.35,0.5089,-1,-1,-1
553,32,1073.15,795.19,95.15,243.31,0.5833,-1,-1,-1
553,45,786.38,84.53,71.37,235.08,0.4173,-1,-1,-1
553,59,457.51,95.83,57.67,175.75,0.2413,-1,-1,-1
553,62,1799.31,236.84,57.74,176.19,0.3734,-1,-1,-1
553,63,234.66,875.62,91.51,204.35,0.6792,-1,-1,-1
553,78,1662.21,279.31,88.26,218.64,0.3772,-1,-1,-1
553,92,380.14,222.93,64.78,183.96,0.4169,-1,-1,-1
553,103,1489.20,2.22,56.97,142.08,0.2136,-1,-1,-1
554,2,766.65,595.66,88.14,251.50,0.7513,-1,-1,-1
554,3,997.67,922.41,105.23,156.61,0.2035,-1,-1,-1
554,4,1722.69,459.02,66.70,207.71,0.5965,-1,-1,-1
554,17,1009.67,782.26,71.21,165.32,0.3115,-1,-1,-1
554,32,1082.09,797.12,90.67,242.34,0.5154,-1,-1,-1
554,45,788.63,85.19,71.60,233.69,0.4253,-1,-1,-1
554,61,231.95,832.70,95.20,247.37,0.6367,-1,-1,-1
554,62,1803.24,236.38,56.10,176.10,0.3066,-1,-1,-1
554,78,1663.43,275.76,84.15,209.29,0.4102,-1,-1,-1
554,92,377.36,219.60,66.80,186.51,0.5289,-1,-1,-1
554,100,1660.01,0.57,54.99,146.14,0.2460,-1,-1,-1
554,103,1488.42,2.31,57.39,143.93,0.2570,-1,-1,-1
555,2,764.87,596.16,89.00,250.75,0.7321,-1,-1,-1
555,3,1005.07,927.33,101.26,153.35,0.3182,-1,-1,-1
555,4,1723.05,457.16,66.10,209.32,0.5986,-1,-1,-1
555,17,1013.92,781.95,72.03,160.63,0.3583,-1,-1,-1
555,32,1087.63,798.70,85.29,238.72,0.6118,-1,-1,-1
555,45,787.54,84.38,74.21,234.71,0.3970,-1,-1,-1
555,59,457.41,92.97,59.75,176.86,0.2846,-1,-1,-1
555,61,233.08,834.31,96.63,245.69,0.7016,-1,-1,-1
555,62,1804.70,236.55,58.46,176.54,0.2989,-1,-1,-1
555,66,1577.93,594.91,91.83,231.24,0.2076,-1,-1,-1
555,78,1667.95,275.00,79.56,198.75,0.4661,-1,-1,-1
555,92,376.91,217.98,65.97,188.76,0.5297,-1,-1,-1
555,100,1659.93,0.19,56.04,145.59,0.2487,-1,-1,-1
555,103,1488.05,2.51,58.01,144.69,0.2381,-1,-1,-1
555,108,1010.65,781.63,87.77,296.09,0.2155,-1,-1,-1
556,2,762.93,593.74,87.67,250.12,0.7548,-1,-1,-1
556,4,1723.72,455.95,64.76,207.96,0.6198,-1,-1,-1
556,17,1016.75,787.53,68.76,177.82,0.3003,-1,-1,-1
556,32,1095.95,799.15,81.21,238.83,0.5746,-1,-1,-1
556,45,787.87,85.45,75.03,232.96,0.4100,-1,-1,-1
556,59,456.44,91.66,62.99,179.15,0.2858,-1,-1,-1
556,62,1807.08,236.53,61.29,175.39,0.3237,-1,-1,-1
556,63,237.16,878.16,91.95,201.48,0.6199,-1,-1,-1
556,78,1667.19,273.47,76.45,194.59,0.4893,-1,-1,-1
556,92,377.37,219.94,66.04,190.18,0.5104,-1,-1,-1
556,100,1659.84,-0.00,54.42,144.78,0.2502,-1,-1,-1
556,103,1487.99,2.52,57.35,145.91,0.2701,-1,-1,-1
556,108,1014.85,783.91,93.33,295.61,0.4511,-1,-1,-1
557,2,760.47,593.60,87.19,246.88,0.7150,-1,-1,-1
557,3,1001.59,933.13,102.62,147.62,0.2434,-1,-1,-1
557,4,1724.52,457.92,67.43,206.92,0.6188,-1,-1,-1
557,32,1101.41,800.37,78.38,235.91,0.5503,-1,-1,-1
557,45,790.04,84.60,72.08,233.39,0.4449,-1,-1,-1
557,59,458.86,93.05,59.25,176.99,0.2275,-1,-1,-1
557,61,239.04,837.22,94.88,242.77,0.7360,-1,-1,-1
557,62,1806.00,237.01,62.33,174.10,0.3463,-1,-1,-1
557,78,1668.76,273.69,78.37,194.26,0.5165,-1,-1,-1
557,92,375.60,222.60,67.81,186.97,0.5055,-1,-1,-1
557,100,1658.79,0.02,55.81,143.95,0.2332,-1,-1,-1
557,103,1488.15,2.94,57.20,145.62,0.2490,-1,-1,-1
557,107,192.67,297.21,65.86,182.80,0.2262,-1,-1,-1
557,108,1012.44,785.53,90.56,292.81,0.4454,-1,-1,-1
558,2,757.27,594.02,87.00,244.03,0.7103,-1,-1,-1
558,4,1720.90,455.93,67.15,210.00,0.6841,-1,-1,-1
558,32,1101.92,800.19,80.56,234.13,0.6036,-1,-1,-1
558,45,791.84,83.88,70.68,235.10,0.4341,-1,-1,-1
558,59,459.26,92.20,58.60,181.11,0.2795,-1,-1,-1
558,61,239.39,838.00,98.96,241.98,0.7180,-1,-1,-1
558,62,1811.26,237.09,62.07,174.98,0.3617,-1,-1,-1
558,78,1669.30,271.48,75.54,193.65,0.5499,-1,-1,-1
558,92,375.57,223.07,67.48,187.98,0.5443,-1,-1,-1
558,100,1658.98,-0.03,54.20,142.89,0.2054,-1,-1,-1
558,103,1487.70,3.13,56.42,145.55,0.2682,-1,-1,-1
558,108,1013.19,785.51,89.37,293.41,0.5360,-1,-1,-1
559,2,754.75,593.33,82.38,242.58,0.6835,-1,-1,-1
559,3,1005.84,934.36,95.39,145.87,0.2231,-1,-1,-1
559,4,1725.20,458.11,65.48,205.80,0.6594,-1,-1,-1
559,17,1019.08,786.22,74.46,197.29,0.4941,-1,-1,-1
559,32,1101.46,801.37,84.78,233.61,0.6057,-1,-1,-1
559,45,792.18,82.79,69.35,236.91,0.3912,-1,-1,-1
559,59,460.35,92.20,57.85,179.18,0.2622,-1,-1,-1
559,62,1814.53,236.99,60.68,174.60,0.3642,-1,-1,-1
559,63,239.61,889.25,95.95,190.81,0.7215,-1,-1,-1
559,78,1669.75,271.77,74.77,194.11,0.5363,-1,-1,-1
559,92,375.04,225.42,67.67,187.24,0.5576,-1,-1,-1
559,103,1487.44,3.17,55.95,145.46,0.2539,-1,-1,-1
560,2,752.40,590.78,79.33,244.54,0.6881,-1,-1,-1
560,3,1003.84,937.38,95.26,143.05,0.2650,-1,-1,-1
560,4,1724.17,457.85,64.05,204.18,0.6611,-1,-1,-1
560,17,1018.64,786.50,79.97,198.05,0.5264,-1,-1,-1
560,32,1102.80,801.82,84.60,232.21,0.5582,-1,-1,-1
560,45,793.96,92.17,66.72,226.55,0.4018,-1,-1,-1
560,59,461.58,91.99,57.19,179.95,0.3319,-1,-1,-1
560,62,1817.40,237.32,58.68,175.74,0.3564,-1,-1,-1
560,63,240.48,890.94,93.46,189.05,0.7408,-1,-1,-1
560,78,1667.99,271.02,75.03,193.00,0.5494,-1,-1,-1
560,92,373.85,225.78,66.95,189.20,0.5477,-1,-1,-1
560,103,1487.36,3.20,55.50,145.07,0.2660,-1,-1,-1
561,2,749.64,590.86,73.99,242.28,0.6929,-1,-1,-1
561,4,1724.26,458.20,63.53,203.60,0.6675,-1,-1,-1
561,17,1018.47,787.76,79.20,199.19,0.4828,-1,-1,-1
561,32,1104.88,803.04,82.47,232.12,0.5957,-1,-1,-1
561,45,795.11,83.12,65.58,235.67,0.4315,-1,-1,-1
561,59,462.25,92.42,57.33,175.44,0.3443,-1,-1,-1
561,62,1818.48,237.88,61.26,177.03,0.3339,-1,-1,-1
561,63,243.06,894.87,91.26,185.07,0.6729,-1,-1,-1
561,78,1666.61,271.29,75.66,192.83,0.5638,-1,-1,-1
561,92,373.73,228.03,66.84,187.87,0.5711,-1,-1,-1
561,100,1658.35,-0.29,55.93,141.65,0.2216,-1,-1,-1
561,103,1486.31,3.32,56.62,144.43,0.2675,-1,-1,-1
562,2,747.16,593.17,71.43,236.08,0.6928,-1,-1,-1
562,3,991.97,939.09,104.13,140.54,0.6237,-1,-1,-1
562,4,1722.91,456.99,63.98,206.41,0.6488,-1,-1,-1
562,17,1017.69,791.01,81.31,197.73,0.6331,-1,-1,-1
562,32,1105.49,805.63,86.07,234.80,0.6079,-1,-1,-1
562,45,794.02,79.66,67.29,238.46,0.4230,-1,-1,-1
562,59,464.42,92.70,55.26,169.95,0.2767,-1,-1,-1
562,62,1820.35,238.26,62.35,179.78,0.3333,-1,-1,-1
562,63,244.26,898.38,91.90,181.12,0.6589,-1,-1,-1
562,78,1663.80,270.67,77.31,192.18,0.5639,-1,-1,-1
562,92,373.48,231.13,67.70,186.30,0.5945,-1,-1,-1
562,100,1657.80,-0.28,54.58,141.43,0.2161,-1,-1,-1
562,103,1485.17,3.36,57.82,144.71,0.2482,-1,-1,-1
563,2,740.96,590.94,75.20,241.32,0.7006,-1,-1,-1
563,3,989.25,936.44,106.15,142.22,0.5195,-1,-1,-1
563,4,1720.74,456.24,72.51,207.62,0.6381,-1,-1,-1
563,17,1017.93,795.16,83.96,220.95,0.5479,-1,-1,-1
563,32,1106.44,809.83,88.35,236.53,0.5752,-1,-1,-1
563,45,795.27,78.86,66.49,239.64,0.3962,-1,-1,-1
563,59,466.40,90.88,52.92,169.92,0.2630,-1,-1,-1
563,61,267.08,841.36,84.32,230.41,0.5120,-1,-1,-1
563,62,1819.85,241.71,63.10,177.82,0.3151,-1,-1,-1
563,63,245.21,902.43,82.13,177.60,0.6886,-1,-1,-1
563,66,1589.64,599.95,82.40,226.79,0.2415,-1,-1,-1
563,78,1663.15,270.27,76.10,189.41,0.5046,-1,-1,-1
563,92,375.51,234.68,66.16,184.68,0.5527,-1,-1,-1
563,100,1657.38,-0.31,52.25,141.86,0.2101,-1,-1,-1
563,103,1483.93,3.86,58.34,144.62,0.2246,-1,-1,-1
564,2,735.15,589.71,78.81,242.96,0.6898,-1,-1,-1
564,3,986.18,935.96,110.11,142.74,0.5774,-1,-1,-1
564,4,1720.45,453.92,69.01,208.96,0.6442,-1,-1,-1
564,17,1020.85,798.07,81.17,249.44,0.5997,-1,-1,-1
564,32,1106.29,812.28,86.72,242.35,0.5629,-1,-1,-1
564,45,796.29,77.03,67.35,242.01,0.4465,-1,-1,-1
564,59,466.96,90.50,53.34,168.52,0.2917,-1,-1,-1
564,61,268.57,842.85,86.86,230.10,0.5972,-1,-1,-1
564,62,1821.95,242.81,66.79,179.13,0.3507,-1,-1,-1
564,63,246.40,905.65,79.70,174.37,0.7067,-1,-1,-1
564,66,1586.35,604.30,85.54,223.73,0.2669,-1,-1,-1
564,78,1663.45,269.71,74.65,189.06,0.5101,-1,-1,-1
564,92,375.33,234.43,65.94,189.42,0.6130,-1,-1,-1
564,103,1482.31,3.97,59.32,144.09,0.2307,-1,-1,-1
565,2,733.39,589.12,79.41,242.77,0.6106,-1,-1,-1
565,3,984.82,936.86,107.51,141.48,0.4289,-1,-1,-1
565,4,1719.04,456.54,75.04,207.58,0.6430,-1,-1,-1
565,17,1019.71,798.68,86.78,266.44,0.6440,-1,-1,-1
565,32,1105.51,814.26,90.24,243.10,0.6200,-1,-1,-1
565,45,796.94,75.92,67.85,243.74,0.4395,-1,-1,-1
565,59,470.99,90.07,50.10,168.45,0.2796,-1,-1,-1
565,61,268.93,844.18,92.11,231.34,0.5833,-1,-1,-1
565,62,1823.23,245.18,67.56,176.67,0.3878,-1,-1,-1
565,63,248.27,906.57,79.76,173.04,0.7154,-1,-1,-1
565,66,1586.24,600.10,86.98,227.33,0.3123,-1,-1,-1
565,78,1664.66,268.91,73.05,189.96,0.4929,-1,-1,-1
565,92,375.57,235.82,64.32,191.12,0.6501,-1,-1,-1
565,103,1482.45,3.94,58.69,144.08,0.2281,-1,-1,-1
566,2,733.89,590.55,76.50,240.87,0.6065,-1,-1,-1
566,3,984.90,933.17,103.55,145.79,0.5301,-1,-1,-1
566,4,1717.84,456.09,75.99,208.58,0.6362,-1,-1,-1
566,17,1021.54,800.97,86.02,267.17,0.5929,-1,-1,-1
566,32,1101.47,817.33,95.24,243.57,0.6125,-1,-1,-1
566,45,796.94,76.00,68.65,243.22,0.4486,-1,-1,-1
566,59,473.08,90.06,48.78,167.69,0.2903,-1,-1,-1
566,61,270.07,846.52,98.93,232.11,0.6381,-1,-1,-1
566,62,1824.63,246.65,68.12,172.30,0.4087,-1,-1,-1
566,63,248.78,908.74,79.98,171.24,0.7443,-1,-1,-1
566,66,1580.31,603.22,93.57,226.05,0.2999,-1,-1,-1
566,78,1667.41,269.58,68.62,183.22,0.5111,-1,-1,-1
566,92,375.59,235.24,63.82,191.67,0.6627,-1,-1,-1
567,2,730.24,590.71,78.54,242.64,0.5723,-1,-1,-1
567,3,985.48,931.48,100.65,146.92,0.6083,-1,-1,-1
567,4,1716.51,456.98,79.33,209.71,0.6475,-1,-1,-1
567,17,1026.44,804.25,82.48,260.29,0.4905,-1,-1,-1
567,32,1113.15,819.75,84.66,240.97,0.4749,-1,-1,-1
567,45,795.98,76.67,70.60,242.47,0.4464,-1,-1,-1
567,59,474.00,89.89,48.86,167.65,0.3059,-1,-1,-1
567,61,270.11,848.12,104.84,231.76,0.6455,-1,-1,-1
567,62,1825.23,249.24,67.71,170.73,0.4123,-1,-1,-1
567,63,249.08,911.02,79.28,168.98,0.7546,-1,-1,-1
567,66,1573.68,589.00,102.79,235.66,0.5665,-1,-1,-1
567,78,1668.56,270.12,65.06,181.40,0.5384,-1,-1,-1
567,92,375.00,236.30,63.67,191.44,0.6642,-1,-1,-1
567,100,1659.65,1.97,41.04,136.23,0.2041,-1,-1,-1
568,2,730.41,589.04,76.70,244.55,0.6235,-1,-1,-1
568,3,985.19,933.27,100.34,144.36,0.3843,-1,-1,-1
568,4,1716.65,456.55,77.26,210.36,0.6958,-1,-1,-1
568,17,1025.67,792.38,92.27,179.81,0.2359,-1,-1,-1
568,32,1113.09,822.05,85.08,239.66,0.4939,-1,-1,-1
568,45,794.78,75.62,73.20,243.71,0.4725,-1,-1,-1
568,59,473.96,90.80,51.01,163.12,0.2397,-1,-1,-1
568,61,271.54,849.26,106.87,230.32,0.6570,-1,-1,-1
568,62,1825.00,252.13,67.20,170.87,0.3869,-1,-1,-1
568,63,248.70,912.79,81.08,167.20,0.7610,-1,-1,-1
568,66,1564.44,588.09,112.65,236.81,0.3908,-1,-1,-1
568,78,1669.39,270.59,62.18,181.96,0.5685,-1,-1,-1
568,92,375.49,237.79,63.82,190.21,0.6415,-1,-1,-1
568,100,1654.85,2.08,50.34,137.60,0.2312,-1,-1,-1
568,103,1481.82,3.88,59.93,143.53,0.2382,-1,-1,-1
568,108,1027.61,808.95,83.30,259.32,0.4806,-1,-1,-1
569,2,726.02,588.02,80.17,245.98,0.6249,-1,-1,-1
569,3,988.17,934.31,91.99,143.63,0.2931,-1,-1,-1
569,4,1715.43,457.38,78.55,209.61,0.6932,-1,-1,-1
569,17,1033.26,812.86,81.09,257.28,0.5755,-1,-1,-1
569,32,1116.90,825.08,81.82,238.17,0.4675,-1,-1,-1
569,45,796.07,74.35,72.74,245.25,0.4466,-1,-1,-1
569,59,475.08,89.47,50.81,162.01,0.2678,-1,-1,-1
569,61,277.66,851.33,106.55,228.48,0.6464,-1,-1,-1
569,62,1826.45,253.32,67.05,172.55,0.3849,-1,-1,-1
569,63,248.85,914.21,81.37,165.76,0.7553,-1,-1,-1
569,66,1569.85,595.27,110.19,231.49,0.4214,-1,-1,-1
569,78,1667.78,267.12,61.88,184.27,0.5500,-1,-1,-1
569,92,375.02,236.70,65.81,192.84,0.6392,-1,-1,-1
569,100,1658.73,2.94,41.18,134.39,0.2081,-1,-1,-1
570,2,724.51,586.47,80.89,249.31,0.6181,-1,-1,-1
570,3,990.70,932.86,86.87,145.29,0.3563,-1,-1,-1
570,4,1714.79,456.89,78.74,209.24,0.6849,-1,-1,-1
570,17,1034.23,811.92,81.71,264.25,0.6026,-1,-1,-1
570,32,1118.53,826.34,84.53,239.14,0.5763,-1,-1,-1
570,45,795.02,72.65,74.52,247.42,0.4949,-1,-1,-1
570,59,477.39,89.55,47.98,160.46,0.2191,-1,-1,-1
570,61,280.38,852.62,108.20,227.37,0.6636,-1,-1,-1
570,62,1826.56,254.27,68.69,173.88,0.3338,-1,-1,-1
570,63,248.81,915.63,80.88,164.35,0.7450,-1,-1,-1
570,66,1569.36,593.42,108.31,232.17,0.5469,-1,-1,-1
570,78,1666.79,265.83,61.99,182.24,0.5379,-1,-1,-1
570,92,375.45,237.05,66.00,192.56,0.6399,-1,-1,-1
570,100,1653.49,2.82,48.02,133.94,0.2182,-1,-1,-1
570,112,282.17,101.27,63.12,193.21,0.2528,-1,-1,-1
571,2,719.31,587.44,85.56,247.26,0.5544,-1,-1,-1
571,3,994.08,931.22,80.80,146.85,0.4176,-1,-1,-1
571,4,1714.83,455.55,80.42,208.85,0.6740,-1,-1,-1
571,17,1040.44,813.54,77.67,263.57,0.6717,-1,-1,-1
571,32,1128.52,828.60,75.21,242.32,0.6653,-1,-1,-1
571,45,794.10,71.22,77.48,248.12,0.4746,-1,-1,-1
571,61,282.94,855.43,106.64,224.64,0.6736,-1,-1,-1
571,62,1828.45,254.72,68.49,175.46,0.2775,-1,-1,-1
571,63,247.31,918.89,81.39,161.13,0.7473,-1,-1,-1
571,66,1560.68,587.38,117.05,237.38,0.5780,-1,-1,-1
571,78,1663.92,262.83,62.14,179.46,0.5565,-1,-1,-1
571,92,374.98,236.18,66.79,192.03,0.6215,-1,-1,-1
571,100,1652.86,2.33,47.34,132.94,0.2589,-1,-1,-1
571,103,1481.09,4.05,58.03,142.67,0.2306,-1,-1,-1
572,2,714.11,587.08,89.76,249.38,0.5166,-1,-1,-1
572,3,992.13,929.55,82.56,149.37,0.5797,-1,-1,-1
572,4,1715.05,457.81,80.01,207.71,0.6348,-1,-1,-1
572,17,1042.51,816.41,78.33,259.02,0.6322,-1,-1,-1
572,32,1123.06,829.55,80.58,240.84,0.5990,-1,-1,-1
572,45,792.41,71.55,79.69,247.49,0.4499,-1,-1,-1
572,61,294.40,857.15,98.61,222.86,0.6940,-1,-1,-1
572,62,1830.31,252.66,69.91,178.79,0.2226,-1,-1,-1
572,63,249.30,918.88,81.80,160.84,0.7508,-1,-1,-1
572,66,1566.54,590.61,111.56,235.53,0.5209,-1,-1,-1
572,78,1663.41,260.17,63.93,180.48,0.5143,-1,-1,-1
572,92,377.45,238.27,64.35,188.32,0.6098,-1,-1,-1
572,100,1652.50,1.29,47.06,133.29,0.2386,-1,-1,-1
572,103,1481.24,4.29,57.00,142.56,0.2006,-1,-1,-1
573,2,713.03,587.23,88.02,249.52,0.6441,-1,-1,-1
573,3,993.61,929.78,80.92,149.25,0.6041,-1,-1,-1
573,4,1714.89,457.13,81.38,209.63,0.6225,-1,-1,-1
573,17,1044.65,818.48,80.09,254.69,0.6232,-1,-1,-1
573,32,1124.75,831.69,78.75,244.87,0.6381,-1,-1,-1
573,45,792.78,70.25,80.81,249.06,0.4668,-1,-1,-1
573,61,292.77,859.19,95.10,220.32,0.6933,-1,-1,-1
573,62,1830.85,253.87,68.18,179.27,0.2541,-1,-1,-1
573,63,247.01,925.17,83.31,154.93,0.7358,-1,-1,-1
573,66,1565.15,593.29,114.61,233.85,0.4755,-1,-1,-1
573,78,1660.19,258.49,64.38,183.22,0.5204,-1,-1,-1
573,92,377.54,240.28,63.97,184.58,0.6151,-1,-1,-1
573,100,1652.71,0.89,47.01,132.50,0.2301,-1,-1,-1
574,2,709.37,585.34,89.81,249.49,0.6957,-1,-1,-1
574,3,996.30,928.97,77.48,149.59,0.6052,-1,-1,-1
574,4,1715.94,457.74,80.63,208.23,0.6444,-1,-1,-1
574,17,1046.35,819.00,81.40,252.14,0.6004,-1,-1,-1
574,32,1125.33,831.89,80.17,245.01,0.6171,-1,-1,-1
574,45,791.57,69.33,82.13,251.10,0.4595,-1,-1,-1
574,59,468.83,80.04,56.32,190.74,0.2113,-1,-1,-1
574,61,296.06,860.84,97.23,219.15,0.6998,-1,-1,-1
574,62,1832.75,254.36,67.89,176.00,0.2503,-1,-1,-1
574,63,248.04,928.07,82.67,151.94,0.7371,-1,-1,-1
574,66,1566.06,596.69,115.44,230.64,0.4335,-1,-1,-1
574,78,1660.04,256.90,66.80,184.48,0.5339,-1,-1,-1
574,92,378.00,241.02,63.25,184.51,0.6416,-1,-1,-1
575,2,708.66,584.19,89.41,249.33,0.6857,-1,-1,-1
575,3,1000.17,928.45,73.09,149.48,0.5777,-1,-1,-1
575,4,1715.74,456.31,80.37,208.77,0.6410,-1,-1,-1
575,17,1046.44,820.07,83.56,253.36,0.6187,-1,-1,-1
575,32,1121.60,833.96,88.84,244.07,0.6416,-1,-1,-1
575,45,800.43,69.59,73.92,249.72,0.4311,-1,-1,-1
575,59,465.59,79.24,60.53,196.78,0.2333,-1,-1,-1
575,61,297.55,863.13,94.39,216.90,0.6969,-1,-1,-1
575,62,1834.32,254.69,66.66,176.32,0.2634,-1,-1,-1
575,63,249.40,925.26,80.52,154.59,0.7327,-1,-1,-1
575,66,1564.93,600.44,113.51,226.77,0.5273,-1,-1,-1
575,78,1658.45,255.52,68.04,186.27,0.5449,-1,-1,-1
575,92,377.80,240.91,64.28,186.91,0.6406,-1,-1,-1
576,2,707.11,582.82,89.68,251.24,0.7047,-1,-1,-1
576,3,1005.46,927.77,65.56,149.61,0.4750,-1,-1,-1
576,4,1716.21,456.71,81.26,209.86,0.6109,-1,-1,-1
576,17,1047.70,820.63,81.85,252.67,0.5741,-1,-1,-1
576,32,1125.14,834.88,88.46,242.11,0.6000,-1,-1,-1
576,45,804.70,69.74,69.79,248.82,0.3977,-1,-1,-1
576,59,465.07,79.26,62.65,198.99,0.2398,-1,-1,-1
576,61,297.36,865.86,93.62,214.08,0.6981,-1,-1,-1
576,62,1835.62,254.54,68.09,176.40,0.2618,-1,-1,-1
576,63,248.93,929.76,81.89,150.31,0.7415,-1,-1,-1
576,66,1566.87,598.53,109.77,226.44,0.6024,-1,-1,-1
576,78,1656.96,253.96,69.68,186.02,0.5575,-1,-1,-1
576,92,377.69,244.06,64.55,187.78,0.6609,-1,-1,-1
577,2,704.98,580.58,89.31,248.90,0.7006,-1,-1,-1
577,3,1004.85,927.05,67.52,150.19,0.5784,-1,-1,-1
577,4,1716.59,457.63,80.81,208.68,0.5874,-1,-1,-1
577,17,1049.56,822.49,80.61,249.32,0.5001,-1,-1,-1
577,32,1121.38,837.60,96.05,239.29,0.5097,-1,-1,-1
577,45,805.53,70.17,69.78,247.73,0.4406,-1,-1,-1
577,59,467.25,76.71,60.96,199.76,0.2352,-1,-1,-1
577,61,297.66,870.42,97.45,209.43,0.6996,-1,-1,-1
577,62,1838.01,255.18,65.80,177.06,0.2882,-1,-1,-1
577,63,248.60,935.39,83.35,144.70,0.7428,-1,-1,-1
577,66,1563.36,600.76,113.95,226.03,0.5595,-1,-1,-1
577,78,1655.05,251.77,71.73,187.67,0.5203,-1,-1,-1
577,92,378.62,247.61,63.57,187.48,0.6254,-1,-1,-1
578,2,703.62,576.86,88.22,245.97,0.6740,-1,-1,-1
578,3,1005.18,926.53,69.99,150.79,0.5372,-1,-1,-1
578,4,1716.67,458.57,80.41,209.23,0.5571,-1,-1,-1
578,17,1053.21,823.44,78.37,246.56,0.4865,-1,-1,-1
578,32,1126.66,839.49,80.92,238.15,0.4802,-1,-1,-1
578,45,808.22,70.27,67.49,247.02,0.4348,-1,-1,-1
578,59,474.44,76.33,53.99,195.48,0.2213,-1,-1,-1
578,61,297.51,872.08,95.99,207.18,0.6983,-1,-1,-1
578,62,1840.89,255.10,64.47,175.64,0.2739,-1,-1,-1
578,63,249.02,940.80,82.41,139.28,0.7396,-1,-1,-1
578,66,1562.15,601.79,112.98,225.74,0.5817,-1,-1,-1
578,78,1654.42,250.48,73.08,189.28,0.5583,-1,-1,-1
578,92,377.78,249.58,63.69,188.46,0.6476,-1,-1,-1
579,2,703.32,574.52,82.79,231.35,0.5858,-1,-1,-1
579,3,1007.09,925.57,72.15,151.13,0.5351,-1,-1,-1
579,4,1717.06,459.11,80.01,208.92,0.5637,-1,-1,-1
579,17,1053.02,826.19,82.38,248.18,0.4990,-1,-1,-1
579,32,1128.68,839.52,90.48,237.69,0.5703,-1,-1,-1
579,45,808.60,69.46,66.75,248.04,0.4589,-1,-1,-1
579,61,296.30,873.42,97.22,206.53,0.6975,-1,-1,-1
579,62,1841.78,255.67,63.07,174.18,0.3475,-1,-1,-1
579,63,248.73,944.16,82.19,135.85,0.7287,-1,-1,-1
579,66,1562.74,602.18,113.55,225.05,0.6096,-1,-1,-1
579,78,1650.06,248.78,78.06,192.34,0.5492,-1,-1,-1
579,92,377.78,250.42,63.64,187.99,0.6673,-1,-1,-1
580,2,704.52,576.31,77.98,247.69,0.5828,-1,-1,-1
580,3,1005.57,925.65,77.40,150.88,0.5658,-1,-1,-1
580,4,1717.10,459.13,79.36,211.32,0.5816,-1,-1,-1
580,17,1054.89,828.21,80.50,246.81,0.4928,-1,-1,-1
580,32,1129.45,841.56,82.45,237.94,0.5592,-1,-1,-1
580,45,807.10,67.56,67.93,250.49,0.4893,-1,-1,-1
580,59,472.45,72.25,56.13,196.89,0.2347,-1,-1,-1
580,61,295.00,874.48,96.33,205.50,0.7246,-1,-1,-1
580,62,1844.50,256.09,65.40,175.66,0.3630,-1,-1,-1
580,63,246.82,945.91,83.12,133.49,0.7232,-1,-1,-1
580,66,1560.54,602.40,116.40,225.25,0.6021,-1,-1,-1
580,78,1648.63,248.48,79.05,190.86,0.5568,-1,-1,-1
580,92,377.55,252.64,63.30,187.13,0.6859,-1,-1,-1
580,112,283.37,115.39,60.96,180.66,0.2039,-1,-1,-1
581,2,704.05,574.26,74.02,249.65,0.5973,-1,-1,-1
581,3,1005.81,925.51,78.97,151.04,0.5913,-1,-1,-1
581,4,1718.06,457.74,77.22,210.88,0.5716,-1,-1,-1
581,17,1058.36,831.12,81.14,242.39,0.5553,-1,-1,-1
581,32,1132.58,841.42,94.68,238.36,0.5246,-1,-1,-1
581,45,807.37,68.30,67.26,249.24,0.4384,-1,-1,-1
581,59,463.81,68.50,64.57,200.70,0.2321,-1,-1,-1
581,61,294.16,875.84,99.59,204.00,0.7241,-1,-1,-1
581,62,1848.33,255.73,61.71,179.55,0.3803,-1,-1,-1
581,63,248.48,947.63,81.50,132.08,0.7282,-1,-1,-1
581,66,1561.75,601.51,115.17,225.61,0.5742,-1,-1,-1
581,78,1647.76,246.83,78.52,191.35,0.4975,-1,-1,-1
581,92,376.91,254.87,63.92,184.87,0.6500,-1,-1,-1
581,112,283.25,118.35,62.87,177.09,0.2283,-1,-1,-1
582,2,703.29,570.64,73.17,241.13,0.4648,-1,-1,-1
582,3,1004.32,925.76,84.25,152.26,0.6030,-1,-1,-1
582,4,1719.84,457.64,76.86,208.13,0.5378,-1,-1,-1
582,17,1060.47,834.65,80.18,236.02,0.5596,-1,-1,-1
582,32,1129.71,845.01,98.04,235.22,0.5342,-1,-1,-1
582,45,807.93,67.07,66.69,250.39,0.4469,-1,-1,-1
582,61,296.13,877.50,100.57,202.49,0.7373,-1,-1,-1
582,62,1850.73,255.56,61.59,182.05,0.2855,-1,-1,-1
582,63,247.50,948.34,81.89,131.37,0.7144,-1,-1,-1
582,66,1563.46,603.58,113.63,223.23,0.5150,-1,-1,-1
582,78,1646.92,246.93,78.79,191.67,0.4682,-1,-1,-1
582,92,375.93,255.77,64.69,186.35,0.6432,-1,-1,-1
582,112,283.54,119.10,61.97,176.19,0.2150,-1,-1,-1
583,2,702.25,569.43,69.24,232.17,0.4219,-1,-1,-1
583,3,1004.91,926.36,79.29,152.16,0.5756,-1,-1,-1
583,4,1719.97,457.63,76.00,208.47,0.5851,-1,-1,-1
583,17,1064.07,838.69,78.50,238.35,0.6613,-1,-1,-1
583,32,1141.09,845.73,89.38,234.30,0.6587,-1,-1,-1
583,45,807.86,65.56,66.79,251.92,0.4587,-1,-1,-1
583,59,463.17,62.41,64.34,207.59,0.2358,-1,-1,-1
583,61,297.98,879.58,97.59,200.43,0.7496,-1,-1,-1
583,62,1851.44,257.40,63.92,182.38,0.3644,-1,-1,-1
583,63,246.38,948.80,82.39,131.12,0.7112,-1,-1,-1
583,66,1559.19,606.74,111.97,223.38,0.4181,-1,-1,-1
583,78,1646.04,246.85,80.36,190.40,0.4969,-1,-1,-1
583,92,374.48,256.74,66.20,188.76,0.6744,-1,-1,-1
583,112,283.45,116.78,61.51,178.86,0.2335,-1,-1,-1
584,2,701.74,569.19,63.43,233.99,0.2628,-1,-1,-1
584,3,1004.01,926.40,64.02,152.23,0.5660,-1,-1,-1
584,4,1718.31,453.94,79.03,212.61,0.6148,-1,-1,-1
584,17,1060.72,841.92,83.00,238.09,0.6898,-1,-1,-1
584,32,1139.88,848.00,90.57,232.08,0.6680,-1,-1,-1
584,45,810.29,66.23,64.38,250.87,0.4425,-1,-1,-1
584,61,299.61,881.21,95.82,198.79,0.7562,-1,-1,-1
584,62,1853.82,256.08,65.44,184.35,0.2599,-1,-1,-1
584,63,245.68,949.78,81.38,130.18,0.6999,-1,-1,-1
584,66,1561.38,602.91,111.88,224.22,0.4948,-1,-1,-1
584,78,1644.30,247.16,82.16,189.21,0.5101,-1,-1,-1
584,92,372.75,257.32,66.64,189.93,0.6943,-1,-1,-1
584,112,283.29,116.04,62.14,179.27,0.2400,-1,-1,-1
584,114,354.74,90.44,62.75,173.11,0.2095,-1,-1,-1
585,2,699.79,569.69,62.04,241.62,0.2920,-1,-1,-1
585,3,1003.36,927.39,63.87,150.58,0.5925,-1,-1,-1
585,4,1719.23,454.55,76.77,211.38,0.6324,-1,-1,-1
585,17,1061.16,843.79,79.59,235.86,0.7355,-1,-1,-1
585,32,1140.31,851.71,90.19,228.37,0.7227,-1,-1,-1
585,45,808.72,67.97,65.82,249.46,0.4716,-1,-1,-1
585,61,299.55,883.35,95.38,196.66,0.7526,-1,-1,-1
585,62,1851.82,257.74,66.17,185.51,0.2847,-1,-1,-1
585,63,245.78,950.99,81.34,128.76,0.7085,-1,-1,-1
585,66,1559.54,605.89,112.02,224.25,0.4387,-1,-1,-1
585,78,1644.16,247.37,82.97,188.05,0.5330,-1,-1,-1
585,92,372.16,257.79,66.45,189.02,0.7115,-1,-1,-1
585,112,283.20,117.56,61.08,178.04,0.2371,-1,-1,-1
586,3,1004.53,928.27,60.44,149.94,0.6030,-1,-1,-1
586,4,1719.50,456.57,74.23,206.57,0.6203,-1,-1,-1
586,17,1062.95,846.42,79.73,231.20,0.7069,-1,-1,-1
586,32,1145.82,854.79,88.06,225.28,0.6943,-1,-1,-1
586,45,809.14,68.63,64.66,249.52,0.4858,-1,-1,-1
586,61,301.02,886.30,94.29,193.72,0.7570,-1,-1,-1
586,62,1854.13,257.20,64.17,186.10,0.2875,-1,-1,-1
586,63,243.82,952.52,83.23,127.32,0.7033,-1,-1,-1
586,66,1563.42,597.45,114.41,227.84,0.5398,-1,-1,-1
586,78,1646.35,247.67,80.44,187.22,0.5330,-1,-1,-1
586,92,372.15,258.06,65.30,189.65,0.7171,-1,-1,-1
586,112,283.92,117.44,60.02,177.58,0.3424,-1,-1,-1
586,114,353.37,92.65,64.28,167.59,0.2100,-1,-1,-1
587,3,1002.81,929.35,62.73,148.89,0.6287,-1,-1,-1
587,4,1721.75,455.11,73.27,210.03,0.6395,-1,-1,-1
587,17,1065.79,847.63,78.57,229.94,0.7093,-1,-1,-1
587,32,1149.68,858.21,88.35,221.88,0.6659,-1,-1,-1
587,45,808.00,69.99,65.28,249.04,0.4758,-1,-1,-1
587,59,468.55,60.80,62.29,209.84,0.2181,-1,-1,-1
587,61,302.51,888.65,94.17,191.19,0.7590,-1,-1,-1
587,62,1854.46,257.38,64.49,185.91,0.3094,-1,-1,-1
587,63,246.61,955.00,81.19,125.01,0.7217,-1,-1,-1
587,66,1560.76,602.64,112.29,227.89,0.5483,-1,-1,-1
587,78,1646.19,247.23,80.59,186.05,0.5076,-1,-1,-1
587,92,371.13,258.45,65.62,189.31,0.6981,-1,-1,-1
587,112,283.61,116.70,60.07,178.37,0.2807,-1,-1,-1
588,3,1001.50,930.33,63.39,149.50,0.6203,-1,-1,-1
588,4,1721.75,452.89,67.53,213.91,0.6301,-1,-1,-1
588,17,1066.87,849.46,76.98,227.39,0.7050,-1,-1,-1
588,32,1149.33,857.90,92.86,222.02,0.6593,-1,-1,-1
588,45,808.34,69.92,64.73,248.84,0.4534,-1,-1,-1
588,59,468.62,67.47,65.21,201.96,0.2303,-1,-1,-1
588,61,302.60,891.13,93.88,188.87,0.7547,-1,-1,-1
588,62,1857.07,256.77,62.13,186.01,0.3185,-1,-1,-1
588,63,246.60,957.69,81.63,122.33,0.7207,-1,-1,-1
588,66,1563.32,602.54,112.60,224.89,0.5398,-1,-1,-1
588,78,1648.38,245.42,78.22,187.12,0.4984,-1,-1,-1
588,92,371.39,258.59,65.52,189.47,0.7071,-1,-1,-1
588,112,284.47,116.78,59.25,178.07,0.3266,-1,-1,-1
589,3,1002.31,930.83,61.49,149.18,0.6268,-1,-1,-1
589,4,1723.70,455.73,70.24,208.46,0.6432,-1,-1,-1
589,17,1066.74,850.58,78.96,227.10,0.7141,-1,-1,-1
589,32,1154.77,857.90,90.85,222.05,0.6824,-1,-1,-1
589,45,809.22,75.69,63.25,241.77,0.4037,-1,-1,-1
589,59,469.97,68.64,62.32,200.21,0.2080,-1,-1,-1
589,61,302.37,894.91,93.77,185.12,0.7659,-1,-1,-1
589,62,1858.36,255.04,60.54,187.36,0.2384,-1,-1,-1
589,63,246.81,961.03,82.29,119.01,0.7206,-1,-1,-1
589,66,1559.68,603.39,112.39,226.78,0.5614,-1,-1,-1
589,78,1651.06,242.62,76.04,183.08,0.4997,-1,-1,-1
589,92,370.60,259.88,65.29,187.10,0.7034,-1,-1,-1
589,112,284.78,116.91,58.50,177.45,0.3537,-1,-1,-1
589,114,351.60,90.42,65.35,178.48,0.2216,-1,-1,-1
590,3,1001.55,931.02,61.63,148.99,0.6409,-1,-1,-1
590,4,1722.67,455.93,72.49,209.06,0.6007,-1,-1,-1
590,17,1067.54,852.20,81.19,226.14,0.7315,-1,-1,-1
590,32,1156.97,861.70,89.76,218.38,0.6910,-1,-1,-1
590,45,808.80,73.52,62.59,244.47,0.3742,-1,-1,-1
590,59,471.54,66.49,60.44,202.23,0.2268,-1,-1,-1
590,61,305.15,895.69,92.25,183.65,0.7607,-1,-1,-1
590,62,1856.15,253.15,63.08,190.47,0.2567,-1,-1,-1
590,63,246.30,963.22,82.12,116.78,0.7007,-1,-1,-1
590,66,1559.28,603.72,112.44,226.33,0.5549,-1,-1,-1
590,78,1654.36,240.63,73.13,183.66,0.5250,-1,-1,-1
590,92,370.05,261.75,65.00,185.60,0.7146,-1,-1,-1
590,103,1481.95,4.25,58.73,143.39,0.2107,-1,-1,-1
590,112,284.91,118.77,59.09,176.55,0.3606,-1,-1,-1
590,114,351.35,88.76,65.45,181.28,0.2261,-1,-1,-1
591,3,1001.23,932.18,59.46,147.87,0.6316,-1,-1,-1
591,4,1723.19,457.86,71.62,206.52,0.6262,-1,-1,-1
591,17,1068.61,853.03,82.55,225.63,0.7250,-1,-1,-1
591,32,1158.38,863.05,90.64,216.95,0.6930,-1,-1,-1
591,45,808.39,77.20,60.39,240.25,0.3294,-1,-1,-1
591,59,473.40,64.50,60.58,202.16,0.2203,-1,-1,-1
591,61,306.26,897.88,91.59,179.90,0.7602,-1,-1,-1
591,62,1858.70,254.57,60.74,191.70,0.2828,-1,-1,-1
591,63,246.01,966.68,82.37,113.36,0.7034,-1,-1,-1
591,66,1560.27,603.78,112.30,225.60,0.5655,-1,-1,-1
591,78,1655.67,239.68,72.70,182.98,0.5797,-1,-1,-1
591,92,368.83,262.61,66.33,184.97,0.7241,-1,-1,-1
591,103,1481.77,4.66,58.29,142.65,0.2006,-1,-1,-1
591,112,284.20,120.45,58.93,175.52,0.3585,-1,-1,-1
591,114,352.08,97.22,65.84,176.18,0.2062,-1,-1,-1
592,3,1000.43,933.08,59.69,146.97,0.5835,-1,-1,-1
592,4,1722.40,457.46,71.69,206.63,0.6249,-1,-1,-1
592,17,1069.81,854.31,81.15,222.62,0.7169,-1,-1,-1
592,32,1156.59,865.87,94.11,214.18,0.6895,-1,-1,-1
592,45,808.81,83.46,58.74,233.33,0.3062,-1,-1,-1
592,59,474.39,64.82,59.70,200.42,0.2195,-1,-1,-1
592,61,308.04,901.97,90.23,176.58,0.7366,-1,-1,-1
592,62,1861.36,252.36,58.01,195.00,0.2109,-1,-1,-1
592,63,248.37,968.90,82.61,111.10,0.7227,-1,-1,-1
592,66,1560.52,603.19,112.51,226.56,0.5118,-1,-1,-1
592,78,1656.52,237.86,73.71,186.10,0.6359,-1,-1,-1
592,92,368.31,264.55,65.77,181.89,0.7187,-1,-1,-1
592,103,1481.68,4.55,58.38,142.41,0.2157,-1,-1,-1
592,112,284.93,118.51,57.39,176.53,0.3586,-1,-1,-1
592,114,354.88,99.24,62.81,175.39,0.2428,-1,-1,-1
593,3,1000.80,933.40,59.17,146.19,0.5858,-1,-1,-1
593,4,1720.56,454.88,69.76,212.74,0.6499,-1,-1,-1
593,17,1071.71,855.40,80.09,221.10,0.7237,-1,-1,-1
593,32,1161.61,868.50,90.05,211.54,0.6779,-1,-1,-1
593,45,809.60,84.68,58.24,232.42,0.3156,-1,-1,-1
593,59,474.35,66.73,59.95,195.25,0.2536,-1,-1,-1
593,61,308.20,908.21,91.38,171.83,0.7717,-1,-1,-1
593,62,1865.66,256.44,54.10,190.88,0.2362,-1,-1,-1
593,63,249.46,971.48,82.50,108.52,0.7294,-1,-1,-1
593,66,1560.96,603.23,111.13,226.47,0.4727,-1,-1,-1
593,78,1656.10,235.46,72.99,185.73,0.6653,-1,-1,-1
593,92,367.77,265.48,66.12,183.90,0.7258,-1,-1,-1
593,112,283.92,117.84,58.56,177.83,0.3451,-1,-1,-1
593,114,354.29,91.66,62.94,181.30,0.2322,-1,-1,-1
594,3,1001.24,935.10,58.34,144.95,0.5788,-1,-1,-1
594,4,1720.59,454.91,69.70,213.07,0.6498,-1,-1,-1
594,17,1072.93,856.63,79.11,222.26,0.7191,-1,-1,-1
594,32,1163.36,870.48,88.97,209.53,0.6674,-1,-1,-1
594,45,809.02,90.63,58.01,226.30,0.2778,-1,-1,-1
594,59,476.07,66.68,58.21,192.29,0.2153,-1,-1,-1
594,61,309.26,910.38,93.34,169.61,0.7758,-1,-1,-1
594,62,1866.95,253.86,52.41,190.77,0.2160,-1,-1,-1
594,63,250.01,975.20,85.91,104.84,0.7221,-1,-1,-1
594,66,1561.70,605.35,109.99,224.02,0.4926,-1,-1,-1
594,78,1657.45,232.91,71.27,186.85,0.6392,-1,-1,-1
594,92,367.52,267.00,65.10,186.37,0.7217,-1,-1,-1
594,112,283.40,116.92,58.91,179.35,0.3499,-1,-1,-1
594,114,355.23,90.64,62.27,185.96,0.2821,-1,-1,-1
594,117,428.70,71.06,50.33,163.05,0.2169,-1,-1,-1
595,3,1000.62,935.43,57.32,144.57,0.5973,-1,-1,-1
595,4,1720.86,453.52,70.67,213.40,0.6830,-1,-1,-1
595,17,1073.96,858.87,80.58,221.14,0.7216,-1,-1,-1
595,32,1165.42,871.98,88.09,208.01,0.6586,-1,-1,-1
595,45,810.02,95.13,56.37,221.97,0.2635,-1,-1,-1
595,59,477.12,68.89,58.93,187.90,0.2801,-1,-1,-1
595,61,310.38,911.56,94.95,168.40,0.7648,-1,-1,-1
595,63,250.46,978.64,82.61,101.39,0.7015,-1,-1,-1
595,66,1562.43,605.54,109.41,223.74,0.4401,-1,-1,-1
595,78,1658.06,230.96,70.79,188.64,0.6291,-1,-1,-1
595,92,366.35,269.84,65.77,188.67,0.7243,-1,-1,-1
595,112,283.02,114.91,59.28,180.65,0.3503,-1,-1,-1
595,114,353.96,91.02,63.26,184.24,0.2889,-1,-1,-1
595,117,429.46,72.13,48.83,161.85,0.2498,-1,-1,-1
596,3,999.87,934.90,58.16,143.07,0.5713,-1,-1,-1
596,4,1718.57,453.20,73.38,214.70,0.7011,-1,-1,-1
596,17,1074.03,861.13,81.85,218.92,0.7212,-1,-1,-1
596,32,1169.84,873.78,83.84,206.22,0.6871,-1,-1,-1
596,45,808.63,123.28,56.64,193.68,0.2123,-1,-1,-1
596,59,478.76,68.60,56.90,187.53,0.2706,-1,-1,-1
596,61,312.12,912.54,94.75,167.43,0.7720,-1,-1,-1
596,63,251.30,981.27,83.13,98.73,0.7014,-1,-1,-1
596,66,1562.55,606.08,109.20,224.00,0.4720,-1,-1,-1
596,78,1657.57,229.57,70.65,187.71,0.6120,-1,-1,-1
596,92,365.44,269.91,65.99,192.01,0.7278,-1,-1,-1
596,112,283.11,117.02,59.34,178.68,0.3305,-1,-1,-1
596,114,355.99,90.24,60.47,187.20,0.2437,-1,-1,-1
596,117,430.56,72.38,50.71,161.19,0.2678,-1,-1,-1
597,3,999.34,935.70,58.86,141.93,0.6106,-1,-1,-1
597,4,1717.44,454.35,74.70,213.20,0.6883,-1,-1,-1
597,17,1076.48,863.47,77.87,216.58,0.6760,-1,-1,-1
597,32,1171.90,875.68,82.91,204.32,0.6478,-1,-1,-1
597,45,808.55,105.79,55.55,211.48,0.2338,-1,-1,-1
597,59,479.14,69.16,57.07,186.93,0.3043,-1,-1,-1
597,61,314.29,912.80,94.09,167.14,0.7380,-1,-1,-1
597,63,251.32,982.25,83.90,97.69,0.6962,-1,-1,-1
597,66,1562.35,607.10,110.75,221.65,0.4066,-1,-1,-1
597,78,1658.52,227.48,70.10,188.91,0.5946,-1,-1,-1
597,92,364.50,271.82,66.52,191.57,0.7139,-1,-1,-1
597,112,281.78,116.37,60.37,179.52,0.2957,-1,-1,-1
597,114,355.73,92.44,60.87,190.05,0.2333,-1,-1,-1
597,117,430.35,71.74,52.58,162.03,0.3015,-1,-1,-1
598,3,999.56,936.44,62.00,141.24,0.6253,-1,-1,-1
598,4,1715.50,453.66,76.72,213.26,0.7080,-1,-1,-1
598,17,1077.67,864.98,79.45,215.03,0.6641,-1,-1,-1
598,32,1168.80,877.57,87.85,202.43,0.6639,-1,-1,-1
598,45,807.80,131.20,57.32,185.99,0.2386,-1,-1,-1
598,59,481.99,66.70,54.88,190.10,0.2113,-1,-1,-1
598,61,313.79,913.44,98.29,165.54,0.7340,-1,-1,-1
598,63,252.01,984.02,83.77,95.95,0.6760,-1,-1,-1
598,66,1559.71,611.11,111.88,219.37,0.3826,-1,-1,-1
598,78,1657.06,226.83,69.83,189.35,0.5903,-1,-1,-1
598,92,364.02,272.49,66.63,190.72,0.7088,-1,-1,-1
598,112,280.97,115.54,60.76,180.90,0.2899,-1,-1,-1
598,117,429.19,73.65,53.94,162.10,0.2885,-1,-1,-1
599,3,998.46,936.85,60.88,140.79,0.6456,-1,-1,-1
599,4,1713.91,453.90,79.27,212.74,0.7038,-1,-1,-1
599,17,1078.53,867.42,82.05,212.64,0.6216,-1,-1,-1
599,32,1171.41,880.56,86.42,199.49,0.6584,-1,-1,-1
599,45,806.86,125.90,57.32,191.27,0.2341,-1,-1,-1
599,61,313.31,915.85,101.87,162.88,0.7254,-1,-1,-1
599,63,253.56,984.98,79.25,94.96,0.6525,-1,-1,-1
599,66,1559.90,609.01,112.05,221.36,0.3585,-1,-1,-1
599,78,1653.79,227.70,70.69,188.40,0.5499,-1,-1,-1
599,92,365.17,272.84,65.46,191.53,0.6698,-1,-1,-1
599,112,281.17,114.70,60.62,181.87,0.3096,-1,-1,-1
599,114,356.46,100.51,59.06,186.06,0.2237,-1,-1,-1
599,117,428.92,75.26,54.00,160.98,0.4149,-1,-1,-1
600,3,998.61,938.70,60.45,139.14,0.6418,-1,-1,-1
600,4,1714.31,453.88,79.02,211.27,0.7220,-1,-1,-1
600,17,1079.67,869.44,82.00,210.59,0.6556,-1,-1,-1
600,32,1177.74,884.47,80.49,195.62,0.6549,-1,-1,-1
600,45,808.00,142.08,56.51,175.39,0.2236,-1,-1,-1
600,59,481.72,62.72,55.97,195.56,0.2168,-1,-1,-1
600,61,314.33,917.93,105.15,159.86,0.7044,-1,-1,-1
600,63,253.15,986.10,83.76,93.85,0.6495,-1,-1,-1
600,66,1560.89,606.72,112.08,221.82,0.3559,-1,-1,-1
600,78,1651.36,226.97,71.51,185.29,0.5455,-1,-1,-1
600,92,365.48,274.95,65.44,191.96,0.6742,-1,-1,-1
600,112,280.93,112.19,60.90,183.69,0.2690,-1,-1,-1
600,117,429.84,74.17,53.83,160.80,0.3701,-1,-1,-1
601,3,998.59,939.78,58.66,137.98,0.6192,-1,-1,-1
601,4,1713.96,454.13,80.49,213.27,0.7041,-1,-1,-1
601,17,1080.52,872.15,85.81,207.92,0.6074,-1,-1,-1
601,32,1175.11,886.57,83.76,193.43,0.6509,-1,-1,-1
601,45,807.59,147.68,56.84,169.73,0.2361,-1,-1,-1
601,59,482.42,58.58,55.56,199.72,0.2007,-1,-1,-1
601,61,314.52,919.60,103.96,158.56,0.7224,-1,-1,-1
601,63,253.32,986.14,84.90,93.76,0.6281,-1,-1,-1
601,66,1562.15,602.09,110.66,225.06,0.4053,-1,-1,-1
601,78,1647.76,226.93,72.93,186.00,0.5759,-1,-1,-1
601,92,364.49,274.79,65.00,197.01,0.7003,-1,-1,-1
601,112,281.64,113.21,58.59,183.76,0.2389,-1,-1,-1
601,117,431.49,71.62,52.41,164.25,0.2797,-1,-1,-1
601,118,235.24,292.31,62.70,159.25,0.2147,-1,-1,-1
602,3,996.04,940.30,60.25,137.63,0.6478,-1,-1,-1
602,4,1711.78,455.33,82.71,212.08,0.6963,-1,-1,-1
602,17,1079.65,875.41,87.81,204.65,0.6702,-1,-1,-1
602,32,1174.95,888.58,85.07,191.41,0.6459,-1,-1,-1
602,45,807.95,147.12,55.87,170.03,0.2867,-1,-1,-1
602,59,482.94,56.48,54.93,200.08,0.2209,-1,-1,-1
602,61,316.07,921.34,104.74,156.09,0.7221,-1,-1,-1
602,63,253.45,988.58,85.31,91.45,0.6104,-1,-1,-1
602,66,1562.29,599.19,115.39,226.49,0.5883,-1,-1,-1
602,78,1647.81,227.51,71.94,183.43,0.5866,-1,-1,-1
602,92,365.52,274.20,63.62,196.85,0.6810,-1,-1,-1
602,112,280.03,113.73,60.63,183.75,0.2516,-1,-1,-1
602,117,432.18,69.32,52.66,168.80,0.2526,-1,-1,-1
603,3,995.95,940.87,59.35,137.01,0.6622,-1,-1,-1
603,4,1710.90,455.40,84.13,214.49,0.7136,-1,-1,-1
603,17,1080.69,878.05,87.59,201.98,0.6583,-1,-1,-1
603,32,1176.65,890.97,82.69,189.04,0.6014,-1,-1,-1
603,45,807.89,144.15,56.06,172.57,0.2903,-1,-1,-1
603,59,483.14,55.66,55.91,199.75,0.2513,-1,-1,-1
603,61,316.54,924.53,104.45,153.81,0.7362,-1,-1,-1
603,63,254.00,991.28,84.80,88.77,0.6252,-1,-1,-1
603,66,1562.91,600.49,112.46,226.65,0.4974,-1,-1,-1
603,78,1647.27,228.28,69.63,182.78,0.6220,-1,-1,-1
603,92,363.81,276.42,66.02,195.11,0.6958,-1,-1,-1
603,112,278.89,113.30,61.60,183.52,0.2598,-1,-1,-1
604,3,996.65,942.46,59.29,135.95,0.6383,-1,-1,-1
604,4,1709.53,454.64,85.43,211.66,0.7139,-1,-1,-1
604,17,1080.00,880.93,91.50,199.12,0.6071,-1,-1,-1
604,32,1178.99,893.28,79.64,186.73,0.5397,-1,-1,-1
604,45,808.26,144.03,56.14,172.83,0.2768,-1,-1,-1
604,61,317.82,927.05,104.49,151.30,0.7554,-1,-1,-1
604,63,254.61,992.80,84.92,87.18,0.6271,-1,-1,-1
604,66,1563.43,599.17,112.22,227.80,0.4172,-1,-1,-1
604,78,1649.64,227.75,65.46,182.08,0.6066,-1,-1,-1
604,92,365.19,276.84,64.48,196.03,0.6815,-1,-1,-1
604,112,278.29,111.78,62.43,184.45,0.2304,-1,-1,-1
605,3,996.70,943.61,59.16,135.28,0.6219,-1,-1,-1
605,4,1710.85,454.08,84.68,213.58,0.7047,-1,-1,-1
605,17,1085.32,883.07,89.02,196.94,0.5577,-1,-1,-1
605,32,1182.90,896.10,73.24,183.95,0.5167,-1,-1,-1
605,45,807.21,146.43,56.66,170.99,0.2425,-1,-1,-1
605,59,483.02,51.62,55.21,202.87,0.2084,-1,-1,-1
605,61,320.32,929.95,100.84,148.63,0.7465,-1,-1,-1
605,63,254.59,994.68,85.48,85.31,0.6296,-1,-1,-1
605,66,1563.90,602.68,108.43,224.82,0.3404,-1,-1,-1
605,78,1648.40,228.30,66.17,178.98,0.5534,-1,-1,-1
605,92,363.19,276.68,67.03,195.51,0.6848,-1,-1,-1
605,112,278.22,111.48,62.32,185.16,0.2449,-1,-1,-1
605,117,434.20,71.77,50.93,172.45,0.2698,-1,-1,-1
605,119,173.18,267.46,51.75,184.85,0.2293,-1,-1,-1
606,3,996.15,944.72,58.62,134.87,0.5909,-1,-1,-1
606,4,1711.80,454.81,84.45,213.12,0.6982,-1,-1,-1
606,17,1090.48,885.96,84.59,194.09,0.5637,-1,-1,-1
606,32,1181.12,898.21,76.01,181.78,0.5157,-1,-1,-1
606,45,807.17,145.43,57.65,170.73,0.2764,-1,-1,-1
606,61,322.26,933.24,98.27,146.49,0.7541,-1,-1,-1
606,63,254.00,997.61,85.16,82.44,0.6124,-1,-1,-1
606,66,1560.99,607.40,110.52,222.84,0.5091,-1,-1,-1
606,78,1646.87,228.36,66.54,177.75,0.5454,-1,-1,-1
606,92,363.05,277.29,66.87,194.99,0.6930,-1,-1,-1
606,112,278.17,111.33,62.57,185.65,0.2700,-1,-1,-1
606,117,434.12,74.16,48.49,169.75,0.2970,-1,-1,-1
606,119,172.61,256.53,52.43,194.49,0.2608,-1,-1,-1
607,3,995.46,945.24,58.97,134.34,0.5976,-1,-1,-1
607,4,1710.15,455.27,86.49,212.18,0.7122,-1,-1,-1
607,17,1095.26,887.11,83.31,192.83,0.5589,-1,-1,-1
607,32,1181.96,897.59,75.94,182.16,0.4666,-1,-1,-1
607,45,806.89,144.10,57.47,172.91,0.2878,-1,-1,-1
607,59,485.71,49.09,51.86,196.97,0.2085,-1,-1,-1
607,61,323.01,935.84,96.49,144.17,0.7363,-1,-1,-1
607,63,253.90,1000.34,83.52,79.70,0.6115,-1,-1,-1
607,66,1563.24,610.17,108.64,219.88,0.4407,-1,-1,-1
607,78,1646.39,227.39,65.73,177.78,0.5448,-1,-1,-1
607,92,363.87,278.12,66.02,193.86,0.6979,-1,-1,-1
607,112,276.64,108.81,64.09,188.02,0.2912,-1,-1,-1
607,117,433.72,72.31,51.04,172.49,0.4105,-1,-1,-1
607,119,172.77,252.26,52.43,196.67,0.2591,-1,-1,-1
608,3,995.19,945.54,59.62,134.40,0.5905,-1,-1,-1
608,4,1710.25,454.39,86.35,213.54,0.7064,-1,-1,-1
608,17,1099.29,889.17,80.36,190.83,0.5867,-1,-1,-1
608,32,1183.69,898.82,73.84,181.11,0.5092,-1,-1,-1
608,45,806.48,142.33,58.56,174.40,0.3147,-1,-1,-1
608,61,322.76,940.75,97.51,139.31,0.7453,-1,-1,-1
608,63,253.25,1002.35,84.78,77.65,0.6190,-1,-1,-1
608,66,1562.28,610.61,108.97,218.67,0.4456,-1,-1,-1
608,78,1646.02,226.34,63.48,181.20,0.5311,-1,-1,-1
608,92,362.04,277.54,66.84,193.53,0.6740,-1,-1,-1
608,112,275.27,109.36,65.09,187.59,0.2684,-1,-1,-1
608,117,434.59,71.80,51.23,174.18,0.3775,-1,-1,-1
609,2,597.51,556.18,80.46,226.88,0.4164,-1,-1,-1
609,3,993.76,946.58,60.88,133.44,0.6169,-1,-1,-1
609,4,1711.95,454.41,84.09,212.46,0.7427,-1,-1,-1
609,17,1100.71,889.74,80.54,190.17,0.5867,-1,-1,-1
609,32,1182.37,899.85,81.86,180.09,0.5191,-1,-1,-1
609,45,807.07,138.50,58.03,177.83,0.2629,-1,-1,-1
609,61,320.80,944.16,99.27,134.20,0.7332,-1,-1,-1
609,63,253.52,1005.37,83.91,74.44,0.6134,-1,-1,-1
609,66,1562.85,607.28,107.61,222.40,0.4462,-1,-1,-1
609,78,1642.12,223.17,67.13,186.69,0.5470,-1,-1,-1
609,92,362.63,277.10,66.16,193.94,0.6795,-1,-1,-1
609,112,274.77,110.94,66.60,185.96,0.2707,-1,-1,-1
609,117,435.42,70.78,51.06,175.94,0.3739,-1,-1,-1
610,2,591.16,552.84,86.64,228.02,0.4945,-1,-1,-1
610,3,992.30,946.22,61.47,133.73,0.6251,-1,-1,-1
610,4,1711.90,454.37,84.24,212.24,0.7366,-1,-1,-1
610,17,1100.78,889.92,81.34,189.97,0.5631,-1,-1,-1
610,32,1182.97,900.23,80.00,179.66,0.5001,-1,-1,-1
610,45,808.31,138.16,57.13,177.51,0.2601,-1,-1,-1
610,61,320.98,945.46,97.34,131.38,0.7272,-1,-1,-1
610,63,253.52,1008.60,80.03,70.70,0.5514,-1,-1,-1
610,66,1564.79,598.16,111.24,227.33,0.3756,-1,-1,-1
610,78,1640.23,221.30,67.38,183.59,0.5312,-1,-1,-1
610,92,361.82,278.41,66.35,193.66,0.6949,-1,-1,-1
610,112,276.68,111.47,64.44,185.11,0.2420,-1,-1,-1
610,114,358.87,113.99,57.26,175.74,0.2086,-1,-1,-1
610,117,435.33,72.80,51.86,173.73,0.3656,-1,-1,-1
611,2,584.89,548.81,92.95,233.24,0.5629,-1,-1,-1
611,3,991.22,946.05,62.12,133.91,0.6303,-1,-1,-1
611,4,1711.06,454.71,85.14,213.41,0.7375,-1,-1,-1
611,17,1102.51,890.76,83.01,189.19,0.5765,-1,-1,-1
611,32,1182.45,901.88,82.19,178.12,0.5122,-1,-1,-1
611,45,805.02,130.03,58.55,187.82,0.2769,-1,-1,-1
611,61,319.45,948.35,96.23,131.53,0.7299,-1,-1,-1
611,63,254.17,1011.78,76.13,67.39,0.5011,-1,-1,-1
611,66,1565.29,594.54,112.16,230.05,0.5254,-1,-1,-1
611,78,1639.71,218.32,66.41,184.16,0.5424,-1,-1,-1
611,92,360.71,280.32,67.79,192.72,0.7056,-1,-1,-1
611,112,273.76,104.50,67.11,191.96,0.2952,-1,-1,-1
611,114,358.10,108.97,59.32,175.78,0.2262,-1,-1,-1
611,117,436.23,75.32,52.04,171.30,0.3280,-1,-1,-1
612,2,579.64,548.16,98.42,234.63,0.6246,-1,-1,-1
612,3,990.68,945.94,62.49,134.03,0.6072,-1,-1,-1
612,4,1709.76,453.59,86.56,213.26,0.7540,-1,-1,-1
612,17,1105.92,892.22,79.56,187.77,0.5740,-1,-1,-1
612,32,1180.62,904.08,83.64,175.96,0.5126,-1,-1,-1
612,45,804.47,129.81,59.75,188.39,0.3284,-1,-1,-1
612,61,319.29,948.91,96.86,131.05,0.7598,-1,-1,-1
612,63,253.10,1014.80,76.92,65.11,0.4863,-1,-1,-1
612,66,1566.00,602.58,109.24,224.35,0.4699,-1,-1,-1
612,78,1637.65,215.87,67.39,185.85,0.5589,-1,-1,-1
612,92,359.46,282.99,68.06,192.01,0.6725,-1,-1,-1
612,112,272.55,108.44,68.54,188.29,0.2653,-1,-1,-1
612,114,360.27,112.46,58.07,175.89,0.2571,-1,-1,-1
612,117,437.43,76.56,50.36,170.71,0.2469,-1,-1,-1
613,2,579.48,548.24,99.50,235.23,0.6584,-1,-1,-1
613,3,989.30,947.10,63.42,132.94,0.6251,-1,-1,-1
613,4,1711.62,453.25,84.00,213.68,0.7472,-1,-1,-1
613,17,1106.20,893.38,80.19,186.59,0.5102,-1,-1,-1
613,32,1183.95,907.03,82.85,173.15,0.3391,-1,-1,-1
613,45,804.41,135.81,60.33,182.99,0.3818,-1,-1,-1
613,61,319.70,951.61,95.47,128.40,0.7315,-1,-1,-1
613,63,253.48,1017.51,75.84,62.48,0.3934,-1,-1,-1
613,66,1563.59,607.08,108.14,222.27,0.5305,-1,-1,-1
613,78,1636.44,213.26,67.53,188.80,0.5655,-1,-1,-1
613,92,360.14,286.17,66.24,193.45,0.6740,-1,-1,-1
613,112,271.63,97.86,69.08,198.18,0.2080,-1,-1,-1
613,114,358.56,106.15,61.20,178.34,0.2238,-1,-1,-1
613,117,438.96,77.60,49.78,170.50,0.2051,-1,-1,-1
613,120,560.20,120.64,61.72,163.10,0.2603,-1,-1,-1
614,2,576.79,548.76,101.07,235.68,0.6426,-1,-1,-1
614,3,987.76,945.86,64.41,134.07,0.6464,-1,-1,-1
614,4,1712.22,452.95,83.11,213.51,0.7398,-1,-1,-1
614,17,1107.04,896.69,83.45,183.41,0.5863,-1,-1,-1
614,32,1186.72,910.54,80.12,169.60,0.4841,-1,-1,-1
614,45,806.75,138.38,58.04,179.92,0.3892,-1,-1,-1
614,61,319.75,952.61,95.98,127.35,0.7290,-1,-1,-1
614,63,254.16,1020.31,74.60,59.71,0.3708,-1,-1,-1
614,66,1562.51,609.80,108.94,220.41,0.4773,-1,-1,-1
614,78,1634.28,211.90,68.61,185.18,0.5759,-1,-1,-1
614,92,358.86,285.50,67.01,197.49,0.6746,-1,-1,-1
614,114,358.74,105.59,62.55,173.88,0.2121,-1,-1,-1
614,120,560.25,121.63,59.75,161.51,0.2479,-1,-1,-1
615,2,576.85,548.31,99.23,235.27,0.6222,-1,-1,-1
615,3,987.14,945.87,63.95,134.12,0.6488,-1,-1,-1
615,4,1712.29,452.24,82.89,215.22,0.7527,-1,-1,-1
615,17,1106.74,898.44,81.89,181.57,0.5772,-1,-1,-1
615,32,1190.51,913.84,79.27,166.30,0.4187,-1,-1,-1
615,45,806.14,141.60,58.26,177.82,0.3894,-1,-1,-1
615,61,319.97,955.84,94.32,124.19,0.7262,-1,-1,-1
615,63,251.40,1024.00,71.64,56.12,0.3527,-1,-1,-1
615,66,1562.21,607.49,109.55,222.16,0.5016,-1,-1,-1
615,78,1631.90,210.16,69.61,184.70,0.5806,-1,-1,-1
615,92,357.33,286.14,67.77,198.38,0.6742,-1,-1,-1
616,2,577.70,546.91,95.36,232.21,0.5545,-1,-1,-1
616,3,984.91,947.16,64.21,132.88,0.6748,-1,-1,-1
616,4,1713.31,452.21,82.08,216.20,0.7290,-1,-1,-1
616,17,1108.87,901.39,84.20,178.67,0.6154,-1,-1,-1
616,32,1196.24,915.57,77.22,164.02,0.4806,-1,-1,-1
616,45,805.70,143.36,58.79,176.60,0.3841,-1,-1,-1
616,61,320.37,958.66,93.66,121.36,0.7288,-1,-1,-1
616,63,256.38,1023.18,68.59,56.50,0.3754,-1,-1,-1
616,66,1561.28,605.31,110.99,224.26,0.5172,-1,-1,-1
616,78,1630.59,210.00,70.52,183.40,0.5484,-1,-1,-1
616,92,355.95,287.01,69.46,197.25,0.6794,-1,-1,-1
616,114,357.82,101.32,65.62,178.85,0.2002,-1,-1,-1
617,2,578.84,544.92,73.16,232.07,0.4837,-1,-1,-1
617,3,982.43,945.63,65.52,134.31,0.6929,-1,-1,-1
617,4,1713.29,452.87,82.27,214.52,0.7011,-1,-1,-1
617,17,1109.79,902.98,81.24,177.01,0.6059,-1,-1,-1
617,32,1193.89,918.27,79.22,161.75,0.3800,-1,-1,-1
617,45,806.43,144.49,58.25,176.34,0.3642,-1,-1,-1
617,61,321.02,960.69,94.04,119.30,0.7206,-1,-1,-1
617,63,253.73,1025.81,67.37,54.20,0.3546,-1,-1,-1
617,66,1560.40,600.94,112.66,228.10,0.5647,-1,-1,-1
617,78,1629.33,209.30,71.46,185.79,0.5313,-1,-1,-1
617,92,355.29,290.69,67.68,195.76,0.6563,-1,-1,-1
617,114,358.45,101.42,62.55,177.74,0.2036,-1,-1,-1
618,2,574.79,541.18,71.42,234.86,0.5774,-1,-1,-1
618,3,981.04,944.93,65.75,135.04,0.6987,-1,-1,-1
618,4,1714.67,453.55,80.26,211.94,0.6860,-1,-1,-1
618,17,1111.74,907.15,78.43,172.96,0.6333,-1,-1,-1
618,32,1192.65,920.37,80.77,159.63,0.4290,-1,-1,-1
618,45,807.89,144.71,58.32,174.46,0.3651,-1,-1,-1
618,61,320.25,963.35,95.18,116.67,0.7006,-1,-1,-1
618,63,254.76,1027.03,63.95,52.85,0.3287,-1,-1,-1
618,66,1562.19,603.24,109.74,226.09,0.4161,-1,-1,-1
618,78,1627.25,208.93,73.25,185.98,0.4796,-1,-1,-1
618,92,354.52,291.65,67.66,195.79,0.6620,-1,-1,-1
619,2,572.45,540.90,70.43,237.21,0.6142,-1,-1,-1
619,3,977.94,943.58,66.07,136.37,0.7049,-1,-1,-1
619,4,1715.16,452.64,79.62,213.65,0.6913,-1,-1,-1
619,17,1112.08,911.16,79.41,168.92,0.6634,-1,-1,-1
619,32,1193.57,921.85,83.16,157.74,0.5256,-1,-1,-1
619,45,807.18,146.22,57.19,172.74,0.3625,-1,-1,-1
619,61,320.60,966.05,95.61,113.96,0.6987,-1,-1,-1
619,63,255.38,1028.21,59.13,51.67,0.3231,-1,-1,-1
619,66,1560.05,610.36,111.24,220.36,0.3438,-1,-1,-1
619,78,1624.33,208.38,76.17,189.48,0.4444,-1,-1,-1
619,92,353.04,294.63,67.51,195.58,0.6117,-1,-1,-1
619,112,278.94,125.75,64.32,169.89,0.2125,-1,-1,-1
620,2,570.94,539.36,73.00,237.63,0.6428,-1,-1,-1
620,3,975.27,943.42,66.49,136.58,0.6953,-1,-1,-1
620,4,1715.37,453.25,79.77,212.26,0.6895,-1,-1,-1
620,17,1113.04,914.20,77.47,165.83,0.6588,-1,-1,-1
620,32,1191.84,922.25,85.72,157.55,0.5656,-1,-1,-1
620,45,807.00,145.89,59.90,172.13,0.3263,-1,-1,-1
620,61,321.32,968.77,96.59,110.63,0.6989,-1,-1,-1
620,63,258.32,1027.69,52.94,51.41,0.3099,-1,-1,-1
620,66,1563.79,606.87,107.11,222.70,0.3785,-1,-1,-1
620,78,1622.82,208.48,78.05,187.76,0.4193,-1,-1,-1
620,92,353.70,294.64,65.66,197.18,0.5678,-1,-1,-1
621,2,569.59,538.40,69.08,237.65,0.6525,-1,-1,-1
621,3,973.38,943.06,66.26,136.93,0.6667,-1,-1,-1
621,4,1715.35,452.13,79.67,213.37,0.7063,-1,-1,-1
621,17,1113.13,916.00,75.23,163.91,0.6800,-1,-1,-1
621,32,1192.18,923.79,86.21,155.58,0.4760,-1,-1,-1
621,45,805.84,145.91,59.19,173.00,0.3392,-1,-1,-1
621,61,320.78,971.85,98.13,107.42,0.6516,-1,-1,-1
621,63,257.28,1033.21,53.80,47.14,0.3090,-1,-1,-1
621,66,1562.58,608.43,108.55,220.85,0.4156,-1,-1,-1
621,78,1621.61,209.50,77.96,184.35,0.4510,-1,-1,-1
621,92,351.71,293.93,67.25,197.66,0.6328,-1,-1,-1
621,118,256.94,269.31,51.05,167.23,0.2303,-1,-1,-1
622,2,566.38,537.43,62.15,238.19,0.6994,-1,-1,-1
622,3,971.12,943.03,64.54,136.97,0.6637,-1,-1,-1
622,4,1716.94,452.20,77.69,212.61,0.6974,-1,-1,-1
622,17,1114.04,917.44,73.21,162.20,0.6765,-1,-1,-1
622,32,1194.02,924.62,86.11,154.26,0.3632,-1,-1,-1
622,45,806.99,144.67,59.59,174.47,0.3464,-1,-1,-1
622,61,321.29,975.05,97.31,104.67,0.6335,-1,-1,-1
622,63,258.96,1037.23,54.37,43.01,0.3278,-1,-1,-1
622,66,1562.67,610.88,108.52,218.15,0.3783,-1,-1,-1
622,78,1621.71,209.90,77.91,182.67,0.4827,-1,-1,-1
622,92,350.95,294.18,66.98,197.61,0.5777,-1,-1,-1
622,112,279.51,128.22,62.97,166.20,0.2039,-1,-1,-1
623,2,562.34,538.39,60.99,242.78,0.6754,-1,-1,-1
623,3,969.22,943.72,63.89,136.31,0.6769,-1,-1,-1
623,4,1718.01,452.54,76.97,212.56,0.6929,-1,-1,-1
623,17,1114.59,918.65,76.36,160.63,0.6541,-1,-1,-1
623,32,1194.17,926.07,89.36,152.42,0.3918,-1,-1,-1
623,45,806.56,146.19,58.02,173.59,0.3330,-1,-1,-1
623,61,322.04,979.06,95.36,100.98,0.6860,-1,-1,-1
623,63,260.52,1040.27,49.44,39.57,0.3127,-1,-1,-1
623,66,1561.67,614.09,108.99,215.75,0.2984,-1,-1,-1
623,78,1621.50,210.16,76.56,181.90,0.4670,-1,-1,-1
623,92,347.71,293.50,67.76,197.45,0.5878,-1,-1,-1
624,2,559.73,537.43,62.21,242.28,0.6921,-1,-1,-1
624,3,964.07,942.25,65.46,137.70,0.6737,-1,-1,-1
624,4,1718.06,452.01,77.07,213.39,0.6882,-1,-1,-1
624,17,1114.42,920.13,76.50,159.81,0.6718,-1,-1,-1
624,32,1195.24,927.44,89.19,150.52,0.4413,-1,-1,-1
624,45,806.73,144.35,59.22,175.15,0.3676,-1,-1,-1
624,61,323.53,982.05,93.47,97.96,0.6974,-1,-1,-1
624,63,260.68,1043.14,48.09,36.03,0.2839,-1,-1,-1
624,66,1561.79,611.07,109.46,218.11,0.4246,-1,-1,-1
624,78,1622.22,209.55,74.61,181.69,0.4580,-1,-1,-1
624,92,345.48,294.13,69.52,196.58,0.5824,-1,-1,-1
625,2,554.05,537.84,64.14,242.01,0.7056,-1,-1,-1
625,3,962.18,938.67,64.75,141.20,0.6771,-1,-1,-1
625,4,1718.18,452.28,77.93,214.80,0.6912,-1,-1,-1
625,17,1115.50,921.92,75.96,158.07,0.6682,-1,-1,-1
625,32,1196.80,931.52,87.07,146.59,0.5421,-1,-1,-1
625,45,807.17,143.50,58.77,175.46,0.3880,-1,-1,-1
625,61,323.62,984.97,93.03,95.03,0.6979,-1,-1,-1
625,63,261.04,1046.54,47.04,32.78,0.2083,-1,-1,-1
625,66,1562.66,608.80,108.10,220.30,0.3424,-1,-1,-1
625,78,1622.93,208.17,73.74,184.84,0.4253,-1,-1,-1
625,92,345.74,293.95,68.19,196.61,0.5594,-1,-1,-1
626,2,545.92,538.70,69.34,240.26,0.7002,-1,-1,-1
626,3,958.43,938.23,65.75,141.77,0.6707,-1,-1,-1
626,4,1718.57,451.96,77.45,214.00,0.6845,-1,-1,-1
626,17,1114.73,921.38,78.93,158.51,0.6547,-1,-1,-1
626,32,1196.14,932.23,88.15,146.27,0.4752,-1,-1,-1
626,45,805.96,142.71,59.88,176.65,0.3869,-1,-1,-1
626,61,323.60,987.94,93.79,92.06,0.6845,-1,-1,-1
626,66,1562.70,606.59,108.10,222.80,0.4546,-1,-1,-1
626,78,1623.33,205.41,73.66,181.41,0.4376,-1,-1,-1
626,92,343.57,294.47,68.89,196.68,0.6208,-1,-1,-1
626,118,245.28,269.90,65.09,160.67,0.2157,-1,-1,-1
627,2,524.60,539.39,92.58,241.62,0.6542,-1,-1,-1
627,3,958.75,937.18,63.13,142.80,0.6834,-1,-1,-1
627,4,1718.41,453.35,77.95,213.51,0.6797,-1,-1,-1
627,17,1115.78,923.07,77.81,156.93,0.6889,-1,-1,-1
627,32,1193.08,933.61,92.80,144.95,0.6085,-1,-1,-1
627,45,806.36,142.53,59.31,175.98,0.3777,-1,-1,-1
627,61,325.22,990.95,93.60,89.06,0.6585,-1,-1,-1
627,66,1561.96,605.03,107.78,224.17,0.3434,-1,-1,-1
627,78,1626.57,205.89,69.09,182.08,0.4349,-1,-1,-1
627,92,343.06,295.50,69.17,195.61,0.6248,-1,-1,-1
628,2,510.38,538.78,106.39,240.79,0.7170,-1,-1,-1
628,3,956.38,935.90,61.73,144.07,0.6829,-1,-1,-1
628,4,1718.02,451.92,76.81,215.97,0.6598,-1,-1,-1
628,17,1114.89,924.03,80.62,155.94,0.6689,-1,-1,-1
628,32,1195.81,934.63,90.55,144.60,0.5787,-1,-1,-1
628,45,806.89,142.75,59.14,175.01,0.3752,-1,-1,-1
628,61,325.15,991.98,94.32,87.94,0.6292,-1,-1,-1
628,66,1563.80,604.69,106.29,224.41,0.3443,-1,-1,-1
628,78,1626.57,201.71,68.77,187.94,0.3917,-1,-1,-1
628,92,342.69,295.46,68.89,195.76,0.6482,-1,-1,-1
628,119,192.60,262.28,61.50,174.22,0.2048,-1,-1,-1
629,2,503.11,538.06,113.98,240.01,0.7382,-1,-1,-1
629,3,953.94,934.60,61.85,145.37,0.6783,-1,-1,-1
629,4,1718.67,451.53,77.07,216.10,0.6906,-1,-1,-1
629,17,1114.84,924.41,82.37,155.55,0.7071,-1,-1,-1
629,32,1193.97,936.28,96.03,143.46,0.6296,-1,-1,-1
629,45,806.47,142.75,58.01,175.69,0.3714,-1,-1,-1
629,61,324.33,994.78,95.10,85.22,0.6712,-1,-1,-1
629,66,1564.38,600.98,106.28,228.07,0.4846,-1,-1,-1
629,78,1626.11,202.49,70.60,187.03,0.4418,-1,-1,-1
629,92,342.92,296.48,68.21,195.45,0.6621,-1,-1,-1
629,118,246.11,268.81,64.29,162.33,0.2101,-1,-1,-1
629,119,193.51,258.61,58.55,180.67,0.2234,-1,-1,-1
629,122,1449.71,1009.00,69.55,70.66,0.3113,-1,-1,-1
630,2,499.41,537.96,116.04,238.44,0.7688,-1,-1,-1
630,3,952.95,933.34,59.53,146.64,0.6836,-1,-1,-1
630,4,1717.51,450.72,79.20,215.72,0.6883,-1,-1,-1
630,17,1114.71,926.17,84.80,153.84,0.7043,-1,-1,-1
630,32,1195.06,940.44,95.76,138.89,0.5818,-1,-1,-1
630,45,808.85,143.13,55.44,174.68,0.4164,-1,-1,-1
630,61,323.94,997.91,96.35,82.11,0.6841,-1,-1,-1
630,66,1563.73,605.31,106.72,223.85,0.3755,-1,-1,-1
630,78,1626.32,200.92,69.04,186.54,0.5148,-1,-1,-1
630,92,341.16,296.64,69.07,197.51,0.6665,-1,-1,-1
630,122,1444.44,1005.01,73.86,74.26,0.3643,-1,-1,-1
631,2,499.20,539.75,116.33,236.45,0.7559,-1,-1,-1
631,3,950.52,931.94,59.60,147.69,0.6857,-1,-1,-1
631,4,1717.43,451.17,79.41,216.90,0.6824,-1,-1,-1
631,17,1115.20,927.71,86.74,152.29,0.6890,-1,-1,-1
631,32,1197.32,942.72,92.22,135.16,0.5296,-1,-1,-1
631,45,808.28,142.94,56.35,173.05,0.3752,-1,-1,-1
631,61,324.34,998.32,96.34,81.59,0.6651,-1,-1,-1
631,66,1563.37,604.29,107.32,223.76,0.4568,-1,-1,-1
631,78,1626.81,199.41,68.82,183.18,0.5306,-1,-1,-1
631,92,340.43,297.94,69.62,201.05,0.6780,-1,-1,-1
631,122,1440.01,1001.03,76.80,77.43,0.3659,-1,-1,-1
631,124,1514.22,982.27,95.52,94.51,0.4008,-1,-1,-1
632,2,493.55,540.27,122.59,237.26,0.7747,-1,-1,-1
632,3,948.69,930.49,59.68,149.48,0.7053,-1,-1,-1
632,4,1716.88,451.52,80.41,216.39,0.7040,-1,-1,-1
632,17,1114.72,930.74,93.99,148.85,0.7014,-1,-1,-1
632,32,1198.29,944.33,89.94,132.80,0.5022,-1,-1,-1
632,45,806.69,144.14,57.73,172.94,0.4203,-1,-1,-1
632,61,323.45,1001.26,97.83,78.76,0.6482,-1,-1,-1
632,66,1563.15,607.97,107.17,220.93,0.3953,-1,-1,-1
632,78,1627.25,196.36,67.88,181.37,0.5562,-1,-1,-1
632,92,339.64,298.07,69.47,204.30,0.6929,-1,-1,-1
632,120,559.06,118.45,58.36,164.18,0.2069,-1,-1,-1
632,122,1437.85,994.46,75.65,83.76,0.3508,-1,-1,-1
632,124,1512.38,978.99,93.58,98.18,0.3787,-1,-1,-1
633,2,493.38,540.14,120.16,236.91,0.7862,-1,-1,-1
633,3,947.28,929.54,59.27,150.46,0.6625,-1,-1,-1
633,4,1717.64,451.16,79.61,216.07,0.7126,-1,-1,-1
633,17,1115.13,934.27,97.77,144.88,0.6823,-1,-1,-1
633,32,1202.48,950.59,85.28,127.88,0.3295,-1,-1,-1
633,45,806.04,143.10,58.11,174.75,0.3764,-1,-1,-1
633,61,325.24,1001.67,95.64,77.75,0.6287,-1,-1,-1
633,66,1564.13,608.41,106.87,220.51,0.4591,-1,-1,-1
633,78,1628.10,194.25,65.46,182.15,0.5667,-1,-1,-1
633,92,339.59,298.94,68.58,204.97,0.6838,-1,-1,-1
633,118,250.98,265.41,62.07,168.15,0.2000,-1,-1,-1
633,119,200.19,255.37,60.26,180.77,0.2123,-1,-1,-1
633,120,559.69,120.14,57.04,162.47,0.2314,-1,-1,-1
633,122,1436.72,988.98,74.52,90.47,0.3159,-1,-1,-1
633,124,1507.48,975.24,96.67,102.74,0.4546,-1,-1,-1
633,125,1482.12,2.49,61.49,145.43,0.2297,-1,-1,-1
634,2,493.42,540.11,121.03,236.83,0.7749,-1,-1,-1
634,3,945.77,928.56,58.94,151.33,0.6841,-1,-1,-1
634,4,1716.76,449.97,80.57,216.03,0.7226,-1,-1,-1
634,17,1114.17,938.35,99.62,140.89,0.7022,-1,-1,-1
634,32,1204.74,951.49,80.59,125.59,0.3215,-1,-1,-1
634,45,806.94,144.82,57.51,173.50,0.3967,-1,-1,-1
634,61,324.90,1004.28,96.43,74.77,0.6312,-1,-1,-1
634,66,1563.07,602.20,107.44,226.55,0.4691,-1,-1,-1
634,78,1628.08,192.36,65.18,183.02,0.5712,-1,-1,-1
634,92,339.27,299.97,68.37,205.43,0.7087,-1,-1,-1
634,117,457.21,96.27,55.98,161.51,0.2413,-1,-1,-1
634,119,200.98,250.80,60.79,186.08,0.2276,-1,-1,-1
634,120,558.66,116.61,58.87,165.58,0.2014,-1,-1,-1
634,122,1433.43,988.75,75.76,91.74,0.2615,-1,-1,-1
634,124,1502.36,971.56,98.34,107.10,0.3790,-1,-1,-1
634,125,1482.61,4.27,59.68,141.39,0.2285,-1,-1,-1
635,2,492.92,538.31,120.97,238.98,0.7711,-1,-1,-1
635,3,940.96,928.48,62.31,151.55,0.6751,-1,-1,-1
635,4,1716.42,450.73,80.79,215.16,0.7364,-1,-1,-1
635,17,1113.43,940.42,101.97,139.29,0.6983,-1,-1,-1
635,32,1202.53,954.81,81.84,123.24,0.3271,-1,-1,-1
635,45,806.59,145.10,57.94,173.09,0.4202,-1,-1,-1
635,61,325.29,1007.42,95.52,71.50,0.6338,-1,-1,-1
635,66,1562.70,605.77,107.40,224.13,0.3681,-1,-1,-1
635,78,1626.50,191.98,65.62,182.86,0.5617,-1,-1,-1
635,92,339.57,302.52,66.96,205.33,0.7025,-1,-1,-1
635,117,459.05,96.82,52.39,161.17,0.2088,-1,-1,-1
635,119,202.35,255.77,61.14,179.02,0.2138,-1,-1,-1
635,120,559.27,117.35,57.80,165.34,0.2389,-1,-1,-1
635,122,1430.70,984.88,77.61,95.16,0.2448,-1,-1,-1
635,124,1500.95,967.76,95.34,111.09,0.4724,-1,-1,-1
636,2,495.09,538.83,115.10,237.64,0.7661,-1,-1,-1
636,3,941.07,928.94,59.37,150.66,0.6549,-1,-1,-1
636,4,1716.23,451.10,81.32,215.79,0.7296,-1,-1,-1
636,17,1113.60,943.39,102.46,136.63,0.6899,-1,-1,-1
636,32,1200.95,957.03,81.83,121.69,0.4352,-1,-1,-1
636,45,807.19,145.72,56.88,173.79,0.3978,-1,-1,-1
636,61,326.86,1010.67,92.20,68.62,0.6309,-1,-1,-1
636,66,1562.11,606.17,108.64,223.57,0.3732,-1,-1,-1
636,78,1625.97,190.57,65.12,183.62,0.5499,-1,-1,-1
636,92,338.62,306.29,68.36,204.11,0.7143,-1,-1,-1
636,117,459.12,92.89,53.12,166.49,0.2053,-1,-1,-1
636,119,204.30,253.42,59.49,176.00,0.2280,-1,-1,-1
636,120,559.23,118.90,58.48,164.22,0.2348,-1,-1,-1
636,122,1426.80,979.39,78.78,100.44,0.4296,-1,-1,-1
636,124,1497.24,963.40,97.61,116.44,0.5044,-1,-1,-1
637,2,496.87,538.83,112.77,236.58,0.7378,-1,-1,-1
637,3,937.53,928.89,61.58,149.78,0.6502,-1,-1,-1
637,4,1716.34,451.34,81.11,216.02,0.7384,-1,-1,-1
637,17,1113.56,947.00,105.56,133.05,0.6866,-1,-1,-1
637,32,1202.41,957.09,78.86,121.08,0.4407,-1,-1,-1
637,45,806.81,145.23,57.64,175.03,0.4170,-1,-1,-1
637,61,328.08,1014.60,90.29,65.44,0.6057,-1,-1,-1
637,66,1562.24,608.61,107.48,220.26,0.2723,-1,-1,-1
637,78,1625.10,189.61,64.84,184.61,0.5939,-1,-1,-1
637,92,339.32,307.73,67.75,203.91,0.7029,-1,-1,-1
637,117,458.47,91.98,53.77,168.94,0.2036,-1,-1,-1
637,119,205.80,255.86,61.91,171.91,0.3044,-1,-1,-1
637,120,557.85,119.81,58.41,163.30,0.2111,-1,-1,-1
637,122,1425.17,978.52,78.62,101.85,0.3447,-1,-1,-1
637,124,1495.08,958.41,94.61,121.50,0.5615,-1,-1,-1
637,125,1482.35,5.64,56.02,139.74,0.2183,-1,-1,-1
638,2,497.62,539.34,102.19,236.33,0.7299,-1,-1,-1
638,3,936.97,929.16,60.21,150.24,0.6513,-1,-1,-1
638,4,1717.02,451.12,79.57,215.33,0.7206,-1,-1,-1
638,17,1114.16,949.65,108.16,130.37,0.6421,-1,-1,-1
638,32,1201.53,959.99,75.59,119.41,0.3857,-1,-1,-1
638,45,806.84,145.06,57.84,174.75,0.4137,-1,-1,-1
638,61,328.80,1019.76,87.73,60.39,0.5726,-1,-1,-1
638,66,1562.47,606.94,108.79,220.47,0.2726,-1,-1,-1
638,78,1625.07,190.97,63.53,182.69,0.5902,-1,-1,-1
638,92,338.95,308.95,68.04,205.66,0.7069,-1,-1,-1
638,117,457.97,89.94,53.97,173.65,0.2137,-1,-1,-1
638,119,207.49,255.42,62.69,172.32,0.3465,-1,-1,-1
638,122,1421.72,978.21,76.38,102.05,0.5270,-1,-1,-1
638,124,1495.45,956.21,93.96,122.39,0.5621,-1,-1,-1
639,2,499.74,539.95,94.11,235.75,0.7107,-1,-1,-1
639,3,934.34,928.51,60.22,151.16,0.6423,-1,-1,-1
639,4,1717.17,451.96,79.59,216.10,0.7462,-1,-1,-1
639,17,1115.53,951.30,116.01,128.64,0.5164,-1,-1,-1
639,32,1201.08,961.63,73.74,118.24,0.3214,-1,-1,-1
639,45,806.27,143.83,58.15,176.51,0.4040,-1,-1,-1
639,61,331.01,1024.33,82.32,55.78,0.5317,-1,-1,-1
639,66,1563.40,614.43,104.22,213.23,0.2120,-1,-1,-1
639,78,1624.83,191.09,63.12,182.24,0.6138,-1,-1,-1
639,92,338.92,309.76,67.56,205.94,0.7214,-1,-1,-1
639,119,208.78,251.35,62.04,173.67,0.3383,-1,-1,-1
639,120,558.50,121.09,55.44,162.59,0.2055,-1,-1,-1
639,122,1417.52,978.75,77.75,101.50,0.5759,-1,-1,-1
639,124,1492.70,952.21,95.19,126.56,0.5015,-1,-1,-1
640,2,500.41,539.91,86.28,236.16,0.7163,-1,-1,-1
640,3,931.74,928.29,61.57,151.71,0.6247,-1,-1,-1
640,4,1716.30,452.03,80.56,214.95,0.7385,-1,-1,-1
640,17,1117.42,954.05,107.22,125.97,0.5218,-1,-1,-1
640,32,1198.02,962.98,75.66,116.94,0.3408,-1,-1,-1
640,45,806.59,144.53,58.25,176.13,0.4135,-1,-1,-1
640,61,334.14,1028.04,70.81,52.01,0.4183,-1,-1,-1
640,66,1565.15,609.08,106.58,217.47,0.3012,-1,-1,-1
640,78,1625.55,191.27,61.04,182.21,0.6090,-1,-1,-1
640,92,338.58,310.25,68.68,206.60,0.7171,-1,-1,-1
640,119,209.66,248.48,60.47,176.63,0.3735,-1,-1,-1
640,122,1414.22,977.34,78.27,102.77,0.5625,-1,-1,-1
640,124,1491.02,950.57,95.76,128.61,0.4909,-1,-1,-1
641,2,499.85,539.37,81.11,236.29,0.7115,-1,-1,-1
641,3,930.03,927.92,62.38,151.93,0.6161,-1,-1,-1
641,4,1716.28,452.22,81.04,214.10,0.7383,-1,-1,-1
641,17,1119.71,956.25,96.69,123.74,0.6046,-1,-1,-1
641,32,1196.92,962.03,76.04,117.20,0.4356,-1,-1,-1
641,45,806.40,143.87,58.63,176.38,0.4157,-1,-1,-1
641,61,340.57,1032.08,49.34,48.01,0.2892,-1,-1,-1
641,66,1564.04,612.09,105.93,216.93,0.3145,-1,-1,-1
641,78,1624.66,188.96,61.40,182.46,0.5648,-1,-1,-1
641,92,337.92,311.26,68.71,204.70,0.7122,-1,-1,-1
641,119,210.28,249.87,61.04,174.85,0.3770,-1,-1,-1
641,120,559.00,117.53,55.51,166.08,0.2043,-1,-1,-1
641,122,1412.32,975.00,77.80,105.03,0.5789,-1,-1,-1
641,124,1485.08,948.46,99.83,130.16,0.5425,-1,-1,-1
642,2,495.77,538.89,76.26,237.93,0.7328,-1,-1,-1
642,3,926.77,927.76,62.69,152.24,0.6159,-1,-1,-1
642,4,1716.39,452.66,80.11,214.34,0.7286,-1,-1,-1
642,17,1122.85,957.48,87.33,122.46,0.6287,-1,-1,-1
642,32,1193.13,964.01,79.57,115.96,0.5250,-1,-1,-1
642,45,805.80,144.92,59.39,175.35,0.4086,-1,-1,-1
642,61,344.99,1034.35,41.59,45.54,0.3272,-1,-1,-1
642,66,1561.87,610.60,109.29,216.92,0.2901,-1,-1,-1
642,78,1625.40,190.41,58.97,179.72,0.5588,-1,-1,-1
642,92,338.04,311.22,69.26,204.72,0.7132,-1,-1,-1
642,119,212.49,242.85,57.12,180.75,0.3401,-1,-1,-1
642,120,559.42,117.80,55.94,165.48,0.2156,-1,-1,-1
642,122,1410.68,972.30,75.97,107.69,0.6060,-1,-1,-1
642,124,1485.07,946.37,95.17,132.29,0.5469,-1,-1,-1
642,126,427.86,117.93,41.11,150.39,0.2219,-1,-1,-1
643,2,491.10,539.00,70.27,236.23,0.7056,-1,-1,-1
643,3,925.65,927.49,61.92,151.51,0.6324,-1,-1,-1
643,4,1715.45,454.12,80.91,213.05,0.7264,-1,-1,-1
643,17,1124.11,958.59,83.18,121.34,0.5913,-1,-1,-1
643,32,1193.65,966.40,78.43,113.38,0.3860,-1,-1,-1
643,45,805.88,145.51,59.11,175.05,0.4254,-1,-1,-1
643,61,345.03,1037.44,39.99,42.42,0.2194,-1,-1,-1
643,66,1563.85,619.31,105.41,209.30,0.2591,-1,-1,-1
643,78,1624.15,190.03,58.84,182.83,0.5589,-1,-1,-1
643,92,337.98,312.34,69.30,203.37,0.6943,-1,-1,-1
643,119,212.45,251.89,56.53,170.93,0.2028,-1,-1,-1
643,120,559.62,120.70,58.16,163.13,0.2182,-1,-1,-1
643,122,1406.87,969.68,78.81,110.32,0.6166,-1,-1,-1
643,124,1482.27,944.50,93.89,133.57,0.6227,-1,-1,-1
643,126,428.83,119.04,40.74,149.45,0.2071,-1,-1,-1
644,2,484.23,539.45,66.41,237.58,0.7518,-1,-1,-1
644,3,923.71,928.40,61.36,151.19,0.6755,-1,-1,-1
644,4,1715.26,452.21,81.29,213.96,0.7184,-1,-1,-1
644,17,1123.21,959.76,85.34,120.18,0.5936,-1,-1,-1
644,32,1198.10,966.45,73.75,113.35,0.3692,-1,-1,-1
644,45,805.96,145.79,58.82,175.70,0.4292,-1,-1,-1
644,66,1563.35,618.59,105.95,210.37,0.2640,-1,-1,-1
644,78,1623.83,188.70,57.79,179.99,0.6164,-1,-1,-1
644,92,336.95,313.26,70.51,202.03,0.7091,-1,-1,-1
644,119,214.69,253.48,54.24,169.64,0.2781,-1,-1,-1
644,120,559.72,122.38,56.80,161.71,0.2196,-1,-1,-1
644,122,1403.09,965.82,80.11,114.11,0.6075,-1,-1,-1
644,124,1479.69,944.22,94.60,134.24,0.5932,-1,-1,-1
644,125,1481.83,3.02,58.54,145.36,0.2080,-1,-1,-1
644,126,429.20,121.80,42.20,149.16,0.2128,-1,-1,-1
645,2,476.07,539.98,69.95,238.56,0.7664,-1,-1,-1
645,3,921.55,928.78,62.28,150.47,0.6902,-1,-1,-1
645,4,1715.83,452.76,81.03,213.95,0.7221,-1,-1,-1
645,17,1121.96,960.74,91.15,119.18,0.4860,-1,-1,-1
645,32,1198.12,965.27,73.04,114.30,0.2452,-1,-1,-1
645,45,805.82,145.61,58.95,175.45,0.4700,-1,-1,-1
645,66,1563.93,619.64,105.77,208.10,0.2451,-1,-1,-1
645,78,1623.27,188.17,57.29,178.58,0.6238,-1,-1,-1
645,92,337.29,314.68,70.05,200.06,0.6917,-1,-1,-1
645,119,215.38,251.41,52.61,171.40,0.2926,-1,-1,-1
645,120,559.67,122.65,56.51,160.39,0.2502,-1,-1,-1
645,122,1400.26,963.18,79.28,116.82,0.5952,-1,-1,-1
645,124,1474.22,943.67,96.91,135.33,0.5159,-1,-1,-1
645,125,1481.59,3.07,59.09,144.70,0.2089,-1,-1,-1
646,2,469.40,538.68,75.46,239.47,0.7742,-1,-1,-1
646,3,919.37,928.39,62.81,150.74,0.6748,-1,-1,-1
646,4,1715.33,454.21,81.79,213.18,0.7321,-1,-1,-1
646,17,1124.59,962.29,79.13,117.68,0.5765,-1,-1,-1
646,32,1195.81,969.11,75.69,111.07,0.4433,-1,-1,-1
646,45,806.52,145.70,58.24,174.38,0.4779,-1,-1,-1
646,66,1562.90,607.33,106.10,221.53,0.3856,-1,-1,-1
646,78,1622.45,186.10,58.20,178.45,0.6388,-1,-1,-1
646,92,336.55,317.36,70.41,198.06,0.7012,-1,-1,-1
646,112,280.40,129.96,62.11,172.86,0.2015,-1,-1,-1
646,120,557.53,118.43,56.95,164.83,0.2476,-1,-1,-1
646,122,1394.22,958.93,83.66,121.01,0.6739,-1,-1,-1
646,124,1469.10,941.94,97.99,137.04,0.4648,-1,-1,-1
646,125,1481.78,2.49,58.58,145.32,0.2724,-1,-1,-1
646,126,430.34,120.17,42.44,151.05,0.2157,-1,-1,-1
647,2,466.66,538.27,76.18,239.62,0.7628,-1,-1,-1
647,3,913.72,928.62,66.25,149.94,0.6711,-1,-1,-1
647,4,1715.43,453.07,82.00,214.11,0.7308,-1,-1,-1
647,17,1125.75,963.40,74.28,116.55,0.5177,-1,-1,-1
647,32,1198.57,972.18,72.80,108.02,0.3728,-1,-1,-1
647,45,806.63,145.74,58.07,173.88,0.4338,-1,-1,-1
647,66,1561.60,613.01,108.71,217.98,0.3814,-1,-1,-1
647,78,1622.06,183.84,58.82,181.94,0.6451,-1,-1,-1
647,92,335.88,320.39,69.63,196.95,0.7127,-1,-1,-1
647,117,468.51,109.54,50.14,163.85,0.2041,-1,-1,-1
647,120,558.26,119.71,56.52,164.08,0.2391,-1,-1,-1
647,122,1388.85,954.71,88.58,124.91,0.7059,-1,-1,-1
647,124,1468.37,939.87,93.40,140.09,0.5718,-1,-1,-1
647,125,1481.88,2.63,57.77,145.01,0.2185,-1,-1,-1
647,126,430.40,118.93,43.89,152.26,0.2501,-1,-1,-1
648,2,461.71,537.78,79.28,239.53,0.7497,-1,-1,-1
648,3,910.63,929.52,69.10,149.16,0.6874,-1,-1,-1
648,4,1716.29,453.04,80.79,212.72,0.7288,-1,-1,-1
648,17,1125.01,965.79,76.85,114.25,0.5470,-1,-1,-1
648,32,1198.48,976.10,71.98,104.11,0.4482,-1,-1,-1
648,45,806.60,145.69,57.79,173.75,0.4483,-1,-1,-1
648,66,1563.26,607.49,106.43,221.88,0.3718,-1,-1,-1
648,78,1620.40,182.18,59.86,176.61,0.6535,-1,-1,-1
648,92,336.09,320.44,68.43,198.18,0.7182,-1,-1,-1
648,119,217.55,253.90,50.13,166.51,0.2273,-1,-1,-1
648,120,557.00,117.94,57.03,165.49,0.2282,-1,-1,-1
648,122,1386.75,951.73,88.99,127.54,0.7027,-1,-1,-1
648,124,1467.26,937.62,91.34,141.14,0.6323,-1,-1,-1
648,125,1481.88,2.09,58.64,145.99,0.2509,-1,-1,-1
648,126,429.73,120.21,44.44,150.58,0.3043,-1,-1,-1
649,2,459.65,538.80,79.69,237.62,0.7671,-1,-1,-1
649,3,906.46,929.59,70.54,149.10,0.7021,-1,-1,-1
649,4,1716.77,453.76,82.74,213.27,0.7307,-1,-1,-1
649,17,1124.50,968.15,79.87,111.89,0.5445,-1,-1,-1
649,32,1196.24,978.20,73.57,101.83,0.4699,-1,-1,-1
649,45,806.59,145.28,58.22,174.12,0.4680,-1,-1,-1
649,66,1563.28,604.65,107.21,223.01,0.2794,-1,-1,-1
649,78,1619.07,181.28,60.94,178.44,0.6583,-1,-1,-1
649,92,335.03,321.22,68.18,200.58,0.7247,-1,-1,-1
649,119,218.62,252.90,48.33,168.43,0.2622,-1,-1,-1
649,120,557.68,118.36,57.12,164.80,0.2536,-1,-1,-1
649,122,1383.13,950.79,88.83,127.92,0.6957,-1,-1,-1
649,124,1461.60,933.09,94.69,144.42,0.6284,-1,-1,-1
649,125,1481.91,2.22,58.24,145.48,0.2773,-1,-1,-1
649,126,430.74,121.26,43.45,148.86,0.2460,-1,-1,-1
650,2,455.28,536.87,82.38,238.92,0.7764,-1,-1,-1
650,3,904.25,931.71,70.91,146.94,0.7158,-1,-1,-1
650,4,1717.59,453.35,79.66,212.80,0.7348,-1,-1,-1
650,17,1125.62,971.17,73.84,108.37,0.4844,-1,-1,-1
650,32,1193.52,981.92,75.88,98.26,0.4108,-1,-1,-1
650,45,806.42,144.48,58.05,175.87,0.4637,-1,-1,-1
650,66,1562.50,605.86,110.68,222.41,0.3216,-1,-1,-1
650,78,1618.32,180.03,62.05,179.41,0.6220,-1,-1,-1
650,92,335.01,322.64,66.73,204.44,0.7103,-1,-1,-1
650,120,559.03,120.27,56.48,163.16,0.2284,-1,-1,-1
650,122,1378.47,947.44,87.52,130.93,0.7006,-1,-1,-1
650,124,1455.43,929.28,96.67,148.69,0.6504,-1,-1,-1
650,125,1481.86,2.11,58.08,146.22,0.2245,-1,-1,-1
651,2,454.49,537.14,82.32,238.62,0.7802,-1,-1,-1
651,3,902.31,931.24,71.22,147.77,0.7244,-1,-1,-1
651,4,1717.44,453.84,80.21,212.40,0.7258,-1,-1,-1
651,17,1124.85,972.69,78.73,107.24,0.5240,-1,-1,-1
651,32,1193.76,983.13,74.74,96.80,0.4278,-1,-1,-1
651,45,805.54,143.81,59.18,176.99,0.4502,-1,-1,-1
651,66,1561.23,603.66,112.15,224.34,0.3178,-1,-1,-1
651,78,1616.84,177.36,64.14,178.19,0.6196,-1,-1,-1
651,92,333.78,323.06,67.32,205.35,0.7220,-1,-1,-1
651,122,1371.12,946.01,90.39,132.77,0.6975,-1,-1,-1
651,124,1456.63,926.98,93.28,152.46,0.6647,-1,-1,-1
651,125,1482.18,1.86,56.88,146.16,0.2069,-1,-1,-1
652,2,452.71,536.72,83.76,238.53,0.7725,-1,-1,-1
652,3,900.34,930.74,70.79,147.20,0.6983,-1,-1,-1
652,4,1717.44,453.77,78.90,212.32,0.7147,-1,-1,-1
652,17,1125.59,975.83,66.49,104.26,0.4894,-1,-1,-1
652,32,1185.27,987.51,81.29,92.68,0.4539,-1,-1,-1
652,45,807.72,144.06,57.56,175.95,0.4757,-1,-1,-1
652,66,1561.00,602.97,108.75,226.61,0.3360,-1,-1,-1
652,78,1616.41,174.69,64.11,178.82,0.6510,-1,-1,-1
652,92,333.51,325.57,66.33,205.38,0.7088,-1,-1,-1
652,120,557.08,116.75,54.93,168.35,0.2007,-1,-1,-1
652,122,1368.03,943.95,91.87,134.85,0.6678,-1,-1,-1
652,124,1455.28,923.32,91.43,155.22,0.6139,-1,-1,-1
652,125,1482.07,1.58,57.35,146.73,0.2166,-1,-1,-1
653,2,450.68,536.62,86.07,238.17,0.7773,-1,-1,-1
653,3,899.11,931.71,68.48,145.96,0.6940,-1,-1,-1
653,4,1718.43,452.85,78.90,213.36,0.7308,-1,-1,-1
653,17,1123.83,980.26,72.58,99.66,0.5592,-1,-1,-1
653,32,1190.98,988.98,76.36,89.95,0.5681,-1,-1,-1
653,45,806.33,145.02,58.21,175.25,0.5205,-1,-1,-1
653,66,1561.29,598.00,111.14,229.77,0.3983,-1,-1,-1
653,78,1615.84,174.73,65.47,175.47,0.6855,-1,-1,-1
653,92,333.76,327.21,65.15,205.34,0.7235,-1,-1,-1
653,117,469.43,106.47,54.56,168.71,0.2677,-1,-1,-1
653,122,1365.11,941.92,92.31,136.34,0.7038,-1,-1,-1
653,124,1450.81,917.15,92.14,162.03,0.6459,-1,-1,-1
653,125,1481.48,1.72,58.59,145.81,0.2667,-1,-1,-1
653,126,429.81,118.09,44.79,155.07,0.2005,-1,-1,-1
654,2,452.63,536.29,84.57,238.56,0.7805,-1,-1,-1
654,3,898.99,932.46,64.57,145.33,0.6865,-1,-1,-1
654,4,1718.87,452.72,78.82,212.76,0.7306,-1,-1,-1
654,17,1123.44,983.17,69.08,96.32,0.5165,-1,-1,-1
654,32,1196.76,991.38,70.70,86.78,0.5454,-1,-1,-1
654,45,806.57,144.54,58.34,174.48,0.5033,-1,-1,-1
654,66,1560.97,597.94,111.64,229.71,0.4469,-1,-1,-1
654,78,1614.98,173.75,66.87,177.40,0.6458,-1,-1,-1
654,92,334.25,328.91,63.54,206.02,0.7099,-1,-1,-1
654,117,470.59,106.94,54.90,168.06,0.2465,-1,-1,-1
654,120,558.82,119.61,57.25,164.47,0.2226,-1,-1,-1
654,122,1361.21,940.24,91.75,136.63,0.6930,-1,-1,-1
654,124,1449.35,914.60,91.35,164.89,0.6304,-1,-1,-1
654,125,1480.92,1.79,59.00,146.04,0.2798,-1,-1,-1
655,2,453.32,536.25,82.35,238.63,0.7851,-1,-1,-1
655,3,895.03,932.18,65.89,145.36,0.6848,-1,-1,-1
655,4,1718.36,452.53,78.98,213.34,0.7273,-1,-1,-1
655,17,1122.45,986.21,78.24,93.23,0.5826,-1,-1,-1
655,32,1200.32,993.73,68.97,84.25,0.5782,-1,-1,-1
655,45,806.36,144.44,58.44,175.40,0.4845,-1,-1,-1
655,66,1562.57,599.35,110.61,229.55,0.4083,-1,-1,-1
655,78,1614.56,168.04,68.18,182.75,0.5907,-1,-1,-1
655,92,333.18,330.34,63.62,204.81,0.6951,-1,-1,-1
655,117,469.98,109.17,56.79,168.53,0.2775,-1,-1,-1
655,120,559.09,120.10,57.00,163.22,0.2025,-1,-1,-1
655,122,1359.92,938.53,91.56,138.97,0.6746,-1,-1,-1
655,124,1445.63,915.35,91.91,164.81,0.6432,-1,-1,-1
655,125,1480.86,0.92,58.82,146.72,0.2694,-1,-1,-1
655,126,430.32,122.49,42.89,152.93,0.2351,-1,-1,-1
656,2,455.09,534.76,79.92,239.77,0.7882,-1,-1,-1
656,3,891.54,932.42,66.91,144.96,0.7004,-1,-1,-1
656,4,1718.72,452.11,78.37,214.17,0.7417,-1,-1,-1
656,17,1122.67,988.29,73.09,90.15,0.5627,-1,-1,-1
656,32,1200.55,995.10,70.43,83.19,0.5793,-1,-1,-1
656,45,807.63,144.75,56.85,175.35,0.4709,-1,-1,-1
656,66,1560.87,596.10,110.37,231.49,0.3037,-1,-1,-1
656,78,1613.84,166.36,69.37,181.85,0.5959,-1,-1,-1
656,92,331.63,331.51,65.09,206.28,0.6905,-1,-1,-1
656,117,470.51,112.64,56.78,166.42,0.2687,-1,-1,-1
656,122,1359.07,935.98,91.06,141.45,0.6871,-1,-1,-1
656,124,1440.19,911.32,95.19,168.43,0.6148,-1,-1,-1
656,125,1480.49,0.64,59.36,146.54,0.2399,-1,-1,-1
656,126,430.49,122.90,43.77,153.29,0.2108,-1,-1,-1
657,2,455.50,535.21,78.75,239.66,0.7759,-1,-1,-1
657,3,887.57,931.88,68.65,146.09,0.6970,-1,-1,-1
657,4,1718.54,452.16,79.28,213.92,0.7374,-1,-1,-1
657,17,1121.89,989.81,66.85,88.34,0.5331,-1,-1,-1
657,32,1196.67,996.46,74.99,82.06,0.5656,-1,-1,-1
657,45,804.84,145.39,59.93,175.79,0.4448,-1,-1,-1
657,66,1562.75,593.39,110.59,233.75,0.3940,-1,-1,-1
657,78,1612.35,168.41,71.60,177.97,0.6007,-1,-1,-1
657,92,330.06,332.89,65.24,205.92,0.6786,-1,-1,-1
657,117,471.89,112.54,55.15,167.88,0.2464,-1,-1,-1
657,122,1359.55,933.03,89.88,144.93,0.6693,-1,-1,-1
657,124,1434.32,907.69,97.66,171.30,0.6408,-1,-1,-1
657,125,1480.58,0.94,60.31,145.28,0.2326,-1,-1,-1
657,126,431.33,124.78,42.77,152.87,0.2200,-1,-1,-1
658,2,453.49,533.76,78.97,240.83,0.7560,-1,-1,-1
658,3,885.39,932.52,69.08,145.89,0.7023,-1,-1,-1
658,4,1719.15,451.91,77.84,215.10,0.7152,-1,-1,-1
658,17,1118.47,990.07,71.65,87.98,0.5451,-1,-1,-1
658,32,1194.93,998.10,78.89,80.76,0.5978,-1,-1,-1
658,45,806.25,144.16,59.00,175.33,0.4353,-1,-1,-1
658,66,1560.95,595.92,111.43,232.12,0.2927,-1,-1,-1
658,78,1611.19,167.90,73.21,176.58,0.5932,-1,-1,-1
658,92,328.47,333.70,65.27,205.33,0.6796,-1,-1,-1
658,117,471.43,114.89,55.66,166.90,0.2433,-1,-1,-1
658,122,1355.22,929.13,90.67,147.98,0.6763,-1,-1,-1
658,124,1432.14,906.04,96.22,172.70,0.6699,-1,-1,-1
658,126,431.07,125.79,43.20,152.48,0.2669,-1,-1,-1
659,2,452.17,530.97,79.55,242.14,0.7659,-1,-1,-1
659,3,882.79,932.66,68.09,145.09,0.7039,-1,-1,-1
659,4,1718.07,452.22,79.94,214.67,0.7402,-1,-1,-1
659,17,1117.46,991.49,77.81,87.00,0.6023,-1,-1,-1
659,32,1194.89,999.41,81.43,80.50,0.6225,-1,-1,-1
659,45,806.42,143.80,58.68,177.15,0.4382,-1,-1,-1
659,66,1564.41,600.00,103.43,227.92,0.2865,-1,-1,-1
659,78,1611.39,167.38,74.41,176.48,0.6133,-1,-1,-1
659,92,324.64,332.39,68.68,206.40,0.7261,-1,-1,-1
659,117,473.39,115.01,54.52,167.99,0.2970,-1,-1,-1
659,122,1352.56,926.69,91.18,150.85,0.6706,-1,-1,-1
659,124,1429.55,905.40,96.12,172.68,0.6131,-1,-1,-1
659,126,431.46,127.35,43.39,152.84,0.3112,-1,-1,-1
659,128,684.65,210.32,71.98,196.90,0.2226,-1,-1,-1
660,2,449.67,530.17,76.91,240.03,0.7573,-1,-1,-1
660,3,880.92,932.04,67.19,145.38,0.6964,-1,-1,-1
660,4,1718.03,451.87,78.79,214.37,0.7264,-1,-1,-1
660,17,1115.22,993.47,78.30,85.12,0.6360,-1,-1,-1
660,32,1193.65,1002.11,84.27,77.93,0.6197,-1,-1,-1
660,45,805.61,144.69,59.18,176.05,0.4467,-1,-1,-1
660,66,1561.87,599.65,109.40,227.73,0.2765,-1,-1,-1
660,78,1612.91,166.86,73.65,178.43,0.6467,-1,-1,-1
660,92,322.79,333.02,69.20,205.46,0.7218,-1,-1,-1
660,117,473.30,117.87,55.42,165.57,0.3000,-1,-1,-1
660,122,1350.48,923.29,91.42,153.03,0.6741,-1,-1,-1
660,124,1427.18,902.95,99.11,175.04,0.6237,-1,-1,-1
660,126,431.83,127.60,43.18,152.94,0.3299,-1,-1,-1
660,128,682.22,212.33,80.22,199.43,0.2144,-1,-1,-1
661,2,447.88,530.72,69.24,239.26,0.7662,-1,-1,-1
661,3,879.18,931.10,65.44,147.74,0.6732,-1,-1,-1
661,4,1718.21,451.86,79.71,213.32,0.7490,-1,-1,-1
661,17,1112.43,993.79,74.42,84.95,0.6012,-1,-1,-1
661,32,1192.26,1005.20,86.83,74.88,0.5811,-1,-1,-1
661,45,806.54,144.32,58.62,175.32,0.4391,-1,-1,-1
661,66,1559.84,600.35,114.96,226.79,0.2850,-1,-1,-1
661,78,1614.49,166.76,73.92,175.14,0.6530,-1,-1,-1
661,92,321.75,333.69,69.14,203.99,0.6919,-1,-1,-1
661,117,473.27,119.47,55.87,166.58,0.3098,-1,-1,-1
661,122,1348.86,920.71,89.64,155.42,0.6738,-1,-1,-1
661,124,1425.72,901.22,99.32,176.37,0.6314,-1,-1,-1
661,126,431.58,130.14,42.94,150.43,0.3203,-1,-1,-1
662,2,442.77,530.31,70.39,240.15,0.7829,-1,-1,-1
662,3,876.27,929.72,64.86,149.47,0.6610,-1,-1,-1
662,4,1717.84,451.81,80.06,213.60,0.7467,-1,-1,-1
662,17,1111.48,996.15,74.82,82.68,0.6015,-1,-1,-1
662,32,1193.08,1005.46,86.65,73.95,0.5371,-1,-1,-1
662,45,806.12,143.00,58.61,175.71,0.4600,-1,-1,-1
662,66,1561.20,595.56,113.53,231.87,0.3864,-1,-1,-1
662,78,1613.87,166.03,75.05,175.62,0.6335,-1,-1,-1
662,92,320.91,333.62,69.02,204.47,0.7008,-1,-1,-1
662,117,473.56,119.23,56.61,169.14,0.3236,-1,-1,-1
662,122,1346.12,915.44,86.40,160.81,0.6162,-1,-1,-1
662,124,1423.80,898.70,100.66,179.47,0.4957,-1,-1,-1
662,126,430.58,133.23,43.78,147.41,0.3323,-1,-1,-1
663,2,438.53,529.23,68.75,239.23,0.8058,-1,-1,-1
663,3,875.00,929.39,62.99,149.36,0.6629,-1,-1,-1
663,4,1717.76,452.52,82.02,212.80,0.7364,-1,-1,-1
663,17,1110.50,997.71,67.41,80.94,0.5357,-1,-1,-1
663,32,1193.18,1007.77,85.08,71.32,0.5118,-1,-1,-1
663,45,806.86,143.31,57.98,175.11,0.4411,-1,-1,-1
663,66,1562.59,601.20,112.27,226.13,0.3627,-1,-1,-1
663,78,1616.42,164.99,73.21,174.80,0.6118,-1,-1,-1
663,92,320.99,334.02,68.22,203.86,0.7133,-1,-1,-1
663,117,473.08,121.06,58.21,167.69,0.2733,-1,-1,-1
663,122,1342.50,910.76,86.60,167.08,0.6773,-1,-1,-1
663,124,1422.71,896.11,97.39,183.79,0.6310,-1,-1,-1
663,126,429.72,132.19,44.98,147.80,0.3369,-1,-1,-1
664,2,434.20,527.91,67.32,241.20,0.7950,-1,-1,-1
664,3,872.12,929.49,64.30,148.45,0.6792,-1,-1,-1
664,4,1717.69,452.69,82.41,213.34,0.7242,-1,-1,-1
664,17,1108.97,1000.54,64.55,78.42,0.5266,-1,-1,-1
664,32,1193.91,1009.68,83.56,69.92,0.4530,-1,-1,-1
664,45,805.45,143.15,58.71,175.31,0.4367,-1,-1,-1
664,66,1558.74,616.01,112.25,214.13,0.3136,-1,-1,-1
664,78,1617.01,164.06,73.30,179.37,0.6239,-1,-1,-1
664,92,320.47,334.94,67.89,202.90,0.7024,-1,-1,-1
664,117,474.32,122.04,57.97,166.70,0.2768,-1,-1,-1
664,122,1340.87,907.37,85.35,171.31,0.6345,-1,-1,-1
664,124,1421.86,892.77,93.99,187.18,0.6118,-1,-1,-1
664,126,431.18,130.24,43.87,149.50,0.3139,-1,-1,-1
665,2,431.48,526.40,62.74,244.12,0.7412,-1,-1,-1
665,3,869.05,930.73,65.42,148.20,0.6770,-1,-1,-1
665,4,1718.19,452.35,81.98,213.16,0.7311,-1,-1,-1
665,17,1105.79,1001.90,77.26,77.76,0.5647,-1,-1,-1
665,32,1195.77,1012.65,72.19,67.41,0.4620,-1,-1,-1
665,45,807.17,143.29,57.28,175.11,0.4689,-1,-1,-1
665,66,1561.20,600.05,111.68,225.15,0.3376,-1,-1,-1
665,78,1618.47,162.48,72.23,183.71,0.5983,-1,-1,-1
665,92,317.48,334.36,69.78,203.47,0.6933,-1,-1,-1
665,117,474.51,121.25,56.79,168.09,0.3006,-1,-1,-1
665,122,1338.76,904.12,82.20,174.21,0.6458,-1,-1,-1
665,124,1419.05,886.40,94.69,193.42,0.6331,-1,-1,-1
665,126,432.21,129.06,42.38,150.87,0.3344,-1,-1,-1
666,2,428.47,526.77,63.02,247.36,0.7486,-1,-1,-1
666,3,867.19,930.18,65.90,148.12,0.6921,-1,-1,-1
666,4,1717.85,451.99,81.59,214.27,0.7035,-1,-1,-1
666,17,1104.18,1004.76,79.16,74.49,0.5718,-1,-1,-1
666,32,1195.05,1014.72,70.51,65.29,0.4918,-1,-1,-1
666,45,807.67,143.11,56.48,173.50,0.4477,-1,-1,-1
666,66,1559.46,600.23,115.35,227.05,0.3482,-1,-1,-1
666,78,1619.10,160.79,72.21,183.77,0.6027,-1,-1,-1
666,92,313.21,335.55,73.40,204.01,0.6671,-1,-1,-1
666,117,475.44,119.38,56.69,169.60,0.2831,-1,-1,-1
666,122,1334.12,902.95,82.07,175.28,0.6544,-1,-1,-1
666,124,1413.37,882.51,101.62,197.44,0.6379,-1,-1,-1
666,126,431.48,130.36,44.17,149.97,0.3163,-1,-1,-1
667,2,425.95,526.39,63.12,248.15,0.7489,-1,-1,-1
667,3,864.54,929.94,66.13,148.41,0.6822,-1,-1,-1
667,4,1716.94,452.77,82.76,214.12,0.6906,-1,-1,-1
667,17,1103.52,1007.15,69.96,71.21,0.5423,-1,-1,-1
667,32,1196.16,1017.37,66.63,62.67,0.5318,-1,-1,-1
667,45,807.12,144.57,57.08,173.25,0.4467,-1,-1,-1
667,66,1559.57,600.80,114.65,226.62,0.4123,-1,-1,-1
667,78,1620.30,159.32,71.79,184.40,0.6088,-1,-1,-1
667,92,308.46,338.43,78.85,203.51,0.7004,-1,-1,-1
667,117,477.45,124.99,54.44,164.36,0.3127,-1,-1,-1
667,122,1331.86,899.95,81.38,179.16,0.6566,-1,-1,-1
667,124,1408.44,880.30,98.84,199.73,0.6910,-1,-1,-1
667,126,431.46,131.79,44.62,149.27,0.3333,-1,-1,-1
668,2,422.78,527.03,64.34,245.15,0.7639,-1,-1,-1
668,3,862.52,929.29,66.34,148.85,0.6855,-1,-1,-1
668,4,1717.06,452.64,83.76,213.92,0.7193,-1,-1,-1
668,17,1103.73,1009.92,70.06,67.70,0.5558,-1,-1,-1
668,32,1195.94,1020.14,62.65,59.57,0.5502,-1,-1,-1
668,45,808.41,143.27,55.64,173.42,0.4551,-1,-1,-1
668,66,1559.75,601.89,114.55,225.79,0.3739,-1,-1,-1
668,78,1622.08,156.38,72.14,183.25,0.5972,-1,-1,-1
668,92,310.62,341.53,75.97,204.59,0.6949,-1,-1,-1
668,117,479.09,122.88,51.81,165.95,0.3390,-1,-1,-1
668,119,225.15,238.73,57.04,168.19,0.2831,-1,-1,-1
668,122,1330.72,899.07,82.04,179.88,0.6529,-1,-1,-1
668,124,1406.55,876.56,98.50,203.42,0.6835,-1,-1,-1
668,126,431.73,131.32,43.93,150.46,0.2867,-1,-1,-1
669,2,416.89,527.38,69.70,246.18,0.7529,-1,-1,-1
669,3,859.33,930.22,67.46,148.40,0.6616,-1,-1,-1
669,4,1718.04,451.68,82.46,215.84,0.6918,-1,-1,-1
669,17,1105.02,1013.00,59.50,63.79,0.4855,-1,-1,-1
669,32,1195.99,1025.03,60.53,54.90,0.4720,-1,-1,-1
669,45,807.41,144.74,56.83,173.01,0.4370,-1,-1,-1
669,66,1559.98,601.66,114.67,225.81,0.3712,-1,-1,-1
669,78,1622.59,153.27,72.44,184.48,0.6090,-1,-1,-1
669,92,311.73,345.67,75.07,204.08,0.7198,-1,-1,-1
669,117,479.08,124.35,54.10,164.04,0.3510,-1,-1,-1
669,119,225.62,234.79,59.41,171.51,0.2998,-1,-1,-1
669,122,1329.62,898.26,80.37,180.46,0.6969,-1,-1,-1
669,124,1404.53,874.78,98.59,205.26,0.7225,-1,-1,-1
669,126,431.55,132.63,44.17,148.95,0.2756,-1,-1,-1
670,2,409.35,527.78,76.08,245.25,0.7724,-1,-1,-1
670,3,857.71,929.42,67.85,149.35,0.6725,-1,-1,-1
670,4,1716.70,452.29,84.42,214.47,0.7116,-1,-1,-1
670,17,1104.89,1016.34,63.69,60.50,0.4960,-1,-1,-1
670,32,1196.61,1028.39,57.53,50.69,0.4267,-1,-1,-1
670,45,805.92,144.98,58.25,174.02,0.4435,-1,-1,-1
670,66,1562.23,599.67,111.03,226.52,0.3741,-1,-1,-1
670,78,1624.19,153.03,71.70,184.07,0.6187,-1,-1,-1
670,92,312.06,346.66,73.27,205.78,0.7317,-1,-1,-1
670,117,479.16,117.00,54.53,170.84,0.3407,-1,-1,-1
670,119,225.50,232.82,63.62,171.92,0.2576,-1,-1,-1
670,120,554.54,122.77,57.85,159.45,0.2014,-1,-1,-1
670,122,1326.92,896.71,80.17,182.27,0.7185,-1,-1,-1
670,124,1401.40,871.05,102.82,208.92,0.6842,-1,-1,-1
670,126,430.98,134.90,43.41,146.67,0.2977,-1,-1,-1
670,132,615.15,773.17,64.16,147.54,0.2153,-1,-1,-1
671,2,405.49,527.56,78.56,245.47,0.7841,-1,-1,-1
671,3,855.76,930.18,68.22,148.47,0.6824,-1,-1,-1
671,4,1716.54,452.87,85.18,214.03,0.7184,-1,-1,-1
671,17,1103.88,1020.29,52.96,57.25,0.5080,-1,-1,-1
671,32,1197.62,1032.22,51.35,47.41,0.3896,-1,-1,-1
671,45,806.69,144.51,57.40,174.16,0.4935,-1,-1,-1
671,66,1561.69,601.53,113.70,226.16,0.3870,-1,-1,-1
671,78,1625.51,152.08,70.28,182.07,0.6132,-1,-1,-1
671,92,311.65,347.63,73.28,208.81,0.7609,-1,-1,-1
671,117,478.39,117.38,56.15,171.33,0.3780,-1,-1,-1
671,119,227.39,232.85,60.12,169.11,0.2688,-1,-1,-1
671,122,1325.12,895.71,78.20,183.30,0.7117,-1,-1,-1
671,124,1400.79,866.32,101.10,213.38,0.6965,-1,-1,-1
671,126,429.92,134.86,43.82,148.88,0.2852,-1,-1,-1
672,2,402.83,528.83,80.64,243.75,0.7844,-1,-1,-1
672,3,854.82,928.99,66.99,149.30,0.6772,-1,-1,-1
672,4,1716.72,451.69,84.27,214.72,0.7012,-1,-1,-1
672,17,1106.53,1025.04,47.68,53.87,0.4834,-1,-1,-1
672,32,1197.44,1034.47,48.58,45.27,0.3767,-1,-1,-1
672,45,806.27,143.76,57.60,175.76,0.4723,-1,-1,-1
672,66,1560.29,599.66,113.95,227.71,0.3498,-1,-1,-1
672,78,1627.18,156.18,68.27,175.19,0.5864,-1,-1,-1
672,92,312.02,348.71,72.08,207.52,0.7640,-1,-1,-1
672,117,480.04,124.47,52.97,165.51,0.3221,-1,-1,-1
672,119,227.72,233.84,60.81,169.12,0.3015,-1,-1,-1
672,122,1318.96,894.81,82.37,184.93,0.7352,-1,-1,-1
672,124,1401.26,861.79,100.02,218.16,0.7249,-1,-1,-1
672,126,429.97,135.62,45.28,151.25,0.3661,-1,-1,-1
672,133,684.94,211.54,66.27,122.98,0.2106,-1,-1,-1
673,2,400.85,530.73,82.31,242.85,0.7853,-1,-1,-1
673,3,854.02,929.90,66.13,149.33,0.6839,-1,-1,-1
673,4,1716.26,452.74,86.02,214.69,0.7240,-1,-1,-1
673,17,1108.26,1029.56,44.86,50.18,0.4292,-1,-1,-1
673,32,1197.26,1035.87,43.87,43.80,0.3747,-1,-1,-1
673,45,807.78,144.03,56.14,175.54,0.4735,-1,-1,-1
673,66,1560.61,600.34,111.99,226.75,0.3479,-1,-1,-1
673,78,1627.54,156.39,67.76,175.45,0.5817,-1,-1,-1
673,92,312.16,350.96,71.36,207.85,0.7731,-1,-1,-1
673,117,480.63,127.77,52.68,164.11,0.3688,-1,-1,-1
673,119,228.46,233.82,59.69,172.70,0.3570,-1,-1,-1
673,122,1316.45,892.08,82.20,187.89,0.7126,-1,-1,-1
673,124,1402.72,861.23,94.57,218.88,0.6954,-1,-1,-1
673,126,428.63,135.08,45.40,152.94,0.3590,-1,-1,-1
673,132,615.07,772.64,63.97,146.44,0.2352,-1,-1,-1
674,2,397.76,530.58,84.74,243.53,0.7803,-1,-1,-1
674,3,851.47,929.09,65.48,150.57,0.6877,-1,-1,-1
674,4,1715.68,452.47,87.85,215.06,0.7288,-1,-1,-1
674,17,1109.31,1031.41,42.44,48.46,0.4070,-1,-1,-1
674,32,1196.79,1036.91,42.68,42.88,0.3233,-1,-1,-1
674,45,807.16,144.47,56.84,174.92,0.4542,-1,-1,-1
674,66,1564.67,600.13,103.37,226.80,0.4045,-1,-1,-1
674,78,1627.87,156.44,67.39,173.59,0.5266,-1,-1,-1
674,92,311.37,351.54,72.26,209.07,0.7623,-1,-1,-1
674,117,479.61,128.73,52.50,166.51,0.4262,-1,-1,-1
674,119,228.58,232.02,62.95,173.82,0.2815,-1,-1,-1
674,122,1312.75,888.87,82.41,190.98,0.7241,-1,-1,-1
674,124,1400.57,859.28,92.16,220.80,0.5757,-1,-1,-1
674,126,429.21,134.54,45.44,154.99,0.3407,-1,-1,-1
674,134,745.23,46.66,55.39,173.06,0.2192,-1,-1,-1
675,2,393.82,528.75,88.63,245.55,0.7805,-1,-1,-1
675,3,851.56,930.43,62.70,149.62,0.6769,-1,-1,-1
675,4,1715.64,452.36,87.62,213.62,0.7075,-1,-1,-1
675,17,1109.07,1035.72,42.02,44.42,0.3496,-1,-1,-1
675,32,1195.97,1041.34,43.91,38.86,0.3309,-1,-1,-1
675,45,806.48,144.41,57.74,175.40,0.4897,-1,-1,-1
675,66,1559.90,614.60,112.30,215.59,0.4174,-1,-1,-1
675,78,1627.60,155.10,67.10,176.55,0.5536,-1,-1,-1
675,92,312.35,353.01,71.68,210.20,0.7542,-1,-1,-1
675,117,479.35,127.27,53.58,171.11,0.4550,-1,-1,-1
675,119,230.34,231.02,63.36,176.92,0.3169,-1,-1,-1
675,122,1305.44,886.11,85.38,193.35,0.7491,-1,-1,-1
675,124,1392.82,862.52,107.29,217.92,0.5512,-1,-1,-1
675,126,429.86,134.59,45.32,158.01,0.3548,-1,-1,-1
675,134,745.10,47.86,56.89,175.62,0.2341,-1,-1,-1
676,2,390.12,530.81,91.90,244.11,0.7884,-1,-1,-1
676,3,849.76,930.75,61.57,149.27,0.6688,-1,-1,-1
676,4,1716.67,453.26,86.40,212.81,0.7218,-1,-1,-1
676,17,1109.41,1038.87,40.94,41.15,0.2543,-1,-1,-1
676,32,1195.89,1043.15,44.88,36.79,0.3315,-1,-1,-1
676,45,807.55,144.82,56.65,174.80,0.4143,-1,-1,-1
676,66,1559.84,630.04,109.79,200.67,0.2794,-1,-1,-1
676,78,1627.70,155.10,66.18,180.32,0.5776,-1,-1,-1
676,92,312.23,355.28,70.75,208.98,0.7454,-1,-1,-1
676,117,480.35,128.77,55.29,171.72,0.4912,-1,-1,-1
676,119,232.41,232.58,66.70,172.51,0.2951,-1,-1,-1
676,122,1302.30,883.03,84.32,196.94,0.7676,-1,-1,-1
676,124,1381.07,862.11,107.08,218.01,0.6212,-1,-1,-1
676,126,427.74,140.01,48.53,153.88,0.3064,-1,-1,-1
676,132,614.74,773.66,64.18,143.55,0.3070,-1,-1,-1
676,133,682.29,212.63,70.48,137.80,0.2176,-1,-1,-1
677,2,383.54,530.93,97.48,244.23,0.7917,-1,-1,-1
677,3,848.23,930.43,62.28,149.37,0.6737,-1,-1,-1
677,4,1716.10,453.13,87.19,213.46,0.7143,-1,-1,-1
677,17,1109.05,1041.75,40.84,38.01,0.2345,-1,-1,-1
677,32,1195.83,1045.15,47.28,34.79,0.3248,-1,-1,-1
677,45,806.09,145.41,57.44,173.15,0.4297,-1,-1,-1
677,66,1562.95,605.08,106.39,219.51,0.2732,-1,-1,-1
677,78,1627.11,155.01,65.61,177.01,0.5587,-1,-1,-1
677,92,311.72,355.11,72.08,209.25,0.7476,-1,-1,-1
677,117,479.04,129.75,56.30,173.66,0.4844,-1,-1,-1
677,119,233.25,229.57,65.31,176.18,0.3670,-1,-1,-1
677,122,1299.78,879.05,84.94,199.62,0.7784,-1,-1,-1
677,124,1373.59,859.70,105.98,220.30,0.6714,-1,-1,-1
677,126,426.11,141.59,48.43,153.93,0.3251,-1,-1,-1
678,2,378.09,531.52,103.10,243.52,0.7878,-1,-1,-1
678,3,846.87,929.19,62.78,150.33,0.6769,-1,-1,-1
678,4,1716.34,453.29,86.99,213.68,0.6954,-1,-1,-1
678,17,1108.05,1043.03,41.11,36.27,0.2336,-1,-1,-1
678,32,1194.48,1047.73,50.20,32.29,0.3040,-1,-1,-1
678,45,806.75,144.82,56.96,173.26,0.4282,-1,-1,-1
678,66,1558.19,623.92,111.71,206.78,0.3291,-1,-1,-1
678,78,1624.80,156.43,67.34,173.78,0.5427,-1,-1,-1
678,92,311.86,356.59,71.60,209.03,0.7366,-1,-1,-1
678,117,480.11,130.60,56.27,173.62,0.4876,-1,-1,-1
678,119,235.41,232.91,58.70,172.52,0.3672,-1,-1,-1
678,122,1292.18,876.50,87.15,203.47,0.7793,-1,-1,-1
678,124,1370.11,859.85,107.83,220.26,0.6392,-1,-1,-1
678,126,425.86,142.99,49.19,152.39,0.2872,-1,-1,-1
678,134,745.59,48.64,54.40,178.71,0.2091,-1,-1,-1
679,2,372.14,531.20,107.88,243.92,0.7833,-1,-1,-1
679,3,844.71,927.00,65.73,152.92,0.6987,-1,-1,-1
679,4,1715.82,452.36,86.03,212.71,0.6974,-1,-1,-1
679,17,1106.82,1044.89,41.80,34.31,0.2600,-1,-1,-1
679,32,1195.24,1049.20,51.51,30.70,0.2832,-1,-1,-1
679,45,806.15,145.17,57.19,173.31,0.4374,-1,-1,-1
679,66,1562.48,601.54,109.61,224.26,0.4390,-1,-1,-1
679,78,1624.84,156.90,66.68,173.40,0.5750,-1,-1,-1
679,92,312.47,355.72,69.25,209.76,0.7165,-1,-1,-1
679,117,480.89,131.75,54.98,173.41,0.5008,-1,-1,-1
679,119,236.74,234.01,57.31,169.06,0.3823,-1,-1,-1
679,122,1287.47,873.86,89.76,206.14,0.7921,-1,-1,-1
679,124,1371.07,858.20,104.06,221.82,0.6322,-1,-1,-1
679,126,425.21,145.15,49.92,150.23,0.2612,-1,-1,-1
679,133,682.31,214.34,72.75,134.15,0.2166,-1,-1,-1
680,2,367.69,530.34,110.58,244.87,0.7839,-1,-1,-1
680,3,844.34,927.47,63.79,152.55,0.7238,-1,-1,-1
680,4,1716.02,453.21,87.57,213.62,0.7333,-1,-1,-1
680,17,1105.67,1046.47,40.80,33.31,0.2695,-1,-1,-1
680,32,1195.16,1050.68,50.37,29.21,0.2402,-1,-1,-1
680,45,806.13,145.32,56.13,173.56,0.4564,-1,-1,-1
680,66,1558.62,622.56,111.43,208.53,0.3301,-1,-1,-1
680,78,1624.59,155.17,66.56,172.89,0.5949,-1,-1,-1
680,92,310.94,356.56,71.50,207.87,0.7213,-1,-1,-1
680,117,479.17,132.90,57.79,173.25,0.4911,-1,-1,-1
680,119,238.39,233.16,55.44,167.45,0.3308,-1,-1,-1
680,122,1285.25,870.98,88.56,209.01,0.7659,-1,-1,-1
680,124,1368.26,857.36,100.66,222.68,0.6487,-1,-1,-1
680,133,681.46,213.84,73.84,133.73,0.2172,-1,-1,-1
680,134,745.50,48.82,54.52,180.69,0.2237,-1,-1,-1
681,2,359.27,530.61,118.32,244.76,0.8076,-1,-1,-1
681,3,841.69,925.69,68.23,153.64,0.7221,-1,-1,-1
681,4,1717.16,453.31,86.23,213.23,0.7223,-1,-1,-1
681,17,1104.60,1047.33,41.03,32.43,0.2732,-1,-1,-1
681,45,808.56,145.14,53.78,172.09,0.4510,-1,-1,-1
681,66,1559.40,625.16,110.65,204.04,0.3399,-1,-1,-1
681,78,1623.47,156.78,66.06,171.83,0.6195,-1,-1,-1
681,92,311.89,356.81,70.62,206.94,0.7009,-1,-1,-1
681,117,479.05,132.21,57.22,174.44,0.4729,-1,-1,-1
681,119,239.50,233.57,55.35,165.14,0.3938,-1,-1,-1
681,122,1279.67,868.25,89.95,211.15,0.7390,-1,-1,-1
681,124,1369.80,854.17,94.95,225.78,0.6775,-1,-1,-1
682,2,357.91,530.55,119.74,244.01,0.8021,-1,-1,-1
682,3,838.62,924.16,71.23,155.20,0.7316,-1,-1,-1
682,4,1716.54,453.35,86.25,213.66,0.7337,-1,-1,-1
682,17,1103.14,1048.57,40.66,31.23,0.2519,-1,-1,-1
682,45,807.08,144.69,54.50,173.39,0.4267,-1,-1,-1
682,66,1563.00,606.57,106.51,218.72,0.3269,-1,-1,-1
682,78,1622.85,157.73,66.42,172.10,0.5921,-1,-1,-1
682,92,310.16,357.78,72.57,207.15,0.7161,-1,-1,-1
682,117,479.16,131.77,58.07,174.40,0.4530,-1,-1,-1
682,119,238.38,232.00,60.62,169.23,0.3099,-1,-1,-1
682,122,1277.32,865.34,90.38,214.25,0.7602,-1,-1,-1
682,124,1371.45,850.33,90.28,229.61,0.7165,-1,-1,-1
682,126,426.67,145.18,46.15,150.01,0.2211,-1,-1,-1
683,2,353.71,530.37,122.68,244.90,0.7990,-1,-1,-1
683,3,836.13,924.16,73.44,155.32,0.7299,-1,-1,-1
683,4,1716.88,453.95,86.42,213.10,0.7292,-1,-1,-1
683,17,1101.61,1050.57,39.17,29.41,0.2105,-1,-1,-1
683,45,809.00,145.07,53.00,171.90,0.4333,-1,-1,-1
683,66,1562.62,604.05,110.35,223.12,0.3685,-1,-1,-1
683,78,1621.69,155.77,65.52,176.41,0.5821,-1,-1,-1
683,92,310.62,356.98,70.84,207.44,0.7235,-1,-1,-1
683,117,480.66,131.02,55.88,175.56,0.4421,-1,-1,-1
683,119,240.55,229.90,58.81,171.89,0.2712,-1,-1,-1
683,122,1271.76,863.83,93.83,215.70,0.7657,-1,-1,-1
683,124,1367.41,844.78,90.91,235.11,0.7200,-1,-1,-1
683,126,427.42,145.20,45.26,149.84,0.2633,-1,-1,-1
683,132,615.86,773.70,62.86,146.07,0.2169,-1,-1,-1
684,2,353.25,527.50,120.43,247.60,0.7919,-1,-1,-1
684,3,834.00,923.39,75.16,156.09,0.7288,-1,-1,-1
684,4,1716.04,453.20,85.85,214.14,0.7215,-1,-1,-1
684,45,806.85,145.16,54.32,173.37,0.4345,-1,-1,-1
684,66,1559.44,617.69,110.11,212.90,0.3502,-1,-1,-1
684,78,1620.58,155.45,64.53,178.05,0.5965,-1,-1,-1
684,92,309.98,357.67,70.35,206.89,0.7255,-1,-1,-1
684,117,481.47,134.81,56.06,171.69,0.4309,-1,-1,-1
684,119,242.36,224.18,56.04,176.36,0.2159,-1,-1,-1
684,122,1267.05,861.83,95.69,215.98,0.7918,-1,-1,-1
684,124,1359.79,840.12,94.32,239.82,0.7317,-1,-1,-1
684,126,426.41,143.20,46.37,152.35,0.3512,-1,-1,-1
684,132,615.63,774.67,63.50,145.56,0.2026,-1,-1,-1
685,2,352.30,527.63,119.46,248.62,0.7992,-1,-1,-1
685,3,829.40,923.47,79.50,156.05,0.7385,-1,-1,-1
685,4,1715.71,452.44,85.07,214.59,0.7309,-1,-1,-1
685,45,808.02,145.08,52.86,172.39,0.3881,-1,-1,-1
685,66,1563.21,604.28,107.33,222.75,0.3975,-1,-1,-1
685,78,1620.32,154.08,63.59,181.65,0.5808,-1,-1,-1
685,92,310.07,359.54,69.76,206.61,0.7175,-1,-1,-1
685,117,479.78,135.73,58.01,170.79,0.4348,-1,-1,-1
685,119,243.61,223.42,56.27,177.34,0.2320,-1,-1,-1
685,122,1266.64,860.12,92.45,216.98,0.7933,-1,-1,-1
685,124,1358.85,838.01,91.81,242.01,0.7480,-1,-1,-1
685,126,425.75,146.89,47.42,149.36,0.2736,-1,-1,-1
686,2,352.46,528.80,115.88,247.80,0.8013,-1,-1,-1
686,3,828.65,922.23,80.45,156.36,0.7462,-1,-1,-1
686,4,1715.50,451.56,86.21,215.17,0.7414,-1,-1,-1
686,45,807.37,145.03,52.79,171.88,0.3847,-1,-1,-1
686,66,1559.97,617.77,110.39,213.30,0.3635,-1,-1,-1
686,78,1618.76,151.80,65.01,181.68,0.5283,-1,-1,-1
686,92,309.53,362.96,68.09,206.85,0.7147,-1,-1,-1
686,117,480.48,136.21,56.39,170.17,0.4779,-1,-1,-1
686,119,244.87,224.26,57.14,176.28,0.2026,-1,-1,-1
686,122,1264.46,857.81,93.85,220.28,0.7984,-1,-1,-1
686,124,1356.67,832.57,91.53,246.54,0.7478,-1,-1,-1
686,126,424.63,144.21,48.72,154.46,0.3574,-1,-1,-1
687,2,353.17,529.35,109.02,248.22,0.7973,-1,-1,-1
687,3,827.45,922.89,81.16,156.08,0.7359,-1,-1,-1
687,4,1715.91,451.93,86.41,214.03,0.7513,-1,-1,-1
687,45,808.43,144.69,51.32,171.19,0.3764,-1,-1,-1
687,66,1561.30,602.86,109.98,223.87,0.3998,-1,-1,-1
687,78,1617.67,149.92,63.86,182.22,0.5460,-1,-1,-1
687,92,310.25,366.63,66.56,206.79,0.7036,-1,-1,-1
687,117,479.21,134.28,59.20,171.15,0.5041,-1,-1,-1
687,119,244.60,222.95,58.22,176.50,0.2379,-1,-1,-1
687,122,1262.42,856.30,90.90,223.67,0.7740,-1,-1,-1
687,124,1352.55,830.15,91.84,249.35,0.7660,-1,-1,-1
687,126,425.60,147.74,47.59,151.28,0.3769,-1,-1,-1
687,132,615.14,774.74,63.52,144.46,0.2507,-1,-1,-1
688,2,354.03,528.86,104.98,249.19,0.8142,-1,-1,-1
688,3,824.69,923.30,83.60,155.58,0.7330,-1,-1,-1
688,4,1715.52,453.05,87.85,214.36,0.7595,-1,-1,-1
688,45,807.32,143.60,52.14,171.81,0.3866,-1,-1,-1
688,66,1560.19,613.20,110.38,216.96,0.4257,-1,-1,-1
688,78,1614.49,147.14,64.80,176.45,0.5623,-1,-1,-1
688,92,310.48,368.98,65.58,206.96,0.7051,-1,-1,-1
688,117,481.01,134.80,57.06,171.21,0.4967,-1,-1,-1
688,122,1261.94,853.62,88.02,226.37,0.7834,-1,-1,-1
688,124,1348.32,830.58,91.53,249.47,0.7925,-1,-1,-1
688,126,427.83,148.32,45.41,151.55,0.2575,-1,-1,-1
689,2,356.72,529.73,101.10,248.32,0.8142,-1,-1,-1
689,3,822.68,924.04,84.58,154.88,0.7298,-1,-1,-1
689,4,1715.25,451.88,85.95,215.19,0.7507,-1,-1,-1
689,45,807.46,143.12,51.09,172.11,0.3377,-1,-1,-1
689,66,1558.82,610.68,110.94,218.96,0.4342,-1,-1,-1
689,78,1614.37,144.68,64.90,177.62,0.5730,-1,-1,-1
689,92,310.88,369.73,63.82,206.09,0.7081,-1,-1,-1
689,117,481.69,133.53,56.96,172.50,0.5123,-1,-1,-1
689,122,1259.85,851.02,86.40,228.97,0.7736,-1,-1,-1
689,124,1344.89,827.52,94.28,252.47,0.7887,-1,-1,-1
689,126,426.67,146.48,47.16,155.41,0.3404,-1,-1,-1
689,132,615.44,774.25,63.54,146.70,0.2704,-1,-1,-1
690,2,359.45,529.13,95.94,250.27,0.8185,-1,-1,-1
690,3,822.36,925.72,85.68,152.52,0.7432,-1,-1,-1
690,4,1715.87,450.98,87.01,217.18,0.7235,-1,-1,-1
690,45,805.54,140.96,50.57,171.40,0.3151,-1,-1,-1
690,66,1561.90,598.83,111.92,227.42,0.4486,-1,-1,-1
690,78,1612.74,143.37,65.48,178.43,0.5979,-1,-1,-1
690,92,310.47,372.71,63.02,207.44,0.6978,-1,-1,-1
690,117,481.00,133.01,57.52,174.12,0.4926,-1,-1,-1
690,122,1258.32,848.13,86.99,231.86,0.7172,-1,-1,-1
690,124,1340.75,824.29,92.82,255.69,0.7700,-1,-1,-1
690,126,426.71,149.18,47.25,154.88,0.3716,-1,-1,-1
690,132,615.24,774.20,64.42,145.96,0.2794,-1,-1,-1
691,2,365.39,531.45,88.51,249.07,0.8251,-1,-1,-1
691,3,823.38,926.18,84.17,151.64,0.7376,-1,-1,-1
691,4,1715.81,451.18,86.19,216.76,0.7427,-1,-1,-1
691,45,803.98,140.50,51.59,170.90,0.3570,-1,-1,-1
691,66,1561.16,605.09,110.23,224.80,0.4821,-1,-1,-1
691,78,1610.63,141.51,65.07,178.93,0.6285,-1,-1,-1
691,92,309.68,375.29,63.55,207.63,0.7128,-1,-1,-1
691,117,479.39,133.69,59.42,177.11,0.5015,-1,-1,-1
691,122,1257.38,845.25,85.10,233.41,0.7869,-1,-1,-1
691,124,1335.02,823.90,97.56,256.14,0.7780,-1,-1,-1
691,126,426.43,148.05,47.53,158.03,0.4187,-1,-1,-1
691,132,615.48,773.51,63.74,147.01,0.2889,-1,-1,-1
692,2,369.92,533.81,83.82,249.03,0.8097,-1,-1,-1
692,3,823.25,928.15,83.63,148.57,0.7428,-1,-1,-1
692,4,1716.26,452.80,87.20,214.89,0.7354,-1,-1,-1
692,45,805.51,141.54,51.09,173.07,0.3689,-1,-1,-1
692,66,1559.90,610.05,112.31,220.01,0.4323,-1,-1,-1
692,78,1609.05,140.57,66.08,179.28,0.6440,-1,-1,-1
692,92,308.55,374.40,64.32,211.48,0.7259,-1,-1,-1
692,117,480.93,134.88,58.23,180.21,0.5279,-1,-1,-1
692,122,1256.53,841.88,83.05,235.85,0.7927,-1,-1,-1
692,124,1332.30,823.24,96.21,256.80,0.7613,-1,-1,-1
692,126,427.33,150.96,46.79,157.36,0.4706,-1,-1,-1
693,2,374.03,534.55,78.64,250.52,0.8106,-1,-1,-1
693,3,823.99,928.20,82.69,148.60,0.7414,-1,-1,-1
693,4,1716.20,451.25,86.24,216.41,0.7278,-1,-1,-1
693,45,805.21,141.53,50.78,173.09,0.3728,-1,-1,-1
693,66,1562.23,602.47,111.68,224.62,0.4874,-1,-1,-1
693,78,1608.29,138.45,65.70,178.75,0.6539,-1,-1,-1
693,92,307.38,374.04,64.12,214.61,0.7123,-1,-1,-1
693,117,481.33,137.62,56.97,179.70,0.5000,-1,-1,-1
693,119,251.46,218.95,57.08,177.46,0.2022,-1,-1,-1
693,122,1254.14,838.35,82.03,241.44,0.8193,-1,-1,-1
693,124,1330.08,820.85,93.92,259.15,0.7650,-1,-1,-1
693,126,427.61,154.86,46.57,154.91,0.4513,-1,-1,-1
693,132,615.41,771.08,63.70,150.52,0.2695,-1,-1,-1
694,2,377.93,535.12,75.17,249.22,0.8162,-1,-1,-1
694,3,822.97,928.70,85.07,148.14,0.7643,-1,-1,-1
694,4,1715.76,451.59,87.29,217.36,0.7408,-1,-1,-1
694,45,806.08,137.41,49.46,175.40,0.3466,-1,-1,-1
694,66,1562.58,601.11,111.43,226.16,0.5133,-1,-1,-1
694,78,1606.34,136.11,66.44,178.95,0.6358,-1,-1,-1
694,92,305.84,374.68,65.36,215.30,0.7012,-1,-1,-1
694,117,480.76,139.99,57.35,178.68,0.5145,-1,-1,-1
694,122,1252.56,834.75,81.01,244.21,0.8152,-1,-1,-1
694,124,1327.84,819.27,94.04,260.74,0.7696,-1,-1,-1
694,126,427.31,154.96,47.16,155.74,0.4813,-1,-1,-1
694,132,615.65,770.14,64.03,152.10,0.2280,-1,-1,-1
694,137,294.11,217.96,59.50,167.66,0.2072,-1,-1,-1
695,2,380.09,535.10,72.35,249.91,0.8107,-1,-1,-1
695,3,822.87,930.80,85.63,146.74,0.7508,-1,-1,-1
695,4,1717.04,452.37,86.13,215.45,0.7250,-1,-1,-1
695,45,805.17,137.56,48.90,175.52,0.3685,-1,-1,-1
695,66,1562.33,600.21,111.17,227.52,0.4161,-1,-1,-1
695,78,1606.59,135.58,65.58,178.68,0.6262,-1,-1,-1
695,92,305.51,374.39,65.47,215.28,0.6685,-1,-1,-1
695,117,480.13,142.33,59.28,177.35,0.5292,-1,-1,-1
695,122,1249.78,831.26,80.95,246.85,0.7879,-1,-1,-1
695,124,1327.85,817.99,92.72,261.89,0.7506,-1,-1,-1
695,126,428.41,155.57,45.91,154.60,0.4025,-1,-1,-1
696,2,381.79,535.25,69.44,250.90,0.8033,-1,-1,-1
696,3,823.76,931.61,84.65,146.56,0.7362,-1,-1,-1
696,4,1717.25,452.13,86.26,214.75,0.7121,-1,-1,-1
696,45,805.06,137.53,48.46,174.92,0.3326,-1,-1,-1
696,66,1561.38,601.21,112.89,225.81,0.4101,-1,-1,-1
696,78,1605.37,134.80,65.64,179.88,0.6085,-1,-1,-1
696,92,302.84,375.15,68.10,214.27,0.6307,-1,-1,-1
696,117,481.47,147.17,57.67,172.86,0.5435,-1,-1,-1
696,122,1244.62,830.02,81.83,247.75,0.7854,-1,-1,-1
696,124,1325.74,815.48,92.70,264.51,0.7606,-1,-1,-1
696,126,427.39,157.67,47.11,151.71,0.3949,-1,-1,-1
697,2,382.44,536.54,68.68,249.99,0.7917,-1,-1,-1
697,3,825.07,932.86,83.86,145.42,0.7466,-1,-1,-1
697,4,1716.44,452.65,87.22,214.77,0.7063,-1,-1,-1
697,45,804.21,138.91,47.59,176.49,0.3462,-1,-1,-1
697,66,1561.55,601.59,111.68,224.80,0.3984,-1,-1,-1
697,78,1602.09,135.19,68.21,178.34,0.5423,-1,-1,-1
697,92,299.42,375.67,71.27,214.50,0.6342,-1,-1,-1
697,117,480.01,149.58,59.06,171.84,0.5420,-1,-1,-1
697,119,255.11,215.56,51.51,180.31,0.2029,-1,-1,-1
697,122,1241.97,828.64,82.25,249.61,0.7652,-1,-1,-1
697,124,1321.77,812.37,94.94,267.61,0.7814,-1,-1,-1
697,126,428.23,157.43,47.22,152.45,0.4390,-1,-1,-1
698,2,383.65,537.36,67.82,248.68,0.7945,-1,-1,-1
698,3,826.76,931.63,82.54,146.90,0.7636,-1,-1,-1
698,4,1717.55,452.42,85.74,214.66,0.7343,-1,-1,-1
698,45,805.44,137.38,46.04,176.39,0.3698,-1,-1,-1
698,66,1559.50,609.42,113.62,219.43,0.4347,-1,-1,-1
698,78,1602.42,134.82,67.84,178.15,0.5165,-1,-1,-1
698,92,298.89,376.16,71.86,213.79,0.6184,-1,-1,-1
698,117,479.96,150.65,57.91,170.81,0.5204,-1,-1,-1
698,119,255.84,220.99,52.33,172.52,0.2557,-1,-1,-1
698,122,1238.25,827.72,82.58,250.12,0.7704,-1,-1,-1
698,124,1318.25,809.62,95.90,270.37,0.7908,-1,-1,-1
698,126,427.32,155.64,48.11,154.27,0.4190,-1,-1,-1
699,2,384.20,537.56,65.37,248.05,0.7799,-1,-1,-1
699,3,827.10,932.33,82.98,146.29,0.7645,-1,-1,-1
699,4,1718.18,452.20,84.25,215.35,0.7170,-1,-1,-1
699,45,804.76,137.86,46.05,177.83,0.3398,-1,-1,-1
699,66,1563.49,601.49,110.24,224.91,0.4306,-1,-1,-1
699,78,1600.09,134.02,69.46,180.94,0.4048,-1,-1,-1
699,92,298.13,376.13,72.55,212.75,0.6518,-1,-1,-1
699,117,479.25,150.69,59.67,170.93,0.5503,-1,-1,-1
699,119,256.86,220.41,51.80,171.60,0.2478,-1,-1,-1
699,120,560.89,117.80,51.10,166.96,0.2230,-1,-1,-1
699,122,1232.92,825.25,86.36,252.35,0.7657,-1,-1,-1
699,124,1317.36,805.06,91.20,273.36,0.8017,-1,-1,-1
699,126,425.29,153.96,50.54,156.34,0.4523,-1,-1,-1
700,2,384.77,538.92,64.78,247.37,0.7881,-1,-1,-1
700,3,829.14,932.64,82.22,146.11,0.7667,-1,-1,-1
700,4,1717.86,452.61,84.59,213.82,0.7210,-1,-1,-1
700,45,803.26,135.15,47.67,179.64,0.3180,-1,-1,-1
700,66,1560.75,611.93,111.23,216.60,0.4483,-1,-1,-1
700,78,1598.07,133.82,71.58,180.91,0.3611,-1,-1,-1
700,92,296.89,375.97,72.55,212.80,0.6549,-1,-1,-1
700,117,479.60,150.11,59.27,171.84,0.5261,-1,-1,-1
700,122,1230.74,823.30,87.14,252.27,0.7704,-1,-1,-1
700,124,1314.83,802.10,90.63,274.23,0.7926,-1,-1,-1
700,126,427.53,153.62,48.61,156.67,0.3904,-1,-1,-1
701,2,385.07,539.14,63.25,246.00,0.7557,-1,-1,-1
701,3,829.80,932.05,85.26,146.25,0.7721,-1,-1,-1
701,4,1717.18,452.29,86.19,216.10,0.7166,-1,-1,-1
701,45,802.93,136.33,47.88,177.30,0.3397,-1,-1,-1
701,66,1564.99,597.22,102.99,227.65,0.3915,-1,-1,-1
701,78,1597.18,134.91,72.68,180.38,0.3588,-1,-1,-1
701,92,295.91,377.38,74.08,210.39,0.6486,-1,-1,-1
701,117,479.80,150.20,59.44,171.44,0.5451,-1,-1,-1
701,119,257.22,210.43,51.87,181.87,0.2486,-1,-1,-1
701,122,1227.18,819.82,89.91,256.47,0.8023,-1,-1,-1
701,124,1313.14,798.19,92.95,273.53,0.7855,-1,-1,-1
701,126,428.81,153.85,46.52,156.41,0.3833,-1,-1,-1
702,2,385.87,539.79,60.75,245.00,0.7407,-1,-1,-1
702,3,832.94,933.38,82.69,145.28,0.7703,-1,-1,-1
702,4,1717.23,451.32,86.44,216.07,0.7386,-1,-1,-1
702,45,799.11,137.54,52.16,176.52,0.3568,-1,-1,-1
702,66,1559.01,623.33,114.02,206.95,0.3466,-1,-1,-1
702,78,1598.32,135.08,70.84,180.03,0.3863,-1,-1,-1
702,92,295.95,376.15,73.91,212.18,0.6817,-1,-1,-1
702,117,480.86,149.06,57.68,171.83,0.5357,-1,-1,-1
702,119,257.98,207.35,50.78,183.43,0.2424,-1,-1,-1
702,122,1221.24,817.35,94.51,257.56,0.7666,-1,-1,-1
702,124,1310.57,792.64,93.36,262.29,0.7730,-1,-1,-1
702,126,430.15,151.78,46.62,159.37,0.3208,-1,-1,-1
702,134,743.24,48.01,56.85,182.89,0.2033,-1,-1,-1
703,2,387.01,540.33,59.16,244.69,0.7367,-1,-1,-1
703,3,834.68,933.74,82.90,144.52,0.7769,-1,-1,-1
703,4,1717.30,451.68,86.17,217.02,0.7369,-1,-1,-1
703,45,799.53,138.05,51.62,175.58,0.3574,-1,-1,-1
703,66,1564.91,598.65,102.15,225.73,0.3895,-1,-1,-1
703,78,1598.67,134.98,69.81,180.60,0.4513,-1,-1,-1
703,92,295.44,377.02,74.49,213.52,0.6883,-1,-1,-1
703,117,481.77,145.75,56.22,172.89,0.5212,-1,-1,-1
703,119,258.58,207.20,51.10,185.71,0.2647,-1,-1,-1
703,120,558.97,112.84,55.51,171.19,0.2039,-1,-1,-1
703,122,1221.29,816.02,90.43,257.48,0.7735,-1,-1,-1
703,124,1309.13,788.88,93.13,260.62,0.7807,-1,-1,-1
703,126,427.44,156.24,48.06,153.04,0.3418,-1,-1,-1
703,134,743.37,48.07,56.34,179.33,0.2003,-1,-1,-1
704,2,387.34,540.50,59.54,246.25,0.7339,-1,-1,-1
704,3,836.34,933.91,84.27,144.41,0.7791,-1,-1,-1
704,4,1716.87,451.36,87.38,214.77,0.7333,-1,-1,-1
704,45,798.87,138.14,52.77,173.60,0.3689,-1,-1,-1
704,66,1564.94,596.25,102.95,229.75,0.3561,-1,-1,-1
704,78,1599.32,133.85,68.51,182.06,0.5428,-1,-1,-1
704,92,294.32,379.32,75.32,214.35,0.6914,-1,-1,-1
704,117,478.82,148.89,59.97,169.78,0.5253,-1,-1,-1
704,119,259.17,207.50,51.24,186.15,0.3125,-1,-1,-1
704,122,1220.39,814.46,88.44,259.47,0.7759,-1,-1,-1
704,124,1309.74,786.20,90.99,263.64,0.7789,-1,-1,-1
704,126,427.17,157.78,48.17,155.20,0.3902,-1,-1,-1
705,2,388.79,540.25,59.00,246.94,0.7411,-1,-1,-1
705,3,838.88,933.92,83.52,144.57,0.7727,-1,-1,-1
705,4,1717.67,452.46,86.03,212.99,0.7264,-1,-1,-1
705,45,797.43,137.78,53.53,173.91,0.3685,-1,-1,-1
705,66,1562.14,595.10,114.09,229.05,0.5888,-1,-1,-1
705,78,1601.85,131.82,67.11,184.47,0.5479,-1,-1,-1
705,92,296.21,379.40,74.95,219.60,0.7039,-1,-1,-1
705,117,478.24,150.02,61.78,170.30,0.5432,-1,-1,-1
705,119,259.44,208.20,50.89,183.53,0.2840,-1,-1,-1
705,120,559.83,112.97,56.13,172.72,0.2274,-1,-1,-1
705,122,1219.31,812.33,86.51,262.38,0.7866,-1,-1,-1
705,124,1311.37,784.79,87.46,265.83,0.7669,-1,-1,-1
705,126,428.49,157.02,50.73,156.99,0.3751,-1,-1,-1
705,134,743.11,48.13,56.48,180.27,0.2166,-1,-1,-1
706,2,389.05,540.66,59.74,245.25,0.7461,-1,-1,-1
706,3,840.05,933.34,83.60,145.67,0.7796,-1,-1,-1
706,4,1717.09,452.29,86.55,214.33,0.7134,-1,-1,-1
706,45,796.89,138.99,53.48,173.11,0.3709,-1,-1,-1
706,66,1562.12,600.91,113.52,228.06,0.4625,-1,-1,-1
706,78,1602.62,130.32,65.75,184.71,0.5974,-1,-1,-1
706,92,293.51,384.15,78.15,219.08,0.7098,-1,-1,-1
706,117,478.87,152.08,59.25,167.82,0.5249,-1,-1,-1
706,119,259.02,207.79,52.08,184.44,0.2836,-1,-1,-1
706,120,559.30,114.32,57.99,171.42,0.2564,-1,-1,-1
706,122,1216.24,808.33,87.39,267.28,0.7789,-1,-1,-1
706,124,1309.19,783.38,85.73,266.28,0.7693,-1,-1,-1
706,126,426.85,159.39,50.17,157.99,0.3862,-1,-1,-1
707,2,389.10,541.21,59.51,245.65,0.7633,-1,-1,-1
707,3,842.05,934.15,84.46,145.85,0.7789,-1,-1,-1
707,4,1718.21,452.99,85.32,213.44,0.7257,-1,-1,-1
707,45,795.82,138.55,53.38,173.20,0.3963,-1,-1,-1
707,66,1564.93,598.32,112.35,227.73,0.4560,-1,-1,-1
707,78,1602.60,129.04,65.46,181.26,0.6240,-1,-1,-1
707,92,294.47,388.69,75.63,215.38,0.7163,-1,-1,-1
707,117,479.64,152.01,57.40,168.53,0.5229,-1,-1,-1
707,119,259.34,206.09,53.43,186.31,0.3242,-1,-1,-1
707,120,559.95,114.73,56.02,172.60,0.2674,-1,-1,-1
707,122,1214.40,806.00,85.73,262.04,0.7605,-1,-1,-1
707,124,1306.27,782.65,86.01,266.42,0.7661,-1,-1,-1
707,126,425.39,157.72,51.56,162.80,0.4335,-1,-1,-1
708,2,390.53,541.66,57.92,246.30,0.7490,-1,-1,-1
708,3,842.86,934.18,85.51,145.82,0.7766,-1,-1,-1
708,4,1717.52,452.63,85.86,214.05,0.7239,-1,-1,-1
708,45,795.40,139.30,53.84,173.10,0.3958,-1,-1,-1
708,66,1564.05,595.47,112.37,228.76,0.4653,-1,-1,-1
708,78,1602.43,128.49,65.07,175.65,0.6091,-1,-1,-1
708,92,294.96,390.76,73.99,214.39,0.7164,-1,-1,-1
708,117,479.37,153.29,57.13,167.91,0.4934,-1,-1,-1
708,119,260.38,203.62,50.05,182.23,0.3329,-1,-1,-1
708,120,559.78,113.75,56.73,173.62,0.3255,-1,-1,-1
708,122,1211.99,802.56,86.24,263.45,0.7506,-1,-1,-1
708,124,1302.66,781.04,87.70,265.46,0.7710,-1,-1,-1
708,126,425.36,156.18,50.85,166.29,0.4053,-1,-1,-1
708,137,304.61,210.73,56.92,173.67,0.2011,-1,-1,-1
709,2,391.33,542.22,58.85,244.64,0.7572,-1,-1,-1
709,3,843.89,934.33,86.19,145.67,0.7829,-1,-1,-1
709,4,1717.82,451.47,85.87,214.42,0.7190,-1,-1,-1
709,45,795.72,139.37,53.19,173.45,0.4181,-1,-1,-1
709,66,1563.79,595.88,111.97,230.15,0.4325,-1,-1,-1
709,78,1602.41,126.64,65.39,173.14,0.6364,-1,-1,-1
709,92,295.01,392.70,72.70,213.99,0.7233,-1,-1,-1
709,117,479.31,155.25,59.19,167.41,0.4950,-1,-1,-1
709,119,260.35,202.27,50.00,183.43,0.3021,-1,-1,-1
709,120,559.42,109.11,56.99,177.56,0.2838,-1,-1,-1
709,122,1209.02,799.45,84.24,259.83,0.7686,-1,-1,-1
709,124,1295.75,781.68,93.63,262.97,0.7616,-1,-1,-1
709,126,425.52,153.36,52.23,169.69,0.4141,-1,-1,-1
710,2,390.94,542.51,61.31,242.65,0.7472,-1,-1,-1
710,3,844.98,935.63,85.25,144.39,0.7701,-1,-1,-1
710,4,1718.51,452.04,85.73,213.97,0.7326,-1,-1,-1
710,45,793.91,139.51,50.32,173.08,0.3807,-1,-1,-1
710,66,1565.29,592.18,112.52,232.16,0.4697,-1,-1,-1
710,78,1602.64,125.54,64.51,174.02,0.6517,-1,-1,-1
710,92,295.73,393.98,71.76,215.20,0.7360,-1,-1,-1
710,117,479.33,158.73,58.27,167.42,0.5084,-1,-1,-1
710,119,260.66,206.67,52.25,181.92,0.3229,-1,-1,-1
710,120,559.46,109.12,56.65,178.25,0.2572,-1,-1,-1
710,122,1207.00,795.45,82.64,260.11,0.7841,-1,-1,-1
710,124,1287.17,781.26,99.00,264.17,0.7591,-1,-1,-1
710,126,425.05,154.29,49.67,169.97,0.3752,-1,-1,-1
710,132,615.36,769.82,64.59,155.06,0.2296,-1,-1,-1
710,133,682.94,210.42,70.49,137.52,0.2070,-1,-1,-1
710,137,305.93,215.24,56.80,164.17,0.2235,-1,-1,-1
711,2,390.54,543.63,64.82,241.61,0.7448,-1,-1,-1
711,3,845.75,934.09,85.22,145.88,0.7822,-1,-1,-1
711,4,1718.34,452.44,85.89,213.91,0.7142,-1,-1,-1
711,45,794.15,140.24,49.18,173.01,0.3807,-1,-1,-1
711,66,1565.45,601.58,109.01,225.61,0.3506,-1,-1,-1
711,78,1602.42,122.89,64.57,174.34,0.6329,-1,-1,-1
711,92,295.80,394.25,70.78,219.71,0.7372,-1,-1,-1
711,117,478.61,157.98,58.95,170.12,0.5219,-1,-1,-1
711,119,261.52,206.46,49.69,182.72,0.2912,-1,-1,-1
711,120,558.32,110.63,60.29,176.16,0.2393,-1,-1,-1
711,122,1203.02,793.70,84.32,258.85,0.7892,-1,-1,-1
711,124,1276.02,780.97,106.42,265.62,0.7524,-1,-1,-1
711,126,424.83,165.09,51.04,161.50,0.2808,-1,-1,-1
711,132,615.14,770.23,64.72,153.83,0.2351,-1,-1,-1
711,137,304.93,214.47,58.09,166.63,0.2501,-1,-1,-1
712,2,391.20,543.99,66.30,241.04,0.7235,-1,-1,-1
712,3,847.47,934.24,84.72,145.76,0.7790,-1,-1,-1
712,4,1717.50,451.42,87.24,216.81,0.7074,-1,-1,-1
712,45,793.97,139.96,49.03,170.96,0.3178,-1,-1,-1
712,66,1565.44,599.42,109.39,226.33,0.4572,-1,-1,-1
712,78,1603.09,122.55,63.73,174.56,0.6184,-1,-1,-1
712,92,297.01,395.34,71.01,219.82,0.7120,-1,-1,-1
712,117,478.69,159.32,59.40,170.49,0.5216,-1,-1,-1
712,119,261.32,206.53,49.23,182.25,0.2648,-1,-1,-1
712,120,557.01,111.26,63.19,176.05,0.3090,-1,-1,-1
712,122,1199.95,791.59,83.30,256.70,0.7995,-1,-1,-1
712,124,1276.23,779.86,102.45,266.01,0.7513,-1,-1,-1
712,126,422.65,165.95,49.38,160.38,0.2743,-1,-1,-1
712,137,305.18,215.28,57.08,162.39,0.2758,-1,-1,-1
713,2,392.06,544.43,70.45,239.23,0.6728,-1,-1,-1
713,3,849.08,934.01,84.22,145.99,0.7784,-1,-1,-1
713,4,1718.13,451.65,85.74,214.73,0.6961,-1,-1,-1
713,45,792.68,139.39,48.35,172.30,0.3733,-1,-1,-1
713,66,1569.47,597.96,107.31,226.23,0.6139,-1,-1,-1
713,78,1602.85,121.68,62.93,174.97,0.6718,-1,-1,-1
713,92,297.38,399.76,69.97,222.16,0.6901,-1,-1,-1
713,117,477.99,161.41,59.93,170.25,0.5202,-1,-1,-1
713,119,260.74,207.43,53.94,180.28,0.2741,-1,-1,-1
713,120,556.52,109.59,61.21,177.30,0.3058,-1,-1,-1
713,122,1194.01,790.61,86.71,259.39,0.7931,-1,-1,-1
713,124,1276.78,778.74,97.82,262.74,0.7628,-1,-1,-1
713,126,423.70,166.69,48.15,159.26,0.2847,-1,-1,-1
713,132,614.92,769.74,64.99,152.73,0.2060,-1,-1,-1
714,2,391.13,544.90,75.52,239.05,0.6857,-1,-1,-1
714,3,852.02,934.35,82.43,145.66,0.7788,-1,-1,-1
714,4,1718.12,451.54,86.31,214.85,0.6916,-1,-1,-1
714,45,792.25,139.72,48.08,173.36,0.3339,-1,-1,-1
714,66,1571.60,597.05,104.06,227.00,0.6151,-1,-1,-1
714,78,1602.26,120.50,62.82,175.87,0.6527,-1,-1,-1
714,92,297.10,401.02,71.58,221.57,0.6880,-1,-1,-1
714,117,477.59,162.32,59.08,172.06,0.5367,-1,-1,-1
714,119,262.08,208.57,52.13,180.88,0.3202,-1,-1,-1
714,120,556.59,110.15,60.46,177.20,0.2733,-1,-1,-1
714,122,1190.70,788.30,88.12,262.87,0.7902,-1,-1,-1
714,124,1274.64,776.29,96.27,258.09,0.7401,-1,-1,-1
714,126,423.12,166.00,49.84,159.79,0.2802,-1,-1,-1
714,133,683.66,212.53,67.40,122.52,0.2170,-1,-1,-1
715,2,392.01,544.49,79.38,239.87,0.6975,-1,-1,-1
715,3,852.55,934.84,81.40,145.17,0.7796,-1,-1,-1
715,4,1717.79,452.11,85.62,215.00,0.6749,-1,-1,-1
715,45,791.69,139.74,47.90,173.81,0.3515,-1,-1,-1
715,66,1572.81,597.71,103.39,226.99,0.6030,-1,-1,-1
715,78,1601.26,120.02,63.60,178.17,0.6109,-1,-1,-1
715,92,297.86,401.42,70.89,221.27,0.6795,-1,-1,-1
715,117,478.19,164.13,58.54,172.36,0.5139,-1,-1,-1
715,119,261.43,206.63,53.93,180.07,0.3294,-1,-1,-1
715,120,556.39,110.87,60.35,176.88,0.2691,-1,-1,-1
715,122,1190.66,787.03,81.36,263.24,0.7976,-1,-1,-1
715,124,1274.34,771.56,91.65,255.43,0.7953,-1,-1,-1
715,126,422.91,174.73,50.22,152.21,0.2646,-1,-1,-1
716,2,392.06,545.99,83.55,239.34,0.7114,-1,-1,-1
716,3,853.18,935.44,81.36,144.57,0.7723,-1,-1,-1
716,4,1716.94,452.38,86.56,213.94,0.6664,-1,-1,-1
716,45,790.54,139.83,48.50,172.40,0.3944,-1,-1,-1
716,66,1571.22,597.45,104.14,227.05,0.5466,-1,-1,-1
716,78,1601.12,119.80,62.38,179.89,0.6075,-1,-1,-1
716,92,297.91,401.69,71.34,220.85,0.6734,-1,-1,-1
716,117,476.98,164.36,59.98,172.43,0.4752,-1,-1,-1
716,119,262.66,205.72,52.81,181.35,0.3235,-1,-1,-1
716,120,556.41,111.80,58.81,176.36,0.2877,-1,-1,-1
716,122,1188.85,786.43,81.46,264.56,0.8005,-1,-1,-1
716,124,1273.11,768.44,89.85,255.41,0.8019,-1,-1,-1
716,126,423.55,175.38,46.84,153.42,0.2667,-1,-1,-1
717,2,391.33,545.97,87.04,239.32,0.7083,-1,-1,-1
717,3,854.46,935.53,79.76,144.47,0.7787,-1,-1,-1
717,4,1718.62,451.40,85.65,214.50,0.6931,-1,-1,-1
717,45,789.73,140.12,48.82,171.18,0.4107,-1,-1,-1
717,66,1570.06,598.85,107.31,226.10,0.5699,-1,-1,-1
717,78,1600.33,119.29,61.77,179.81,0.5467,-1,-1,-1
717,92,298.40,402.71,72.41,219.50,0.6767,-1,-1,-1
717,117,474.61,160.92,62.73,177.96,0.4726,-1,-1,-1
717,119,262.69,205.11,53.93,179.34,0.2931,-1,-1,-1
717,120,554.46,113.52,61.15,174.50,0.4196,-1,-1,-1
717,122,1186.27,785.09,83.10,264.57,0.8035,-1,-1,-1
717,124,1271.09,762.67,89.82,258.87,0.7822,-1,-1,-1
717,126,423.92,171.46,47.08,159.31,0.2837,-1,-1,-1
717,133,683.68,214.24,69.27,120.43,0.2018,-1,-1,-1
718,2,391.44,546.53,87.46,239.67,0.7146,-1,-1,-1
718,3,853.66,935.77,80.84,144.23,0.7733,-1,-1,-1
718,4,1718.71,450.50,85.48,215.07,0.6981,-1,-1,-1
718,45,789.80,140.68,47.74,168.64,0.4127,-1,-1,-1
718,66,1570.62,599.47,106.08,224.80,0.5847,-1,-1,-1
718,78,1600.41,118.88,60.82,181.18,0.5469,-1,-1,-1
718,92,298.32,403.06,72.83,219.00,0.6751,-1,-1,-1
718,117,473.71,161.10,63.08,179.02,0.4981,-1,-1,-1
718,119,262.78,203.42,54.10,182.37,0.2968,-1,-1,-1
718,120,554.58,112.92,59.78,174.86,0.3158,-1,-1,-1
718,122,1184.50,783.59,83.21,266.13,0.7984,-1,-1,-1
718,124,1267.62,759.00,87.39,255.24,0.7450,-1,-1,-1
718,126,422.80,164.96,49.00,162.21,0.2920,-1,-1,-1
718,133,683.48,215.68,69.46,121.44,0.2257,-1,-1,-1
719,2,391.68,547.04,89.40,241.45,0.6972,-1,-1,-1
719,3,853.11,936.24,81.06,143.77,0.7833,-1,-1,-1
719,4,1717.88,451.75,86.03,214.44,0.7013,-1,-1,-1
719,45,790.81,140.94,46.26,168.71,0.3413,-1,-1,-1
719,66,1568.20,595.67,108.19,228.68,0.5132,-1,-1,-1
719,78,1600.70,117.99,58.89,181.07,0.4644,-1,-1,-1
719,92,299.27,403.10,72.02,212.51,0.6592,-1,-1,-1
719,117,475.43,162.81,60.81,178.19,0.4698,-1,-1,-1
719,119,264.10,206.57,51.77,180.56,0.2945,-1,-1,-1
719,120,554.21,110.55,60.07,176.72,0.3084,-1,-1,-1
719,122,1183.28,783.16,82.34,264.46,0.7976,-1,-1,-1
719,124,1265.71,755.42,86.66,258.20,0.7393,-1,-1,-1
719,126,421.11,161.11,50.59,166.27,0.2926,-1,-1,-1
719,133,683.00,212.35,70.55,128.85,0.2108,-1,-1,-1
720,2,392.40,548.01,88.93,240.75,0.6973,-1,-1,-1
720,3,852.25,938.01,81.51,142.02,0.7853,-1,-1,-1
720,4,1718.51,451.67,85.22,214.45,0.7046,-1,-1,-1
720,45,787.31,139.47,49.73,169.75,0.3371,-1,-1,-1
720,66,1580.18,601.41,92.67,225.99,0.5009,-1,-1,-1
720,78,1600.33,118.42,58.88,179.17,0.4674,-1,-1,-1
720,92,299.46,405.98,72.40,209.01,0.6989,-1,-1,-1
720,117,475.66,165.33,59.73,173.16,0.4767,-1,-1,-1
720,119,265.30,204.49,49.72,179.43,0.2789,-1,-1,-1
720,120,553.46,113.87,59.47,173.56,0.3314,-1,-1,-1
720,122,1181.28,781.41,83.03,265.68,0.7836,-1,-1,-1
720,124,1264.03,750.57,85.06,262.09,0.7346,-1,-1,-1
720,126,420.49,160.56,51.25,170.34,0.3377,-1,-1,-1
720,133,683.03,212.16,70.72,123.52,0.2109,-1,-1,-1
721,2,393.70,549.10,92.84,241.78,0.6820,-1,-1,-1
721,3,851.89,938.03,81.92,141.96,0.7836,-1,-1,-1
721,4,1718.84,451.10,85.97,215.85,0.6974,-1,-1,-1
721,45,789.33,140.24,47.14,169.39,0.3166,-1,-1,-1
721,66,1568.20,597.50,106.36,227.10,0.5746,-1,-1,-1
721,78,1600.09,119.32,58.38,176.56,0.5453,-1,-1,-1
721,92,299.56,408.11,73.14,210.58,0.7193,-1,-1,-1
721,117,475.72,166.09,60.27,171.64,0.5132,-1,-1,-1
721,119,264.67,212.59,50.60,171.43,0.2942,-1,-1,-1
721,120,552.65,111.81,60.17,175.47,0.3886,-1,-1,-1
721,122,1179.91,779.28,80.85,265.88,0.7740,-1,-1,-1
721,124,1262.02,750.29,83.96,263.70,0.7333,-1,-1,-1
721,126,419.43,156.87,53.03,175.04,0.4097,-1,-1,-1
722,2,394.97,550.39,93.81,241.09,0.7121,-1,-1,-1
722,3,850.86,938.61,82.61,141.39,0.7862,-1,-1,-1
722,4,1718.15,452.27,86.74,213.98,0.7157,-1,-1,-1
722,45,788.28,138.25,47.75,170.08,0.2929,-1,-1,-1
722,66,1568.51,595.81,107.33,229.10,0.5710,-1,-1,-1
722,78,1600.31,119.48,57.18,175.11,0.5260,-1,-1,-1
722,92,299.28,409.29,72.77,213.61,0.7360,-1,-1,-1
722,117,474.33,164.25,60.99,171.98,0.5147,-1,-1,-1
722,119,265.02,215.20,50.00,169.21,0.2362,-1,-1,-1
722,120,550.66,114.70,62.18,172.51,0.4460,-1,-1,-1
722,122,1177.87,773.53,78.83,268.38,0.7859,-1,-1,-1
722,124,1256.18,747.90,88.14,261.12,0.7694,-1,-1,-1
722,126,419.95,157.55,53.96,175.03,0.4076,-1,-1,-1
723,2,395.57,551.27,94.68,242.28,0.7218,-1,-1,-1
723,3,851.02,938.34,81.32,141.65,0.7833,-1,-1,-1
723,4,1718.57,451.17,85.22,216.00,0.7172,-1,-1,-1
723,45,789.24,139.17,47.19,171.43,0.3075,-1,-1,-1
723,66,1567.33,597.89,106.09,228.54,0.5341,-1,-1,-1
723,78,1600.26,118.18,56.36,176.36,0.3263,-1,-1,-1
723,92,299.09,410.22,73.33,216.88,0.7534,-1,-1,-1
723,117,474.63,165.75,61.39,170.69,0.5327,-1,-1,-1
723,119,265.17,209.21,50.80,174.79,0.3313,-1,-1,-1
723,120,550.96,111.89,60.03,176.13,0.4136,-1,-1,-1
723,122,1175.83,770.35,78.63,260.46,0.7744,-1,-1,-1
723,124,1253.56,746.31,88.00,268.06,0.7713,-1,-1,-1
723,126,418.97,161.48,53.98,172.56,0.4879,-1,-1,-1
724,2,397.37,551.64,92.76,243.24,0.7227,-1,-1,-1
724,3,849.27,938.94,82.31,141.07,0.7878,-1,-1,-1
724,4,1719.14,451.80,85.42,215.54,0.6979,-1,-1,-1
724,45,790.32,141.49,45.81,169.70,0.2181,-1,-1,-1
724,66,1566.03,592.53,108.96,232.19,0.5043,-1,-1,-1
724,78,1599.19,117.00,56.54,176.80,0.3562,-1,-1,-1
724,92,298.89,411.88,72.87,218.62,0.7625,-1,-1,-1
724,117,472.85,165.14,61.91,171.48,0.5642,-1,-1,-1
724,120,550.23,116.76,59.59,170.96,0.4420,-1,-1,-1
724,122,1173.89,767.42,76.11,246.32,0.7737,-1,-1,-1
724,124,1248.82,744.96,86.72,267.31,0.7723,-1,-1,-1
724,126,418.00,163.75,53.90,174.35,0.4951,-1,-1,-1
725,2,401.46,551.21,91.70,242.42,0.7183,-1,-1,-1
725,3,847.98,941.31,82.56,138.73,0.7787,-1,-1,-1
725,4,1718.19,452.02,86.16,214.89,0.6946,-1,-1,-1
725,66,1565.55,595.39,109.44,229.45,0.5188,-1,-1,-1
725,78,1598.57,116.23,56.98,176.90,0.3757,-1,-1,-1
725,92,299.23,414.53,73.18,217.38,0.7553,-1,-1,-1
725,117,471.86,167.72,63.67,171.12,0.5619,-1,-1,-1
725,119,264.45,212.04,47.75,173.28,0.2104,-1,-1,-1
725,120,550.22,116.12,59.11,171.14,0.4509,-1,-1,-1
725,122,1171.77,764.03,76.26,248.18,0.7743,-1,-1,-1
725,124,1243.60,745.26,90.05,267.96,0.7698,-1,-1,-1
725,126,418.49,165.05,51.96,174.03,0.4785,-1,-1,-1
726,2,403.61,552.47,93.30,242.79,0.7408,-1,-1,-1
726,3,845.94,942.37,83.97,137.64,0.7841,-1,-1,-1
726,4,1717.56,452.32,85.97,214.08,0.7012,-1,-1,-1
726,66,1564.18,593.89,110.95,230.46,0.5050,-1,-1,-1
726,78,1598.25,115.40,56.00,176.38,0.4384,-1,-1,-1
726,92,299.29,416.05,72.48,217.49,0.7577,-1,-1,-1
726,117,472.95,169.28,61.60,173.81,0.5675,-1,-1,-1
726,119,264.21,214.21,48.56,171.11,0.2898,-1,-1,-1
726,120,549.54,119.08,58.65,168.84,0.4416,-1,-1,-1
726,122,1170.47,759.80,77.11,247.37,0.7824,-1,-1,-1
726,124,1241.84,744.13,88.80,269.76,0.7940,-1,-1,-1
726,126,418.60,167.33,52.71,173.72,0.5148,-1,-1,-1
726,133,683.18,213.47,69.75,117.51,0.2090,-1,-1,-1
727,2,403.08,552.64,95.04,244.78,0.7677,-1,-1,-1
727,3,844.72,942.95,83.92,137.05,0.7862,-1,-1,-1
727,4,1719.56,451.77,84.11,214.59,0.7027,-1,-1,-1
727,45,787.80,142.30,50.30,168.60,0.2041,-1,-1,-1
727,66,1563.64,598.47,111.04,227.95,0.4394,-1,-1,-1
727,78,1598.22,113.43,55.12,177.26,0.4479,-1,-1,-1
727,92,299.63,418.72,72.31,216.40,0.7665,-1,-1,-1
727,117,473.82,171.41,60.00,174.57,0.5407,-1,-1,-1
727,119,263.82,213.04,49.91,171.57,0.2765,-1,-1,-1
727,120,549.95,119.25,58.30,168.73,0.3270,-1,-1,-1
727,122,1167.37,756.08,78.55,243.92,0.7968,-1,-1,-1
727,124,1239.49,742.50,91.23,268.76,0.8174,-1,-1,-1
727,126,416.51,173.21,54.31,167.59,0.5370,-1,-1,-1
728,2,404.30,551.94,94.10,245.35,0.7862,-1,-1,-1
728,3,843.08,942.33,84.73,137.65,0.7843,-1,-1,-1
728,4,1718.70,452.31,85.25,213.41,0.7092,-1,-1,-1
728,66,1579.58,602.00,94.04,224.12,0.4335,-1,-1,-1
728,78,1597.81,112.20,55.91,179.30,0.5472,-1,-1,-1
728,92,298.59,419.17,73.32,220.87,0.7545,-1,-1,-1
728,117,473.85,171.19,58.88,176.75,0.5180,-1,-1,-1
728,119,263.40,214.76,49.35,169.96,0.3155,-1,-1,-1
728,120,549.44,115.53,58.63,172.04,0.3394,-1,-1,-1
728,122,1163.78,754.01,79.93,249.65,0.8116,-1,-1,-1
728,124,1238.07,742.48,90.88,268.37,0.8204,-1,-1,-1
728,126,419.28,175.21,54.29,169.81,0.4937,-1,-1,-1
728,137,316.81,209.18,60.82,163.26,0.2071,-1,-1,-1
729,2,403.90,552.51,93.34,243.58,0.7744,-1,-1,-1
729,3,841.36,944.14,85.91,135.88,0.7930,-1,-1,-1
729,4,1718.30,451.19,85.83,215.01,0.7075,-1,-1,-1
729,66,1565.75,597.72,110.17,227.81,0.4895,-1,-1,-1
729,78,1597.48,109.90,55.77,178.45,0.5615,-1,-1,-1
729,92,298.87,420.30,71.89,221.96,0.7486,-1,-1,-1
729,117,473.35,174.06,57.18,176.09,0.5325,-1,-1,-1
729,119,262.55,216.29,50.04,169.00,0.2193,-1,-1,-1
729,120,549.37,115.59,58.41,172.03,0.3787,-1,-1,-1
729,122,1162.68,750.96,77.88,253.30,0.8188,-1,-1,-1
729,124,1235.66,741.13,91.44,266.58,0.8282,-1,-1,-1
729,126,420.44,179.36,52.19,165.89,0.4558,-1,-1,-1
730,2,406.21,552.81,91.07,243.47,0.7963,-1,-1,-1
730,3,839.69,943.82,86.70,135.92,0.7835,-1,-1,-1
730,4,1718.61,451.96,86.50,214.44,0.7075,-1,-1,-1
730,45,789.54,141.77,50.77,169.03,0.2047,-1,-1,-1
730,66,1581.59,598.09,92.10,228.03,0.4995,-1,-1,-1
730,78,1597.53,108.27,55.40,177.10,0.4522,-1,-1,-1
730,92,298.53,421.20,71.55,222.70,0.7320,-1,-1,-1
730,117,472.00,172.06,60.28,181.51,0.4271,-1,-1,-1
730,119,262.20,214.57,51.42,173.25,0.3719,-1,-1,-1
730,120,549.22,116.24,58.83,171.05,0.3928,-1,-1,-1
730,122,1158.24,750.04,79.40,257.46,0.8189,-1,-1,-1
730,124,1232.67,739.52,92.29,269.11,0.8108,-1,-1,-1
730,126,417.92,181.70,54.49,164.43,0.4723,-1,-1,-1
730,137,320.37,208.25,59.13,164.76,0.3224,-1,-1,-1
731,2,407.70,553.23,90.18,242.82,0.8096,-1,-1,-1
731,3,838.30,943.76,86.79,136.11,0.7836,-1,-1,-1
731,4,1718.95,452.26,85.58,214.35,0.7012,-1,-1,-1
731,45,789.73,141.35,49.99,170.14,0.2593,-1,-1,-1
731,66,1567.02,596.83,108.74,227.56,0.5729,-1,-1,-1
731,78,1598.39,106.60,54.85,177.01,0.4558,-1,-1,-1
731,92,297.77,421.26,71.86,221.65,0.7141,-1,-1,-1
731,117,470.28,169.49,61.70,183.60,0.4275,-1,-1,-1
731,119,262.12,212.69,50.77,173.78,0.3801,-1,-1,-1
731,120,549.27,119.05,59.46,167.35,0.3605,-1,-1,-1
731,122,1155.72,748.43,78.74,258.57,0.8084,-1,-1,-1
731,124,1230.58,736.96,89.14,270.53,0.8005,-1,-1,-1
731,126,417.33,182.86,53.66,163.50,0.4660,-1,-1,-1
731,137,321.34,210.47,57.43,161.42,0.3830,-1,-1,-1
732,2,412.88,553.33,87.08,243.35,0.8045,-1,-1,-1
732,3,838.46,944.55,85.32,135.38,0.7817,-1,-1,-1
732,4,1717.39,451.92,87.38,214.90,0.6922,-1,-1,-1
732,45,790.26,140.19,49.05,170.86,0.2097,-1,-1,-1
732,66,1566.28,595.42,109.00,229.45,0.5089,-1,-1,-1
732,78,1599.74,105.30,53.80,176.78,0.5108,-1,-1,-1
732,92,297.25,421.78,72.77,221.27,0.6724,-1,-1,-1
732,117,470.23,173.45,62.55,181.05,0.4662,-1,-1,-1
732,119,262.62,213.91,49.54,172.05,0.3505,-1,-1,-1
732,120,549.23,114.14,60.04,172.40,0.4443,-1,-1,-1
732,122,1152.84,746.77,79.70,260.66,0.8081,-1,-1,-1
732,124,1229.64,734.44,88.83,268.78,0.8160,-1,-1,-1
732,126,417.33,181.86,53.00,165.07,0.4636,-1,-1,-1
732,137,321.80,208.58,59.01,164.42,0.3837,-1,-1,-1
733,2,415.39,552.52,84.79,243.94,0.7851,-1,-1,-1
733,3,836.67,944.70,86.15,134.92,0.7720,-1,-1,-1
733,4,1717.05,452.05,87.81,215.27,0.6945,-1,-1,-1
733,66,1566.08,592.81,110.09,231.79,0.5145,-1,-1,-1
733,78,1600.76,104.76,53.26,175.22,0.4998,-1,-1,-1
733,92,296.48,422.45,73.17,220.21,0.6541,-1,-1,-1
733,117,471.96,173.15,60.30,182.49,0.4818,-1,-1,-1
733,119,264.30,213.55,46.86,170.40,0.2885,-1,-1,-1
733,120,549.29,113.52,59.60,173.38,0.3709,-1,-1,-1
733,122,1150.26,746.25,79.59,262.99,0.7693,-1,-1,-1
733,124,1227.97,729.50,86.26,256.88,0.7860,-1,-1,-1
733,126,417.13,185.48,51.37,157.12,0.4673,-1,-1,-1
733,137,322.65,209.79,57.36,162.56,0.3484,-1,-1,-1
734,2,420.97,552.89,80.28,245.72,0.7892,-1,-1,-1
734,3,836.17,944.73,86.09,134.77,0.7790,-1,-1,-1
734,4,1717.39,452.16,87.16,217.82,0.7012,-1,-1,-1
734,66,1580.31,599.44,92.50,228.05,0.4574,-1,-1,-1
734,78,1601.18,103.92,53.94,175.49,0.3579,-1,-1,-1
734,92,295.97,422.97,73.45,219.23,0.6407,-1,-1,-1
734,117,471.86,173.07,60.37,182.33,0.4496,-1,-1,-1
734,119,264.04,213.81,47.08,167.34,0.3276,-1,-1,-1
734,120,549.29,113.01,58.69,174.35,0.4231,-1,-1,-1
734,122,1147.81,747.70,80.83,260.65,0.7753,-1,-1,-1
734,124,1227.93,727.41,83.20,248.55,0.7802,-1,-1,-1
734,126,419.79,183.65,48.45,158.73,0.4070,-1,-1,-1
734,137,324.27,208.11,58.05,164.48,0.4106,-1,-1,-1
735,2,425.12,553.73,78.10,245.13,0.7802,-1,-1,-1
735,3,834.67,945.20,87.28,134.40,0.7782,-1,-1,-1
735,4,1718.66,452.29,86.43,214.33,0.6845,-1,-1,-1
735,45,788.63,141.27,47.40,170.34,0.2742,-1,-1,-1
735,66,1587.37,598.17,85.22,228.98,0.5309,-1,-1,-1
735,78,1600.93,103.13,54.51,174.89,0.2940,-1,-1,-1
735,92,294.94,424.31,73.73,216.79,0.6147,-1,-1,-1
735,117,470.69,174.55,62.32,181.32,0.4471,-1,-1,-1
735,119,263.56,213.82,46.72,168.55,0.2974,-1,-1,-1
735,120,549.15,113.91,59.64,172.63,0.3834,-1,-1,-1
735,122,1143.42,744.98,83.68,263.04,0.7580,-1,-1,-1
735,124,1222.67,720.93,85.73,247.41,0.7757,-1,-1,-1
735,126,419.34,185.01,48.21,156.51,0.4335,-1,-1,-1
735,132,615.37,769.81,64.20,148.33,0.2077,-1,-1,-1
735,137,325.20,206.32,57.85,165.45,0.4096,-1,-1,-1
736,2,432.60,553.51,72.79,245.96,0.8007,-1,-1,-1
736,3,834.08,945.04,87.61,134.88,0.7744,-1,-1,-1
736,4,1718.44,451.29,86.11,213.62,0.6951,-1,-1,-1
736,45,789.02,140.55,46.31,170.79,0.2334,-1,-1,-1
736,66,1568.97,596.13,106.70,228.36,0.5902,-1,-1,-1
736,78,1600.86,103.70,54.37,173.60,0.2937,-1,-1,-1
736,92,294.57,425.10,74.02,216.06,0.6406,-1,-1,-1
736,117,473.06,173.33,60.18,183.41,0.4604,-1,-1,-1
736,119,264.39,212.02,46.62,168.69,0.2746,-1,-1,-1
736,120,548.49,112.62,61.39,175.16,0.4133,-1,-1,-1
736,122,1142.34,741.40,84.89,260.41,0.7653,-1,-1,-1
736,124,1220.34,716.29,85.10,247.62,0.7754,-1,-1,-1
736,126,419.12,185.67,48.82,156.27,0.4231,-1,-1,-1
736,137,325.59,207.04,57.73,166.51,0.4054,-1,-1,-1
737,2,436.49,554.28,71.44,245.99,0.7939,-1,-1,-1
737,3,834.67,946.52,86.73,133.18,0.7828,-1,-1,-1
737,4,1718.63,451.32,86.14,214.18,0.7070,-1,-1,-1
737,45,788.65,141.99,46.84,168.71,0.2561,-1,-1,-1
737,66,1585.51,596.11,89.06,230.44,0.5083,-1,-1,-1
737,78,1600.57,103.39,54.83,173.61,0.2971,-1,-1,-1
737,92,294.73,426.34,73.17,213.91,0.6103,-1,-1,-1
737,117,472.60,174.61,60.65,181.09,0.4230,-1,-1,-1
737,119,265.99,213.34,44.49,164.77,0.2273,-1,-1,-1
737,120,548.45,112.83,61.48,175.44,0.3980,-1,-1,-1
737,122,1139.07,739.35,86.44,260.33,0.7519,-1,-1,-1
737,124,1221.16,711.74,82.67,252.53,0.7638,-1,-1,-1
737,126,418.39,186.29,49.33,156.06,0.3965,-1,-1,-1
737,137,327.04,208.67,57.14,166.13,0.4268,-1,-1,-1
738,2,440.00,554.82,69.44,247.86,0.7992,-1,-1,-1
738,3,834.79,946.21,86.71,133.28,0.7776,-1,-1,-1
738,4,1718.27,451.34,86.16,213.79,0.7142,-1,-1,-1
738,45,789.63,140.88,45.72,169.45,0.3321,-1,-1,-1
738,66,1569.54,595.30,105.92,229.46,0.5469,-1,-1,-1
738,78,1600.22,103.41,55.52,171.76,0.2736,-1,-1,-1
738,92,294.34,427.19,74.05,214.21,0.6741,-1,-1,-1
738,117,471.99,169.75,58.91,185.56,0.3629,-1,-1,-1
738,119,264.69,217.18,45.12,161.00,0.2177,-1,-1,-1
738,120,548.82,110.36,63.01,178.40,0.4119,-1,-1,-1
738,122,1136.81,737.42,83.78,263.98,0.7500,-1,-1,-1
738,124,1221.01,709.83,79.92,256.96,0.7661,-1,-1,-1
738,126,416.18,186.40,50.37,157.33,0.3766,-1,-1,-1
738,132,615.57,769.56,63.98,149.26,0.2080,-1,-1,-1
738,137,327.73,211.92,58.17,162.32,0.4150,-1,-1,-1
739,2,443.33,555.30,68.56,250.13,0.7874,-1,-1,-1
739,3,834.45,946.06,87.45,133.92,0.7796,-1,-1,-1
739,4,1719.75,450.41,85.18,214.33,0.7196,-1,-1,-1
739,45,788.94,139.91,46.31,170.24,0.3088,-1,-1,-1
739,66,1571.60,588.82,104.52,235.30,0.5904,-1,-1,-1
739,78,1600.47,103.66,54.85,170.30,0.2886,-1,-1,-1
739,92,294.49,428.00,74.09,215.39,0.6528,-1,-1,-1
739,117,470.83,172.84,61.21,183.00,0.4531,-1,-1,-1
739,119,264.70,219.79,45.72,158.90,0.2467,-1,-1,-1
739,120,548.45,115.03,63.65,173.86,0.4588,-1,-1,-1
739,122,1135.43,735.32,82.21,258.03,0.7787,-1,-1,-1
739,124,1219.65,708.07,79.84,260.08,0.7523,-1,-1,-1
739,126,414.14,185.65,50.93,158.14,0.4229,-1,-1,-1
739,137,327.84,210.82,58.71,163.29,0.4282,-1,-1,-1
740,2,445.43,554.88,69.12,250.43,0.7673,-1,-1,-1
740,3,834.94,945.94,87.16,133.92,0.7757,-1,-1,-1
740,4,1718.10,452.73,86.62,212.61,0.7337,-1,-1,-1
740,66,1571.09,595.07,104.00,229.41,0.6162,-1,-1,-1
740,78,1600.74,103.03,55.67,170.91,0.2591,-1,-1,-1
740,92,294.35,430.33,75.84,218.26,0.6921,-1,-1,-1
740,117,470.50,169.93,61.35,185.58,0.4439,-1,-1,-1
740,119,265.20,216.59,45.51,160.36,0.2230,-1,-1,-1
740,120,549.19,112.33,63.28,176.13,0.4969,-1,-1,-1
740,122,1133.07,732.92,83.87,251.67,0.7805,-1,-1,-1
740,124,1218.19,706.86,79.01,263.16,0.7531,-1,-1,-1
740,126,412.86,187.12,52.76,159.63,0.4280,-1,-1,-1
740,137,328.71,206.80,58.76,166.84,0.3785,-1,-1,-1
741,2,447.48,556.93,67.87,251.26,0.7561,-1,-1,-1
741,3,835.46,946.21,87.09,133.79,0.7825,-1,-1,-1
741,4,1718.33,451.92,86.47,213.04,0.7278,-1,-1,-1
741,45,790.19,139.85,44.68,167.90,0.2138,-1,-1,-1
741,66,1572.97,594.00,101.50,230.43,0.6250,-1,-1,-1
741,78,1600.91,102.78,55.32,170.69,0.2705,-1,-1,-1
741,92,294.42,432.01,75.70,221.25,0.6882,-1,-1,-1
741,117,469.86,170.82,61.04,185.09,0.4689,-1,-1,-1
741,119,264.98,218.36,46.88,157.17,0.2084,-1,-1,-1
741,120,550.60,111.76,62.99,176.80,0.4438,-1,-1,-1
741,122,1131.11,730.43,80.80,248.24,0.7663,-1,-1,-1
741,124,1216.46,706.35,79.11,261.47,0.7446,-1,-1,-1
741,126,411.23,190.25,53.40,161.47,0.4145,-1,-1,-1
741,137,330.21,207.73,57.52,163.86,0.3657,-1,-1,-1
742,2,449.67,556.31,68.31,252.08,0.7691,-1,-1,-1
742,3,836.09,946.29,87.42,133.70,0.7754,-1,-1,-1
742,4,1719.01,452.66,84.96,213.39,0.7037,-1,-1,-1
742,66,1573.51,594.06,101.56,230.82,0.6483,-1,-1,-1
742,78,1600.93,102.97,54.93,169.14,0.2709,-1,-1,-1
742,92,295.29,434.44,73.00,219.90,0.6949,-1,-1,-1
742,117,468.91,171.33,62.00,184.34,0.4570,-1,-1,-1
742,119,265.02,218.92,48.82,158.12,0.2059,-1,-1,-1
742,120,552.27,111.38,61.53,177.21,0.3360,-1,-1,-1
742,122,1127.41,727.03,79.70,248.28,0.7723,-1,-1,-1
742,124,1208.22,705.96,86.24,261.78,0.7544,-1,-1,-1
742,126,409.15,195.58,56.54,158.00,0.5093,-1,-1,-1
742,137,332.58,208.72,55.50,160.57,0.3186,-1,-1,-1
743,2,452.75,557.41,74.57,250.70,0.7575,-1,-1,-1
743,3,837.04,946.64,86.97,133.36,0.7721,-1,-1,-1
743,4,1719.65,451.96,83.01,213.78,0.7193,-1,-1,-1
743,45,790.42,138.55,44.35,168.34,0.2158,-1,-1,-1
743,66,1571.96,591.95,103.25,232.41,0.5961,-1,-1,-1
743,78,1599.78,102.10,56.07,170.03,0.2000,-1,-1,-1
743,92,295.45,437.48,73.64,219.74,0.7114,-1,-1,-1
743,117,468.52,168.92,58.75,188.19,0.3449,-1,-1,-1
743,120,552.58,106.50,61.34,181.78,0.3011,-1,-1,-1
743,122,1124.21,722.96,80.16,249.49,0.7675,-1,-1,-1
743,124,1203.13,705.94,87.84,260.91,0.7511,-1,-1,-1
743,126,410.06,199.80,54.60,155.42,0.5285,-1,-1,-1
743,137,333.70,210.21,55.32,157.93,0.2845,-1,-1,-1
744,2,453.87,559.65,82.94,247.39,0.7524,-1,-1,-1
744,3,838.16,947.70,86.40,132.31,0.7746,-1,-1,-1
744,4,1719.63,453.46,84.01,213.08,0.7282,-1,-1,-1
744,66,1571.95,594.10,102.26,230.46,0.6475,-1,-1,-1
744,92,296.29,440.45,72.55,219.17,0.7058,-1,-1,-1
744,117,466.26,175.26,60.07,184.68,0.3910,-1,-1,-1
744,120,552.33,111.05,62.35,178.08,0.3510,-1,-1,-1
744,122,1123.11,721.15,79.18,249.13,0.7688,-1,-1,-1
744,124,1200.43,705.35,86.14,260.22,0.7382,-1,-1,-1
744,126,410.25,201.14,54.10,155.85,0.5256,-1,-1,-1
744,137,333.91,209.89,54.75,159.21,0.3388,-1,-1,-1
745,2,455.24,560.75,89.56,244.32,0.7879,-1,-1,-1
745,3,839.07,947.80,86.99,132.20,0.7739,-1,-1,-1
745,4,1718.77,452.63,85.26,213.52,0.7237,-1,-1,-1
745,66,1572.57,593.00,102.33,231.58,0.6370,-1,-1,-1
745,92,297.29,442.23,71.92,220.39,0.6972,-1,-1,-1
745,117,464.84,176.27,60.52,187.89,0.4134,-1,-1,-1
745,120,552.82,109.96,61.64,179.32,0.3702,-1,-1,-1
745,122,1122.39,719.27,78.83,253.06,0.7690,-1,-1,-1
745,124,1198.67,705.70,86.19,257.25,0.7429,-1,-1,-1
745,126,409.86,202.21,53.56,159.60,0.5485,-1,-1,-1
745,137,334.53,212.31,53.78,157.29,0.3416,-1,-1,-1
746,2,455.83,561.75,95.94,244.19,0.8045,-1,-1,-1
746,3,840.69,948.32,86.35,131.69,0.7818,-1,-1,-1
746,4,1719.10,453.43,86.18,212.31,0.7085,-1,-1,-1
746,66,1574.14,595.93,101.03,228.95,0.6658,-1,-1,-1
746,92,298.16,444.27,71.14,222.23,0.6968,-1,-1,-1
746,117,463.12,180.95,65.35,184.45,0.5047,-1,-1,-1
746,119,265.03,219.87,49.19,157.94,0.2080,-1,-1,-1
746,120,553.09,110.36,60.72,178.31,0.2468,-1,-1,-1
746,122,1119.39,718.46,80.67,254.46,0.7629,-1,-1,-1
746,124,1195.22,703.06,87.21,259.16,0.7507,-1,-1,-1
746,126,409.59,201.52,50.37,161.11,0.5237,-1,-1,-1
746,137,334.39,214.46,55.29,153.82,0.3275,-1,-1,-1
747,2,456.64,562.03,98.80,245.93,0.8200,-1,-1,-1
747,3,842.80,948.34,85.67,131.65,0.7861,-1,-1,-1
747,4,1719.51,452.91,84.77,212.69,0.7117,-1,-1,-1
747,66,1570.78,591.09,105.06,233.37,0.5895,-1,-1,-1
747,92,299.21,445.00,70.55,224.20,0.7229,-1,-1,-1
747,117,464.87,184.16,61.88,182.04,0.5566,-1,-1,-1
747,119,265.72,222.37,48.90,155.11,0.2045,-1,-1,-1
747,120,553.59,110.42,61.89,178.26,0.2576,-1,-1,-1
747,122,1117.82,715.98,78.42,256.15,0.7759,-1,-1,-1
747,124,1189.42,700.90,88.58,263.87,0.7590,-1,-1,-1
747,126,409.59,203.43,51.55,157.40,0.5424,-1,-1,-1
747,137,334.68,213.78,55.33,154.51,0.3590,-1,-1,-1
748,2,456.44,563.70,102.88,245.50,0.8222,-1,-1,-1
748,3,844.33,948.55,85.00,131.45,0.7898,-1,-1,-1
748,4,1718.66,454.06,84.32,212.32,0.7014,-1,-1,-1
748,66,1565.54,596.72,106.84,230.63,0.5208,-1,-1,-1
748,92,299.10,445.24,71.72,222.78,0.7069,-1,-1,-1
748,117,463.69,186.91,62.67,180.06,0.5458,-1,-1,-1
748,119,264.26,216.49,52.81,158.61,0.2368,-1,-1,-1
748,122,1116.03,714.74,77.48,255.84,0.8040,-1,-1,-1
748,124,1187.65,698.48,86.02,259.08,0.8103,-1,-1,-1
748,126,409.52,202.87,49.92,159.54,0.5532,-1,-1,-1
748,137,334.22,208.69,57.20,159.52,0.4290,-1,-1,-1
749,2,457.64,564.91,104.94,246.59,0.8096,-1,-1,-1
749,3,846.36,950.00,84.48,130.03,0.7880,-1,-1,-1
749,4,1719.61,454.31,83.15,213.88,0.6825,-1,-1,-1
749,66,1571.35,589.01,104.48,235.05,0.5877,-1,-1,-1
749,92,300.36,445.42,71.73,223.99,0.6983,-1,-1,-1
749,117,464.48,188.33,59.10,180.92,0.5742,-1,-1,-1
749,119,266.08,215.53,49.80,159.54,0.2489,-1,-1,-1
749,120,553.27,111.12,61.65,177.71,0.2110,-1,-1,-1
749,122,1114.99,712.52,75.84,255.70,0.8254,-1,-1,-1
749,124,1184.61,696.37,86.16,247.90,0.8089,-1,-1,-1
749,126,409.20,204.21,48.62,157.91,0.5344,-1,-1,-1
749,137,333.88,210.01,56.45,159.50,0.3656,-1,-1,-1
750,2,458.42,564.94,105.99,247.66,0.8149,-1,-1,-1
750,3,849.31,951.72,82.65,128.31,0.7677,-1,-1,-1
750,4,1718.50,453.56,85.08,214.15,0.7054,-1,-1,-1
750,66,1572.67,592.27,102.28,232.27,0.6231,-1,-1,-1
750,92,300.64,446.38,72.35,222.59,0.6963,-1,-1,-1
750,117,463.75,186.99,59.66,184.58,0.5014,-1,-1,-1
750,119,267.88,213.65,53.43,159.53,0.2980,-1,-1,-1
750,122,1113.19,712.00,75.97,257.58,0.8172,-1,-1,-1
750,124,1183.06,693.25,85.75,257.39,0.7886,-1,-1,-1
750,126,408.56,202.97,51.43,160.19,0.5489,-1,-1,-1
750,137,333.94,207.67,55.49,161.07,0.3753,-1,-1,-1
751,2,459.20,565.55,106.03,246.71,0.8110,-1,-1,-1
751,3,851.61,952.41,82.87,127.60,0.7668,-1,-1,-1
751,4,1716.36,454.97,86.10,211.49,0.6806,-1,-1,-1
751,66,1571.57,591.92,104.38,232.38,0.6089,-1,-1,-1
751,92,301.15,446.67,74.48,221.34,0.7024,-1,-1,-1
751,117,462.31,195.39,60.84,179.64,0.4754,-1,-1,-1
751,119,266.83,207.26,57.54,164.35,0.4225,-1,-1,-1
751,120,553.03,110.13,61.55,178.62,0.2183,-1,-1,-1
751,122,1110.16,709.37,72.76,254.31,0.8047,-1,-1,-1
751,124,1181.25,687.84,82.73,244.95,0.7974,-1,-1,-1
751,126,409.55,203.41,49.04,157.95,0.4994,-1,-1,-1
751,133,684.28,216.84,70.47,116.68,0.2106,-1,-1,-1
751,137,333.85,206.44,55.47,160.71,0.3794,-1,-1,-1
752,2,463.91,565.65,103.02,246.20,0.7860,-1,-1,-1
752,3,853.12,952.11,83.20,127.88,0.7697,-1,-1,-1
752,4,1716.90,453.63,85.10,213.74,0.6895,-1,-1,-1
752,66,1567.62,595.49,104.68,231.03,0.5267,-1,-1,-1
752,92,301.11,447.66,75.72,221.59,0.7223,-1,-1,-1
752,117,461.78,195.35,61.42,180.56,0.4690,-1,-1,-1
752,119,267.11,207.76,56.50,164.60,0.4064,-1,-1,-1
752,122,1107.15,710.50,74.35,254.61,0.7867,-1,-1,-1
752,124,1179.87,684.51,81.30,242.68,0.7721,-1,-1,-1
752,126,409.40,204.98,47.53,155.79,0.4756,-1,-1,-1
752,137,334.19,204.74,54.93,162.29,0.3589,-1,-1,-1
753,2,468.00,566.11,99.54,245.96,0.7555,-1,-1,-1
753,3,854.98,952.48,82.95,127.52,0.7738,-1,-1,-1
753,4,1716.51,452.75,84.67,214.79,0.6778,-1,-1,-1
753,66,1571.21,591.21,105.07,232.72,0.5712,-1,-1,-1
753,92,300.94,448.38,77.38,219.90,0.7263,-1,-1,-1
753,117,460.74,194.41,60.75,182.00,0.4526,-1,-1,-1
753,119,268.52,205.27,55.11,166.81,0.3635,-1,-1,-1
753,120,551.67,106.21,63.14,183.37,0.2036,-1,-1,-1
753,122,1106.35,708.01,72.29,255.74,0.7790,-1,-1,-1
753,124,1174.79,679.85,82.93,250.45,0.7471,-1,-1,-1
753,126,408.44,205.71,47.95,154.62,0.5102,-1,-1,-1
753,137,332.97,201.05,56.48,165.97,0.3512,-1,-1,-1
754,2,475.23,566.22,91.73,246.25,0.7267,-1,-1,-1
754,3,856.46,952.26,83.63,127.33,0.7774,-1,-1,-1
754,4,1715.78,453.90,85.85,212.54,0.6717,-1,-1,-1
754,66,1570.02,591.29,104.72,233.22,0.4843,-1,-1,-1
754,92,300.63,449.83,78.62,216.65,0.7187,-1,-1,-1
754,117,461.42,193.13,60.30,183.69,0.4182,-1,-1,-1
754,119,268.44,204.66,49.89,169.83,0.3735,-1,-1,-1
754,122,1104.04,704.30,72.79,261.66,0.7824,-1,-1,-1
754,124,1172.82,676.38,83.37,252.47,0.7519,-1,-1,-1
754,126,407.37,204.85,47.71,156.75,0.5011,-1,-1,-1
754,137,332.24,201.97,56.88,165.49,0.3013,-1,-1,-1
755,2,480.80,567.52,84.01,246.72,0.7221,-1,-1,-1
755,3,858.66,952.12,82.98,127.86,0.7785,-1,-1,-1
755,4,1717.02,452.10,82.29,214.21,0.6770,-1,-1,-1
755,66,1571.90,590.50,103.41,234.47,0.5873,-1,-1,-1
755,92,300.82,451.17,79.24,215.30,0.7345,-1,-1,-1
755,117,457.03,191.56,63.79,187.22,0.4017,-1,-1,-1
755,119,268.27,203.28,56.36,169.36,0.3133,-1,-1,-1
755,122,1101.39,701.87,73.27,259.41,0.7657,-1,-1,-1
755,124,1170.31,672.88,83.04,257.49,0.7580,-1,-1,-1
755,126,405.66,207.70,50.76,153.85,0.4254,-1,-1,-1
755,137,331.86,201.26,57.12,165.77,0.2724,-1,-1,-1
756,2,490.16,567.29,74.95,247.52,0.6983,-1,-1,-1
756,3,858.76,952.15,85.36,127.68,0.7797,-1,-1,-1
756,4,1716.84,453.85,82.14,214.62,0.6721,-1,-1,-1
756,66,1570.88,589.18,103.93,235.58,0.5633,-1,-1,-1
756,92,300.92,452.79,81.55,214.79,0.7343,-1,-1,-1
756,117,457.07,192.26,63.16,184.88,0.4628,-1,-1,-1
756,119,269.11,202.81,56.11,168.71,0.3170,-1,-1,-1
756,120,549.63,105.63,63.60,184.06,0.2436,-1,-1,-1
756,122,1099.94,697.19,73.11,249.14,0.7608,-1,-1,-1
756,124,1168.83,672.20,83.13,259.12,0.7702,-1,-1,-1
756,126,404.28,207.32,50.85,154.18,0.4655,-1,-1,-1
756,137,331.59,200.31,56.92,166.25,0.2891,-1,-1,-1
757,2,499.23,566.79,70.00,245.55,0.7085,-1,-1,-1
757,3,859.59,953.41,86.20,126.61,0.7817,-1,-1,-1
757,4,1717.87,453.26,80.33,213.41,0.6814,-1,-1,-1
757,66,1570.08,594.49,104.29,231.95,0.4522,-1,-1,-1
757,92,300.89,455.47,81.34,217.33,0.7439,-1,-1,-1
757,117,453.30,189.79,67.12,186.76,0.5033,-1,-1,-1
757,119,270.31,206.73,55.41,165.30,0.2624,-1,-1,-1
757,120,548.33,107.29,65.30,182.72,0.2670,-1,-1,-1
757,122,1097.61,693.67,74.77,246.49,0.7608,-1,-1,-1
757,124,1168.33,671.42,82.69,259.06,0.7726,-1,-1,-1
757,126,404.31,204.68,50.25,158.95,0.4399,-1,-1,-1
757,137,330.40,200.87,53.90,164.61,0.2816,-1,-1,-1
758,2,503.15,565.29,70.02,247.99,0.7170,-1,-1,-1
758,3,860.78,953.46,86.60,126.54,0.7723,-1,-1,-1
758,4,1718.15,452.84,79.31,213.11,0.7077,-1,-1,-1
758,66,1573.95,596.99,99.41,229.96,0.4245,-1,-1,-1
758,92,300.47,458.62,81.42,219.90,0.7478,-1,-1,-1
758,117,454.08,188.71,65.58,189.95,0.4797,-1,-1,-1
758,119,271.71,202.67,53.86,168.47,0.3105,-1,-1,-1
758,120,545.65,108.50,68.29,181.99,0.2215,-1,-1,-1
758,122,1094.99,690.30,77.21,236.41,0.7660,-1,-1,-1
758,124,1166.04,671.58,85.32,258.82,0.7694,-1,-1,-1
758,126,404.56,204.18,51.49,164.85,0.4688,-1,-1,-1
758,137,332.06,200.90,55.16,165.16,0.2220,-1,-1,-1
759,2,507.93,565.13,68.48,249.29,0.7151,-1,-1,-1
759,3,862.76,954.52,87.62,125.50,0.7564,-1,-1,-1
759,4,1718.59,452.81,78.26,213.16,0.6896,-1,-1,-1
759,45,789.04,136.30,54.59,168.38,0.2108,-1,-1,-1
759,66,1569.48,593.84,106.27,230.14,0.5356,-1,-1,-1
759,92,300.74,459.27,81.08,223.20,0.7503,-1,-1,-1
759,117,452.76,188.46,67.25,189.19,0.4825,-1,-1,-1
759,119,273.41,207.27,51.93,164.00,0.2764,-1,-1,-1
759,120,543.76,110.85,69.84,179.91,0.2131,-1,-1,-1
759,122,1093.80,688.10,76.20,240.45,0.7506,-1,-1,-1
759,124,1162.08,671.19,89.68,260.05,0.7578,-1,-1,-1
759,126,404.57,205.86,49.41,163.27,0.5149,-1,-1,-1
759,137,332.26,201.65,54.76,163.81,0.2161,-1,-1,-1
760,2,511.60,564.94,70.06,249.80,0.7244,-1,-1,-1
760,3,864.13,954.67,89.54,125.32,0.7574,-1,-1,-1
760,4,1718.61,453.00,77.73,212.71,0.6983,-1,-1,-1
760,66,1571.35,593.73,104.18,230.28,0.6324,-1,-1,-1
760,92,301.05,462.68,80.86,223.84,0.7324,-1,-1,-1
760,117,450.82,186.82,68.94,188.68,0.4835,-1,-1,-1
760,119,274.90,207.25,49.97,164.14,0.3537,-1,-1,-1
760,122,1091.72,687.08,77.04,244.46,0.7464,-1,-1,-1
760,124,1160.59,669.61,89.45,259.33,0.7648,-1,-1,-1
760,126,404.82,207.38,51.01,166.61,0.4829,-1,-1,-1
760,137,333.64,210.04,54.01,156.84,0.2272,-1,-1,-1
761,2,514.94,565.35,71.33,248.54,0.7486,-1,-1,-1
761,3,865.43,954.51,90.85,125.48,0.7738,-1,-1,-1
761,4,1717.70,451.12,77.48,213.24,0.7167,-1,-1,-1
761,66,1570.05,594.53,105.23,229.50,0.6080,-1,-1,-1
761,92,300.90,464.97,80.85,222.85,0.7151,-1,-1,-1
761,117,449.96,190.44,70.25,184.99,0.4901,-1,-1,-1
761,119,275.64,203.45,49.31,167.17,0.2870,-1,-1,-1
761,120,540.64,110.29,74.36,181.24,0.2494,-1,-1,-1
761,122,1089.55,685.62,76.81,244.22,0.7430,-1,-1,-1
761,124,1158.05,668.30,90.14,261.29,0.7656,-1,-1,-1
761,126,404.46,208.36,51.93,167.87,0.4058,-1,-1,-1
761,137,333.57,214.81,52.68,152.45,0.2113,-1,-1,-1
762,2,517.36,567.49,74.21,246.55,0.7706,-1,-1,-1
762,3,866.94,955.19,89.23,124.81,0.7792,-1,-1,-1
762,4,1717.33,453.86,78.65,210.34,0.7058,-1,-1,-1
762,66,1570.69,593.94,105.11,230.76,0.6057,-1,-1,-1
762,92,301.22,467.18,79.79,222.69,0.7294,-1,-1,-1
762,117,451.43,192.54,68.75,185.16,0.4982,-1,-1,-1
762,119,276.10,203.90,48.48,166.19,0.3804,-1,-1,-1
762,122,1088.36,683.48,75.04,245.81,0.7454,-1,-1,-1
762,124,1156.30,667.31,89.49,261.91,0.7533,-1,-1,-1
762,126,405.03,208.90,53.10,169.89,0.4983,-1,-1,-1
762,137,332.97,212.83,53.85,154.30,0.2609,-1,-1,-1
763,2,519.50,567.87,75.27,245.84,0.7649,-1,-1,-1
763,3,867.40,955.80,89.20,124.20,0.7782,-1,-1,-1
763,4,1718.71,454.96,78.58,211.93,0.7132,-1,-1,-1
763,66,1570.11,594.26,105.05,230.25,0.5865,-1,-1,-1
763,92,301.16,468.78,77.88,224.24,0.7422,-1,-1,-1
763,117,454.09,201.63,63.00,178.21,0.4829,-1,-1,-1
763,119,277.08,200.67,48.46,168.73,0.4154,-1,-1,-1
763,120,540.73,111.46,72.47,180.25,0.2617,-1,-1,-1
763,122,1081.88,683.10,80.17,247.60,0.7476,-1,-1,-1
763,124,1154.95,664.53,85.83,260.27,0.7514,-1,-1,-1
763,126,405.53,209.36,52.00,170.34,0.5154,-1,-1,-1
763,137,331.61,204.46,55.10,162.18,0.3080,-1,-1,-1
763,142,408.92,62.65,45.74,151.08,0.2675,-1,-1,-1
763,143,454.05,43.91,66.79,209.06,0.2094,-1,-1,-1
764,2,520.75,568.31,77.20,245.20,0.7573,-1,-1,-1
764,3,868.02,956.48,88.83,123.53,0.7747,-1,-1,-1
764,4,1718.38,453.73,79.07,212.19,0.7220,-1,-1,-1
764,66,1570.59,592.65,104.28,231.69,0.5214,-1,-1,-1
764,92,299.43,468.83,77.40,227.64,0.7407,-1,-1,-1
764,117,454.76,204.13,61.33,178.55,0.5300,-1,-1,-1
764,119,277.67,196.59,47.19,172.82,0.3896,-1,-1,-1
764,120,540.33,110.67,72.68,181.06,0.2566,-1,-1,-1
764,122,1081.93,680.17,77.00,252.79,0.7451,-1,-1,-1
764,124,1152.32,659.98,86.82,261.76,0.7575,-1,-1,-1
764,126,404.33,208.82,52.64,172.81,0.5205,-1,-1,-1
764,133,684.32,217.13,70.07,112.60,0.2028,-1,-1,-1
764,137,331.62,203.54,55.13,162.24,0.2983,-1,-1,-1
764,142,408.75,64.46,47.05,151.33,0.2583,-1,-1,-1
764,143,452.81,50.82,68.51,169.62,0.2167,-1,-1,-1
765,2,521.12,568.41,84.35,245.77,0.7497,-1,-1,-1
765,3,868.42,957.01,87.98,122.99,0.7698,-1,-1,-1
765,4,1718.97,453.13,77.95,213.63,0.7138,-1,-1,-1
765,66,1570.96,592.59,104.51,231.50,0.5417,-1,-1,-1
765,92,299.08,469.46,75.94,229.67,0.7128,-1,-1,-1
765,117,455.07,205.64,60.87,179.31,0.5430,-1,-1,-1
765,119,278.66,190.71,47.77,178.50,0.3373,-1,-1,-1
765,120,540.18,108.90,73.15,181.30,0.3486,-1,-1,-1
765,122,1078.63,678.13,79.23,254.22,0.7331,-1,-1,-1
765,124,1150.02,660.17,86.48,258.69,0.7422,-1,-1,-1
765,126,401.26,209.26,55.40,173.51,0.4976,-1,-1,-1
765,137,332.12,198.01,54.43,167.51,0.2607,-1,-1,-1
765,142,410.42,66.35,48.63,156.06,0.2241,-1,-1,-1
766,2,522.96,569.54,92.52,245.63,0.7493,-1,-1,-1
766,3,869.38,956.81,87.24,123.18,0.7598,-1,-1,-1
766,4,1718.67,455.38,77.59,210.04,0.7419,-1,-1,-1
766,66,1570.81,590.94,104.23,233.54,0.6069,-1,-1,-1
766,92,297.64,470.18,73.98,228.64,0.6277,-1,-1,-1
766,117,454.75,204.11,60.01,184.20,0.4886,-1,-1,-1
766,119,278.61,198.36,50.14,171.79,0.3795,-1,-1,-1
766,120,542.35,105.02,69.51,184.57,0.2116,-1,-1,-1
766,122,1076.02,677.93,80.58,255.73,0.7206,-1,-1,-1
766,124,1146.41,656.73,89.30,256.43,0.7238,-1,-1,-1
766,126,400.32,211.31,55.45,171.13,0.4903,-1,-1,-1
766,137,327.06,194.16,55.99,171.27,0.3544,-1,-1,-1
766,143,457.35,48.50,65.46,165.48,0.2105,-1,-1,-1
767,2,524.10,569.66,89.90,246.82,0.7568,-1,-1,-1
767,3,868.84,957.32,88.00,122.69,0.7592,-1,-1,-1
767,4,1718.68,455.25,77.75,211.71,0.7288,-1,-1,-1
767,66,1582.54,597.81,89.85,229.08,0.5008,-1,-1,-1
767,92,296.08,471.73,74.38,227.43,0.5963,-1,-1,-1
767,117,454.18,203.83,59.73,185.48,0.4680,-1,-1,-1
767,119,278.73,197.59,50.71,170.23,0.3734,-1,-1,-1
767,120,542.51,103.15,68.71,188.17,0.2579,-1,-1,-1
767,122,1074.48,675.63,80.26,255.27,0.7365,-1,-1,-1
767,124,1145.01,653.21,86.27,252.36,0.7146,-1,-1,-1
767,126,400.60,211.39,55.30,171.71,0.4520,-1,-1,-1
767,137,328.52,193.30,56.03,172.02,0.3790,-1,-1,-1
767,142,409.74,68.97,52.81,158.88,0.2650,-1,-1,-1
768,2,524.09,569.75,90.26,247.10,0.7611,-1,-1,-1
768,3,869.39,957.40,87.94,122.60,0.7695,-1,-1,-1
768,4,1720.28,452.88,76.31,213.51,0.7124,-1,-1,-1
768,66,1570.69,590.40,104.66,233.79,0.5271,-1,-1,-1
768,92,294.44,472.49,74.52,226.46,0.5977,-1,-1,-1
768,117,452.54,199.19,61.39,192.85,0.5094,-1,-1,-1
768,119,279.50,193.72,51.10,173.26,0.3533,-1,-1,-1
768,120,541.91,108.09,68.00,182.54,0.2504,-1,-1,-1
768,122,1074.21,673.87,79.20,255.44,0.7421,-1,-1,-1
768,124,1142.36,650.32,85.21,246.82,0.7481,-1,-1,-1
768,126,402.35,209.34,53.17,173.91,0.4026,-1,-1,-1
768,137,326.26,192.90,57.52,169.34,0.3571,-1,-1,-1
768,142,409.81,71.27,52.05,156.61,0.2394,-1,-1,-1
769,2,524.28,572.08,91.53,244.23,0.7576,-1,-1,-1
769,3,869.02,958.26,89.42,121.75,0.7751,-1,-1,-1
769,4,1720.07,453.92,76.17,210.55,0.7275,-1,-1,-1
769,66,1573.89,594.63,93.67,232.33,0.3913,-1,-1,-1
769,92,293.98,472.82,75.62,226.57,0.6566,-1,-1,-1
769,117,453.00,195.56,60.62,196.46,0.4063,-1,-1,-1
769,119,280.13,196.12,49.90,170.42,0.3354,-1,-1,-1
769,120,540.60,110.69,70.41,181.14,0.2419,-1,-1,-1
769,122,1070.11,670.51,80.20,253.25,0.7834,-1,-1,-1
769,124,1141.39,647.78,81.51,243.37,0.7916,-1,-1,-1
769,126,402.87,205.25,53.83,178.01,0.3699,-1,-1,-1
769,137,329.23,193.51,55.39,167.36,0.3295,-1,-1,-1
770,2,524.43,571.93,93.01,244.56,0.7691,-1,-1,-1
770,3,869.51,957.27,90.12,122.70,0.7875,-1,-1,-1
770,4,1720.72,455.11,75.83,209.66,0.7261,-1,-1,-1
770,66,1578.12,595.39,94.27,231.01,0.4274,-1,-1,-1
770,92,293.80,473.87,75.78,224.67,0.6367,-1,-1,-1
770,117,452.23,197.32,61.30,194.74,0.3812,-1,-1,-1
770,119,279.83,199.31,50.47,166.67,0.3240,-1,-1,-1
770,120,542.81,113.90,67.83,177.77,0.3050,-1,-1,-1
770,122,1066.06,669.43,80.44,250.28,0.7986,-1,-1,-1
770,124,1140.28,646.23,79.37,240.51,0.8176,-1,-1,-1
770,126,403.99,207.51,51.91,177.83,0.3635,-1,-1,-1
770,137,327.87,192.97,55.59,166.58,0.3087,-1,-1,-1
770,142,413.15,73.51,48.62,159.05,0.2137,-1,-1,-1
770,143,459.70,52.81,66.86,174.59,0.2078,-1,-1,-1
771,2,525.37,572.02,92.04,243.87,0.7602,-1,-1,-1
771,3,869.77,957.64,90.18,122.36,0.7919,-1,-1,-1
771,4,1722.59,451.69,73.56,214.00,0.7266,-1,-1,-1
771,66,1562.36,599.87,109.57,227.67,0.4245,-1,-1,-1
771,92,292.71,474.11,74.85,224.13,0.6713,-1,-1,-1
771,117,452.25,200.37,59.88,193.53,0.5236,-1,-1,-1
771,119,280.68,201.11,49.30,163.24,0.3300,-1,-1,-1
771,120,543.97,113.60,66.45,177.86,0.2812,-1,-1,-1
771,122,1063.58,666.94,81.33,241.34,0.8044,-1,-1,-1
771,124,1138.30,644.59,79.05,242.92,0.8077,-1,-1,-1
771,126,403.78,207.75,51.52,177.57,0.3530,-1,-1,-1
771,133,683.61,214.58,69.62,118.29,0.2087,-1,-1,-1
771,137,330.74,195.41,59.54,166.39,0.3072,-1,-1,-1
772,2,527.80,571.10,90.49,243.45,0.7494,-1,-1,-1
772,3,870.09,957.89,91.46,122.11,0.7947,-1,-1,-1
772,4,1722.81,453.18,74.89,212.47,0.7251,-1,-1,-1
772,66,1574.74,597.05,96.77,229.57,0.5248,-1,-1,-1
772,92,292.68,475.57,74.18,222.84,0.6633,-1,-1,-1
772,117,452.47,202.53,59.99,190.85,0.5248,-1,-1,-1
772,119,281.37,199.81,48.26,162.76,0.2667,-1,-1,-1
772,120,544.42,113.60,63.73,176.15,0.2494,-1,-1,-1
772,122,1061.89,664.45,82.90,241.26,0.7997,-1,-1,-1
772,124,1136.61,642.11,79.54,246.32,0.7857,-1,-1,-1
772,126,403.43,212.58,51.20,173.00,0.4074,-1,-1,-1
772,137,325.17,193.67,58.61,165.58,0.2903,-1,-1,-1
773,2,533.85,570.06,86.57,243.69,0.7276,-1,-1,-1
773,3,870.57,957.91,90.64,122.08,0.8040,-1,-1,-1
773,4,1722.06,451.62,73.70,212.23,0.7321,-1,-1,-1
773,45,796.01,136.62,47.21,168.71,0.2029,-1,-1,-1
773,66,1571.92,601.29,99.75,225.42,0.4816,-1,-1,-1
773,92,292.27,476.43,75.36,222.44,0.6818,-1,-1,-1
773,117,451.75,206.20,60.61,186.57,0.4444,-1,-1,-1
773,119,281.82,198.52,47.56,165.41,0.2813,-1,-1,-1
773,122,1061.12,660.91,78.16,238.28,0.8093,-1,-1,-1
773,124,1135.25,641.00,78.52,246.53,0.7681,-1,-1,-1
773,126,403.28,213.53,50.83,169.00,0.4191,-1,-1,-1
773,133,683.42,216.25,69.91,117.83,0.2188,-1,-1,-1
773,137,324.17,193.39,59.32,166.52,0.2605,-1,-1,-1
773,142,415.94,77.10,49.71,153.88,0.2992,-1,-1,-1
773,143,463.96,51.58,61.85,172.29,0.2190,-1,-1,-1
774,2,537.72,569.51,82.70,244.38,0.7209,-1,-1,-1
774,3,870.96,957.81,91.26,122.19,0.7990,-1,-1,-1
774,4,1723.68,451.98,72.34,212.24,0.7158,-1,-1,-1
774,45,795.31,137.74,48.70,166.98,0.2288,-1,-1,-1
774,66,1574.04,600.12,97.95,226.33,0.5159,-1,-1,-1
774,92,291.26,477.60,77.57,221.94,0.7162,-1,-1,-1
774,117,452.42,203.69,59.19,187.73,0.3840,-1,-1,-1
774,119,282.71,197.85,48.77,165.96,0.2922,-1,-1,-1
774,120,546.63,115.91,61.53,172.85,0.2381,-1,-1,-1
774,122,1059.49,660.61,75.08,237.38,0.7758,-1,-1,-1
774,124,1132.49,640.06,80.90,246.43,0.7615,-1,-1,-1
774,126,402.31,213.25,50.45,171.25,0.3938,-1,-1,-1
774,133,683.19,216.63,70.45,117.52,0.2040,-1,-1,-1
774,137,331.69,193.20,59.48,168.08,0.2363,-1,-1,-1
774,142,418.66,76.85,45.49,153.22,0.2158,-1,-1,-1
774,143,464.01,51.45,61.43,172.33,0.2272,-1,-1,-1
775,2,542.97,570.09,79.17,243.64,0.7007,-1,-1,-1
775,3,871.21,957.75,91.29,122.24,0.8053,-1,-1,-1
775,4,1723.43,453.11,72.42,209.99,0.7278,-1,-1,-1
775,66,1567.47,596.76,103.78,229.66,0.4879,-1,-1,-1
775,92,290.76,478.63,76.99,222.25,0.7398,-1,-1,-1
775,117,451.47,202.90,59.40,188.12,0.4350,-1,-1,-1
775,119,282.69,199.94,46.33,160.87,0.2489,-1,-1,-1
775,120,545.32,112.75,61.51,176.75,0.2623,-1,-1,-1
775,122,1056.63,658.27,74.46,238.75,0.7552,-1,-1,-1
775,124,1126.47,639.37,85.44,250.67,0.7732,-1,-1,-1
775,126,401.10,219.08,52.42,167.64,0.4484,-1,-1,-1
775,137,324.64,192.53,57.38,168.89,0.2241,-1,-1,-1
776,2,548.62,571.35,73.76,242.62,0.6925,-1,-1,-1
776,3,871.19,958.82,90.78,121.20,0.7919,-1,-1,-1
776,4,1723.23,452.41,72.17,211.25,0.7365,-1,-1,-1
776,66,1570.50,597.91,101.40,228.56,0.5512,-1,-1,-1
776,92,290.06,480.09,76.86,222.93,0.7490,-1,-1,-1
776,117,450.62,201.07,60.32,189.82,0.3962,-1,-1,-1
776,119,282.39,196.55,46.89,164.76,0.2745,-1,-1,-1
776,120,546.29,117.14,60.54,172.33,0.2166,-1,-1,-1
776,122,1054.66,654.56,72.77,241.02,0.7632,-1,-1,-1
776,124,1128.03,637.19,81.48,253.03,0.7808,-1,-1,-1
776,126,401.50,215.97,49.88,170.98,0.4249,-1,-1,-1
777,2,552.90,571.75,71.23,244.30,0.7102,-1,-1,-1
777,3,872.49,959.45,90.03,120.56,0.7872,-1,-1,-1
777,4,1723.93,452.27,71.79,210.42,0.7353,-1,-1,-1
777,66,1568.26,599.21,102.68,227.91,0.4750,-1,-1,-1
777,92,289.38,481.06,76.92,226.58,0.7686,-1,-1,-1
777,117,448.90,202.82,60.69,188.61,0.2679,-1,-1,-1
777,119,282.35,195.48,47.82,166.85,0.2425,-1,-1,-1
777,120,546.30,118.92,62.64,170.51,0.2297,-1,-1,-1
777,122,1051.79,652.10,74.90,245.56,0.7520,-1,-1,-1
777,124,1125.93,635.74,81.03,254.18,0.7147,-1,-1,-1
777,126,402.44,218.28,49.46,169.24,0.3359,-1,-1,-1
778,2,560.81,571.83,64.71,245.38,0.7181,-1,-1,-1
778,3,872.54,959.13,90.59,120.86,0.7892,-1,-1,-1
778,4,1723.47,452.44,72.33,210.69,0.7489,-1,-1,-1
778,66,1569.94,591.07,104.86,232.94,0.5842,-1,-1,-1
778,92,289.93,484.24,75.70,224.72,0.7609,-1,-1,-1
778,117,448.15,203.42,61.50,187.26,0.3089,-1,-1,-1
778,119,282.78,193.18,46.80,169.63,0.2360,-1,-1,-1
778,120,545.90,119.54,62.93,169.96,0.3394,-1,-1,-1
778,122,1050.96,649.84,74.17,247.94,0.7590,-1,-1,-1
778,124,1126.40,634.01,79.27,253.15,0.7320,-1,-1,-1
778,126,400.69,218.20,50.49,170.40,0.2922,-1,-1,-1
779,2,565.41,572.06,64.26,249.63,0.7196,-1,-1,-1
779,3,873.23,959.05,90.14,120.94,0.7899,-1,-1,-1
779,4,1722.39,452.09,73.49,211.37,0.7451,-1,-1,-1
779,66,1571.86,588.33,103.46,235.75,0.6020,-1,-1,-1
779,92,289.41,487.09,75.05,224.22,0.7589,-1,-1,-1
779,117,447.91,210.73,60.55,183.54,0.2495,-1,-1,-1
779,119,282.84,199.26,47.09,165.72,0.2376,-1,-1,-1
779,120,546.59,121.63,60.74,167.08,0.2136,-1,-1,-1
779,122,1049.34,646.74,73.73,251.08,0.7557,-1,-1,-1
779,124,1118.19,631.99,84.79,254.42,0.7272,-1,-1,-1
779,126,398.87,222.63,52.81,170.89,0.3548,-1,-1,-1
780,2,568.57,572.57,62.97,246.98,0.7032,-1,-1,-1
780,3,873.08,959.30,89.94,120.70,0.7838,-1,-1,-1
780,4,1723.06,451.84,73.14,212.19,0.7457,-1,-1,-1
780,66,1570.65,588.23,104.28,235.60,0.6196,-1,-1,-1
780,92,289.73,489.81,74.42,225.05,0.7527,-1,-1,-1
780,117,448.63,218.12,55.91,178.52,0.2842,-1,-1,-1
780,119,283.25,201.12,46.82,164.79,0.2171,-1,-1,-1
780,120,546.47,118.10,59.54,170.36,0.2266,-1,-1,-1
780,122,1047.77,646.14,74.47,251.31,0.7542,-1,-1,-1
780,124,1117.36,629.36,83.63,255.89,0.7443,-1,-1,-1
780,126,399.31,225.36,52.07,170.01,0.3916,-1,-1,-1
781,2,570.43,570.68,63.64,254.03,0.6852,-1,-1,-1
781,3,873.89,958.82,88.88,121.17,0.7796,-1,-1,-1
781,4,1723.77,451.42,72.08,211.55,0.7394,-1,-1,-1
781,66,1572.22,591.03,102.56,232.63,0.6593,-1,-1,-1
781,92,289.49,491.10,74.31,226.75,0.7647,-1,-1,-1
781,117,450.07,216.50,54.52,182.84,0.3389,-1,-1,-1
781,119,283.12,200.50,47.27,165.37,0.2126,-1,-1,-1
781,120,546.01,119.60,61.15,168.96,0.2002,-1,-1,-1
781,122,1044.74,649.09,77.54,242.58,0.7487,-1,-1,-1
781,124,1113.15,627.08,84.04,255.28,0.7629,-1,-1,-1
781,126,400.56,224.39,51.70,171.17,0.3699,-1,-1,-1
782,2,569.96,572.48,66.50,257.56,0.6372,-1,-1,-1
782,3,874.51,958.48,87.89,121.51,0.7726,-1,-1,-1
782,4,1722.69,451.03,73.23,211.24,0.7384,-1,-1,-1
782,66,1569.89,592.24,104.19,231.68,0.5769,-1,-1,-1
782,92,290.01,492.48,73.93,230.84,0.7724,-1,-1,-1
782,117,447.87,215.81,57.39,185.54,0.3253,-1,-1,-1
782,119,283.10,199.67,47.22,165.69,0.2318,-1,-1,-1
782,122,1044.53,645.74,74.25,248.28,0.7440,-1,-1,-1
782,124,1111.02,624.49,81.95,246.16,0.7755,-1,-1,-1
782,126,399.88,226.61,53.20,168.62,0.3815,-1,-1,-1
782,137,324.26,190.20,55.08,167.94,0.2578,-1,-1,-1
783,2,572.28,572.76,67.56,259.00,0.6401,-1,-1,-1
783,3,875.43,958.02,86.83,121.97,0.7680,-1,-1,-1
783,4,1722.96,452.19,74.50,210.99,0.7180,-1,-1,-1
783,66,1571.74,593.02,103.56,230.98,0.6502,-1,-1,-1
783,92,290.19,493.68,73.63,234.14,0.7743,-1,-1,-1
783,117,445.69,216.73,59.19,188.30,0.3792,-1,-1,-1
783,119,283.54,192.62,47.49,170.75,0.2273,-1,-1,-1
783,122,1043.95,644.99,73.48,248.30,0.7380,-1,-1,-1
783,124,1110.30,621.98,79.68,241.71,0.7575,-1,-1,-1
783,126,400.27,225.93,51.07,168.66,0.3820,-1,-1,-1
783,137,322.82,188.80,58.64,169.82,0.2077,-1,-1,-1
783,142,420.25,80.81,50.11,152.19,0.2307,-1,-1,-1
784,2,574.93,572.27,67.47,246.05,0.5570,-1,-1,-1
784,3,876.26,957.97,85.33,122.03,0.7545,-1,-1,-1
784,4,1722.67,451.82,74.30,212.60,0.7118,-1,-1,-1
784,45,790.36,140.11,45.96,164.86,0.2271,-1,-1,-1
784,66,1572.85,597.15,101.14,227.11,0.6933,-1,-1,-1
784,92,290.07,494.48,74.15,234.51,0.7644,-1,-1,-1
784,117,445.86,217.32,62.24,189.24,0.3586,-1,-1,-1
784,119,283.85,191.65,46.80,171.29,0.2371,-1,-1,-1
784,122,1043.58,643.55,70.32,244.87,0.7444,-1,-1,-1
784,124,1106.75,618.55,79.91,238.25,0.7700,-1,-1,-1
784,126,400.45,227.69,50.56,168.37,0.4658,-1,-1,-1
784,142,421.62,82.26,48.82,150.96,0.2090,-1,-1,-1
784,143,470.85,66.62,57.80,160.31,0.2017,-1,-1,-1
785,2,580.23,573.43,63.95,243.41,0.5785,-1,-1,-1
785,3,877.89,956.46,83.11,123.51,0.7632,-1,-1,-1
785,4,1722.58,451.96,74.75,211.64,0.7227,-1,-1,-1
785,66,1571.68,593.29,102.50,230.71,0.6173,-1,-1,-1
785,92,290.49,495.36,73.84,233.77,0.7662,-1,-1,-1
785,117,444.79,218.12,63.15,190.64,0.4207,-1,-1,-1
785,119,284.02,189.70,47.49,173.32,0.2380,-1,-1,-1
785,120,544.54,118.38,63.52,170.93,0.2236,-1,-1,-1
785,122,1042.09,642.19,71.12,245.81,0.7465,-1,-1,-1
785,124,1104.79,615.96,79.83,239.63,0.7503,-1,-1,-1
785,126,399.61,227.24,50.54,168.86,0.4665,-1,-1,-1
785,142,424.46,81.45,48.14,150.63,0.2304,-1,-1,-1
785,143,472.26,71.18,58.83,168.97,0.3288,-1,-1,-1
786,2,582.65,575.65,65.86,239.77,0.5804,-1,-1,-1
786,3,878.46,956.22,81.39,123.78,0.7566,-1,-1,-1
786,4,1722.96,451.16,72.83,211.82,0.7261,-1,-1,-1
786,45,788.83,139.52,47.33,164.64,0.2001,-1,-1,-1
786,66,1570.82,593.77,102.49,230.63,0.6372,-1,-1,-1
786,92,290.08,496.70,74.64,232.43,0.7664,-1,-1,-1
786,117,445.02,220.61,61.98,189.54,0.4316,-1,-1,-1
786,119,283.79,191.12,46.27,171.22,0.2292,-1,-1,-1
786,120,545.26,119.12,62.18,170.43,0.2311,-1,-1,-1
786,122,1040.52,639.65,70.77,244.87,0.7315,-1,-1,-1
786,124,1102.86,615.44,76.38,238.26,0.7509,-1,-1,-1
786,126,399.51,229.52,50.49,166.28,0.4716,-1,-1,-1
786,143,469.48,72.15,62.89,174.03,0.3829,-1,-1,-1
787,2,584.56,577.67,76.42,237.67,0.5913,-1,-1,-1
787,3,879.54,955.51,79.58,124.48,0.7691,-1,-1,-1
787,4,1723.03,452.69,74.52,211.06,0.7252,-1,-1,-1
787,66,1571.14,594.93,103.34,229.60,0.6498,-1,-1,-1
787,92,290.06,497.61,76.16,230.92,0.7522,-1,-1,-1
787,117,442.32,221.28,65.43,186.65,0.4312,-1,-1,-1
787,119,283.33,191.07,46.23,173.76,0.3059,-1,-1,-1
787,120,546.06,114.09,61.48,175.52,0.3014,-1,-1,-1
787,122,1037.94,636.13,70.95,244.30,0.7428,-1,-1,-1
787,124,1102.51,611.85,74.64,243.90,0.7818,-1,-1,-1
787,126,398.52,232.55,50.77,163.66,0.4805,-1,-1,-1
787,137,329.97,188.62,57.45,172.89,0.2181,-1,-1,-1
787,143,469.20,72.19,63.49,177.91,0.4291,-1,-1,-1
788,2,587.50,579.47,75.13,238.01,0.5365,-1,-1,-1
788,3,878.58,955.43,80.05,124.57,0.7732,-1,-1,-1
788,4,1722.42,454.96,73.90,208.13,0.7081,-1,-1,-1
788,66,1573.48,594.40,102.07,229.66,0.6748,-1,-1,-1
788,92,289.12,499.02,77.72,229.27,0.7393,-1,-1,-1
788,117,443.58,222.48,61.74,186.89,0.4972,-1,-1,-1
788,119,283.21,189.37,46.28,173.71,0.2749,-1,-1,-1
788,120,545.69,112.84,62.65,178.02,0.3257,-1,-1,-1
788,122,1035.29,633.50,71.30,237.83,0.7370,-1,-1,-1
788,124,1100.08,610.88,75.26,246.18,0.7652,-1,-1,-1
788,126,396.75,230.35,52.71,165.32,0.4620,-1,-1,-1
788,143,469.48,73.38,63.05,179.41,0.4484,-1,-1,-1
789,2,589.20,581.02,76.96,236.05,0.5926,-1,-1,-1
789,3,878.82,955.63,79.45,124.38,0.7678,-1,-1,-1
789,4,1723.80,453.14,73.45,212.86,0.7216,-1,-1,-1
789,66,1570.79,594.67,103.58,229.93,0.6688,-1,-1,-1
789,92,288.13,500.53,79.26,227.43,0.7449,-1,-1,-1
789,117,444.02,222.61,59.07,186.51,0.4850,-1,-1,-1
789,119,283.46,185.08,46.43,178.02,0.2321,-1,-1,-1
789,120,545.56,114.90,61.89,177.74,0.3255,-1,-1,-1
789,122,1031.63,630.62,74.07,234.18,0.7279,-1,-1,-1
789,124,1096.24,609.10,77.87,250.63,0.7912,-1,-1,-1
789,126,396.36,228.91,54.69,167.93,0.4555,-1,-1,-1
789,143,468.86,74.30,64.46,184.01,0.4662,-1,-1,-1
790,2,591.69,582.41,75.36,235.37,0.5942,-1,-1,-1
790,3,878.49,953.66,80.07,126.31,0.7751,-1,-1,-1
790,4,1723.53,451.95,71.85,212.52,0.7276,-1,-1,-1
790,66,1570.98,593.70,103.36,230.20,0.6668,-1,-1,-1
790,92,288.60,501.60,78.94,224.41,0.7441,-1,-1,-1
790,117,444.51,225.13,58.75,184.83,0.4161,-1,-1,-1
790,119,283.82,187.01,45.78,177.43,0.2590,-1,-1,-1
790,120,546.10,114.18,62.30,177.79,0.2934,-1,-1,-1
790,122,1030.34,628.90,74.22,220.98,0.7206,-1,-1,-1
790,124,1095.13,607.62,78.71,251.70,0.7817,-1,-1,-1
790,126,398.32,231.83,53.71,168.16,0.4196,-1,-1,-1
790,143,471.29,74.03,62.82,183.04,0.4634,-1,-1,-1
791,2,594.48,583.25,76.22,234.20,0.6053,-1,-1,-1
791,3,880.52,953.84,76.79,126.18,0.7567,-1,-1,-1
791,4,1722.62,453.00,74.24,212.94,0.7315,-1,-1,-1
791,66,1570.61,593.47,102.74,230.86,0.7014,-1,-1,-1
791,92,288.20,502.38,79.24,224.86,0.7393,-1,-1,-1
791,117,443.65,224.90,59.35,185.35,0.4619,-1,-1,-1
791,119,283.61,186.17,46.87,177.95,0.2764,-1,-1,-1
791,120,546.37,112.39,62.03,179.10,0.3286,-1,-1,-1
791,122,1028.86,626.87,74.51,224.93,0.7289,-1,-1,-1
791,124,1092.76,607.19,81.85,253.30,0.7677,-1,-1,-1
791,126,396.82,231.62,53.93,168.95,0.4125,-1,-1,-1
791,143,471.52,73.06,62.43,182.61,0.4249,-1,-1,-1
792,2,595.67,584.21,76.67,233.11,0.5896,-1,-1,-1
792,3,881.60,953.23,74.07,126.76,0.7591,-1,-1,-1
792,4,1722.25,452.46,73.96,212.24,0.7473,-1,-1,-1
792,66,1569.67,590.14,103.78,234.04,0.6800,-1,-1,-1
792,92,287.92,503.53,79.24,224.44,0.7444,-1,-1,-1
792,117,442.16,225.18,60.92,185.17,0.4516,-1,-1,-1
792,119,283.78,182.92,47.58,180.74,0.3072,-1,-1,-1
792,120,547.54,112.49,60.43,179.29,0.3195,-1,-1,-1
792,122,1027.20,624.07,74.42,234.98,0.7450,-1,-1,-1
792,124,1091.91,606.96,83.49,255.55,0.7666,-1,-1,-1
792,126,395.26,233.30,56.05,170.37,0.4297,-1,-1,-1
792,137,337.82,186.50,50.28,174.98,0.2218,-1,-1,-1
792,143,471.25,72.48,62.59,186.73,0.3980,-1,-1,-1
793,2,598.87,585.30,74.42,229.13,0.5970,-1,-1,-1
793,3,881.62,952.37,73.36,127.62,0.7595,-1,-1,-1
793,4,1723.06,452.35,72.67,212.13,0.7367,-1,-1,-1
793,66,1569.86,591.85,103.51,232.13,0.6981,-1,-1,-1
793,92,288.32,506.88,78.99,225.66,0.7189,-1,-1,-1
793,117,441.87,225.85,60.04,184.48,0.4422,-1,-1,-1
793,119,284.24,181.98,46.41,182.57,0.4111,-1,-1,-1
793,120,547.38,113.13,59.89,177.93,0.3188,-1,-1,-1
793,122,1024.96,620.41,75.19,240.82,0.7587,-1,-1,-1
793,124,1091.08,606.05,83.43,255.70,0.7804,-1,-1,-1
793,126,394.46,232.57,55.92,171.76,0.4417,-1,-1,-1
793,137,338.47,185.70,50.65,175.21,0.2605,-1,-1,-1
793,142,426.77,87.81,47.38,146.38,0.2662,-1,-1,-1
793,143,470.26,72.37,64.21,192.15,0.3914,-1,-1,-1
794,2,601.78,585.14,72.67,237.38,0.5325,-1,-1,-1
794,3,881.98,950.76,69.71,129.21,0.7528,-1,-1,-1
794,4,1722.32,452.66,75.01,212.72,0.7529,-1,-1,-1
794,66,1570.08,589.38,103.33,234.50,0.6808,-1,-1,-1
794,92,288.49,509.72,79.17,228.76,0.6999,-1,-1,-1
794,117,440.16,227.02,61.88,184.52,0.4765,-1,-1,-1
794,119,284.04,183.52,47.08,181.11,0.3809,-1,-1,-1
794,120,548.36,114.97,59.32,176.50,0.2412,-1,-1,-1
794,122,1023.69,618.83,75.97,243.67,0.7608,-1,-1,-1
794,124,1089.29,606.41,85.91,255.21,0.7457,-1,-1,-1
794,126,396.00,239.60,53.10,166.82,0.4574,-1,-1,-1
794,137,341.12,185.72,47.53,174.94,0.2871,-1,-1,-1
794,142,426.68,88.23,47.18,150.21,0.2177,-1,-1,-1
794,143,469.31,73.44,66.21,191.58,0.4133,-1,-1,-1
795,2,604.29,585.00,71.59,255.01,0.4713,-1,-1,-1
795,3,882.69,949.68,66.79,130.30,0.7352,-1,-1,-1
795,4,1722.04,452.64,73.71,211.06,0.7564,-1,-1,-1
795,66,1569.32,589.63,104.67,234.86,0.6839,-1,-1,-1
795,92,288.62,511.38,77.41,231.98,0.7092,-1,-1,-1
795,117,438.60,224.76,63.22,187.14,0.4548,-1,-1,-1
795,119,284.34,182.90,47.30,182.02,0.3797,-1,-1,-1
795,122,1020.94,616.09,76.70,245.38,0.7818,-1,-1,-1
795,124,1087.13,604.28,87.14,256.29,0.7660,-1,-1,-1
795,126,394.90,234.39,55.65,174.25,0.4268,-1,-1,-1
795,137,342.09,185.74,48.19,173.99,0.2936,-1,-1,-1
795,142,426.38,88.03,47.62,147.54,0.2649,-1,-1,-1
795,143,470.32,73.81,65.43,192.28,0.4346,-1,-1,-1
796,2,607.58,586.31,71.00,277.85,0.4851,-1,-1,-1
796,3,882.39,949.29,65.52,130.72,0.7521,-1,-1,-1
796,4,1723.28,451.97,73.08,211.87,0.7569,-1,-1,-1
796,66,1570.49,588.45,103.34,236.38,0.6194,-1,-1,-1
796,92,288.20,513.56,77.65,234.14,0.7400,-1,-1,-1
796,117,440.43,227.13,61.24,186.10,0.5020,-1,-1,-1
796,119,284.26,184.21,47.81,181.21,0.3477,-1,-1,-1
796,120,547.12,117.71,61.15,173.58,0.2167,-1,-1,-1
796,122,1019.28,616.33,74.97,245.22,0.8033,-1,-1,-1
796,124,1086.09,602.72,84.28,254.18,0.7894,-1,-1,-1
796,126,393.71,241.22,54.98,168.06,0.4833,-1,-1,-1
796,137,342.31,185.92,48.58,172.50,0.3570,-1,-1,-1
796,142,426.17,88.16,47.81,145.93,0.2228,-1,-1,-1
796,143,468.54,75.26,68.73,188.97,0.3839,-1,-1,-1
797,2,609.79,584.26,70.18,280.87,0.4433,-1,-1,-1
797,3,881.90,948.05,65.23,131.93,0.7478,-1,-1,-1
797,4,1723.75,451.33,72.72,213.96,0.7470,-1,-1,-1
797,66,1569.40,591.14,101.78,235.98,0.5850,-1,-1,-1
797,92,287.96,515.64,76.25,233.21,0.7369,-1,-1,-1
797,117,444.40,235.16,53.46,180.37,0.5145,-1,-1,-1
797,119,283.84,185.78,47.94,176.12,0.3096,-1,-1,-1
797,120,547.52,111.92,61.81,179.23,0.2036,-1,-1,-1
797,122,1017.40,615.15,74.62,247.34,0.8142,-1,-1,-1
797,124,1085.55,600.35,82.27,255.27,0.8042,-1,-1,-1
797,126,395.55,241.56,52.27,169.08,0.4901,-1,-1,-1
797,137,342.84,187.25,47.59,170.69,0.3541,-1,-1,-1
797,142,425.63,88.31,49.83,146.50,0.2727,-1,-1,-1
797,143,470.09,76.48,67.51,181.80,0.3158,-1,-1,-1
798,2,611.46,584.53,67.95,273.81,0.4356,-1,-1,-1
798,3,882.09,946.52,63.47,133.45,0.7321,-1,-1,-1
798,4,1723.30,451.82,72.86,212.55,0.7495,-1,-1,-1
798,66,1571.77,591.33,102.45,233.50,0.6793,-1,-1,-1
798,92,287.16,516.36,76.79,236.22,0.7576,-1,-1,-1
798,117,444.30,235.22,54.08,183.44,0.5158,-1,-1,-1
798,119,284.36,184.96,46.99,177.69,0.3201,-1,-1,-1
798,120,546.48,110.95,62.95,180.30,0.2214,-1,-1,-1
798,122,1016.56,614.16,74.60,247.04,0.8090,-1,-1,-1
798,124,1083.71,598.38,82.91,254.44,0.8052,-1,-1,-1
798,126,395.44,238.36,54.22,174.18,0.4833,-1,-1,-1
798,137,342.39,187.05,48.24,170.55,0.3451,-1,-1,-1
798,142,425.54,88.21,50.92,147.00,0.2503,-1,-1,-1
798,143,472.12,77.11,64.27,177.86,0.2622,-1,-1,-1
799,3,882.24,945.29,61.91,134.70,0.7127,-1,-1,-1
799,4,1724.19,451.95,71.40,212.12,0.7430,-1,-1,-1
799,66,1570.74,585.72,102.94,238.59,0.6132,-1,-1,-1
799,92,286.45,519.56,76.66,233.64,0.7683,-1,-1,-1
799,117,443.96,237.42,55.72,184.07,0.5607,-1,-1,-1
799,119,283.49,185.89,48.35,177.43,0.3172,-1,-1,-1
799,122,1014.37,616.82,72.94,244.81,0.7766,-1,-1,-1
799,124,1082.58,594.42,81.77,252.16,0.7765,-1,-1,-1
799,126,395.01,240.09,53.99,173.37,0.5194,-1,-1,-1
799,137,343.18,187.43,47.65,166.58,0.2700,-1,-1,-1
799,142,424.92,88.76,51.44,152.41,0.2850,-1,-1,-1
799,143,473.72,77.97,61.83,171.76,0.2736,-1,-1,-1
800,3,882.44,944.18,61.18,135.81,0.6967,-1,-1,-1
800,4,1723.14,452.15,72.57,211.24,0.7397,-1,-1,-1
800,66,1571.17,588.25,103.11,236.90,0.6019,-1,-1,-1
800,92,285.15,522.52,76.70,236.70,0.7769,-1,-1,-1
800,117,441.33,233.39,59.42,189.98,0.5444,-1,-1,-1
800,119,283.28,185.77,48.47,173.99,0.2905,-1,-1,-1
800,120,547.39,109.97,63.32,181.48,0.2244,-1,-1,-1
800,122,1012.07,615.75,74.15,244.38,0.7847,-1,-1,-1
800,124,1081.86,590.42,82.50,241.38,0.7349,-1,-1,-1
800,126,395.49,238.78,53.94,174.51,0.5105,-1,-1,-1
800,137,344.21,188.51,47.53,166.08,0.3310,-1,-1,-1
800,142,424.02,89.14,52.56,155.96,0.2939,-1,-1,-1
800,143,474.24,79.61,62.40,172.61,0.3062,-1,-1,-1
801,3,881.57,942.77,61.61,137.20,0.6632,-1,-1,-1
801,4,1722.59,452.57,72.96,212.52,0.7356,-1,-1,-1
801,66,1570.31,595.77,102.16,232.80,0.5826,-1,-1,-1
801,92,283.35,522.87,77.17,236.61,0.8035,-1,-1,-1
801,117,441.86,236.11,57.68,189.33,0.5185,-1,-1,-1
801,119,283.42,185.55,48.39,177.25,0.2809,-1,-1,-1
801,122,1008.56,613.21,75.08,243.58,0.7734,-1,-1,-1
801,124,1078.81,587.72,81.97,235.46,0.7629,-1,-1,-1
801,126,396.93,240.04,52.05,171.64,0.5222,-1,-1,-1
801,137,345.42,189.18,47.43,163.68,0.2779,-1,-1,-1
801,142,424.05,90.08,53.82,159.42,0.2934,-1,-1,-1
801,143,475.99,81.38,60.17,175.24,0.2987,-1,-1,-1
801,149,1611.66,1.21,48.08,123.72,0.2012,-1,-1,-1
802,3,882.05,941.71,59.84,138.28,0.6480,-1,-1,-1
802,4,1722.67,451.87,72.99,211.61,0.7442,-1,-1,-1
802,66,1568.06,595.12,104.03,233.33,0.5736,-1,-1,-1
802,92,282.30,524.09,76.37,234.86,0.8038,-1,-1,-1
802,117,442.42,236.80,56.85,189.86,0.5682,-1,-1,-1
802,119,283.07,186.79,49.43,174.56,0.2512,-1,-1,-1
802,122,1009.34,611.76,72.57,245.49,0.7659,-1,-1,-1
802,124,1077.37,584.68,79.49,231.36,0.7491,-1,-1,-1
802,126,395.67,239.31,54.62,173.40,0.4905,-1,-1,-1
802,137,346.47,189.54,46.29,163.89,0.2865,-1,-1,-1
802,142,425.11,90.07,50.93,158.78,0.2415,-1,-1,-1
802,143,476.32,82.91,59.40,169.67,0.2233,-1,-1,-1
802,149,1612.75,1.19,47.85,127.79,0.2141,-1,-1,-1
803,3,880.99,942.61,59.46,137.47,0.6713,-1,-1,-1
803,4,1722.59,452.84,72.79,212.10,0.7422,-1,-1,-1
803,66,1568.34,597.29,103.85,230.24,0.4984,-1,-1,-1
803,92,281.48,524.91,76.88,234.60,0.8003,-1,-1,-1
803,117,442.43,238.30,56.07,189.25,0.5373,-1,-1,-1
803,119,283.43,187.99,48.64,174.34,0.2584,-1,-1,-1
803,122,1006.61,608.67,74.21,246.99,0.7584,-1,-1,-1
803,124,1077.26,582.68,76.41,235.40,0.7595,-1,-1,-1
803,126,395.99,238.16,53.57,174.63,0.4918,-1,-1,-1
803,137,347.03,190.94,45.50,161.08,0.2550,-1,-1,-1
803,142,426.32,90.73,47.91,158.27,0.2245,-1,-1,-1
803,143,475.30,83.85,59.96,181.43,0.3179,-1,-1,-1
804,3,880.30,941.31,60.60,138.67,0.6732,-1,-1,-1
804,4,1722.36,452.51,73.07,212.44,0.7469,-1,-1,-1
804,66,1567.15,596.52,105.05,230.84,0.5799,-1,-1,-1
804,92,280.69,526.53,75.19,232.60,0.7961,-1,-1,-1
804,117,442.49,239.13,56.13,189.27,0.5541,-1,-1,-1
804,119,283.07,187.13,48.93,173.91,0.2668,-1,-1,-1
804,120,546.65,110.15,67.37,180.61,0.2509,-1,-1,-1
804,122,1004.08,605.47,74.09,245.40,0.7358,-1,-1,-1
804,124,1076.56,579.55,74.74,238.50,0.7575,-1,-1,-1
804,126,395.83,239.14,53.17,173.47,0.5315,-1,-1,-1
804,137,347.51,192.94,44.98,157.24,0.2663,-1,-1,-1
804,142,425.25,92.31,48.56,157.57,0.2182,-1,-1,-1
804,143,475.98,84.29,58.64,185.07,0.4119,-1,-1,-1
804,149,1615.03,1.55,47.28,132.22,0.2331,-1,-1,-1
805,3,880.48,939.27,60.76,140.68,0.6646,-1,-1,-1
805,4,1721.44,453.22,74.27,212.51,0.7371,-1,-1,-1
805,66,1567.14,594.80,105.50,232.27,0.5923,-1,-1,-1
805,92,278.85,527.02,76.72,232.44,0.8013,-1,-1,-1
805,117,442.73,239.99,57.28,188.05,0.6112,-1,-1,-1
805,119,283.04,179.55,48.34,181.88,0.2571,-1,-1,-1
805,120,547.80,112.83,65.92,178.69,0.2703,-1,-1,-1
805,122,1002.19,601.97,72.14,239.60,0.7568,-1,-1,-1
805,124,1075.85,577.52,73.83,243.04,0.7707,-1,-1,-1
805,126,395.39,242.22,52.02,171.04,0.5299,-1,-1,-1
805,137,347.04,193.67,44.40,155.08,0.2709,-1,-1,-1
805,142,424.43,95.45,49.39,158.19,0.2568,-1,-1,-1
805,143,474.97,83.44,59.71,186.38,0.3895,-1,-1,-1
805,149,1615.95,1.96,52.30,132.01,0.2101,-1,-1,-1
805,150,1067.61,-0.22,40.32,61.09,0.2238,-1,-1,-1
806,3,880.24,938.39,61.03,141.60,0.6675,-1,-1,-1
806,4,1721.70,452.57,74.16,212.47,0.7479,-1,-1,-1
806,66,1570.18,596.04,102.34,231.90,0.6031,-1,-1,-1
806,92,277.58,527.93,77.46,231.51,0.8029,-1,-1,-1
806,117,444.11,238.78,55.59,188.69,0.4853,-1,-1,-1
806,119,283.44,175.79,49.50,186.85,0.2623,-1,-1,-1
806,120,548.09,112.12,67.76,177.94,0.2822,-1,-1,-1
806,122,1000.02,599.44,71.74,237.94,0.7664,-1,-1,-1
806,124,1076.28,575.23,72.04,245.79,0.7754,-1,-1,-1
806,126,394.68,237.36,53.36,176.73,0.4845,-1,-1,-1
806,137,347.77,193.36,44.15,156.94,0.3178,-1,-1,-1
806,142,424.73,99.62,50.76,156.05,0.2407,-1,-1,-1
806,143,474.13,83.33,60.69,187.52,0.4083,-1,-1,-1
806,149,1616.27,1.96,50.47,133.88,0.2242,-1,-1,-1
806,150,1067.52,-0.10,42.00,62.51,0.2217,-1,-1,-1
807,3,880.32,937.34,59.94,142.66,0.6348,-1,-1,-1
807,4,1721.87,454.21,75.36,213.19,0.7255,-1,-1,-1
807,66,1569.45,598.36,102.55,229.58,0.5983,-1,-1,-1
807,92,277.16,528.86,77.56,230.05,0.7918,-1,-1,-1
807,117,443.97,238.40,55.47,188.20,0.4875,-1,-1,-1
807,119,282.48,184.23,50.66,179.32,0.3084,-1,-1,-1
807,120,548.98,110.66,65.69,179.34,0.2725,-1,-1,-1
807,122,997.81,597.16,71.97,234.61,0.7663,-1,-1,-1
807,124,1075.15,574.33,72.31,245.57,0.7744,-1,-1,-1
807,126,393.83,238.14,54.70,178.96,0.4822,-1,-1,-1
807,137,347.74,192.82,43.73,155.25,0.2505,-1,-1,-1
807,142,426.21,103.03,49.59,155.93,0.2363,-1,-1,-1
807,143,476.40,83.17,59.99,188.51,0.3518,-1,-1,-1
807,149,1617.70,2.44,52.18,131.67,0.2276,-1,-1,-1
807,150,1068.71,-0.13,40.11,64.12,0.2033,-1,-1,-1
808,3,880.13,936.60,59.74,143.41,0.6352,-1,-1,-1
808,4,1722.06,453.83,75.17,212.48,0.7235,-1,-1,-1
808,45,775.49,105.68,57.68,201.05,0.2126,-1,-1,-1
808,66,1570.52,592.59,104.64,232.15,0.6469,-1,-1,-1
808,92,277.15,530.13,76.69,228.84,0.7946,-1,-1,-1
808,117,442.15,241.46,58.84,185.88,0.5685,-1,-1,-1
808,119,282.66,186.10,50.45,175.22,0.2960,-1,-1,-1
808,120,549.38,106.05,68.20,183.88,0.2125,-1,-1,-1
808,122,997.74,595.16,69.77,231.66,0.7694,-1,-1,-1
808,124,1071.80,573.67,74.76,245.12,0.7735,-1,-1,-1
808,126,393.13,245.77,54.46,172.86,0.4959,-1,-1,-1
808,137,348.59,204.83,42.84,144.33,0.2149,-1,-1,-1
808,142,426.79,105.53,51.51,155.13,0.2329,-1,-1,-1
808,143,475.06,84.99,62.58,191.03,0.3363,-1,-1,-1
809,3,880.50,936.96,59.33,142.82,0.6396,-1,-1,-1
809,4,1721.75,455.55,74.85,209.99,0.7307,-1,-1,-1
809,66,1569.84,595.23,103.99,229.46,0.6773,-1,-1,-1
809,92,276.12,531.55,77.38,228.45,0.8014,-1,-1,-1
809,117,439.11,240.42,62.07,186.49,0.5256,-1,-1,-1
809,119,283.25,187.25,49.52,177.05,0.3127,-1,-1,-1
809,120,549.48,102.71,67.49,187.48,0.2148,-1,-1,-1
809,122,996.60,593.65,68.19,234.57,0.7691,-1,-1,-1
809,124,1069.59,573.40,76.15,246.16,0.7825,-1,-1,-1
809,126,391.79,248.07,54.62,174.27,0.4375,-1,-1,-1
809,143,473.16,84.28,64.94,192.65,0.2646,-1,-1,-1
809,150,1067.68,0.22,41.96,63.34,0.2046,-1,-1,-1
810,3,879.76,936.21,60.39,142.66,0.6539,-1,-1,-1
810,4,1722.50,452.28,73.37,213.70,0.7336,-1,-1,-1
810,45,775.53,103.61,59.84,203.77,0.2026,-1,-1,-1
810,66,1569.88,596.07,104.37,228.97,0.6840,-1,-1,-1
810,92,275.85,533.32,77.14,228.91,0.7905,-1,-1,-1
810,117,439.09,244.10,62.25,183.36,0.5793,-1,-1,-1
810,119,283.70,181.57,49.25,180.78,0.2827,-1,-1,-1
810,120,549.94,113.31,68.67,176.77,0.2246,-1,-1,-1
810,122,994.97,592.51,69.41,237.05,0.7637,-1,-1,-1
810,124,1066.60,573.37,77.44,244.37,0.7689,-1,-1,-1
810,126,387.69,251.22,57.89,173.87,0.4364,-1,-1,-1
810,143,472.83,84.84,64.60,189.70,0.3203,-1,-1,-1
810,150,1068.50,0.24,41.19,62.77,0.2202,-1,-1,-1
811,3,878.82,935.60,63.27,143.26,0.6646,-1,-1,-1
811,4,1722.42,452.23,73.08,212.05,0.7314,-1,-1,-1
811,66,1571.27,598.91,102.73,225.43,0.6999,-1,-1,-1
811,92,275.24,535.45,78.11,231.46,0.7979,-1,-1,-1
811,117,439.84,244.44,61.85,183.72,0.5324,-1,-1,-1
811,119,284.15,178.26,49.35,182.03,0.2801,-1,-1,-1
811,120,551.82,103.81,67.95,186.14,0.2255,-1,-1,-1
811,122,992.30,591.97,68.88,237.03,0.7669,-1,-1,-1
811,124,1065.61,571.62,77.50,246.06,0.7716,-1,-1,-1
811,126,390.83,252.48,55.15,175.13,0.4049,-1,-1,-1
811,143,472.94,84.33,66.61,194.27,0.3135,-1,-1,-1
811,150,1069.59,0.14,41.62,62.94,0.2315,-1,-1,-1
812,3,878.49,935.58,62.82,143.39,0.6723,-1,-1,-1
812,4,1723.47,451.81,72.70,213.50,0.7280,-1,-1,-1
812,45,791.29,132.98,50.30,175.15,0.2078,-1,-1,-1
812,66,1571.89,594.72,101.51,229.24,0.6717,-1,-1,-1
812,92,275.07,536.83,77.70,233.64,0.7994,-1,-1,-1
812,117,441.14,243.75,60.17,182.86,0.5532,-1,-1,-1
812,119,283.68,179.40,51.03,180.52,0.2825,-1,-1,-1
812,120,552.62,115.89,67.88,172.87,0.2098,-1,-1,-1
812,122,991.94,590.97,66.90,238.83,0.7562,-1,-1,-1
812,124,1063.68,570.99,75.88,245.21,0.7604,-1,-1,-1
812,126,390.27,254.78,53.60,172.06,0.4507,-1,-1,-1
812,143,471.04,84.90,70.05,192.91,0.2512,-1,-1,-1
812,150,1070.62,0.10,39.70,62.84,0.2221,-1,-1,-1
813,3,877.67,935.70,64.00,143.29,0.6714,-1,-1,-1
813,4,1723.33,452.00,72.61,213.21,0.7330,-1,-1,-1
813,45,790.39,135.67,51.34,173.41,0.2877,-1,-1,-1
813,66,1570.87,597.49,103.66,227.03,0.6704,-1,-1,-1
813,92,274.02,538.21,78.05,237.74,0.7930,-1,-1,-1
813,117,440.22,241.96,60.78,184.66,0.4791,-1,-1,-1
813,119,283.63,175.20,50.97,182.09,0.2791,-1,-1,-1
813,120,554.29,117.65,64.85,171.20,0.2293,-1,-1,-1
813,122,989.05,590.79,67.72,239.50,0.7686,-1,-1,-1
813,124,1063.45,569.59,73.85,247.39,0.7516,-1,-1,-1
813,126,389.32,256.23,53.39,173.43,0.4966,-1,-1,-1
813,143,471.99,87.58,66.68,186.66,0.3011,-1,-1,-1
813,150,1070.84,0.05,40.02,63.27,0.2273,-1,-1,-1
814,3,877.08,935.34,63.85,143.29,0.6524,-1,-1,-1
814,4,1723.69,452.67,72.56,212.38,0.7236,-1,-1,-1
814,45,791.16,137.09,51.55,171.68,0.3212,-1,-1,-1
814,66,1571.02,597.25,103.29,227.55,0.6751,-1,-1,-1
814,92,272.95,540.03,78.85,235.08,0.7858,-1,-1,-1
814,117,439.12,245.00,62.02,182.68,0.5471,-1,-1,-1
814,119,284.18,175.57,50.99,181.44,0.2721,-1,-1,-1
814,120,555.87,118.85,65.01,169.17,0.2097,-1,-1,-1
814,122,986.67,589.74,67.43,236.06,0.7696,-1,-1,-1
814,124,1062.07,567.07,73.74,242.42,0.7264,-1,-1,-1
814,126,388.76,257.41,51.96,176.75,0.4760,-1,-1,-1
814,143,472.05,89.13,65.78,184.80,0.3163,-1,-1,-1
815,3,877.31,934.87,64.01,144.31,0.6609,-1,-1,-1
815,4,1723.64,452.74,72.44,211.47,0.7338,-1,-1,-1
815,45,791.98,142.04,55.49,167.11,0.2924,-1,-1,-1
815,66,1571.46,596.25,104.17,228.05,0.6791,-1,-1,-1
815,92,272.64,542.27,78.43,235.29,0.7994,-1,-1,-1
815,117,437.99,244.32,63.29,186.22,0.5088,-1,-1,-1
815,119,283.33,183.54,54.58,175.01,0.3379,-1,-1,-1
815,120,554.89,111.10,67.28,177.40,0.2084,-1,-1,-1
815,122,985.73,589.83,67.17,231.30,0.7667,-1,-1,-1
815,124,1061.28,565.14,71.12,232.29,0.7488,-1,-1,-1
815,126,388.12,260.01,52.17,174.88,0.4820,-1,-1,-1
815,143,471.98,89.77,64.10,184.83,0.3914,-1,-1,-1
815,149,1626.92,5.73,48.99,131.72,0.2442,-1,-1,-1
816,3,876.46,934.08,64.28,145.11,0.6857,-1,-1,-1
816,4,1724.28,452.07,71.49,213.35,0.7309,-1,-1,-1
816,45,792.71,141.87,57.64,166.13,0.2979,-1,-1,-1
816,66,1571.91,596.76,102.96,227.81,0.6823,-1,-1,-1
816,92,271.47,545.34,79.63,238.39,0.8052,-1,-1,-1
816,117,436.44,248.40,63.78,186.71,0.5261,-1,-1,-1
816,119,284.62,184.67,53.06,173.80,0.3151,-1,-1,-1
816,120,555.32,116.55,66.84,170.99,0.2008,-1,-1,-1
816,122,983.27,588.59,68.70,226.28,0.7587,-1,-1,-1
816,124,1060.34,564.22,69.26,229.19,0.7774,-1,-1,-1
816,126,386.44,261.57,54.75,174.02,0.4962,-1,-1,-1
816,143,472.38,89.83,62.23,183.56,0.3906,-1,-1,-1
816,149,1628.30,5.29,48.20,132.11,0.3186,-1,-1,-1
816,150,1071.72,-0.46,37.63,68.12,0.2084,-1,-1,-1
817,3,875.88,933.95,63.43,144.90,0.6948,-1,-1,-1
817,4,1723.36,455.03,72.95,209.37,0.7352,-1,-1,-1
817,45,793.22,142.05,56.80,167.87,0.2604,-1,-1,-1
817,66,1570.91,597.44,103.88,227.00,0.6846,-1,-1,-1
817,92,271.04,548.31,80.18,235.74,0.8122,-1,-1,-1
817,117,437.58,251.05,61.75,185.17,0.5992,-1,-1,-1
817,119,285.32,184.75,53.56,172.54,0.2896,-1,-1,-1
817,120,555.99,118.59,63.48,169.53,0.2199,-1,-1,-1
817,122,981.57,586.59,67.89,222.05,0.7639,-1,-1,-1
817,124,1058.16,560.85,67.24,229.51,0.8018,-1,-1,-1
817,126,386.00,264.30,55.13,169.41,0.5402,-1,-1,-1
817,143,472.81,91.55,61.15,184.49,0.4459,-1,-1,-1
817,149,1630.00,3.67,47.14,134.46,0.3801,-1,-1,-1
817,152,1422.43,45.84,61.08,166.67,0.2800,-1,-1,-1
818,3,874.27,933.68,64.85,145.67,0.7196,-1,-1,-1
818,4,1722.76,452.03,72.87,214.18,0.7302,-1,-1,-1
818,45,788.53,131.88,64.87,178.50,0.3234,-1,-1,-1
818,66,1568.82,593.08,105.42,231.91,0.6726,-1,-1,-1
818,92,271.94,550.45,79.56,239.27,0.8101,-1,-1,-1
818,117,438.02,255.58,60.79,184.02,0.5718,-1,-1,-1
818,119,285.74,185.26,53.67,172.35,0.3184,-1,-1,-1
818,120,556.14,120.88,63.99,167.67,0.2636,-1,-1,-1
818,122,981.06,585.59,67.05,216.72,0.7785,-1,-1,-1
818,124,1055.49,558.41,68.10,230.60,0.7988,-1,-1,-1
818,126,385.53,266.48,52.98,166.84,0.5160,-1,-1,-1
818,142,428.98,108.05,52.99,160.18,0.2070,-1,-1,-1
818,143,473.98,93.55,58.30,183.62,0.3767,-1,-1,-1
818,149,1630.22,2.37,47.74,137.82,0.2758,-1,-1,-1
818,150,1068.98,-0.72,40.91,74.09,0.2331,-1,-1,-1
818,152,1422.13,45.51,62.77,165.14,0.2716,-1,-1,-1
819,3,873.24,934.70,66.64,144.80,0.7192,-1,-1,-1
819,4,1723.20,452.68,72.55,212.70,0.7265,-1,-1,-1
819,45,790.27,132.13,63.46,178.57,0.3396,-1,-1,-1
819,66,1570.79,597.42,102.79,227.54,0.7090,-1,-1,-1
819,92,272.44,551.48,78.80,238.98,0.7915,-1,-1,-1
819,117,436.68,256.23,61.07,186.31,0.6070,-1,-1,-1
819,119,286.20,184.95,56.55,173.55,0.2973,-1,-1,-1
819,120,556.30,123.49,63.13,164.23,0.3168,-1,-1,-1
819,122,979.62,583.81,64.76,216.65,0.8191,-1,-1,-1
819,124,1050.88,554.02,72.40,235.58,0.8171,-1,-1,-1
819,126,384.58,264.54,54.18,167.65,0.5276,-1,-1,-1
819,142,429.71,109.42,53.33,162.03,0.2267,-1,-1,-1
819,143,472.96,95.08,58.87,187.11,0.3997,-1,-1,-1
819,150,1067.97,-0.37,44.46,75.16,0.2312,-1,-1,-1
819,152,1425.34,44.24,57.38,161.67,0.2494,-1,-1,-1
820,3,872.97,935.12,64.88,144.89,0.7114,-1,-1,-1
820,4,1722.76,455.82,73.67,209.62,0.7234,-1,-1,-1
820,45,789.35,131.38,64.74,180.26,0.3533,-1,-1,-1
820,66,1570.68,596.24,103.85,228.20,0.7022,-1,-1,-1
820,92,273.36,551.93,77.86,239.85,0.8020,-1,-1,-1
820,117,436.55,260.79,61.82,183.71,0.6628,-1,-1,-1
820,119,286.54,186.04,57.45,173.34,0.2822,-1,-1,-1
820,120,556.61,121.24,62.54,166.54,0.2863,-1,-1,-1
820,122,977.17,579.50,65.90,219.52,0.8333,-1,-1,-1
820,124,1046.10,553.24,75.84,236.31,0.8175,-1,-1,-1
820,126,383.40,265.27,55.22,168.84,0.5386,-1,-1,-1
820,142,428.37,109.78,53.70,162.19,0.2407,-1,-1,-1
820,143,473.20,93.56,58.23,192.30,0.5060,-1,-1,-1
820,150,1065.37,-0.46,47.03,77.16,0.2222,-1,-1,-1
820,152,1423.56,42.95,59.81,158.02,0.2091,-1,-1,-1
821,3,873.10,934.79,65.04,145.21,0.7209,-1,-1,-1
821,4,1723.58,452.51,72.32,212.84,0.7153,-1,-1,-1
821,45,789.22,133.01,64.58,179.23,0.3267,-1,-1,-1
821,66,1570.36,597.66,103.53,227.16,0.6973,-1,-1,-1
821,92,273.17,552.52,78.36,238.29,0.7840,-1,-1,-1
821,117,435.36,260.44,63.04,188.08,0.6396,-1,-1,-1
821,119,287.06,184.43,57.59,175.54,0.2928,-1,-1,-1
821,120,556.31,122.02,64.35,165.56,0.2457,-1,-1,-1
821,122,975.06,576.51,66.93,221.04,0.8339,-1,-1,-1
821,124,1043.80,551.73,78.41,236.50,0.8357,-1,-1,-1
821,126,381.81,264.69,55.70,170.46,0.5337,-1,-1,-1
821,142,428.98,111.39,53.26,163.82,0.2875,-1,-1,-1
821,143,472.84,89.29,59.37,200.67,0.4960,-1,-1,-1
821,150,1064.56,-0.53,48.79,80.13,0.2114,-1,-1,-1
822,3,872.31,935.62,65.88,144.41,0.7190,-1,-1,-1
822,4,1722.57,453.20,73.71,212.68,0.7218,-1,-1,-1
822,45,787.99,133.84,65.97,177.41,0.3724,-1,-1,-1
822,66,1572.26,596.56,102.24,227.77,0.7136,-1,-1,-1
822,92,273.15,554.03,79.10,237.65,0.7667,-1,-1,-1
822,117,436.08,261.33,62.52,187.12,0.6111,-1,-1,-1
822,119,287.94,181.40,55.41,179.50,0.2699,-1,-1,-1
822,120,556.02,120.98,64.49,166.30,0.2487,-1,-1,-1
822,122,973.06,573.46,68.08,215.07,0.8103,-1,-1,-1
822,124,1041.54,550.59,81.11,237.57,0.8323,-1,-1,-1
822,126,383.68,264.18,53.25,170.77,0.4878,-1,-1,-1
822,142,427.96,113.93,53.53,159.50,0.2565,-1,-1,-1
822,143,472.60,89.59,59.09,202.33,0.4770,-1,-1,-1
822,150,1062.25,-0.16,54.07,80.92,0.2155,-1,-1,-1
823,3,872.04,936.55,64.95,143.49,0.7132,-1,-1,-1
823,4,1722.33,453.32,73.51,212.57,0.7330,-1,-1,-1
823,45,788.57,134.26,65.67,177.37,0.3523,-1,-1,-1
823,66,1570.72,595.33,103.43,228.90,0.6866,-1,-1,-1
823,92,273.42,554.73,79.22,236.55,0.7792,-1,-1,-1
823,117,437.75,261.80,60.54,186.96,0.6295,-1,-1,-1
823,119,288.13,182.25,56.08,178.39,0.2652,-1,-1,-1
823,120,556.21,121.95,62.51,164.83,0.2697,-1,-1,-1
823,122,971.93,569.56,68.43,226.38,0.8121,-1,-1,-1
823,124,1041.24,549.53,82.79,241.08,0.8211,-1,-1,-1
823,126,381.25,268.02,56.23,167.81,0.5615,-1,-1,-1
823,142,428.31,115.63,52.46,157.96,0.2247,-1,-1,-1
823,143,471.46,91.25,60.71,201.14,0.4637,-1,-1,-1
824,3,871.04,936.72,66.49,142.07,0.7264,-1,-1,-1
824,4,1722.68,452.99,73.33,212.90,0.7128,-1,-1,-1
824,45,788.06,133.44,66.61,178.24,0.3751,-1,-1,-1
824,66,1570.17,596.53,104.69,228.15,0.6738,-1,-1,-1
824,92,272.89,555.37,80.37,236.31,0.7695,-1,-1,-1
824,117,437.23,262.13,60.68,187.32,0.6638,-1,-1,-1
824,119,289.55,184.25,55.62,176.35,0.2223,-1,-1,-1
824,120,555.83,115.28,64.92,171.76,0.2235,-1,-1,-1
824,122,967.13,568.50,69.44,231.30,0.7724,-1,-1,-1
824,124,1036.93,548.04,88.02,243.82,0.7966,-1,-1,-1
824,126,382.44,270.78,54.65,166.71,0.5490,-1,-1,-1
824,142,429.60,116.44,50.03,158.31,0.2483,-1,-1,-1
824,143,472.29,91.88,59.18,201.35,0.4826,-1,-1,-1
825,3,870.28,937.50,65.87,142.00,0.6990,-1,-1,-1
825,4,1721.54,454.12,75.40,212.19,0.7141,-1,-1,-1
825,45,790.83,133.98,64.14,177.94,0.3839,-1,-1,-1
825,66,1571.78,599.73,101.99,224.63,0.6921,-1,-1,-1
825,92,272.44,557.14,80.92,233.89,0.7744,-1,-1,-1
825,117,436.66,262.62,61.20,187.40,0.6504,-1,-1,-1
825,119,290.91,181.17,55.58,178.51,0.3270,-1,-1,-1
825,120,555.59,117.36,63.20,169.86,0.2597,-1,-1,-1
825,122,966.34,566.81,68.05,232.97,0.7727,-1,-1,-1
825,124,1036.37,548.45,91.78,244.75,0.7944,-1,-1,-1
825,126,382.18,271.68,54.12,168.12,0.5598,-1,-1,-1
825,142,429.35,117.70,48.73,157.81,0.2446,-1,-1,-1
825,143,471.71,93.71,60.08,200.27,0.4411,-1,-1,-1
825,149,1637.29,5.26,48.33,144.57,0.2057,-1,-1,-1
826,3,868.44,937.86,67.52,142.13,0.7018,-1,-1,-1
826,4,1720.06,455.70,76.84,209.29,0.7356,-1,-1,-1
826,45,795.11,134.18,59.04,178.79,0.3372,-1,-1,-1
826,66,1572.34,596.51,102.29,227.25,0.6821,-1,-1,-1
826,92,272.19,559.00,81.27,232.14,0.7888,-1,-1,-1
826,117,435.05,263.55,62.48,186.66,0.6865,-1,-1,-1
826,119,294.22,178.23,52.75,180.25,0.2610,-1,-1,-1
826,120,555.96,117.17,63.69,169.24,0.2548,-1,-1,-1
826,122,963.91,565.25,68.42,234.51,0.7715,-1,-1,-1
826,124,1035.80,547.55,92.02,242.01,0.7738,-1,-1,-1
826,126,382.21,271.97,53.48,167.37,0.5241,-1,-1,-1
826,142,428.26,119.65,49.37,153.57,0.2279,-1,-1,-1
826,143,471.65,93.25,60.69,199.45,0.4283,-1,-1,-1
826,149,1638.06,5.94,50.00,142.98,0.2818,-1,-1,-1
827,3,868.87,939.07,67.51,140.96,0.7101,-1,-1,-1
827,4,1721.21,454.38,76.01,211.39,0.7319,-1,-1,-1
827,45,791.15,132.25,64.93,179.98,0.3399,-1,-1,-1
827,66,1571.11,596.68,104.16,227.57,0.6620,-1,-1,-1
827,92,271.87,559.89,81.62,231.26,0.7892,-1,-1,-1
827,117,436.17,264.23,61.11,185.36,0.6692,-1,-1,-1
827,119,295.15,182.11,56.38,175.98,0.2245,-1,-1,-1
827,120,555.77,116.55,64.97,170.83,0.2442,-1,-1,-1
827,122,963.15,563.76,67.45,231.74,0.7667,-1,-1,-1
827,124,1034.11,546.81,92.94,241.65,0.7689,-1,-1,-1
827,126,380.42,272.01,54.81,168.86,0.5155,-1,-1,-1
827,142,426.51,119.83,49.56,155.08,0.2212,-1,-1,-1
827,143,471.09,96.09,61.58,195.88,0.4085,-1,-1,-1
827,149,1638.43,5.84,49.32,143.55,0.3162,-1,-1,-1
828,3,868.37,939.30,67.35,140.71,0.7037,-1,-1,-1
828,4,1721.15,453.25,74.49,212.18,0.7416,-1,-1,-1
828,45,791.35,132.81,65.28,179.09,0.3336,-1,-1,-1
828,66,1572.85,595.66,102.38,228.62,0.6685,-1,-1,-1
828,92,272.02,561.58,81.31,231.08,0.7891,-1,-1,-1
828,117,436.40,264.08,60.70,185.00,0.6800,-1,-1,-1
828,120,556.31,117.66,63.92,169.59,0.2210,-1,-1,-1
828,122,959.97,563.35,69.17,230.82,0.7604,-1,-1,-1
828,124,1033.91,544.77,93.76,243.65,0.7928,-1,-1,-1
828,126,376.10,272.20,58.26,172.70,0.5225,-1,-1,-1
828,143,471.55,96.61,60.80,194.78,0.4322,-1,-1,-1
828,149,1639.88,7.44,48.85,142.24,0.2484,-1,-1,-1
828,150,1065.38,0.42,51.96,81.86,0.2332,-1,-1,-1
829,3,870.20,939.39,65.28,140.61,0.7126,-1,-1,-1
829,4,1721.97,452.85,73.90,212.66,0.7359,-1,-1,-1
829,45,793.90,133.59,64.09,178.44,0.3184,-1,-1,-1
829,66,1571.40,596.79,103.81,227.13,0.6797,-1,-1,-1
829,92,271.87,562.40,81.47,234.17,0.7940,-1,-1,-1
829,117,436.51,264.36,60.58,185.09,0.6980,-1,-1,-1
829,122,959.13,561.86,69.13,232.72,0.7754,-1,-1,-1
829,124,1032.84,543.21,91.92,243.94,0.7760,-1,-1,-1
829,126,378.40,272.82,56.54,175.22,0.5455,-1,-1,-1
829,142,426.71,120.94,49.00,150.89,0.2333,-1,-1,-1
829,143,472.38,98.69,60.17,196.08,0.4368,-1,-1,-1
829,150,1067.79,0.24,49.83,82.15,0.3036,-1,-1,-1
830,3,867.99,941.05,67.80,139.00,0.7037,-1,-1,-1
830,4,1721.47,452.63,74.37,212.79,0.7457,-1,-1,-1
830,45,796.28,134.16,61.40,178.55,0.3180,-1,-1,-1
830,66,1572.28,594.53,102.34,229.33,0.6879,-1,-1,-1
830,92,272.81,563.71,80.03,238.71,0.7994,-1,-1,-1
830,117,435.39,266.19,61.48,183.24,0.6699,-1,-1,-1
830,122,958.66,562.43,67.57,232.12,0.7985,-1,-1,-1
830,124,1033.02,540.81,92.45,245.55,0.7965,-1,-1,-1
830,126,371.99,272.71,61.06,177.00,0.5605,-1,-1,-1
830,142,426.68,120.84,47.35,150.78,0.2532,-1,-1,-1
830,143,472.82,102.06,60.07,194.23,0.3752,-1,-1,-1
830,150,1068.90,0.12,50.42,83.16,0.2560,-1,-1,-1
831,3,869.30,941.43,65.98,138.57,0.7107,-1,-1,-1
831,4,1721.67,455.88,75.32,210.07,0.7314,-1,-1,-1
831,45,799.10,134.31,57.87,179.72,0.3382,-1,-1,-1
831,66,1573.05,593.69,101.30,230.58,0.6956,-1,-1,-1
831,92,272.56,566.18,79.97,242.84,0.8106,-1,-1,-1
831,117,435.42,266.75,61.31,183.68,0.6210,-1,-1,-1
831,120,556.75,118.52,63.89,169.21,0.2010,-1,-1,-1
831,122,957.28,562.79,67.85,232.58,0.8018,-1,-1,-1
831,124,1032.33,538.24,91.32,246.99,0.7979,-1,-1,-1
831,126,371.60,273.92,60.06,180.08,0.5311,-1,-1,-1
831,142,426.72,120.90,46.77,149.89,0.2138,-1,-1,-1
831,143,471.60,103.60,63.86,194.82,0.3579,-1,-1,-1
832,3,869.15,942.45,67.14,137.57,0.6861,-1,-1,-1
832,4,1721.03,452.84,74.80,212.83,0.7495,-1,-1,-1
832,45,798.19,134.39,60.95,179.36,0.3412,-1,-1,-1
832,66,1573.12,592.05,102.06,232.01,0.6844,-1,-1,-1
832,92,271.90,569.33,80.71,242.63,0.8223,-1,-1,-1
832,117,435.56,267.74,62.93,183.84,0.6247,-1,-1,-1
832,122,955.30,562.56,68.34,230.97,0.7717,-1,-1,-1
832,124,1031.41,535.32,86.64,245.33,0.7806,-1,-1,-1
832,126,370.92,273.70,61.04,181.29,0.5177,-1,-1,-1
832,142,426.64,121.26,46.11,148.92,0.2237,-1,-1,-1
832,143,471.66,104.82,66.65,168.82,0.2570,-1,-1,-1
832,150,1071.05,-0.45,48.57,90.44,0.2085,-1,-1,-1
833,3,869.39,943.70,67.21,136.33,0.7020,-1,-1,-1
833,4,1720.50,452.99,75.41,213.09,0.7518,-1,-1,-1
833,45,798.28,135.09,60.91,177.85,0.3621,-1,-1,-1
833,66,1572.29,590.88,102.44,233.20,0.6599,-1,-1,-1
833,92,270.86,571.87,81.05,243.88,0.8190,-1,-1,-1
833,117,435.27,267.76,63.08,187.07,0.6220,-1,-1,-1
833,120,555.77,113.87,63.81,173.19,0.2356,-1,-1,-1
833,122,953.39,560.16,68.56,232.34,0.7717,-1,-1,-1
833,124,1030.70,532.79,85.22,231.57,0.7954,-1,-1,-1
833,126,369.21,271.93,62.81,184.07,0.4387,-1,-1,-1
833,143,473.31,105.83,65.10,150.20,0.2341,-1,-1,-1
834,3,868.91,944.01,69.42,135.98,0.7130,-1,-1,-1
834,4,1719.28,455.26,77.93,210.24,0.7526,-1,-1,-1
834,45,799.28,135.23,61.22,178.37,0.3520,-1,-1,-1
834,66,1571.59,590.26,103.96,234.03,0.6781,-1,-1,-1
834,92,270.20,574.14,80.89,243.64,0.8149,-1,-1,-1
834,117,436.11,268.03,61.87,189.90,0.5843,-1,-1,-1
834,120,554.00,115.62,65.63,171.06,0.2394,-1,-1,-1
834,122,951.58,554.07,69.01,239.56,0.7568,-1,-1,-1
834,124,1031.51,528.51,82.13,231.33,0.8014,-1,-1,-1
834,126,367.49,272.12,63.13,183.52,0.3854,-1,-1,-1
835,3,865.55,943.88,75.18,136.10,0.6982,-1,-1,-1
835,4,1719.72,453.22,77.86,214.16,0.7443,-1,-1,-1
835,45,803.88,135.31,56.42,176.84,0.3563,-1,-1,-1
835,66,1570.65,588.96,104.52,235.07,0.6491,-1,-1,-1
835,92,270.14,576.43,79.10,245.14,0.8257,-1,-1,-1
835,117,438.10,271.47,60.36,189.05,0.6479,-1,-1,-1
835,120,554.04,117.52,65.36,169.22,0.2134,-1,-1,-1
835,122,949.14,552.32,69.40,238.74,0.7591,-1,-1,-1
835,124,1031.31,525.81,79.66,231.62,0.7958,-1,-1,-1
835,126,372.12,279.13,57.88,174.15,0.4302,-1,-1,-1
836,3,864.48,943.00,77.80,136.97,0.7299,-1,-1,-1
836,4,1718.41,456.21,78.57,210.37,0.7403,-1,-1,-1
836,45,804.01,135.74,56.84,176.38,0.3886,-1,-1,-1
836,66,1570.76,591.18,104.25,233.34,0.6671,-1,-1,-1
836,92,269.30,579.13,79.64,244.63,0.8151,-1,-1,-1
836,117,439.19,273.71,58.10,189.50,0.6268,-1,-1,-1
836,120,554.73,116.88,64.98,170.88,0.2032,-1,-1,-1
836,122,948.96,549.72,67.82,226.99,0.7766,-1,-1,-1
836,124,1032.62,523.12,75.70,233.44,0.7905,-1,-1,-1
836,126,372.38,280.00,57.47,173.13,0.4655,-1,-1,-1
837,3,865.27,943.35,76.84,136.65,0.7265,-1,-1,-1
837,4,1720.39,453.95,76.89,213.57,0.7489,-1,-1,-1
837,45,799.96,134.92,63.51,178.09,0.3722,-1,-1,-1
837,66,1568.95,589.84,107.22,234.82,0.6242,-1,-1,-1
837,92,268.52,580.21,79.39,244.10,0.8035,-1,-1,-1
837,117,440.33,277.79,56.43,187.31,0.6244,-1,-1,-1
837,122,947.09,547.70,67.76,226.40,0.7754,-1,-1,-1
837,124,1033.25,520.54,72.20,234.06,0.7749,-1,-1,-1
837,126,371.27,280.14,58.46,172.64,0.4076,-1,-1,-1
837,142,419.97,125.37,48.90,159.66,0.2027,-1,-1,-1
838,3,865.30,943.37,76.85,136.51,0.7202,-1,-1,-1
838,4,1718.21,455.88,79.03,208.18,0.7589,-1,-1,-1
838,45,804.21,135.45,58.90,177.41,0.3659,-1,-1,-1
838,66,1571.54,592.33,104.34,231.81,0.6737,-1,-1,-1
838,92,267.83,581.64,79.17,242.08,0.7848,-1,-1,-1
838,117,435.22,273.50,62.51,192.93,0.6399,-1,-1,-1
838,122,945.02,545.83,66.92,227.50,0.7840,-1,-1,-1
838,124,1033.72,519.56,70.60,234.86,0.7749,-1,-1,-1
838,126,355.45,276.92,72.55,176.88,0.4571,-1,-1,-1
838,143,473.52,108.59,59.96,191.43,0.2534,-1,-1,-1
839,3,865.37,942.30,77.49,137.27,0.7149,-1,-1,-1
839,4,1719.95,452.49,75.79,212.55,0.7560,-1,-1,-1
839,45,804.19,136.81,60.53,176.26,0.3865,-1,-1,-1
839,66,1570.26,591.64,106.11,232.08,0.6085,-1,-1,-1
839,92,266.32,582.79,80.05,240.24,0.7666,-1,-1,-1
839,117,436.41,276.57,61.60,190.60,0.6177,-1,-1,-1
839,122,944.68,543.25,66.42,229.37,0.7778,-1,-1,-1
839,124,1034.52,519.46,69.85,235.09,0.7686,-1,-1,-1
839,126,370.40,280.33,56.93,172.96,0.4401,-1,-1,-1
839,143,474.46,107.33,59.34,198.28,0.2024,-1,-1,-1
840,3,865.57,943.72,77.39,135.82,0.7153,-1,-1,-1
840,4,1720.37,452.81,75.80,212.01,0.7544,-1,-1,-1
840,45,806.44,137.17,58.40,175.45,0.4508,-1,-1,-1
840,66,1570.09,594.36,106.45,230.17,0.6480,-1,-1,-1
840,92,263.70,583.91,81.03,239.17,0.7399,-1,-1,-1
840,117,434.54,274.32,62.87,192.94,0.6560,-1,-1,-1
840,119,309.11,179.86,54.09,172.16,0.2484,-1,-1,-1
840,122,943.06,541.48,66.49,229.48,0.7690,-1,-1,-1
840,124,1033.86,519.07,69.62,233.65,0.7624,-1,-1,-1
840,126,354.47,275.82,71.81,177.30,0.5044,-1,-1,-1
840,142,420.52,128.81,50.39,159.48,0.2537,-1,-1,-1
840,143,473.76,109.28,60.22,198.53,0.2657,-1,-1,-1
841,3,867.14,943.65,78.47,135.92,0.7287,-1,-1,-1
841,4,1719.86,452.21,76.52,212.66,0.7438,-1,-1,-1
841,45,803.57,136.07,64.10,175.58,0.3911,-1,-1,-1
841,66,1571.37,593.82,105.32,230.92,0.6729,-1,-1,-1
841,92,262.74,585.19,82.19,236.98,0.7624,-1,-1,-1
841,117,437.35,279.00,57.53,190.56,0.6558,-1,-1,-1
841,119,309.95,185.28,53.08,166.88,0.2009,-1,-1,-1
841,122,941.66,540.16,66.41,231.01,0.7720,-1,-1,-1
841,124,1032.21,518.61,69.41,233.40,0.7483,-1,-1,-1
841,126,355.83,276.21,69.89,178.83,0.5071,-1,-1,-1
841,142,421.39,130.16,49.27,157.43,0.2316,-1,-1,-1
841,143,472.92,108.50,61.76,196.73,0.3356,-1,-1,-1
842,3,866.44,943.54,79.27,136.22,0.7149,-1,-1,-1
842,4,1719.41,456.07,77.68,209.18,0.7252,-1,-1,-1
842,45,804.54,136.50,62.46,175.05,0.4171,-1,-1,-1
842,66,1572.57,594.82,104.41,229.62,0.6479,-1,-1,-1
842,92,262.35,585.59,82.57,236.78,0.7741,-1,-1,-1
842,117,438.08,278.67,57.77,189.67,0.6475,-1,-1,-1
842,122,939.85,539.43,65.77,232.57,0.7719,-1,-1,-1
842,124,1027.40,517.32,73.04,232.93,0.7386,-1,-1,-1
842,126,369.47,283.11,55.78,172.86,0.5169,-1,-1,-1
842,142,422.00,131.11,47.96,158.18,0.2249,-1,-1,-1
842,143,471.83,111.47,61.33,199.49,0.2903,-1,-1,-1
842,150,1071.06,-0.05,51.28,102.32,0.2114,-1,-1,-1
843,3,867.01,943.66,80.16,135.82,0.7226,-1,-1,-1
843,4,1718.57,455.97,78.96,208.38,0.7320,-1,-1,-1
843,45,806.37,137.16,61.62,175.00,0.3611,-1,-1,-1
843,66,1570.73,592.93,105.57,232.06,0.6230,-1,-1,-1
843,92,260.76,586.46,84.12,235.77,0.7882,-1,-1,-1
843,117,438.08,280.86,58.54,187.54,0.6762,-1,-1,-1
843,119,313.24,188.10,53.22,161.94,0.2158,-1,-1,-1
843,122,938.67,538.83,65.77,232.29,0.7833,-1,-1,-1
843,124,1023.76,517.04,76.08,233.80,0.7534,-1,-1,-1
843,126,367.26,283.31,59.02,175.26,0.5548,-1,-1,-1
843,143,469.23,110.72,64.04,202.15,0.2946,-1,-1,-1
844,3,867.38,943.20,79.59,136.38,0.7222,-1,-1,-1
844,4,1719.27,452.29,77.01,212.51,0.7404,-1,-1,-1
844,45,806.04,137.13,62.47,174.46,0.3822,-1,-1,-1
844,66,1571.59,592.39,103.26,232.25,0.6331,-1,-1,-1
844,92,261.52,587.53,83.16,235.36,0.7967,-1,-1,-1
844,117,438.12,281.68,58.79,187.00,0.6717,-1,-1,-1
844,119,313.45,188.06,54.27,163.32,0.2384,-1,-1,-1
844,120,556.34,119.45,59.02,170.47,0.2048,-1,-1,-1
844,122,938.10,536.70,65.41,233.65,0.7896,-1,-1,-1
844,124,1021.38,516.77,75.69,231.76,0.7808,-1,-1,-1
844,126,359.92,280.68,66.06,181.45,0.5278,-1,-1,-1
844,143,470.53,109.27,63.03,199.08,0.3060,-1,-1,-1
845,3,866.63,943.57,80.58,136.03,0.7123,-1,-1,-1
845,4,1717.98,456.49,78.90,207.77,0.7503,-1,-1,-1
845,45,805.42,137.44,63.44,174.29,0.3482,-1,-1,-1
845,66,1570.47,592.57,104.11,231.65,0.6389,-1,-1,-1
845,92,261.23,588.27,83.54,235.73,0.7993,-1,-1,-1
845,117,438.52,280.84,57.57,188.51,0.6711,-1,-1,-1
845,119,310.01,183.68,56.47,170.26,0.2284,-1,-1,-1
845,122,936.43,536.37,66.74,233.73,0.7742,-1,-1,-1
845,124,1021.49,516.89,73.25,228.66,0.7746,-1,-1,-1
845,126,360.73,283.03,64.23,181.83,0.5531,-1,-1,-1
846,3,866.39,944.59,81.13,134.81,0.7208,-1,-1,-1
846,4,1718.06,455.86,79.14,208.32,0.7450,-1,-1,-1
846,45,805.88,137.34,62.97,175.14,0.3697,-1,-1,-1
846,66,1570.20,595.16,104.45,229.29,0.6606,-1,-1,-1
846,92,260.90,589.34,84.29,237.15,0.7918,-1,-1,-1
846,117,438.53,282.03,57.06,186.87,0.6602,-1,-1,-1
846,119,309.25,181.04,56.47,171.67,0.2212,-1,-1,-1
846,122,934.64,535.49,67.11,232.04,0.7839,-1,-1,-1
846,124,1020.24,515.70,74.10,228.98,0.7748,-1,-1,-1
846,126,358.90,284.49,65.88,181.69,0.5695,-1,-1,-1
846,143,468.39,114.86,65.76,198.93,0.2147,-1,-1,-1
847,3,866.95,944.61,81.87,134.98,0.6954,-1,-1,-1
847,4,1717.64,453.97,80.17,211.05,0.7437,-1,-1,-1
847,45,802.31,138.08,68.96,174.71,0.3709,-1,-1,-1
847,66,1569.72,593.89,104.78,230.04,0.6474,-1,-1,-1
847,92,260.92,593.44,84.44,236.40,0.7779,-1,-1,-1
847,117,439.02,281.59,56.27,186.01,0.6382,-1,-1,-1
847,122,933.77,534.42,66.92,230.46,0.7629,-1,-1,-1
847,124,1018.84,512.88,73.07,233.98,0.7556,-1,-1,-1
847,126,359.22,288.70,65.44,179.43,0.5568,-1,-1,-1
848,3,866.45,944.58,82.16,134.72,0.7078,-1,-1,-1
848,4,1717.72,452.78,78.70,211.85,0.7526,-1,-1,-1
848,45,803.83,139.04,68.50,173.28,0.3563,-1,-1,-1
848,66,1570.21,593.32,105.04,230.33,0.6272,-1,-1,-1
848,92,261.92,595.79,83.47,237.80,0.7971,-1,-1,-1
848,117,437.03,280.43,57.58,188.21,0.6340,-1,-1,-1
848,120,556.56,121.80,60.82,166.66,0.2236,-1,-1,-1
848,122,932.99,532.66,66.36,230.37,0.7652,-1,-1,-1
848,124,1017.53,510.73,71.71,227.04,0.7542,-1,-1,-1
848,126,357.76,288.76,65.59,179.97,0.5660,-1,-1,-1
848,143,469.46,117.65,66.90,189.24,0.2171,-1,-1,-1
848,150,1069.02,-0.09,59.10,111.27,0.2478,-1,-1,-1
849,3,866.49,945.34,83.04,133.98,0.6900,-1,-1,-1
849,4,1717.90,453.52,79.49,211.27,0.7523,-1,-1,-1
849,45,806.50,137.82,64.71,174.15,0.3740,-1,-1,-1
849,66,1573.08,594.40,101.97,230.12,0.6714,-1,-1,-1
849,92,261.85,597.68,83.95,242.47,0.7921,-1,-1,-1
849,117,436.79,279.54,56.78,189.22,0.6449,-1,-1,-1
849,122,932.12,530.24,65.40,231.52,0.7705,-1,-1,-1
849,124,1015.38,509.10,68.28,222.01,0.7448,-1,-1,-1
849,126,355.60,294.28,67.83,177.07,0.6055,-1,-1,-1
849,143,469.37,116.98,66.78,189.49,0.2020,-1,-1,-1
850,3,867.16,945.02,82.63,133.76,0.6964,-1,-1,-1
850,4,1718.51,452.24,77.40,213.52,0.7485,-1,-1,-1
850,45,807.23,137.68,64.54,174.45,0.3782,-1,-1,-1
850,66,1572.32,595.14,103.55,229.17,0.6670,-1,-1,-1
850,92,261.98,599.59,84.32,241.31,0.7964,-1,-1,-1
850,117,437.72,276.52,60.44,196.23,0.6279,-1,-1,-1
850,122,931.87,527.50,63.65,232.88,0.7870,-1,-1,-1
850,124,1013.34,506.14,67.75,224.34,0.8034,-1,-1,-1
850,126,353.04,296.95,70.69,175.92,0.5996,-1,-1,-1
850,143,469.27,120.80,64.02,188.40,0.2530,-1,-1,-1
850,150,1067.38,-0.23,61.70,115.21,0.2047,-1,-1,-1
851,3,867.90,944.98,83.59,133.92,0.7026,-1,-1,-1
851,4,1717.54,452.76,78.36,210.97,0.7398,-1,-1,-1
851,45,803.61,138.94,69.31,172.79,0.3800,-1,-1,-1
851,66,1572.19,593.38,103.39,230.85,0.6573,-1,-1,-1
851,92,262.12,600.87,84.46,243.19,0.8069,-1,-1,-1
851,117,437.94,284.93,57.31,191.30,0.6241,-1,-1,-1
851,122,929.48,525.53,64.91,235.00,0.7948,-1,-1,-1
851,124,1008.38,503.45,70.19,225.39,0.8152,-1,-1,-1
851,126,351.27,298.61,71.51,174.14,0.5618,-1,-1,-1
851,143,469.09,123.30,62.67,189.64,0.3395,-1,-1,-1
851,150,1069.81,0.08,61.00,115.36,0.2110,-1,-1,-1
852,3,868.86,945.11,83.32,133.93,0.7019,-1,-1,-1
852,4,1717.39,456.55,79.79,208.42,0.7361,-1,-1,-1
852,45,808.60,137.79,63.28,173.69,0.3573,-1,-1,-1
852,66,1570.52,593.76,105.39,230.46,0.6421,-1,-1,-1
852,92,264.39,603.75,83.07,243.93,0.8038,-1,-1,-1
852,117,437.61,288.47,55.23,188.94,0.5906,-1,-1,-1
852,122,928.56,522.47,63.90,217.89,0.7423,-1,-1,-1
852,124,1007.01,501.85,69.46,226.46,0.8055,-1,-1,-1
852,126,349.45,298.82,72.84,175.29,0.5301,-1,-1,-1
852,143,467.30,123.91,64.38,188.46,0.4029,-1,-1,-1
852,150,1070.02,-0.02,60.55,116.60,0.2100,-1,-1,-1
853,3,868.76,945.22,83.04,134.13,0.6988,-1,-1,-1
853,4,1719.28,453.49,78.32,211.16,0.7233,-1,-1,-1
853,45,807.20,137.75,64.16,174.89,0.3868,-1,-1,-1
853,66,1570.69,593.01,103.98,231.26,0.6010,-1,-1,-1
853,92,265.00,606.57,84.01,243.57,0.7995,-1,-1,-1
853,117,436.80,291.40,58.18,188.83,0.6002,-1,-1,-1
853,122,926.75,520.42,66.05,209.99,0.7788,-1,-1,-1
853,124,1002.55,500.39,72.37,227.60,0.8231,-1,-1,-1
853,126,347.48,297.62,73.91,177.21,0.4801,-1,-1,-1
853,143,464.42,123.66,66.81,193.32,0.4557,-1,-1,-1
853,150,1071.04,0.10,60.92,117.18,0.2119,-1,-1,-1
854,3,868.72,944.83,83.82,134.07,0.7024,-1,-1,-1
854,4,1717.04,456.80,80.38,207.71,0.7259,-1,-1,-1
854,45,807.46,137.74,64.48,174.70,0.3761,-1,-1,-1
854,66,1568.23,594.49,107.02,229.90,0.5994,-1,-1,-1
854,92,264.85,606.80,84.72,245.60,0.8160,-1,-1,-1
854,117,437.26,289.16,57.48,193.99,0.6073,-1,-1,-1
854,122,926.93,518.05,65.63,219.68,0.7965,-1,-1,-1
854,124,996.97,498.77,77.42,229.85,0.8222,-1,-1,-1
854,126,347.52,296.57,72.62,178.17,0.4754,-1,-1,-1
854,143,462.38,122.14,68.54,197.34,0.4901,-1,-1,-1
854,150,1072.45,0.06,59.39,118.41,0.2717,-1,-1,-1
855,3,869.90,944.51,82.88,134.31,0.7191,-1,-1,-1
855,4,1717.30,456.63,80.12,207.62,0.7324,-1,-1,-1
855,45,806.86,137.66,65.05,176.17,0.3577,-1,-1,-1
855,66,1570.46,592.91,104.87,231.41,0.6224,-1,-1,-1
855,92,266.82,608.72,83.55,245.87,0.8205,-1,-1,-1
855,117,435.76,290.89,58.99,194.41,0.6398,-1,-1,-1
855,122,926.45,515.32,64.77,221.70,0.7888,-1,-1,-1
855,124,997.22,496.68,77.03,232.02,0.7958,-1,-1,-1
855,126,343.63,300.24,75.49,175.24,0.4881,-1,-1,-1
855,143,465.66,124.41,65.26,197.17,0.4997,-1,-1,-1
855,150,1074.07,0.28,58.09,117.89,0.2962,-1,-1,-1
856,3,872.27,944.47,81.33,134.34,0.7262,-1,-1,-1
856,4,1717.47,457.20,80.32,209.37,0.7435,-1,-1,-1
856,45,806.81,137.36,64.61,175.32,0.3638,-1,-1,-1
856,66,1571.86,592.19,104.34,232.36,0.6395,-1,-1,-1
856,92,267.33,610.23,83.92,242.98,0.8035,-1,-1,-1
856,117,435.57,292.81,58.13,195.12,0.6032,-1,-1,-1
856,122,925.24,512.32,65.32,223.81,0.8018,-1,-1,-1
856,124,995.26,495.43,80.35,233.77,0.8204,-1,-1,-1
856,126,344.74,299.58,73.27,176.92,0.4822,-1,-1,-1
856,143,467.28,125.37,63.10,195.81,0.4550,-1,-1,-1
856,150,1075.37,0.09,57.86,118.51,0.2543,-1,-1,-1
856,155,1413.90,1025.42,52.36,54.13,0.2177,-1,-1,-1
857,3,873.10,943.75,79.97,134.90,0.7152,-1,-1,-1
857,4,1718.42,453.87,77.31,213.26,0.7294,-1,-1,-1
857,45,807.75,137.63,63.62,174.38,0.3397,-1,-1,-1
857,66,1572.46,592.56,104.26,232.01,0.6249,-1,-1,-1
857,92,269.18,610.63,82.60,241.49,0.7861,-1,-1,-1
857,117,434.74,293.92,59.41,195.13,0.6100,-1,-1,-1
857,122,921.38,511.23,66.98,225.95,0.7804,-1,-1,-1
857,124,995.46,495.02,80.90,234.95,0.8045,-1,-1,-1
857,126,350.01,304.01,66.30,170.10,0.5079,-1,-1,-1
857,143,468.76,128.40,61.66,196.17,0.4082,-1,-1,-1
857,149,1671.90,36.14,47.59,148.74,0.2173,-1,-1,-1
857,150,1077.32,0.18,55.62,118.18,0.2816,-1,-1,-1
857,155,1409.40,1023.71,55.49,55.27,0.2238,-1,-1,-1
858,3,873.71,943.54,80.04,135.31,0.7258,-1,-1,-1
858,4,1716.69,457.58,80.55,208.63,0.7349,-1,-1,-1
858,45,805.98,137.65,65.45,173.19,0.3425,-1,-1,-1
858,66,1573.35,595.12,102.74,229.42,0.6805,-1,-1,-1
858,92,270.34,611.47,82.45,242.21,0.7973,-1,-1,-1
858,117,432.36,293.78,65.39,194.34,0.5703,-1,-1,-1
858,122,920.49,510.30,66.65,224.01,0.7663,-1,-1,-1
858,124,990.88,494.40,85.25,235.40,0.8008,-1,-1,-1
858,126,345.65,303.98,72.94,173.04,0.5323,-1,-1,-1
858,143,468.21,130.54,62.58,195.33,0.3924,-1,-1,-1
858,150,1078.14,-0.28,56.20,122.04,0.3715,-1,-1,-1
858,155,1407.41,1022.54,59.07,56.71,0.3362,-1,-1,-1
858,156,1402.39,19.70,56.80,159.85,0.2081,-1,-1,-1
859,3,875.00,944.10,79.40,135.14,0.7394,-1,-1,-1
859,4,1715.28,457.60,81.87,209.65,0.7325,-1,-1,-1
859,45,807.39,137.42,63.96,173.57,0.3458,-1,-1,-1
859,66,1573.26,594.17,103.64,230.37,0.6456,-1,-1,-1
859,92,269.51,610.83,84.75,243.75,0.8002,-1,-1,-1
859,117,435.28,299.55,59.59,188.17,0.6022,-1,-1,-1
859,122,918.37,507.14,66.61,228.08,0.7687,-1,-1,-1
859,124,992.25,494.79,84.20,234.25,0.7934,-1,-1,-1
859,126,345.68,303.20,73.40,174.14,0.5163,-1,-1,-1
859,143,470.08,133.14,61.83,193.84,0.3166,-1,-1,-1
859,150,1078.93,-0.10,56.07,122.70,0.3215,-1,-1,-1
859,155,1404.97,1019.13,65.41,59.93,0.4485,-1,-1,-1
860,3,875.66,942.31,79.37,137.13,0.7248,-1,-1,-1
860,4,1715.76,456.28,81.19,210.00,0.7434,-1,-1,-1
860,45,805.84,137.85,65.42,172.67,0.3404,-1,-1,-1
860,66,1572.70,593.27,104.49,230.66,0.6026,-1,-1,-1
860,92,270.00,611.53,84.81,241.74,0.8107,-1,-1,-1
860,117,434.17,300.53,59.25,188.31,0.6151,-1,-1,-1
860,122,916.62,505.84,66.74,228.93,0.7687,-1,-1,-1
860,124,988.97,493.88,87.40,234.87,0.7733,-1,-1,-1
860,126,345.86,300.65,73.14,178.44,0.5281,-1,-1,-1
860,143,468.68,132.91,63.57,195.11,0.4094,-1,-1,-1
860,150,1080.23,0.08,56.32,122.85,0.3316,-1,-1,-1
860,155,1402.95,1017.22,69.71,62.69,0.5054,-1,-1,-1
861,3,876.71,943.14,80.11,136.87,0.7452,-1,-1,-1
861,4,1714.95,456.31,82.36,209.75,0.7502,-1,-1,-1
861,45,806.09,137.71,64.89,173.05,0.3147,-1,-1,-1
861,66,1572.46,599.12,102.58,225.32,0.6552,-1,-1,-1
861,92,270.01,612.91,86.03,240.62,0.8135,-1,-1,-1
861,117,433.28,300.62,60.28,187.49,0.5926,-1,-1,-1
861,122,915.20,503.29,66.42,232.20,0.7776,-1,-1,-1
861,124,988.80,492.82,88.14,234.51,0.7836,-1,-1,-1
861,126,348.45,302.10,66.80,178.57,0.5305,-1,-1,-1
861,143,469.16,132.52,63.83,195.74,0.4118,-1,-1,-1
861,150,1080.94,0.19,56.15,123.08,0.2598,-1,-1,-1
861,155,1399.83,1015.03,75.24,64.95,0.5850,-1,-1,-1
862,3,878.06,943.92,78.49,136.11,0.7286,-1,-1,-1
862,4,1716.09,456.60,81.70,210.42,0.7337,-1,-1,-1
862,45,807.37,137.64,63.17,174.13,0.3186,-1,-1,-1
862,66,1571.81,597.07,104.72,226.69,0.6353,-1,-1,-1
862,92,270.00,612.61,85.18,240.37,0.8127,-1,-1,-1
862,117,433.95,299.63,58.84,186.82,0.5833,-1,-1,-1
862,122,914.81,502.22,65.79,233.70,0.7645,-1,-1,-1
862,124,988.97,491.20,84.58,234.20,0.7789,-1,-1,-1
862,126,348.45,303.17,66.93,180.96,0.4896,-1,-1,-1
862,143,470.86,132.80,64.23,196.45,0.4236,-1,-1,-1
862,150,1081.91,0.13,57.97,123.75,0.3251,-1,-1,-1
862,155,1392.77,1012.44,81.56,67.52,0.6159,-1,-1,-1
863,3,879.85,942.60,77.94,136.99,0.7331,-1,-1,-1
863,4,1716.50,456.53,81.10,210.34,0.7398,-1,-1,-1
863,45,805.32,138.37,65.29,172.79,0.2936,-1,-1,-1
863,66,1571.89,595.19,104.45,228.46,0.6434,-1,-1,-1
863,92,270.27,613.50,85.62,240.62,0.8158,-1,-1,-1
863,117,432.88,301.26,60.12,187.24,0.5931,-1,-1,-1
863,122,913.07,501.28,66.02,232.51,0.7731,-1,-1,-1
863,124,989.52,489.00,84.85,235.15,0.7994,-1,-1,-1
863,126,346.64,307.91,68.42,180.30,0.5682,-1,-1,-1
863,143,471.61,134.15,65.58,193.32,0.3756,-1,-1,-1
863,150,1083.06,0.04,57.41,124.25,0.3376,-1,-1,-1
863,155,1390.19,1009.27,82.44,70.67,0.6334,-1,-1,-1
863,156,1404.11,14.24,55.07,155.53,0.2080,-1,-1,-1
864,3,880.85,942.46,78.40,137.05,0.7418,-1,-1,-1
864,4,1716.20,457.18,82.22,210.02,0.7384,-1,-1,-1
864,45,805.88,138.38,65.06,172.97,0.2947,-1,-1,-1
864,66,1573.18,594.50,103.71,229.10,0.6396,-1,-1,-1
864,92,271.08,614.92,85.34,239.92,0.8123,-1,-1,-1
864,117,432.58,302.43,61.63,187.07,0.5649,-1,-1,-1
864,122,912.99,500.63,65.33,231.99,0.7642,-1,-1,-1
864,124,986.34,486.00,84.62,236.18,0.8038,-1,-1,-1
864,126,346.81,309.69,67.07,178.85,0.5440,-1,-1,-1
864,143,472.61,136.74,64.72,189.23,0.3031,-1,-1,-1
864,150,1084.13,-0.13,57.21,126.71,0.3905,-1,-1,-1
864,155,1387.12,1005.00,85.13,74.90,0.6628,-1,-1,-1
864,156,1403.31,13.43,56.32,156.99,0.2254,-1,-1,-1
865,3,882.26,942.69,78.67,137.31,0.7323,-1,-1,-1
865,4,1717.31,456.54,80.86,208.08,0.7312,-1,-1,-1
865,45,807.20,137.67,62.68,173.49,0.3042,-1,-1,-1
865,66,1571.84,594.17,105.15,229.78,0.6472,-1,-1,-1
865,92,272.89,618.03,83.86,244.71,0.8348,-1,-1,-1
865,117,432.28,303.05,62.50,186.80,0.5805,-1,-1,-1
865,122,911.19,499.09,65.39,228.08,0.7635,-1,-1,-1
865,124,986.36,483.87,83.39,235.84,0.8003,-1,-1,-1
865,126,346.85,312.32,69.88,179.05,0.5935,-1,-1,-1
865,142,421.24,154.46,49.36,161.95,0.2020,-1,-1,-1
865,143,472.31,138.06,64.52,186.37,0.3020,-1,-1,-1
865,150,1084.88,0.75,57.56,128.07,0.3873,-1,-1,-1
865,155,1384.65,1001.20,88.96,78.73,0.6819,-1,-1,-1
865,156,1402.62,13.07,57.51,155.61,0.2319,-1,-1,-1
866,3,883.50,942.62,80.03,137.39,0.7356,-1,-1,-1
866,4,1718.24,456.95,79.84,209.00,0.7200,-1,-1,-1
866,45,805.05,137.47,65.14,172.55,0.3101,-1,-1,-1
866,66,1572.27,594.49,104.98,229.05,0.6120,-1,-1,-1
866,92,273.67,620.00,83.57,248.43,0.8294,-1,-1,-1
866,117,432.38,303.68,62.62,186.43,0.5390,-1,-1,-1
866,122,909.41,497.57,66.45,226.39,0.7876,-1,-1,-1
866,124,985.10,481.23,83.63,233.81,0.7937,-1,-1,-1
866,126,344.77,313.77,72.07,177.91,0.5728,-1,-1,-1
866,143,471.65,138.42,64.17,185.83,0.3193,-1,-1,-1
866,150,1085.89,0.61,57.23,131.24,0.3096,-1,-1,-1
866,155,1382.11,997.83,91.28,82.13,0.6790,-1,-1,-1
866,156,1403.08,13.32,57.85,152.99,0.2479,-1,-1,-1
867,3,886.46,941.75,78.80,138.23,0.7360,-1,-1,-1
867,4,1718.15,456.79,80.13,210.36,0.7124,-1,-1,-1
867,45,804.77,137.56,64.27,172.20,0.3309,-1,-1,-1
867,66,1572.59,592.66,104.40,230.91,0.6067,-1,-1,-1
867,92,273.99,620.80,84.06,251.14,0.8260,-1,-1,-1
867,117,430.45,300.81,63.43,190.91,0.5463,-1,-1,-1
867,122,906.71,496.23,68.53,221.32,0.7784,-1,-1,-1
867,124,984.46,478.00,82.54,228.43,0.7736,-1,-1,-1
867,126,345.35,318.72,69.95,174.56,0.5581,-1,-1,-1
867,143,471.64,137.56,62.64,185.88,0.3174,-1,-1,-1
867,150,1086.16,0.10,57.12,133.47,0.3141,-1,-1,-1
867,155,1381.24,993.73,92.30,86.21,0.6759,-1,-1,-1
867,156,1403.78,13.12,57.60,152.12,0.2621,-1,-1,-1
868,3,888.86,941.42,78.51,138.58,0.7420,-1,-1,-1
868,4,1719.42,454.44,78.13,212.92,0.7037,-1,-1,-1
868,45,805.54,138.17,64.02,172.94,0.2943,-1,-1,-1
868,66,1573.72,592.51,102.41,230.72,0.6477,-1,-1,-1
868,92,272.82,622.06,85.77,253.14,0.8370,-1,-1,-1
868,117,433.11,300.42,57.90,197.12,0.5619,-1,-1,-1
868,122,904.52,494.76,69.35,218.28,0.7665,-1,-1,-1
868,124,987.23,475.49,77.25,221.56,0.7812,-1,-1,-1
868,126,344.99,318.16,69.51,174.65,0.5317,-1,-1,-1
868,143,469.83,138.41,65.08,182.81,0.2219,-1,-1,-1
868,150,1087.49,0.02,54.04,135.06,0.3532,-1,-1,-1
868,155,1380.10,988.94,92.88,90.96,0.6552,-1,-1,-1
868,156,1402.66,12.77,60.02,151.77,0.2795,-1,-1,-1
869,3,892.73,940.76,77.46,139.23,0.7289,-1,-1,-1
869,4,1718.32,457.26,80.05,209.00,0.7079,-1,-1,-1
869,45,806.07,137.64,63.64,174.42,0.2844,-1,-1,-1
869,66,1573.22,594.48,103.44,229.12,0.6304,-1,-1,-1
869,92,273.53,625.08,85.67,248.80,0.8328,-1,-1,-1
869,117,432.23,301.73,60.71,199.34,0.4981,-1,-1,-1
869,122,903.05,492.56,70.93,213.20,0.7713,-1,-1,-1
869,124,988.30,473.16,74.19,224.08,0.7590,-1,-1,-1
869,126,346.89,314.48,67.99,177.38,0.4844,-1,-1,-1
869,142,416.86,156.52,50.60,156.93,0.2291,-1,-1,-1
869,143,468.45,138.89,65.68,177.55,0.2392,-1,-1,-1
869,150,1087.67,0.63,53.65,134.60,0.3376,-1,-1,-1
869,155,1380.29,984.33,92.35,95.59,0.6841,-1,-1,-1
869,156,1403.04,13.77,59.57,150.13,0.2641,-1,-1,-1
870,3,894.74,940.70,76.51,139.30,0.7341,-1,-1,-1
870,4,1717.77,457.91,80.46,205.87,0.7171,-1,-1,-1
870,45,807.10,137.17,62.31,175.11,0.2762,-1,-1,-1
870,66,1574.20,594.56,102.50,229.36,0.6413,-1,-1,-1
870,92,273.92,627.96,85.83,251.51,0.8340,-1,-1,-1
870,117,434.60,314.45,56.46,192.17,0.5606,-1,-1,-1
870,122,901.42,491.00,70.22,215.38,0.7294,-1,-1,-1
870,124,989.82,472.37,69.83,223.28,0.7487,-1,-1,-1
870,126,358.69,318.32,58.20,172.10,0.5056,-1,-1,-1
870,142,415.55,157.07,51.61,157.40,0.2494,-1,-1,-1
870,143,466.76,139.22,67.72,174.92,0.2047,-1,-1,-1
870,150,1087.73,0.32,52.53,135.05,0.3214,-1,-1,-1
870,155,1379.74,982.76,92.61,97.29,0.7181,-1,-1,-1
870,156,1403.04,13.37,60.45,150.10,0.2594,-1,-1,-1
871,3,897.07,941.75,74.81,138.28,0.7374,-1,-1,-1
871,4,1717.51,457.48,80.62,208.79,0.7027,-1,-1,-1
871,45,806.45,137.44,62.33,175.57,0.2943,-1,-1,-1
871,66,1573.81,594.75,102.08,229.86,0.6143,-1,-1,-1
871,92,275.39,630.68,85.62,254.52,0.8330,-1,-1,-1
871,117,435.05,315.14,55.16,191.03,0.5838,-1,-1,-1
871,122,899.82,488.44,70.44,215.76,0.7356,-1,-1,-1
871,124,989.84,469.86,67.71,225.42,0.7537,-1,-1,-1
871,126,356.08,316.00,58.46,175.92,0.4944,-1,-1,-1
871,142,416.16,159.26,52.07,157.65,0.3009,-1,-1,-1
871,143,469.13,144.05,65.81,185.59,0.2049,-1,-1,-1
871,150,1087.91,0.43,51.76,134.69,0.3018,-1,-1,-1
871,155,1377.87,979.99,93.62,100.02,0.7152,-1,-1,-1
871,156,1402.01,14.97,62.06,147.55,0.2294,-1,-1,-1
872,3,898.06,941.65,76.46,138.35,0.7316,-1,-1,-1
872,4,1717.09,458.18,80.98,208.44,0.7102,-1,-1,-1
872,45,806.06,138.01,63.09,175.37,0.2999,-1,-1,-1
872,66,1571.12,596.04,105.08,228.39,0.6119,-1,-1,-1
872,92,277.45,633.05,82.68,255.16,0.8353,-1,-1,-1
872,117,434.41,317.73,54.78,191.69,0.5751,-1,-1,-1
872,122,898.64,487.97,70.92,217.20,0.7416,-1,-1,-1
872,124,988.90,468.66,67.36,226.55,0.7497,-1,-1,-1
872,126,355.89,313.42,57.95,179.27,0.4963,-1,-1,-1
872,142,417.08,158.79,49.90,161.10,0.3153,-1,-1,-1
872,143,463.11,142.46,72.09,197.52,0.2829,-1,-1,-1
872,150,1087.41,0.06,52.39,136.97,0.3739,-1,-1,-1
872,155,1375.46,976.55,96.05,103.43,0.7106,-1,-1,-1
872,156,1402.97,13.75,61.57,149.46,0.2794,-1,-1,-1
873,3,900.39,941.55,76.39,138.45,0.7325,-1,-1,-1
873,4,1717.12,458.24,80.51,207.85,0.7075,-1,-1,-1
873,45,805.74,137.91,62.66,174.10,0.2916,-1,-1,-1
873,66,1571.01,596.29,105.37,227.85,0.5876,-1,-1,-1
873,92,277.09,633.88,83.79,255.27,0.8349,-1,-1,-1
873,117,433.60,316.82,57.97,193.82,0.5912,-1,-1,-1
873,122,898.43,486.86,70.37,220.60,0.7341,-1,-1,-1
873,124,989.58,468.20,66.18,225.14,0.7421,-1,-1,-1
873,126,355.77,314.52,58.11,177.63,0.5174,-1,-1,-1
873,142,415.52,159.28,49.51,162.50,0.3101,-1,-1,-1
873,143,465.57,141.47,69.41,198.80,0.2934,-1,-1,-1
873,150,1087.41,0.92,53.26,141.36,0.3496,-1,-1,-1
873,155,1373.18,975.06,96.79,104.98,0.7207,-1,-1,-1
873,156,1404.18,12.42,60.67,150.74,0.3384,-1,-1,-1
874,3,900.15,940.92,77.37,139.07,0.7371,-1,-1,-1
874,4,1718.69,458.40,79.20,208.37,0.6918,-1,-1,-1
874,45,804.17,137.56,63.25,174.03,0.2850,-1,-1,-1
874,66,1572.33,597.61,104.56,226.70,0.6283,-1,-1,-1
874,92,277.11,634.88,85.63,254.58,0.8305,-1,-1,-1
874,117,431.75,313.26,59.52,196.89,0.6216,-1,-1,-1
874,119,314.48,170.81,57.97,178.37,0.2157,-1,-1,-1
874,122,898.45,484.04,69.46,222.04,0.7192,-1,-1,-1
874,124,989.86,467.91,66.12,224.90,0.7313,-1,-1,-1
874,126,354.99,315.44,56.98,177.31,0.5351,-1,-1,-1
874,142,415.02,160.30,46.27,161.92,0.2911,-1,-1,-1
874,143,468.38,143.70,68.73,197.38,0.2911,-1,-1,-1
874,150,1087.16,1.20,55.27,141.33,0.3359,-1,-1,-1
874,155,1371.37,974.52,97.24,105.55,0.7267,-1,-1,-1
874,156,1404.83,11.01,61.06,152.56,0.3287,-1,-1,-1
875,3,902.30,939.96,76.36,140.01,0.7259,-1,-1,-1
875,4,1717.85,458.41,79.49,207.03,0.6873,-1,-1,-1
875,45,804.17,137.81,62.87,174.11,0.2879,-1,-1,-1
875,66,1572.67,597.32,104.16,226.37,0.6218,-1,-1,-1
875,92,279.92,635.15,82.92,253.11,0.8220,-1,-1,-1
875,117,431.85,312.31,59.97,198.53,0.5764,-1,-1,-1
875,119,314.22,166.67,60.05,182.99,0.2044,-1,-1,-1
875,122,896.37,483.18,69.20,221.29,0.7292,-1,-1,-1
875,124,990.09,467.51,65.60,225.41,0.7301,-1,-1,-1
875,126,354.66,318.89,58.92,174.73,0.5216,-1,-1,-1
875,142,413.74,161.36,47.54,161.45,0.2767,-1,-1,-1
875,143,469.00,145.37,68.34,197.67,0.2605,-1,-1,-1
875,150,1086.73,0.51,56.80,143.42,0.2928,-1,-1,-1
875,155,1370.30,972.63,96.45,107.39,0.7069,-1,-1,-1
875,156,1405.97,9.91,60.77,153.50,0.3112,-1,-1,-1
876,3,901.79,940.00,78.90,140.00,0.7466,-1,-1,-1
876,4,1718.88,457.87,79.03,207.72,0.6901,-1,-1,-1
876,45,804.21,137.18,62.39,173.21,0.2811,-1,-1,-1
876,66,1573.08,598.62,102.28,225.26,0.6148,-1,-1,-1
876,92,279.85,635.77,85.11,253.42,0.8133,-1,-1,-1
876,117,431.86,313.22,59.96,196.76,0.5773,-1,-1,-1
876,122,896.12,482.78,68.28,223.18,0.7306,-1,-1,-1
876,124,989.28,467.70,65.58,226.47,0.7295,-1,-1,-1
876,126,352.92,319.68,62.58,175.68,0.4850,-1,-1,-1
876,142,413.52,161.11,46.61,162.47,0.3157,-1,-1,-1
876,143,468.32,145.71,68.90,194.22,0.2988,-1,-1,-1
876,150,1086.91,0.07,57.41,146.29,0.2999,-1,-1,-1
876,155,1367.59,971.41,97.22,108.64,0.7054,-1,-1,-1
876,156,1407.40,9.38,60.10,152.31,0.2933,-1,-1,-1
877,3,902.72,939.33,78.19,140.66,0.7282,-1,-1,-1
877,4,1718.51,458.07,79.52,207.66,0.6714,-1,-1,-1
877,45,806.26,136.87,59.86,174.10,0.2837,-1,-1,-1
877,66,1573.48,597.52,103.10,226.47,0.6004,-1,-1,-1
877,92,281.40,637.18,82.22,252.75,0.7995,-1,-1,-1
877,117,430.93,314.18,61.71,195.14,0.5491,-1,-1,-1
877,122,895.91,482.85,68.57,223.51,0.7214,-1,-1,-1
877,124,987.11,466.40,67.23,227.42,0.7184,-1,-1,-1
877,126,353.47,321.97,60.56,177.63,0.5157,-1,-1,-1
877,142,413.19,163.12,45.41,159.74,0.2187,-1,-1,-1
877,143,468.92,148.07,68.82,189.63,0.2843,-1,-1,-1
877,150,1086.41,-0.12,59.02,148.61,0.3443,-1,-1,-1
877,155,1365.42,968.66,98.26,111.33,0.6978,-1,-1,-1
877,156,1410.53,8.08,57.13,152.49,0.2665,-1,-1,-1
877,157,1777.50,682.69,61.28,232.44,0.3079,-1,-1,-1
878,3,903.63,939.22,79.99,140.78,0.7337,-1,-1,-1
878,4,1719.53,457.46,77.87,207.63,0.6346,-1,-1,-1
878,45,806.83,136.50,59.21,175.23,0.2796,-1,-1,-1
878,66,1574.06,597.30,102.23,227.08,0.5776,-1,-1,-1
878,92,282.52,638.71,84.87,251.58,0.7839,-1,-1,-1
878,117,429.52,316.70,61.41,193.98,0.5529,-1,-1,-1
878,122,895.57,480.79,67.25,224.39,0.7171,-1,-1,-1
878,124,987.09,465.21,66.09,226.70,0.7101,-1,-1,-1
878,126,355.44,321.70,58.02,182.12,0.4812,-1,-1,-1
878,142,412.88,165.76,44.61,157.91,0.2336,-1,-1,-1
878,150,1085.68,0.06,60.62,149.38,0.4322,-1,-1,-1
878,155,1361.44,966.36,102.00,113.65,0.7169,-1,-1,-1
878,156,1411.69,8.29,56.89,149.54,0.2999,-1,-1,-1
878,157,1775.14,684.06,63.06,221.20,0.3648,-1,-1,-1
879,3,903.15,938.97,80.76,141.03,0.7347,-1,-1,-1
879,4,1719.32,456.93,78.31,208.25,0.6297,-1,-1,-1
879,45,808.04,136.29,57.72,175.61,0.2854,-1,-1,-1
879,66,1573.74,599.74,101.09,225.15,0.5918,-1,-1,-1
879,92,283.11,640.18,85.83,250.01,0.7810,-1,-1,-1
879,117,428.90,313.38,61.71,197.18,0.5071,-1,-1,-1
879,122,894.88,480.85,66.36,223.07,0.7190,-1,-1,-1
879,124,984.41,464.73,67.21,226.23,0.6855,-1,-1,-1
879,126,352.44,323.32,61.36,183.45,0.4132,-1,-1,-1
879,150,1085.96,-0.13,60.49,152.19,0.4368,-1,-1,-1
879,155,1361.78,963.71,100.75,116.28,0.7328,-1,-1,-1
879,156,1411.29,7.58,59.16,150.07,0.2931,-1,-1,-1
879,157,1772.04,682.43,65.87,249.22,0.3962,-1,-1,-1
880,3,904.66,937.86,79.77,142.12,0.7382,-1,-1,-1
880,4,1720.13,457.18,77.17,207.99,0.6382,-1,-1,-1
880,45,807.18,136.66,58.12,176.76,0.2784,-1,-1,-1
880,66,1574.38,597.09,101.07,226.62,0.6129,-1,-1,-1
880,92,284.45,641.21,83.49,249.14,0.7546,-1,-1,-1
880,117,427.92,318.74,62.88,190.45,0.5746,-1,-1,-1
880,122,894.56,478.32,66.73,223.60,0.6996,-1,-1,-1
880,124,983.75,462.39,67.03,225.11,0.6944,-1,-1,-1
880,126,337.65,323.16,77.10,185.16,0.4273,-1,-1,-1
880,150,1086.19,-0.10,61.31,154.11,0.3909,-1,-1,-1
880,155,1362.25,960.09,100.06,119.88,0.7317,-1,-1,-1
880,156,1412.88,7.07,57.71,149.78,0.2686,-1,-1,-1
880,157,1769.48,679.82,66.12,261.19,0.3994,-1,-1,-1
881,3,904.67,937.59,80.70,142.41,0.7443,-1,-1,-1
881,4,1719.62,457.44,78.49,208.20,0.6299,-1,-1,-1
881,45,807.21,137.06,57.83,174.83,0.2903,-1,-1,-1
881,66,1573.25,599.04,102.81,225.43,0.5657,-1,-1,-1
881,92,284.81,642.20,85.79,248.31,0.7743,-1,-1,-1
881,117,428.46,320.47,60.91,188.71,0.5238,-1,-1,-1
881,122,894.65,476.90,65.67,220.53,0.6607,-1,-1,-1
881,124,982.25,459.72,65.70,223.57,0.7057,-1,-1,-1
881,126,338.22,324.99,74.58,187.59,0.4045,-1,-1,-1
881,150,1087.84,-0.07,59.66,155.85,0.3360,-1,-1,-1
881,155,1360.67,956.89,99.41,123.10,0.7439,-1,-1,-1
881,156,1412.98,6.77,58.62,148.73,0.2216,-1,-1,-1
881,157,1766.88,679.96,70.93,257.99,0.3979,-1,-1,-1
882,3,904.95,937.17,81.81,142.83,0.7526,-1,-1,-1
882,4,1720.62,457.76,76.37,208.16,0.6417,-1,-1,-1
882,45,807.63,137.75,56.89,175.28,0.3010,-1,-1,-1
882,66,1574.95,597.32,100.49,226.86,0.6007,-1,-1,-1
882,92,285.35,643.50,86.22,247.03,0.7635,-1,-1,-1
882,117,428.82,321.17,60.34,187.49,0.5226,-1,-1,-1
882,122,894.30,474.51,64.83,225.63,0.6653,-1,-1,-1
882,124,980.53,456.14,65.45,222.08,0.6963,-1,-1,-1
882,126,337.72,328.60,74.08,185.02,0.3365,-1,-1,-1
882,150,1087.88,0.13,62.38,156.43,0.2687,-1,-1,-1
882,155,1359.37,951.99,98.87,127.95,0.7471,-1,-1,-1
882,156,1413.21,6.25,59.02,150.61,0.2292,-1,-1,-1
882,157,1762.91,681.06,73.55,251.10,0.4335,-1,-1,-1
883,3,904.47,937.00,81.71,143.00,0.7432,-1,-1,-1
883,4,1721.59,457.80,76.15,207.58,0.6425,-1,-1,-1
883,45,806.07,136.83,58.54,173.72,0.2912,-1,-1,-1
883,66,1575.28,596.73,98.79,227.46,0.5763,-1,-1,-1
883,92,285.99,645.22,87.30,245.66,0.7853,-1,-1,-1
883,117,426.97,319.80,62.06,188.08,0.5451,-1,-1,-1
883,122,893.32,470.13,64.07,207.64,0.6757,-1,-1,-1
883,124,979.02,454.07,66.53,218.72,0.7294,-1,-1,-1
883,126,335.82,331.53,76.11,182.41,0.3947,-1,-1,-1
883,143,468.75,159.47,70.21,185.57,0.3020,-1,-1,-1
883,155,1358.60,948.72,97.59,130.51,0.7908,-1,-1,-1
883,156,1413.29,5.92,59.14,152.84,0.2371,-1,-1,-1
883,157,1762.87,682.52,73.78,245.15,0.4822,-1,-1,-1
884,3,905.62,938.16,81.79,141.89,0.7305,-1,-1,-1
884,4,1722.33,457.67,74.80,207.66,0.6216,-1,-1,-1
884,45,805.31,136.40,58.90,176.03,0.2903,-1,-1,-1
884,66,1576.07,598.41,98.63,226.15,0.5520,-1,-1,-1
884,92,287.02,648.42,85.98,243.61,0.7819,-1,-1,-1
884,117,427.92,319.56,59.74,191.26,0.5475,-1,-1,-1
884,122,892.53,467.29,62.18,218.65,0.6501,-1,-1,-1
884,124,976.10,451.64,67.45,219.58,0.6849,-1,-1,-1
884,126,333.04,334.73,77.72,179.55,0.3945,-1,-1,-1
884,143,469.06,160.00,68.47,187.44,0.2503,-1,-1,-1
884,155,1356.98,943.47,95.79,135.29,0.7985,-1,-1,-1
884,156,1417.40,6.43,55.95,150.90,0.2411,-1,-1,-1
884,157,1761.76,682.98,73.31,228.11,0.5474,-1,-1,-1
885,3,907.06,937.32,80.80,142.66,0.7175,-1,-1,-1
885,4,1722.09,457.71,75.53,207.09,0.6056,-1,-1,-1
885,45,805.18,137.16,59.19,175.54,0.2638,-1,-1,-1
885,66,1574.52,599.71,99.86,224.79,0.5434,-1,-1,-1
885,92,287.01,650.02,85.82,244.44,0.7661,-1,-1,-1
885,117,427.81,319.35,60.35,196.28,0.5282,-1,-1,-1
885,122,892.18,464.72,62.06,220.65,0.6928,-1,-1,-1
885,124,974.05,449.17,69.07,219.83,0.7034,-1,-1,-1
885,126,337.25,332.37,73.87,181.62,0.3638,-1,-1,-1
885,143,468.63,160.32,68.74,192.26,0.2395,-1,-1,-1
885,150,1092.73,0.23,63.37,158.85,0.2294,-1,-1,-1
885,155,1357.31,939.16,93.89,140.79,0.8052,-1,-1,-1
885,156,1418.93,6.57,55.15,150.59,0.2350,-1,-1,-1
885,157,1759.24,684.18,76.07,221.69,0.5138,-1,-1,-1
886,3,906.79,936.72,81.46,143.27,0.7250,-1,-1,-1
886,4,1721.60,457.35,75.22,207.85,0.6136,-1,-1,-1
886,45,805.58,137.80,58.29,174.78,0.2346,-1,-1,-1
886,66,1575.30,598.47,100.87,226.15,0.5635,-1,-1,-1
886,92,288.35,652.27,84.46,246.52,0.7473,-1,-1,-1
886,117,427.51,320.45,59.20,198.25,0.4822,-1,-1,-1
886,122,891.61,460.91,62.50,219.89,0.6880,-1,-1,-1
886,124,970.30,446.17,72.03,222.73,0.7008,-1,-1,-1
886,126,332.55,335.77,78.95,178.35,0.3756,-1,-1,-1
886,143,472.04,160.77,66.24,194.08,0.2015,-1,-1,-1
886,150,1095.96,0.38,61.62,158.04,0.2030,-1,-1,-1
886,155,1356.20,935.18,92.77,144.50,0.8075,-1,-1,-1
886,156,1417.44,5.53,55.03,151.43,0.2003,-1,-1,-1
886,157,1758.04,684.68,78.97,224.39,0.4785,-1,-1,-1
887,3,908.33,937.27,81.05,142.76,0.7166,-1,-1,-1
887,4,1721.69,457.03,75.30,207.89,0.6165,-1,-1,-1
887,45,805.83,138.04,58.36,175.26,0.2464,-1,-1,-1
887,66,1575.29,600.02,100.18,224.43,0.5562,-1,-1,-1
887,92,288.60,654.26,83.65,247.06,0.7586,-1,-1,-1
887,117,426.26,323.76,61.96,199.21,0.4822,-1,-1,-1
887,122,890.91,462.28,62.84,214.32,0.7277,-1,-1,-1
887,124,970.17,444.73,72.26,224.28,0.7206,-1,-1,-1
887,126,329.94,337.54,79.82,175.98,0.3535,-1,-1,-1
887,143,468.22,160.73,69.16,196.44,0.2994,-1,-1,-1
887,150,1097.64,1.19,61.23,156.75,0.2497,-1,-1,-1
887,155,1353.92,931.18,95.45,146.58,0.7679,-1,-1,-1
887,156,1418.84,5.82,55.24,150.47,0.2141,-1,-1,-1
887,157,1758.49,684.35,75.47,222.90,0.5134,-1,-1,-1
888,3,908.79,937.02,80.16,142.98,0.7067,-1,-1,-1
888,4,1720.64,458.26,76.53,206.62,0.6257,-1,-1,-1
888,45,805.07,137.63,58.80,176.44,0.2567,-1,-1,-1
888,66,1575.69,599.67,100.58,225.31,0.5492,-1,-1,-1
888,92,290.11,655.90,82.15,248.43,0.7436,-1,-1,-1
888,117,427.10,326.31,61.14,199.59,0.5032,-1,-1,-1
888,122,890.88,458.03,63.16,221.27,0.7323,-1,-1,-1
888,124,969.05,444.28,74.12,223.23,0.7351,-1,-1,-1
888,126,329.76,338.60,78.75,174.93,0.4255,-1,-1,-1
888,143,470.10,160.60,68.71,199.24,0.3282,-1,-1,-1
888,150,1099.12,2.18,60.68,155.05,0.2759,-1,-1,-1
888,155,1354.12,930.31,93.59,149.69,0.7700,-1,-1,-1
888,156,1419.62,6.32,54.85,147.86,0.2074,-1,-1,-1
888,157,1756.53,685.51,77.46,223.78,0.5512,-1,-1,-1
889,3,909.85,937.62,80.23,142.40,0.7278,-1,-1,-1
889,4,1720.39,456.68,77.44,208.51,0.6430,-1,-1,-1
889,45,806.22,137.61,57.91,175.59,0.2441,-1,-1,-1
889,66,1575.76,600.24,98.39,224.12,0.5425,-1,-1,-1
889,92,291.91,658.96,80.25,247.23,0.7301,-1,-1,-1
889,117,427.42,324.59,60.43,199.28,0.5033,-1,-1,-1
889,122,890.62,456.68,62.90,222.03,0.7345,-1,-1,-1
889,124,968.19,443.81,75.77,224.55,0.7424,-1,-1,-1
889,126,330.94,340.04,76.59,173.06,0.4191,-1,-1,-1
889,143,468.00,162.34,70.17,198.97,0.3001,-1,-1,-1
889,150,1101.66,0.88,58.84,159.46,0.3394,-1,-1,-1
889,155,1349.95,926.03,97.73,153.50,0.7713,-1,-1,-1
889,157,1757.59,683.92,76.63,229.41,0.5141,-1,-1,-1
890,3,911.90,937.29,77.83,142.71,0.7387,-1,-1,-1
890,4,1720.04,456.26,78.38,210.00,0.6645,-1,-1,-1
890,45,808.52,137.29,55.99,175.82,0.2391,-1,-1,-1
890,66,1575.06,600.44,99.26,224.37,0.5257,-1,-1,-1
890,92,291.64,659.86,80.78,250.81,0.7119,-1,-1,-1
890,117,422.61,327.13,64.74,203.54,0.5069,-1,-1,-1
890,122,890.10,457.36,62.44,218.81,0.7147,-1,-1,-1
890,124,965.72,443.51,77.20,224.86,0.7262,-1,-1,-1
890,126,333.64,341.67,72.24,171.03,0.4861,-1,-1,-1
890,143,466.04,162.75,72.43,199.29,0.3483,-1,-1,-1
890,150,1101.61,4.29,60.37,156.58,0.3588,-1,-1,-1
890,155,1346.50,925.41,99.20,154.64,0.7573,-1,-1,-1
890,157,1755.67,683.24,77.79,236.31,0.5022,-1,-1,-1
891,3,910.89,937.72,78.90,142.29,0.7341,-1,-1,-1
891,4,1721.49,456.86,75.69,209.23,0.6450,-1,-1,-1
891,45,807.87,137.27,56.63,174.88,0.2376,-1,-1,-1
891,66,1576.19,597.55,99.07,227.04,0.5379,-1,-1,-1
891,92,293.80,662.18,79.16,252.41,0.7021,-1,-1,-1
891,117,422.36,329.73,63.65,201.28,0.5234,-1,-1,-1
891,122,889.38,455.46,62.36,218.76,0.7317,-1,-1,-1
891,124,963.27,443.61,81.82,225.94,0.7231,-1,-1,-1
891,126,338.16,340.82,66.84,173.00,0.4787,-1,-1,-1
891,143,469.83,165.60,68.62,195.58,0.3717,-1,-1,-1
891,150,1102.78,5.21,60.29,156.68,0.3907,-1,-1,-1
891,155,1345.51,926.18,99.51,153.89,0.7912,-1,-1,-1
891,157,1754.13,682.89,79.25,237.05,0.5399,-1,-1,-1
892,3,911.24,937.60,77.93,142.40,0.7275,-1,-1,-1
892,4,1720.89,456.47,76.93,209.22,0.6420,-1,-1,-1
892,45,808.66,140.02,55.62,172.23,0.2274,-1,-1,-1
892,66,1573.85,596.20,100.81,228.49,0.5317,-1,-1,-1
892,92,295.04,664.20,78.76,253.55,0.7596,-1,-1,-1
892,117,421.34,331.73,64.57,199.85,0.5416,-1,-1,-1
892,122,887.94,456.53,62.76,219.76,0.6955,-1,-1,-1
892,124,962.00,443.77,83.66,226.87,0.7287,-1,-1,-1
892,126,338.50,342.32,65.35,171.95,0.5001,-1,-1,-1
892,143,469.15,166.25,69.66,196.62,0.4122,-1,-1,-1
892,150,1104.73,7.22,58.56,156.09,0.4580,-1,-1,-1
892,155,1341.59,924.36,103.98,155.66,0.7792,-1,-1,-1
892,157,1753.72,681.98,79.60,235.55,0.5427,-1,-1,-1
893,3,912.87,937.91,77.36,142.10,0.7360,-1,-1,-1
893,4,1721.60,457.18,76.31,208.45,0.6358,-1,-1,-1
893,45,809.98,137.13,53.97,175.12,0.2395,-1,-1,-1
893,66,1575.11,595.96,99.78,228.47,0.5363,-1,-1,-1
893,92,297.53,664.36,77.87,255.30,0.7756,-1,-1,-1
893,117,422.31,333.88,64.16,196.66,0.5465,-1,-1,-1
893,122,885.75,455.71,63.14,219.05,0.7225,-1,-1,-1
893,124,961.75,442.12,83.76,226.88,0.7424,-1,-1,-1
893,126,339.13,345.35,66.24,171.07,0.5220,-1,-1,-1
893,143,477.86,172.20,60.98,190.36,0.4250,-1,-1,-1
893,150,1104.57,8.32,59.43,156.50,0.3954,-1,-1,-1
893,155,1338.01,921.05,106.45,158.94,0.7814,-1,-1,-1
893,157,1752.62,681.57,81.35,238.57,0.5663,-1,-1,-1
894,3,913.25,937.96,75.95,142.04,0.7401,-1,-1,-1
894,4,1720.22,457.31,77.61,208.15,0.6380,-1,-1,-1
894,45,809.60,136.86,54.43,176.58,0.2620,-1,-1,-1
894,66,1573.83,593.06,100.93,231.84,0.5011,-1,-1,-1
894,92,297.43,666.60,79.13,254.60,0.7557,-1,-1,-1
894,117,420.65,333.28,65.43,198.07,0.5099,-1,-1,-1
894,122,885.84,455.83,62.36,218.45,0.6967,-1,-1,-1
894,124,961.75,441.25,84.34,226.84,0.7482,-1,-1,-1
894,126,340.91,345.69,65.11,172.75,0.4453,-1,-1,-1
894,143,470.97,169.38,68.36,192.15,0.4304,-1,-1,-1
894,150,1105.01,10.67,59.96,156.12,0.3013,-1,-1,-1
894,155,1334.68,917.42,106.42,162.56,0.7883,-1,-1,-1
894,157,1751.77,680.37,82.75,242.73,0.5736,-1,-1,-1
895,3,913.74,938.33,76.35,141.68,0.7427,-1,-1,-1
895,4,1720.12,456.76,77.34,208.65,0.6319,-1,-1,-1
895,45,809.04,136.26,55.15,177.48,0.2577,-1,-1,-1
895,66,1573.16,596.45,101.31,228.54,0.5258,-1,-1,-1
895,92,298.04,667.96,79.92,252.96,0.7268,-1,-1,-1
895,117,420.16,333.44,65.02,197.68,0.5156,-1,-1,-1
895,119,312.80,165.02,62.51,186.84,0.2190,-1,-1,-1
895,122,883.62,455.42,62.22,218.87,0.7126,-1,-1,-1
895,124,962.54,441.09,84.32,225.75,0.7423,-1,-1,-1
895,126,340.38,346.11,63.99,178.63,0.4907,-1,-1,-1
895,143,475.42,171.03,64.72,191.23,0.4926,-1,-1,-1
895,150,1106.27,13.29,59.19,154.42,0.3727,-1,-1,-1
895,155,1331.95,917.18,106.20,162.87,0.7865,-1,-1,-1
895,157,1751.12,681.39,82.99,238.77,0.5847,-1,-1,-1
896,3,913.60,938.61,75.12,141.40,0.7118,-1,-1,-1
896,4,1719.63,457.27,77.60,208.51,0.6323,-1,-1,-1
896,45,809.40,136.81,54.52,177.91,0.2527,-1,-1,-1
896,66,1572.89,597.86,101.29,226.91,0.5756,-1,-1,-1
896,92,298.61,667.94,81.88,252.04,0.7390,-1,-1,-1
896,117,420.32,333.68,64.68,197.41,0.5054,-1,-1,-1
896,122,884.80,455.67,60.41,215.86,0.6948,-1,-1,-1
896,124,962.31,438.68,84.28,226.58,0.7379,-1,-1,-1
896,126,339.81,346.72,64.14,178.98,0.5099,-1,-1,-1
896,143,474.62,170.19,66.40,191.47,0.4905,-1,-1,-1
896,150,1107.52,15.58,58.68,152.46,0.4146,-1,-1,-1
896,155,1332.49,913.45,101.98,166.53,0.7734,-1,-1,-1
896,157,1750.07,682.03,84.01,239.01,0.5840,-1,-1,-1
897,3,913.21,939.02,75.88,140.99,0.7336,-1,-1,-1
897,4,1719.78,457.08,77.35,207.67,0.6432,-1,-1,-1
897,45,809.37,138.11,54.42,176.16,0.2568,-1,-1,-1
897,66,1573.42,598.64,100.73,226.11,0.5741,-1,-1,-1
897,92,297.83,668.63,86.02,253.33,0.7485,-1,-1,-1
897,117,419.61,335.20,65.79,194.86,0.4866,-1,-1,-1
897,122,882.59,452.12,62.49,219.36,0.7117,-1,-1,-1
897,124,963.38,435.94,81.99,227.31,0.7405,-1,-1,-1
897,126,339.65,349.35,65.88,180.32,0.4853,-1,-1,-1
897,142,395.80,186.34,47.37,167.42,0.2092,-1,-1,-1
897,143,469.91,170.38,70.34,192.66,0.4506,-1,-1,-1
897,150,1108.07,16.19,57.65,153.51,0.3360,-1,-1,-1
897,155,1331.15,908.31,100.53,171.64,0.7794,-1,-1,-1
897,157,1750.44,680.27,82.04,238.75,0.5773,-1,-1,-1
898,3,911.75,939.96,75.55,139.98,0.7343,-1,-1,-1
898,4,1720.12,456.98,76.76,208.63,0.6442,-1,-1,-1
898,45,811.42,138.39,52.75,174.75,0.2460,-1,-1,-1
898,66,1574.44,596.96,101.70,227.21,0.5833,-1,-1,-1
898,92,297.35,669.94,90.25,251.50,0.7630,-1,-1,-1
898,117,418.53,334.55,65.36,194.53,0.5024,-1,-1,-1
898,122,881.21,450.39,62.52,218.74,0.6760,-1,-1,-1
898,124,962.83,433.63,81.14,225.51,0.7249,-1,-1,-1
898,126,339.85,354.26,62.84,179.86,0.4864,-1,-1,-1
898,143,468.77,171.52,73.46,190.56,0.4311,-1,-1,-1
898,150,1108.68,17.05,55.72,152.63,0.3064,-1,-1,-1
898,155,1329.07,903.65,99.08,176.31,0.7872,-1,-1,-1
898,157,1751.31,680.33,80.72,239.56,0.5511,-1,-1,-1
899,3,912.20,940.95,73.96,139.03,0.7402,-1,-1,-1
899,4,1720.43,457.00,75.39,209.08,0.6372,-1,-1,-1
899,45,811.24,137.89,52.69,175.47,0.2774,-1,-1,-1
899,66,1574.78,600.33,101.45,224.04,0.5785,-1,-1,-1
899,92,298.13,669.98,91.35,252.43,0.7688,-1,-1,-1
899,117,417.96,336.18,66.12,193.02,0.5087,-1,-1,-1
899,122,879.54,446.69,62.78,212.62,0.6631,-1,-1,-1
899,124,962.46,431.43,80.19,222.54,0.7267,-1,-1,-1
899,126,338.36,356.65,65.81,177.86,0.5347,-1,-1,-1
899,143,468.64,170.73,73.96,192.55,0.4419,-1,-1,-1
899,150,1109.85,17.16,53.01,152.44,0.3588,-1,-1,-1
899,155,1328.25,899.49,96.62,180.49,0.7936,-1,-1,-1
899,157,1751.18,679.90,79.83,240.91,0.5162,-1,-1,-1
900,3,912.80,942.62,72.37,136.88,0.7222,-1,-1,-1
900,4,1720.62,455.81,75.89,209.67,0.6208,-1,-1,-1
900,45,811.12,137.60,52.72,176.65,0.2671,-1,-1,-1
900,66,1574.83,600.81,100.10,223.41,0.5788,-1,-1,-1
900,92,298.00,670.98,95.29,252.34,0.7685,-1,-1,-1
900,117,417.68,336.23,66.12,196.34,0.5167,-1,-1,-1
900,122,877.92,445.27,61.77,213.62,0.6718,-1,-1,-1
900,124,962.60,428.21,78.66,222.02,0.7223,-1,-1,-1
900,126,337.27,355.67,65.11,180.73,0.5389,-1,-1,-1
900,143,468.16,171.40,76.04,190.55,0.4049,-1,-1,-1
900,150,1110.64,15.75,51.90,154.90,0.3764,-1,-1,-1
900,155,1327.14,895.21,97.46,184.77,0.7986,-1,-1,-1
900,157,1751.98,680.66,77.87,239.19,0.5436,-1,-1,-1
901,3,912.74,943.45,72.24,135.74,0.7386,-1,-1,-1
901,4,1721.73,457.23,75.62,207.34,0.6076,-1,-1,-1
901,45,806.99,137.52,57.02,174.98,0.2495,-1,-1,-1
901,66,1575.68,598.98,101.60,225.38,0.5788,-1,-1,-1
901,92,297.78,672.62,97.77,249.43,0.7869,-1,-1,-1
901,117,415.76,338.16,67.50,197.15,0.5234,-1,-1,-1
901,122,876.58,442.14,63.09,210.90,0.6623,-1,-1,-1
901,124,964.56,424.47,75.22,222.49,0.7154,-1,-1,-1
901,126,334.92,352.39,69.48,181.33,0.4886,-1,-1,-1
901,143,468.47,172.97,77.83,189.17,0.3412,-1,-1,-1
901,150,1110.28,15.21,52.76,157.62,0.3366,-1,-1,-1
901,155,1325.21,892.16,97.29,187.84,0.8132,-1,-1,-1
901,157,1749.55,682.39,78.54,237.50,0.5612,-1,-1,-1
902,3,913.75,944.55,69.20,134.60,0.7253,-1,-1,-1
902,4,1721.50,456.85,75.25,208.00,0.6105,-1,-1,-1
902,45,810.54,137.59,53.29,177.20,0.2573,-1,-1,-1
902,66,1577.40,598.83,99.04,225.09,0.5804,-1,-1,-1
902,92,297.64,675.02,99.22,249.73,0.8135,-1,-1,-1
902,117,418.04,338.27,65.66,201.42,0.5185,-1,-1,-1
902,119,312.53,168.82,82.44,185.46,0.2016,-1,-1,-1
902,122,874.90,440.35,63.41,210.51,0.6958,-1,-1,-1
902,124,965.96,422.36,72.31,217.72,0.7315,-1,-1,-1
902,126,333.88,352.01,71.71,181.29,0.4251,-1,-1,-1
902,143,470.13,173.65,76.50,184.67,0.3173,-1,-1,-1
902,150,1110.54,16.50,52.25,158.34,0.3098,-1,-1,-1
902,155,1323.43,889.00,95.47,191.00,0.8056,-1,-1,-1
902,157,1749.93,681.93,78.40,238.61,0.5521,-1,-1,-1
903,3,913.01,945.41,69.60,134.57,0.7356,-1,-1,-1
903,4,1720.76,457.45,75.68,208.36,0.5976,-1,-1,-1
903,45,808.71,137.48,54.93,176.85,0.2596,-1,-1,-1
903,66,1578.27,598.76,98.10,225.62,0.5936,-1,-1,-1
903,92,298.22,676.76,98.43,254.35,0.8223,-1,-1,-1
903,117,415.66,340.88,67.91,202.28,0.5489,-1,-1,-1
903,119,313.64,169.32,85.52,185.53,0.2313,-1,-1,-1
903,122,874.56,438.21,63.15,210.58,0.6917,-1,-1,-1
903,124,966.66,420.91,70.15,217.61,0.7167,-1,-1,-1
903,126,332.48,351.67,73.29,181.64,0.3581,-1,-1,-1
903,143,470.75,174.30,76.24,182.72,0.3138,-1,-1,-1
903,150,1110.58,17.19,52.64,160.34,0.3010,-1,-1,-1
903,155,1321.02,884.83,96.02,195.15,0.7815,-1,-1,-1
903,157,1751.65,680.50,78.38,241.41,0.5656,-1,-1,-1
904,3,913.74,946.49,68.45,133.52,0.7196,-1,-1,-1
904,4,1722.38,457.11,74.27,207.61,0.6297,-1,-1,-1
904,45,807.33,137.94,56.58,176.37,0.2737,-1,-1,-1
904,66,1576.88,599.52,99.22,224.46,0.5565,-1,-1,-1
904,92,299.07,678.94,97.49,254.10,0.8367,-1,-1,-1
904,117,419.58,344.09,64.09,202.57,0.4919,-1,-1,-1
904,119,314.39,169.89,83.64,185.27,0.2441,-1,-1,-1
904,122,873.90,437.24,63.38,214.30,0.7088,-1,-1,-1
904,124,967.22,420.61,69.01,217.08,0.7096,-1,-1,-1
904,126,325.86,353.35,78.81,179.56,0.3810,-1,-1,-1
904,143,471.01,174.09,68.70,188.93,0.3161,-1,-1,-1
904,150,1110.91,19.54,53.53,158.93,0.3759,-1,-1,-1
904,155,1318.33,880.76,94.78,199.23,0.7701,-1,-1,-1
904,157,1751.96,682.27,80.00,240.09,0.5875,-1,-1,-1
905,3,913.07,947.65,69.00,132.36,0.7286,-1,-1,-1
905,4,1722.20,456.77,74.43,208.17,0.6399,-1,-1,-1
905,45,806.04,138.22,58.08,174.58,0.2648,-1,-1,-1
905,66,1576.41,598.68,99.68,225.77,0.5754,-1,-1,-1
905,92,300.95,680.53,96.28,259.18,0.8372,-1,-1,-1
905,117,418.00,347.98,64.46,200.18,0.4778,-1,-1,-1
905,119,314.41,169.55,82.67,185.94,0.2437,-1,-1,-1
905,122,874.44,435.19,61.47,213.29,0.7154,-1,-1,-1
905,124,966.42,418.80,70.02,219.06,0.7296,-1,-1,-1
905,126,347.57,354.57,54.94,179.10,0.4235,-1,-1,-1
905,143,471.05,174.11,66.74,194.27,0.2662,-1,-1,-1
905,150,1110.97,21.16,54.24,159.74,0.3439,-1,-1,-1
905,155,1316.52,878.01,94.68,200.71,0.7474,-1,-1,-1
905,157,1753.30,682.58,78.36,243.68,0.5745,-1,-1,-1
906,3,912.85,949.46,69.00,130.58,0.7222,-1,-1,-1
906,4,1721.00,456.69,74.90,209.02,0.6364,-1,-1,-1
906,45,806.44,137.44,57.62,174.44,0.2306,-1,-1,-1
906,66,1577.97,598.98,98.49,225.29,0.5951,-1,-1,-1
906,92,303.28,682.68,94.03,261.50,0.8404,-1,-1,-1
906,117,414.90,349.11,65.63,201.43,0.5866,-1,-1,-1
906,119,315.25,170.00,81.54,185.66,0.2507,-1,-1,-1
906,122,873.12,434.94,61.15,214.62,0.7369,-1,-1,-1
906,124,966.40,418.09,68.92,217.78,0.7322,-1,-1,-1
906,126,349.80,353.61,52.79,180.93,0.4355,-1,-1,-1
906,143,470.03,170.67,69.18,200.31,0.3114,-1,-1,-1
906,150,1109.81,22.58,56.01,159.45,0.3343,-1,-1,-1
906,155,1315.46,876.49,92.30,202.61,0.7576,-1,-1,-1
906,157,1752.92,682.56,79.55,239.01,0.6069,-1,-1,-1
907,3,908.57,949.13,73.81,130.84,0.7449,-1,-1,-1
907,4,1721.08,457.23,74.91,207.77,0.6215,-1,-1,-1
907,45,806.57,137.81,57.54,175.14,0.2476,-1,-1,-1
907,66,1580.12,599.42,95.82,224.58,0.5668,-1,-1,-1
907,92,305.29,685.09,91.60,255.57,0.8387,-1,-1,-1
907,117,413.54,344.88,69.68,206.73,0.5841,-1,-1,-1
907,119,315.23,169.15,80.43,186.32,0.2468,-1,-1,-1
907,122,871.75,432.82,62.82,215.03,0.7304,-1,-1,-1
907,124,966.86,418.13,69.05,219.99,0.6813,-1,-1,-1
907,126,348.35,358.71,53.05,176.54,0.4159,-1,-1,-1
907,143,468.63,169.91,72.08,202.78,0.3263,-1,-1,-1
907,150,1108.53,24.80,58.68,160.09,0.3226,-1,-1,-1
907,155,1312.92,876.97,94.18,203.10,0.7343,-1,-1,-1
907,157,1753.69,682.90,79.57,240.53,0.6251,-1,-1,-1
908,3,910.78,950.96,71.52,129.08,0.7247,-1,-1,-1
908,4,1721.67,457.45,74.33,206.86,0.6229,-1,-1,-1
908,45,806.94,137.45,57.67,174.45,0.2545,-1,-1,-1
908,66,1576.98,598.34,97.87,226.26,0.6039,-1,-1,-1
908,92,307.47,687.63,89.71,257.54,0.8394,-1,-1,-1
908,117,412.91,345.98,69.95,206.85,0.5867,-1,-1,-1
908,119,315.08,168.99,80.04,186.38,0.2360,-1,-1,-1
908,122,871.04,431.84,62.71,217.36,0.7235,-1,-1,-1
908,124,966.80,417.87,67.36,219.79,0.7239,-1,-1,-1
908,126,322.45,356.08,79.18,178.10,0.4264,-1,-1,-1
908,143,468.76,171.71,72.22,205.98,0.3496,-1,-1,-1
908,150,1108.42,27.46,60.38,159.91,0.2352,-1,-1,-1
908,155,1309.59,876.45,95.69,203.61,0.7339,-1,-1,-1
908,157,1755.22,684.01,78.56,240.67,0.6319,-1,-1,-1
909,3,908.20,950.21,73.52,129.75,0.7361,-1,-1,-1
909,4,1721.87,457.07,73.22,207.40,0.6074,-1,-1,-1
909,45,806.96,137.26,57.51,173.18,0.2447,-1,-1,-1
909,66,1579.28,597.48,95.74,226.46,0.5914,-1,-1,-1
909,92,307.89,689.88,89.52,260.24,0.8416,-1,-1,-1
909,117,412.54,346.39,69.43,207.28,0.5997,-1,-1,-1
909,122,870.75,432.08,61.82,219.10,0.7257,-1,-1,-1
909,124,966.46,417.44,67.06,223.02,0.7140,-1,-1,-1
909,126,322.48,358.86,76.75,179.32,0.5410,-1,-1,-1
909,143,467.97,173.63,81.45,207.54,0.2733,-1,-1,-1
909,150,1109.17,30.13,59.36,160.28,0.2376,-1,-1,-1
909,155,1308.25,874.39,93.59,205.63,0.7365,-1,-1,-1
909,157,1755.63,684.03,78.64,238.98,0.6257,-1,-1,-1
910,3,907.54,951.09,74.71,128.91,0.7348,-1,-1,-1
910,4,1721.90,456.63,74.25,208.77,0.6291,-1,-1,-1
910,45,807.43,137.08,57.23,173.58,0.2939,-1,-1,-1
910,66,1574.62,598.54,100.92,225.80,0.5757,-1,-1,-1
910,92,307.66,691.99,89.74,262.72,0.8394,-1,-1,-1
910,117,413.66,349.99,66.13,202.21,0.6164,-1,-1,-1
910,119,314.38,169.68,78.25,185.62,0.2519,-1,-1,-1
910,122,870.50,431.50,62.57,219.34,0.7138,-1,-1,-1
910,124,964.37,417.34,68.69,222.41,0.7155,-1,-1,-1
910,126,322.21,359.03,78.06,182.93,0.5741,-1,-1,-1
910,143,467.92,176.93,89.08,198.92,0.3899,-1,-1,-1
910,150,1108.84,32.03,61.47,159.55,0.2416,-1,-1,-1
910,155,1307.38,872.41,92.28,207.60,0.7569,-1,-1,-1
910,157,1756.70,683.18,77.17,239.79,0.6113,-1,-1,-1
911,3,907.94,951.68,74.15,128.32,0.7420,-1,-1,-1
911,4,1721.21,457.65,76.38,206.97,0.6279,-1,-1,-1
911,45,807.50,137.14,57.19,175.07,0.2770,-1,-1,-1
911,66,1574.97,599.53,100.20,224.78,0.5500,-1,-1,-1
911,92,307.60,693.69,89.05,261.89,0.8368,-1,-1,-1
911,117,415.03,356.12,62.03,196.69,0.6218,-1,-1,-1
911,119,314.21,171.21,78.39,183.51,0.2365,-1,-1,-1
911,122,870.04,430.61,62.40,220.33,0.7097,-1,-1,-1
911,124,965.42,415.96,67.06,223.56,0.7069,-1,-1,-1
911,126,323.98,364.27,77.17,181.65,0.5632,-1,-1,-1
911,143,469.55,177.91,81.67,200.22,0.3016,-1,-1,-1
911,155,1304.96,869.39,90.60,210.60,0.7720,-1,-1,-1
911,157,1757.23,683.25,76.87,240.01,0.6106,-1,-1,-1
912,3,909.34,953.08,73.40,126.94,0.7397,-1,-1,-1
912,4,1721.79,456.48,75.33,207.72,0.6261,-1,-1,-1
912,45,807.39,137.31,57.39,174.79,0.2887,-1,-1,-1
912,66,1573.95,598.15,101.44,225.90,0.5437,-1,-1,-1
912,92,307.87,695.18,88.36,263.24,0.8341,-1,-1,-1
912,117,413.21,352.36,63.78,201.24,0.6212,-1,-1,-1
912,119,314.05,170.31,79.78,186.25,0.2733,-1,-1,-1
912,122,869.78,429.10,62.50,218.50,0.6913,-1,-1,-1
912,124,964.30,415.08,66.64,219.93,0.7000,-1,-1,-1
912,126,325.32,367.11,74.46,180.95,0.5706,-1,-1,-1
912,143,467.88,179.05,78.82,197.92,0.2218,-1,-1,-1
912,155,1303.15,866.43,90.57,213.52,0.7666,-1,-1,-1
912,157,1757.83,683.40,76.65,240.62,0.6167,-1,-1,-1
913,3,909.45,952.74,72.84,127.23,0.7399,-1,-1,-1
913,4,1721.54,455.85,75.65,208.46,0.5940,-1,-1,-1
913,45,808.35,137.52,56.60,173.82,0.3000,-1,-1,-1
913,66,1576.09,598.46,98.64,225.77,0.5506,-1,-1,-1
913,92,307.59,696.22,87.99,261.75,0.8279,-1,-1,-1
913,117,412.02,351.68,65.49,201.97,0.6022,-1,-1,-1
913,119,314.42,170.39,79.36,186.25,0.2375,-1,-1,-1
913,122,868.82,426.44,63.10,222.16,0.7059,-1,-1,-1
913,124,962.89,412.41,66.92,217.66,0.6871,-1,-1,-1
913,126,327.55,367.74,74.21,182.84,0.5119,-1,-1,-1
913,143,468.02,180.12,72.55,192.74,0.2408,-1,-1,-1
913,150,1111.10,34.04,63.20,161.69,0.2702,-1,-1,-1
913,155,1302.17,861.03,89.51,218.91,0.7706,-1,-1,-1
913,157,1757.83,681.33,77.23,242.06,0.6171,-1,-1,-1
913,158,1716.58,90.96,53.66,167.29,0.3559,-1,-1,-1
914,3,908.08,953.03,74.63,126.96,0.7475,-1,-1,-1
914,4,1722.76,455.98,74.15,208.39,0.6204,-1,-1,-1
914,45,808.10,137.31,56.65,174.72,0.2719,-1,-1,-1
914,66,1574.06,598.13,101.60,225.84,0.4790,-1,-1,-1
914,92,307.56,696.69,88.06,260.99,0.8215,-1,-1,-1
914,117,412.09,355.30,64.51,197.73,0.5549,-1,-1,-1
914,119,312.69,170.24,79.06,185.84,0.2268,-1,-1,-1
914,122,868.18,425.81,61.87,217.65,0.6753,-1,-1,-1
914,124,961.63,409.97,66.73,212.95,0.7001,-1,-1,-1
914,126,327.84,366.87,74.29,185.33,0.5372,-1,-1,-1
914,143,467.71,181.29,71.68,194.84,0.2217,-1,-1,-1
914,150,1111.04,34.62,62.39,160.61,0.2367,-1,-1,-1
914,155,1298.89,857.16,91.17,222.82,0.7722,-1,-1,-1
914,157,1759.08,680.34,76.07,243.45,0.5943,-1,-1,-1
914,158,1719.43,93.00,52.33,165.53,0.3746,-1,-1,-1
914,159,1603.92,66.06,49.67,153.85,0.2117,-1,-1,-1
915,3,907.03,953.62,75.27,126.38,0.7485,-1,-1,-1
915,4,1722.32,456.71,73.24,207.34,0.6131,-1,-1,-1
915,45,809.66,137.21,55.10,172.60,0.3082,-1,-1,-1
915,66,1574.54,598.91,100.53,225.38,0.5352,-1,-1,-1
915,92,307.47,697.79,87.49,260.00,0.8149,-1,-1,-1
915,117,411.38,355.27,64.83,197.20,0.5366,-1,-1,-1
915,119,311.90,170.87,78.96,185.90,0.2081,-1,-1,-1
915,122,867.87,421.40,61.01,204.99,0.6682,-1,-1,-1
915,124,960.69,408.43,65.64,209.58,0.7015,-1,-1,-1
915,126,329.43,368.75,72.00,185.35,0.5403,-1,-1,-1
915,143,464.19,180.95,73.57,196.09,0.2565,-1,-1,-1
915,150,1113.88,34.42,60.67,161.85,0.2567,-1,-1,-1
915,155,1298.73,853.71,91.96,226.28,0.7728,-1,-1,-1
915,157,1758.49,678.20,75.90,245.37,0.5840,-1,-1,-1
915,158,1721.77,92.58,49.51,165.72,0.3705,-1,-1,-1
916,3,906.83,953.81,75.60,126.18,0.7434,-1,-1,-1
916,4,1721.85,456.20,74.40,208.08,0.6038,-1,-1,-1
916,45,806.48,138.10,58.81,176.06,0.3112,-1,-1,-1
916,66,1573.53,599.96,100.32,223.93,0.5480,-1,-1,-1
916,92,307.04,699.48,87.16,258.22,0.7986,-1,-1,-1
916,117,406.67,347.95,70.40,204.66,0.4952,-1,-1,-1
916,119,310.98,168.00,76.88,189.73,0.2707,-1,-1,-1
916,122,868.16,420.04,60.03,206.58,0.6703,-1,-1,-1
916,124,959.24,406.44,64.92,206.99,0.7072,-1,-1,-1
916,126,328.45,371.21,71.25,183.64,0.5312,-1,-1,-1
916,143,466.12,181.54,70.07,194.72,0.3081,-1,-1,-1
916,150,1114.97,34.49,58.68,161.75,0.2968,-1,-1,-1
916,155,1296.01,849.69,93.09,230.29,0.7694,-1,-1,-1
916,157,1757.74,677.09,76.03,251.13,0.5584,-1,-1,-1
916,158,1724.60,92.32,46.53,165.64,0.4378,-1,-1,-1
916,159,1604.73,65.62,50.16,155.74,0.2731,-1,-1,-1
917,3,906.51,953.78,75.70,126.21,0.7456,-1,-1,-1
917,4,1721.23,456.60,74.11,207.77,0.6362,-1,-1,-1
917,45,806.96,137.45,58.21,175.92,0.3113,-1,-1,-1
917,66,1573.68,599.66,101.05,224.39,0.4508,-1,-1,-1
917,92,306.58,702.02,86.64,256.00,0.8068,-1,-1,-1
917,117,410.36,354.87,64.07,197.77,0.5365,-1,-1,-1
917,119,309.99,169.97,77.05,188.58,0.2903,-1,-1,-1
917,122,867.57,416.18,59.60,211.86,0.6946,-1,-1,-1
917,124,957.85,403.99,64.35,208.72,0.7410,-1,-1,-1
917,126,328.22,371.27,72.17,183.68,0.5563,-1,-1,-1
917,143,462.15,182.94,69.10,196.29,0.4069,-1,-1,-1
917,150,1117.16,34.19,56.53,163.99,0.3185,-1,-1,-1
917,155,1294.67,845.16,94.54,234.81,0.7744,-1,-1,-1
917,157,1758.47,676.24,76.41,250.80,0.5483,-1,-1,-1
917,158,1725.53,93.76,45.27,163.84,0.4450,-1,-1,-1
917,159,1607.67,65.26,49.33,154.96,0.2543,-1,-1,-1
918,3,906.79,954.69,75.58,125.32,0.7488,-1,-1,-1
918,4,1721.68,455.74,73.45,209.16,0.6139,-1,-1,-1
918,45,808.32,137.04,56.72,175.97,0.2949,-1,-1,-1
918,66,1574.48,600.92,99.48,223.36,0.5680,-1,-1,-1
918,92,306.74,702.55,86.10,254.15,0.7986,-1,-1,-1
918,117,407.94,350.83,69.63,202.45,0.5580,-1,-1,-1
918,119,311.27,169.67,75.76,187.31,0.2300,-1,-1,-1
918,122,866.82,414.79,59.80,212.31,0.7010,-1,-1,-1
918,124,954.02,400.96,66.26,210.79,0.7136,-1,-1,-1
918,126,328.01,371.29,72.45,183.72,0.5286,-1,-1,-1
918,143,461.48,181.20,68.05,202.88,0.4204,-1,-1,-1
918,150,1117.89,34.50,57.00,166.84,0.3358,-1,-1,-1
918,155,1291.19,841.61,94.54,238.38,0.7653,-1,-1,-1
918,157,1756.60,674.63,77.38,252.42,0.5538,-1,-1,-1
918,158,1726.94,93.67,44.01,166.03,0.4052,-1,-1,-1
918,159,1608.54,65.79,49.92,158.62,0.2860,-1,-1,-1
919,3,906.72,954.61,76.41,125.37,0.7421,-1,-1,-1
919,4,1721.69,455.51,74.19,210.38,0.6083,-1,-1,-1
919,45,807.57,136.65,57.30,175.88,0.2980,-1,-1,-1
919,66,1574.38,598.13,99.58,225.48,0.5310,-1,-1,-1
919,92,306.94,703.45,86.32,252.18,0.7887,-1,-1,-1
919,117,407.03,351.77,70.46,206.35,0.5696,-1,-1,-1
919,119,310.20,167.48,76.72,188.65,0.2428,-1,-1,-1
919,122,866.00,413.35,61.47,213.96,0.7233,-1,-1,-1
919,124,952.86,398.70,67.69,212.99,0.7160,-1,-1,-1
919,126,326.36,373.18,74.13,182.07,0.4930,-1,-1,-1
919,143,457.92,183.62,71.66,204.72,0.4601,-1,-1,-1
919,150,1119.58,35.20,58.72,165.89,0.3017,-1,-1,-1
919,155,1290.78,839.07,95.13,240.95,0.7662,-1,-1,-1
919,157,1759.19,677.12,75.23,250.94,0.5628,-1,-1,-1
919,158,1726.50,95.03,44.74,166.38,0.3309,-1,-1,-1
919,159,1610.09,66.75,49.39,161.74,0.2781,-1,-1,-1
920,3,906.23,955.43,76.67,124.58,0.7437,-1,-1,-1
920,4,1720.62,455.94,75.32,209.00,0.6112,-1,-1,-1
920,45,807.80,137.04,57.34,173.72,0.2896,-1,-1,-1
920,66,1575.22,599.59,98.61,224.38,0.5411,-1,-1,-1
920,92,306.29,705.54,88.10,253.75,0.7911,-1,-1,-1
920,117,408.50,354.25,67.72,205.73,0.5487,-1,-1,-1
920,119,309.98,168.01,76.42,188.40,0.2617,-1,-1,-1
920,122,866.18,408.37,60.88,214.24,0.7468,-1,-1,-1
920,124,950.94,396.29,68.70,215.68,0.7446,-1,-1,-1
920,126,327.84,373.70,73.96,182.18,0.4579,-1,-1,-1
920,143,458.13,184.82,71.19,205.46,0.3854,-1,-1,-1
920,150,1119.42,35.58,59.68,167.43,0.3703,-1,-1,-1
920,155,1287.66,835.64,95.75,244.36,0.7747,-1,-1,-1
920,157,1759.69,678.35,75.67,250.87,0.5578,-1,-1,-1
920,158,1726.09,95.04,45.70,170.26,0.2415,-1,-1,-1
920,159,1611.19,68.61,50.14,159.93,0.2580,-1,-1,-1
921,3,906.10,954.91,75.43,124.95,0.7200,-1,-1,-1
921,4,1721.00,455.33,74.94,210.51,0.6043,-1,-1,-1
921,45,806.93,137.23,57.97,174.09,0.2945,-1,-1,-1
921,66,1574.51,600.86,99.83,223.35,0.5309,-1,-1,-1
921,92,306.49,706.83,87.42,254.38,0.7877,-1,-1,-1
921,117,407.26,356.07,68.59,207.28,0.5559,-1,-1,-1
921,119,310.69,169.80,75.92,185.61,0.2415,-1,-1,-1
921,122,865.80,407.91,61.14,217.15,0.7626,-1,-1,-1
921,124,947.87,394.94,72.42,217.06,0.7429,-1,-1,-1
921,126,327.19,373.43,74.38,181.63,0.4760,-1,-1,-1
921,143,458.53,186.25,69.77,208.21,0.3500,-1,-1,-1
921,150,1120.46,38.11,59.35,167.34,0.3976,-1,-1,-1
921,155,1288.12,833.87,93.22,246.16,0.7700,-1,-1,-1
921,157,1759.46,678.66,75.93,250.09,0.5635,-1,-1,-1
921,159,1612.31,70.12,48.88,159.81,0.2633,-1,-1,-1
922,3,905.57,954.95,76.37,125.04,0.7288,-1,-1,-1
922,4,1720.62,455.37,74.72,209.70,0.6141,-1,-1,-1
922,45,807.01,136.25,57.65,176.64,0.3144,-1,-1,-1
922,66,1575.64,599.62,98.58,224.10,0.5026,-1,-1,-1
922,92,306.59,708.38,87.29,257.86,0.7736,-1,-1,-1
922,117,405.89,359.08,68.47,205.00,0.5430,-1,-1,-1
922,119,310.54,168.83,72.42,188.12,0.2803,-1,-1,-1
922,122,866.09,407.26,60.32,216.43,0.7654,-1,-1,-1
922,124,946.81,393.54,73.55,218.24,0.7366,-1,-1,-1
922,126,325.65,374.09,76.93,181.52,0.4952,-1,-1,-1
922,143,456.78,189.85,72.11,203.21,0.4089,-1,-1,-1
922,150,1121.34,41.14,59.27,164.90,0.4617,-1,-1,-1
922,155,1285.50,832.06,93.43,247.58,0.7849,-1,-1,-1
922,157,1759.61,677.44,75.77,250.79,0.5449,-1,-1,-1
922,159,1613.97,72.55,47.16,159.94,0.2756,-1,-1,-1
923,3,906.15,955.53,76.79,124.48,0.7326,-1,-1,-1
923,4,1719.50,455.90,75.85,210.03,0.6267,-1,-1,-1
923,45,806.13,137.31,58.22,175.33,0.2903,-1,-1,-1
923,66,1573.71,598.43,101.36,225.56,0.5188,-1,-1,-1
923,92,306.67,710.22,87.18,258.47,0.7684,-1,-1,-1
923,117,405.42,360.84,68.33,204.97,0.5216,-1,-1,-1
923,119,310.18,169.22,71.08,188.57,0.2605,-1,-1,-1
923,122,866.00,406.97,59.60,217.48,0.7663,-1,-1,-1
923,124,945.51,393.10,76.19,219.70,0.7376,-1,-1,-1
923,126,327.05,374.54,73.94,181.25,0.4738,-1,-1,-1
923,142,374.65,217.42,50.02,140.53,0.2078,-1,-1,-1
923,143,454.32,191.97,73.91,199.97,0.4515,-1,-1,-1
923,150,1122.66,42.50,59.05,167.36,0.4068,-1,-1,-1
923,155,1285.10,830.33,93.33,249.43,0.7881,-1,-1,-1
923,157,1759.23,677.31,74.05,250.58,0.5862,-1,-1,-1
923,158,1728.70,99.04,48.35,169.05,0.2278,-1,-1,-1
923,159,1614.66,73.45,47.23,159.40,0.2445,-1,-1,-1
924,3,906.11,955.80,76.68,124.20,0.7361,-1,-1,-1
924,4,1719.11,455.50,77.09,209.83,0.6287,-1,-1,-1
924,45,806.10,137.25,58.39,175.50,0.3349,-1,-1,-1
924,66,1574.17,598.46,100.18,225.75,0.4609,-1,-1,-1
924,92,307.28,711.73,86.05,262.26,0.7531,-1,-1,-1
924,117,403.85,362.18,70.96,208.85,0.5439,-1,-1,-1
924,119,309.85,169.05,71.61,189.26,0.2867,-1,-1,-1
924,122,865.65,406.50,60.15,215.16,0.7492,-1,-1,-1
924,124,943.74,392.25,78.74,221.99,0.7556,-1,-1,-1
924,126,328.56,376.00,71.38,180.37,0.5016,-1,-1,-1
924,142,374.93,217.40,49.49,141.41,0.2320,-1,-1,-1
924,143,456.69,193.95,71.50,198.68,0.4402,-1,-1,-1
924,150,1123.11,44.84,58.95,164.78,0.3994,-1,-1,-1
924,155,1282.48,829.68,95.55,248.19,0.7907,-1,-1,-1
924,157,1755.67,674.98,75.87,248.85,0.5571,-1,-1,-1
924,158,1728.50,99.23,49.62,177.52,0.3228,-1,-1,-1
924,159,1615.52,74.58,48.29,160.13,0.3067,-1,-1,-1
925,3,906.56,954.74,75.43,125.22,0.7236,-1,-1,-1
925,4,1718.44,455.31,77.07,210.53,0.6076,-1,-1,-1
925,45,805.94,137.06,58.20,175.84,0.3014,-1,-1,-1
925,66,1577.43,598.43,95.51,227.74,0.3455,-1,-1,-1
925,92,308.11,714.60,85.24,261.45,0.7439,-1,-1,-1
925,117,402.20,363.54,71.15,211.45,0.5778,-1,-1,-1
925,119,310.48,168.55,70.78,190.08,0.2905,-1,-1,-1
925,122,864.72,406.28,60.77,215.52,0.7598,-1,-1,-1
925,124,942.37,392.26,78.95,221.98,0.7584,-1,-1,-1
925,126,328.29,377.24,70.39,180.29,0.5629,-1,-1,-1
925,142,374.69,218.72,49.73,144.62,0.2041,-1,-1,-1
925,143,455.69,196.00,72.61,199.27,0.3719,-1,-1,-1
925,150,1122.72,46.53,58.38,163.46,0.4322,-1,-1,-1
925,155,1279.85,829.46,97.44,247.38,0.7777,-1,-1,-1
925,157,1756.06,676.67,76.84,248.30,0.5415,-1,-1,-1
925,158,1729.73,100.79,48.36,178.24,0.2318,-1,-1,-1
925,159,1616.50,74.92,49.60,160.17,0.3166,-1,-1,-1
926,3,907.11,955.43,76.76,124.58,0.7309,-1,-1,-1
926,4,1719.18,455.95,76.57,209.53,0.5833,-1,-1,-1
926,45,806.23,136.71,58.09,176.13,0.3268,-1,-1,-1
926,66,1577.89,598.48,94.58,228.18,0.3129,-1,-1,-1
926,92,308.15,717.70,86.67,261.15,0.7455,-1,-1,-1
926,117,401.05,363.77,72.30,212.33,0.4942,-1,-1,-1
926,119,311.76,167.84,72.63,188.06,0.2721,-1,-1,-1
926,122,864.28,405.86,60.58,215.39,0.7061,-1,-1,-1
926,124,940.70,392.19,80.93,221.88,0.7606,-1,-1,-1
926,126,329.15,379.16,68.97,180.32,0.5338,-1,-1,-1
926,143,455.27,199.54,72.33,200.60,0.4041,-1,-1,-1
926,150,1123.68,46.69,58.74,164.44,0.4168,-1,-1,-1
926,155,1279.77,827.58,93.34,250.70,0.7921,-1,-1,-1
926,157,1756.75,677.55,77.31,250.35,0.5940,-1,-1,-1
926,159,1616.58,74.82,49.50,160.81,0.2555,-1,-1,-1
927,3,907.50,954.77,74.80,125.20,0.7385,-1,-1,-1
927,4,1719.15,456.15,76.35,209.13,0.6098,-1,-1,-1
927,45,806.21,136.89,57.94,175.73,0.3413,-1,-1,-1
927,66,1573.65,597.69,100.81,226.53,0.4202,-1,-1,-1
927,92,308.85,720.61,85.86,264.07,0.7480,-1,-1,-1
927,117,401.77,364.99,71.19,211.57,0.4838,-1,-1,-1
927,119,310.96,168.65,70.17,188.79,0.2841,-1,-1,-1
927,122,863.47,404.91,60.70,213.72,0.7398,-1,-1,-1
927,124,940.66,391.28,80.94,220.41,0.7736,-1,-1,-1
927,126,329.81,382.90,67.11,181.16,0.5654,-1,-1,-1
927,143,456.24,201.44,71.14,200.64,0.3851,-1,-1,-1
927,150,1124.68,47.17,57.74,164.26,0.4231,-1,-1,-1
927,155,1276.50,825.51,94.05,252.30,0.8031,-1,-1,-1
927,157,1757.13,676.86,77.46,253.10,0.5906,-1,-1,-1
927,159,1617.26,75.43,50.97,161.61,0.3179,-1,-1,-1
928,3,906.91,954.70,75.92,125.29,0.7205,-1,-1,-1
928,4,1718.71,456.28,76.44,208.93,0.6043,-1,-1,-1
928,45,804.56,136.83,59.55,175.33,0.3243,-1,-1,-1
928,66,1578.95,598.48,94.40,227.98,0.4205,-1,-1,-1
928,92,311.74,725.62,83.42,264.13,0.7721,-1,-1,-1
928,117,399.88,363.80,72.83,212.23,0.5056,-1,-1,-1
928,119,310.52,169.57,70.88,189.40,0.3309,-1,-1,-1
928,122,862.74,404.25,60.97,214.74,0.7384,-1,-1,-1
928,124,941.38,390.05,79.76,220.68,0.7690,-1,-1,-1
928,126,329.77,384.53,67.52,184.99,0.5242,-1,-1,-1
928,142,372.32,214.97,48.76,152.59,0.2698,-1,-1,-1
928,143,456.61,204.06,69.39,198.77,0.3688,-1,-1,-1
928,150,1125.58,46.68,57.50,166.51,0.5019,-1,-1,-1
928,155,1274.52,822.51,92.35,256.17,0.7773,-1,-1,-1
928,157,1756.17,675.53,78.40,253.45,0.5896,-1,-1,-1
928,158,1731.21,100.10,48.18,180.65,0.2251,-1,-1,-1
928,159,1617.66,76.11,51.93,160.09,0.2930,-1,-1,-1
929,3,907.38,955.05,75.97,124.95,0.7331,-1,-1,-1
929,4,1718.51,456.11,76.55,209.25,0.6082,-1,-1,-1
929,45,807.81,136.74,56.25,176.19,0.3284,-1,-1,-1
929,66,1581.03,599.21,91.46,227.16,0.3689,-1,-1,-1
929,92,313.00,726.98,83.86,265.24,0.7932,-1,-1,-1
929,117,398.59,364.22,73.93,212.08,0.5745,-1,-1,-1
929,119,311.72,170.59,70.23,187.62,0.2635,-1,-1,-1
929,122,860.79,401.73,62.87,216.66,0.7465,-1,-1,-1
929,124,940.97,388.24,79.01,221.44,0.7694,-1,-1,-1
929,126,329.58,385.72,70.07,187.21,0.5333,-1,-1,-1
929,142,371.73,215.10,48.16,158.18,0.2717,-1,-1,-1
929,143,456.54,204.09,69.73,199.56,0.3329,-1,-1,-1
929,150,1126.17,46.52,56.96,164.36,0.5045,-1,-1,-1
929,155,1273.38,817.05,91.35,260.62,0.7779,-1,-1,-1
929,157,1755.39,676.50,79.62,251.90,0.5962,-1,-1,-1
929,158,1731.36,100.82,46.29,180.12,0.3128,-1,-1,-1
929,159,1617.79,77.01,53.52,160.00,0.3459,-1,-1,-1
930,3,905.78,954.37,76.57,125.44,0.7201,-1,-1,-1
930,4,1719.55,456.27,75.60,209.19,0.5973,-1,-1,-1
930,45,807.19,137.09,57.10,175.27,0.3368,-1,-1,-1
930,66,1580.71,598.64,91.36,227.37,0.3744,-1,-1,-1
930,92,314.08,728.74,83.52,261.35,0.7742,-1,-1,-1
930,117,397.92,364.50,73.11,208.75,0.5127,-1,-1,-1
930,119,310.49,168.70,70.33,190.70,0.3131,-1,-1,-1
930,122,860.72,399.30,62.97,214.35,0.7204,-1,-1,-1
930,124,940.88,385.82,78.46,222.72,0.7704,-1,-1,-1
930,126,329.45,387.37,71.95,187.86,0.4997,-1,-1,-1
930,142,369.23,218.74,50.98,158.67,0.2959,-1,-1,-1
930,143,455.77,203.51,70.90,200.16,0.2917,-1,-1,-1
930,150,1126.15,45.85,56.72,163.81,0.4949,-1,-1,-1
930,155,1271.74,813.76,92.25,266.18,0.7962,-1,-1,-1
930,157,1752.07,677.24,83.93,251.19,0.5836,-1,-1,-1
930,158,1732.96,105.29,48.08,179.22,0.3761,-1,-1,-1
930,159,1618.39,78.35,53.57,159.23,0.3769,-1,-1,-1
931,3,906.81,955.22,77.44,124.80,0.7329,-1,-1,-1
931,4,1719.11,456.31,76.17,208.84,0.5656,-1,-1,-1
931,45,807.92,137.33,56.57,173.95,0.3160,-1,-1,-1
931,66,1576.06,597.50,97.57,226.60,0.5205,-1,-1,-1
931,92,315.50,730.51,83.95,258.32,0.7856,-1,-1,-1
931,117,396.30,367.20,74.73,205.09,0.4959,-1,-1,-1
931,119,311.34,169.01,70.33,189.00,0.2628,-1,-1,-1
931,122,860.44,399.12,62.01,201.86,0.7022,-1,-1,-1
931,124,941.45,383.69,76.85,219.99,0.7590,-1,-1,-1
931,126,328.91,388.47,71.95,189.13,0.5019,-1,-1,-1
931,142,369.19,223.93,47.88,163.97,0.2344,-1,-1,-1
931,150,1126.16,46.40,56.46,164.12,0.4466,-1,-1,-1
931,155,1270.97,809.63,90.58,270.35,0.7845,-1,-1,-1
931,157,1750.53,675.73,84.00,252.60,0.6249,-1,-1,-1
931,158,1733.63,106.71,48.04,178.33,0.3091,-1,-1,-1
931,159,1620.66,78.83,51.61,158.46,0.3544,-1,-1,-1
932,3,907.54,954.36,76.58,125.62,0.7337,-1,-1,-1
932,4,1720.16,455.97,75.07,209.63,0.5788,-1,-1,-1
932,45,808.42,136.98,56.20,175.21,0.3164,-1,-1,-1
932,66,1576.54,597.99,97.04,226.16,0.5496,-1,-1,-1
932,92,317.39,731.41,83.09,256.04,0.7772,-1,-1,-1
932,117,397.05,365.23,73.02,208.69,0.4851,-1,-1,-1
932,119,312.19,169.32,71.40,187.75,0.2864,-1,-1,-1
932,122,859.66,396.37,62.24,201.60,0.6523,-1,-1,-1
932,124,942.69,380.91,75.91,217.52,0.7432,-1,-1,-1
932,126,328.78,388.58,71.23,187.49,0.4653,-1,-1,-1
932,142,367.05,225.21,50.00,162.99,0.2376,-1,-1,-1
932,150,1125.64,47.49,57.94,165.59,0.4091,-1,-1,-1
932,155,1269.73,804.75,90.75,275.22,0.7926,-1,-1,-1
932,157,1749.53,675.63,85.65,251.75,0.6179,-1,-1,-1
932,158,1734.79,107.68,48.10,176.84,0.3097,-1,-1,-1
932,159,1621.18,79.61,50.97,159.16,0.3557,-1,-1,-1
933,3,907.55,954.31,77.18,125.68,0.7433,-1,-1,-1
933,4,1720.02,455.88,74.71,209.89,0.5532,-1,-1,-1
933,45,809.34,137.05,55.03,175.31,0.3016,-1,-1,-1
933,66,1575.52,595.46,98.66,228.76,0.5368,-1,-1,-1
933,92,317.65,733.06,84.86,257.05,0.7946,-1,-1,-1
933,117,394.08,366.03,75.56,207.59,0.5206,-1,-1,-1
933,119,313.60,169.20,70.35,186.68,0.3049,-1,-1,-1
933,122,858.88,394.80,62.59,198.72,0.6493,-1,-1,-1
933,124,941.69,378.67,76.78,213.27,0.7353,-1,-1,-1
933,126,329.17,389.64,70.03,187.31,0.4284,-1,-1,-1
933,142,365.36,228.37,51.62,161.52,0.2163,-1,-1,-1
933,150,1126.38,49.67,57.38,165.61,0.3821,-1,-1,-1
933,155,1269.58,801.86,89.59,274.89,0.7765,-1,-1,-1
933,157,1749.14,674.68,84.47,254.00,0.6337,-1,-1,-1
933,158,1735.06,106.83,50.34,176.83,0.3045,-1,-1,-1
933,159,1622.73,80.81,49.98,159.61,0.3226,-1,-1,-1
934,3,907.36,953.78,77.84,126.21,0.7523,-1,-1,-1
934,4,1720.19,455.91,74.46,210.18,0.5777,-1,-1,-1
934,45,808.13,137.33,55.81,175.51,0.3142,-1,-1,-1
934,66,1576.60,596.18,97.66,228.44,0.5576,-1,-1,-1
934,92,318.12,734.20,86.12,256.19,0.8049,-1,-1,-1
934,117,393.64,367.89,74.98,206.44,0.5508,-1,-1,-1
934,119,313.87,170.49,69.84,184.67,0.2756,-1,-1,-1
934,122,858.24,393.08,63.11,201.67,0.6632,-1,-1,-1
934,124,943.21,376.32,74.46,213.49,0.7244,-1,-1,-1
934,126,330.27,391.26,70.06,186.47,0.3429,-1,-1,-1
934,150,1127.34,53.30,57.40,162.42,0.3756,-1,-1,-1
934,155,1268.55,799.08,88.94,272.58,0.7779,-1,-1,-1
934,157,1748.88,675.43,85.60,251.76,0.6156,-1,-1,-1
934,158,1736.46,106.35,50.46,174.58,0.3344,-1,-1,-1
934,159,1620.92,82.72,52.90,157.71,0.2755,-1,-1,-1
935,3,907.11,953.50,77.75,126.49,0.7408,-1,-1,-1
935,4,1720.54,456.31,74.59,209.46,0.5763,-1,-1,-1
935,45,808.10,137.14,56.20,175.51,0.3070,-1,-1,-1
935,66,1575.94,596.22,98.60,228.74,0.5850,-1,-1,-1
935,92,318.43,735.91,89.13,256.17,0.8266,-1,-1,-1
935,117,391.50,369.20,77.60,205.71,0.5355,-1,-1,-1
935,119,312.83,169.29,69.04,188.42,0.2674,-1,-1,-1
935,122,858.31,390.70,63.04,201.68,0.6709,-1,-1,-1
935,124,944.78,374.05,70.40,210.70,0.7348,-1,-1,-1
935,126,343.31,394.46,58.03,182.44,0.3308,-1,-1,-1
935,150,1127.52,55.68,57.51,163.48,0.4254,-1,-1,-1
935,155,1267.98,796.20,89.40,272.33,0.7690,-1,-1,-1
935,157,1749.23,674.68,86.76,254.76,0.6252,-1,-1,-1
935,158,1735.61,108.80,52.21,171.77,0.3130,-1,-1,-1
935,159,1619.82,84.37,55.17,157.42,0.3254,-1,-1,-1
936,3,907.90,951.80,76.60,127.51,0.7254,-1,-1,-1
936,4,1721.22,455.85,72.99,208.88,0.5611,-1,-1,-1
936,45,806.61,136.94,57.79,175.46,0.2635,-1,-1,-1
936,66,1576.74,596.57,98.29,227.48,0.5694,-1,-1,-1
936,92,318.77,736.55,90.57,254.46,0.8217,-1,-1,-1
936,117,390.30,368.94,78.53,213.29,0.5942,-1,-1,-1
936,119,313.84,170.99,67.72,190.17,0.2527,-1,-1,-1
936,122,859.11,389.15,62.21,208.06,0.6706,-1,-1,-1
936,124,944.63,373.94,68.82,210.24,0.7062,-1,-1,-1
936,126,342.56,394.57,58.79,181.07,0.3688,-1,-1,-1
936,142,363.78,231.93,52.16,161.05,0.2763,-1,-1,-1
936,150,1126.93,57.70,59.70,163.94,0.4368,-1,-1,-1
936,155,1266.98,793.03,90.29,278.09,0.7679,-1,-1,-1
936,157,1749.31,674.22,86.36,253.89,0.6006,-1,-1,-1
936,158,1736.25,111.00,53.18,168.99,0.2481,-1,-1,-1
936,159,1620.49,85.33,55.31,162.27,0.2568,-1,-1,-1
937,3,907.99,952.52,77.30,127.49,0.7428,-1,-1,-1
937,4,1721.47,456.51,73.08,208.87,0.5535,-1,-1,-1
937,45,808.66,136.62,55.46,176.01,0.2715,-1,-1,-1
937,66,1575.06,596.14,100.36,228.06,0.5378,-1,-1,-1
937,92,319.04,737.73,93.62,253.47,0.8360,-1,-1,-1
937,117,389.04,369.06,79.39,218.18,0.6101,-1,-1,-1
937,119,315.19,170.91,67.41,190.82,0.2202,-1,-1,-1
937,122,858.68,388.61,62.20,209.51,0.6931,-1,-1,-1
937,124,945.02,373.30,66.97,211.03,0.6922,-1,-1,-1
937,126,343.31,394.54,57.51,181.56,0.3798,-1,-1,-1
937,150,1125.90,58.83,60.89,166.49,0.4252,-1,-1,-1
937,155,1264.95,790.99,91.93,279.58,0.7779,-1,-1,-1
937,157,1749.00,674.15,86.37,255.23,0.6210,-1,-1,-1
937,158,1737.31,111.44,53.98,171.98,0.2103,-1,-1,-1
937,159,1622.44,89.77,54.28,158.06,0.2049,-1,-1,-1
938,3,909.39,951.35,76.08,128.62,0.7543,-1,-1,-1
938,4,1720.18,456.73,74.47,208.79,0.5751,-1,-1,-1
938,45,807.12,136.98,57.10,175.01,0.2734,-1,-1,-1
938,66,1576.05,597.38,98.45,227.10,0.5630,-1,-1,-1
938,92,319.22,738.34,95.27,255.12,0.8320,-1,-1,-1
938,117,390.05,371.13,78.64,218.19,0.5682,-1,-1,-1
938,119,315.47,169.96,66.07,196.49,0.2430,-1,-1,-1
938,122,858.12,386.40,62.15,209.60,0.6825,-1,-1,-1
938,124,944.80,370.90,65.29,214.33,0.7008,-1,-1,-1
938,126,343.35,393.59,58.63,182.12,0.3999,-1,-1,-1
938,142,363.50,231.12,52.11,162.44,0.2418,-1,-1,-1
938,150,1127.11,60.71,60.69,165.71,0.4455,-1,-1,-1
938,155,1263.27,788.31,91.49,283.67,0.7860,-1,-1,-1
938,157,1747.88,673.95,87.59,254.57,0.6266,-1,-1,-1
938,158,1738.16,109.50,54.48,175.21,0.2265,-1,-1,-1
938,159,1622.57,91.47,55.51,158.90,0.2167,-1,-1,-1
939,3,911.97,950.45,74.87,129.53,0.7212,-1,-1,-1
939,4,1720.97,456.50,73.21,209.98,0.5561,-1,-1,-1
939,45,808.50,136.98,55.78,174.48,0.2708,-1,-1,-1
939,66,1575.11,594.73,98.87,229.50,0.5184,-1,-1,-1
939,92,319.74,739.69,94.44,258.47,0.8303,-1,-1,-1
939,117,390.98,379.25,78.45,213.37,0.5954,-1,-1,-1
939,122,858.32,386.76,61.73,210.82,0.6644,-1,-1,-1
939,124,944.87,370.10,65.52,214.75,0.6730,-1,-1,-1
939,126,342.72,393.91,57.06,182.04,0.3966,-1,-1,-1
939,150,1126.50,61.82,62.00,166.94,0.4564,-1,-1,-1
939,155,1262.54,786.29,91.00,284.80,0.7891,-1,-1,-1
939,157,1746.95,675.19,86.10,254.03,0.6294,-1,-1,-1
939,159,1621.00,93.07,56.90,161.60,0.2268,-1,-1,-1
940,3,912.10,949.25,74.68,130.73,0.7609,-1,-1,-1
940,4,1720.83,456.11,73.49,209.91,0.5621,-1,-1,-1
940,45,807.92,136.63,55.85,174.44,0.2949,-1,-1,-1
940,66,1574.67,595.47,98.93,228.81,0.5311,-1,-1,-1
940,92,320.88,740.69,93.23,262.86,0.8244,-1,-1,-1
940,117,391.46,383.08,76.09,210.21,0.5970,-1,-1,-1
940,119,314.46,171.53,66.24,191.98,0.2080,-1,-1,-1
940,122,859.15,386.74,61.05,210.88,0.6787,-1,-1,-1
940,124,943.76,369.95,65.92,214.75,0.6961,-1,-1,-1
940,126,342.41,393.24,57.93,183.35,0.4051,-1,-1,-1
940,150,1126.51,63.53,63.57,167.82,0.4500,-1,-1,-1
940,155,1260.86,784.95,89.55,284.73,0.7841,-1,-1,-1
940,157,1746.23,673.85,86.47,253.60,0.6377,-1,-1,-1
940,159,1624.74,94.89,53.90,161.58,0.2726,-1,-1,-1
941,3,912.28,948.33,75.38,131.66,0.7506,-1,-1,-1
941,4,1719.42,456.38,74.67,208.80,0.5813,-1,-1,-1
941,45,807.66,136.86,56.25,175.37,0.2820,-1,-1,-1
941,66,1574.62,595.77,98.76,229.15,0.5633,-1,-1,-1
941,92,321.84,743.26,93.64,269.34,0.8176,-1,-1,-1
941,117,390.23,383.34,76.49,212.37,0.6207,-1,-1,-1
941,119,314.39,171.83,64.42,187.17,0.2262,-1,-1,-1
941,122,858.63,386.18,61.76,211.83,0.7107,-1,-1,-1
941,124,942.53,368.92,65.38,216.48,0.7182,-1,-1,-1
941,126,342.57,394.02,55.53,183.56,0.3707,-1,-1,-1
941,150,1128.30,65.17,62.60,167.71,0.4477,-1,-1,-1
941,155,1259.11,783.77,89.40,287.62,0.7842,-1,-1,-1
941,157,1746.92,674.33,87.65,254.10,0.6652,-1,-1,-1
941,159,1626.89,96.31,51.62,159.78,0.2808,-1,-1,-1
942,3,913.57,947.13,74.05,132.85,0.7609,-1,-1,-1
942,4,1720.14,456.13,73.92,210.06,0.5587,-1,-1,-1
942,45,807.00,137.28,57.07,174.31,0.2658,-1,-1,-1
942,66,1574.53,594.74,99.05,230.06,0.5420,-1,-1,-1
942,92,322.61,747.59,92.91,268.98,0.8161,-1,-1,-1
942,117,391.50,385.67,75.94,211.96,0.5895,-1,-1,-1
942,122,858.61,385.12,61.90,212.64,0.6999,-1,-1,-1
942,124,941.84,368.73,65.80,215.72,0.7136,-1,-1,-1
942,126,341.48,393.86,58.06,185.18,0.3739,-1,-1,-1
942,150,1129.27,66.33,63.08,168.48,0.4689,-1,-1,-1
942,155,1256.70,783.75,90.22,285.92,0.7770,-1,-1,-1
942,157,1746.45,672.35,88.52,253.56,0.6598,-1,-1,-1
942,159,1628.71,96.20,50.51,159.59,0.2921,-1,-1,-1
942,161,483.44,211.92,53.57,179.18,0.2977,-1,-1,-1
943,3,914.48,945.48,73.85,134.49,0.7542,-1,-1,-1
943,4,1720.01,456.24,73.71,209.43,0.5693,-1,-1,-1
943,45,810.59,136.24,54.32,174.04,0.2732,-1,-1,-1
943,66,1574.93,595.76,98.75,228.52,0.5515,-1,-1,-1
943,92,323.08,750.98,93.04,266.33,0.8184,-1,-1,-1
943,117,392.78,387.09,75.17,210.82,0.5728,-1,-1,-1
943,122,858.12,383.76,62.62,212.25,0.6843,-1,-1,-1
943,124,940.37,367.03,66.99,217.09,0.7121,-1,-1,-1
943,126,338.94,396.55,58.06,185.77,0.3446,-1,-1,-1
943,150,1129.60,66.58,62.46,166.91,0.4227,-1,-1,-1
943,155,1255.80,782.50,89.07,285.98,0.7748,-1,-1,-1
943,157,1745.80,671.26,87.99,254.90,0.6681,-1,-1,-1
943,159,1629.80,96.35,50.50,160.39,0.2482,-1,-1,-1
943,161,480.65,213.36,56.11,182.70,0.3064,-1,-1,-1
944,3,915.97,944.23,73.87,135.76,0.7330,-1,-1,-1
944,4,1720.30,456.43,72.85,210.27,0.5657,-1,-1,-1
944,45,806.59,137.30,57.44,174.28,0.2641,-1,-1,-1
944,66,1575.18,594.88,97.66,229.42,0.5516,-1,-1,-1
944,92,323.60,754.48,92.08,262.49,0.8222,-1,-1,-1
944,117,392.67,387.76,75.22,209.41,0.5380,-1,-1,-1
944,122,858.09,381.87,62.20,213.82,0.6926,-1,-1,-1
944,124,938.85,366.17,66.64,216.87,0.6961,-1,-1,-1
944,126,338.03,402.27,58.42,186.54,0.3233,-1,-1,-1
944,150,1131.77,65.51,61.47,165.97,0.4132,-1,-1,-1
944,155,1253.21,779.86,90.70,286.23,0.7731,-1,-1,-1
944,157,1745.62,673.44,87.06,253.66,0.6780,-1,-1,-1
944,159,1630.42,96.79,51.19,158.87,0.2253,-1,-1,-1
944,161,479.50,214.84,56.74,184.50,0.2850,-1,-1,-1
945,3,916.12,943.65,74.14,136.35,0.7565,-1,-1,-1
945,4,1719.62,455.88,73.74,211.23,0.5438,-1,-1,-1
945,45,806.38,137.27,57.45,174.87,0.2653,-1,-1,-1
945,66,1575.78,596.03,97.92,228.53,0.5606,-1,-1,-1
945,92,323.93,756.51,91.08,263.77,0.8241,-1,-1,-1
945,117,392.46,388.34,75.92,209.35,0.5431,-1,-1,-1
945,122,857.33,379.12,63.11,212.31,0.6941,-1,-1,-1
945,124,940.67,364.27,63.48,216.65,0.6919,-1,-1,-1
945,126,337.72,411.49,61.40,184.35,0.3748,-1,-1,-1
945,150,1133.24,65.83,59.90,164.38,0.4189,-1,-1,-1
945,155,1252.81,777.27,89.30,288.81,0.7647,-1,-1,-1
945,157,1744.97,673.99,87.36,252.95,0.6820,-1,-1,-1
945,159,1627.85,93.80,54.28,163.93,0.2175,-1,-1,-1
945,161,475.93,214.73,60.26,185.92,0.3314,-1,-1,-1
946,3,918.73,943.67,72.09,136.35,0.7580,-1,-1,-1
946,4,1719.51,457.26,74.25,208.72,0.5639,-1,-1,-1
946,45,808.15,136.03,55.41,176.92,0.3115,-1,-1,-1
946,66,1577.05,597.81,96.50,225.69,0.5576,-1,-1,-1
946,92,324.49,759.78,90.82,264.70,0.8201,-1,-1,-1
946,117,391.82,391.34,73.74,209.97,0.5955,-1,-1,-1
946,122,856.93,376.88,64.46,214.03,0.6479,-1,-1,-1
946,124,939.03,362.37,62.96,215.68,0.6429,-1,-1,-1
946,126,327.30,409.47,69.52,187.99,0.4764,-1,-1,-1
946,150,1135.29,66.03,58.57,164.86,0.4411,-1,-1,-1
946,155,1250.49,774.55,89.82,282.06,0.7746,-1,-1,-1
946,157,1742.61,673.17,89.81,253.06,0.6638,-1,-1,-1
946,159,1631.32,96.09,52.36,161.41,0.2453,-1,-1,-1
946,161,477.05,215.23,59.17,185.41,0.3367,-1,-1,-1
947,3,919.09,941.56,71.88,138.41,0.7537,-1,-1,-1
947,4,1719.93,457.81,73.16,208.75,0.5712,-1,-1,-1
947,45,807.66,135.73,56.10,177.15,0.2364,-1,-1,-1
947,66,1576.86,597.80,97.75,226.49,0.5810,-1,-1,-1
947,92,323.87,760.37,91.33,268.10,0.8234,-1,-1,-1
947,117,392.25,388.26,74.17,210.23,0.5921,-1,-1,-1
947,122,856.19,374.03,64.74,211.00,0.6620,-1,-1,-1
947,124,937.52,360.45,62.50,210.74,0.6486,-1,-1,-1
947,126,328.94,411.53,67.34,187.94,0.4788,-1,-1,-1
947,150,1138.20,67.05,55.25,162.43,0.3925,-1,-1,-1
947,155,1249.29,771.33,89.22,280.36,0.7639,-1,-1,-1
947,157,1743.71,668.74,89.08,254.92,0.6927,-1,-1,-1
947,159,1633.12,96.80,52.24,160.78,0.2452,-1,-1,-1
947,161,476.31,215.55,60.50,185.45,0.3191,-1,-1,-1
948,3,919.79,940.13,72.39,139.85,0.7534,-1,-1,-1
948,4,1719.89,457.20,72.92,209.06,0.5750,-1,-1,-1
948,45,807.61,135.14,56.37,177.54,0.2483,-1,-1,-1
948,66,1576.18,595.24,98.32,228.67,0.5925,-1,-1,-1
948,92,323.22,762.61,90.34,269.33,0.8277,-1,-1,-1
948,117,391.61,388.14,74.61,210.00,0.5604,-1,-1,-1
948,122,856.11,370.73,64.10,211.63,0.6632,-1,-1,-1
948,124,936.87,357.40,61.37,207.83,0.6515,-1,-1,-1
948,126,329.62,412.69,64.96,188.43,0.4762,-1,-1,-1
948,150,1139.46,67.90,57.37,163.24,0.4237,-1,-1,-1
948,155,1248.31,768.55,86.19,277.16,0.7740,-1,-1,-1
948,157,1739.55,669.47,94.67,255.62,0.6827,-1,-1,-1
948,159,1634.02,96.90,52.32,161.55,0.2885,-1,-1,-1
948,161,476.76,215.40,60.69,184.82,0.3179,-1,-1,-1
949,3,920.89,939.03,72.14,140.96,0.7379,-1,-1,-1
949,4,1719.78,456.77,72.75,208.78,0.5757,-1,-1,-1
949,45,807.61,135.59,56.24,176.33,0.2815,-1,-1,-1
949,66,1577.21,594.86,97.70,229.76,0.5729,-1,-1,-1
949,92,323.61,763.71,90.69,268.05,0.8211,-1,-1,-1
949,117,392.27,390.08,73.61,208.24,0.5615,-1,-1,-1
949,122,855.45,368.44,64.61,211.56,0.6655,-1,-1,-1
949,124,934.62,355.51,62.89,209.74,0.6390,-1,-1,-1
949,126,323.99,412.92,68.82,190.91,0.5565,-1,-1,-1
949,150,1140.71,68.13,60.04,165.71,0.3919,-1,-1,-1
949,155,1247.96,763.56,85.45,273.62,0.7642,-1,-1,-1
949,157,1742.96,670.70,88.75,250.23,0.6798,-1,-1,-1
949,159,1633.90,97.76,53.65,161.13,0.2045,-1,-1,-1
949,161,475.31,216.09,61.84,182.63,0.3131,-1,-1,-1
950,3,922.74,937.02,70.24,142.95,0.7548,-1,-1,-1
950,4,1719.92,456.12,73.12,210.08,0.5711,-1,-1,-1
950,45,808.34,135.68,55.40,176.60,0.2641,-1,-1,-1
950,66,1575.75,595.06,98.90,228.80,0.5718,-1,-1,-1
950,92,322.60,764.81,90.08,266.83,0.8239,-1,-1,-1
950,117,390.64,389.57,74.52,209.31,0.5774,-1,-1,-1
950,122,856.04,366.45,64.51,204.82,0.6532,-1,-1,-1
950,124,930.32,351.99,65.76,209.48,0.6450,-1,-1,-1
950,126,325.63,413.81,67.63,190.23,0.5132,-1,-1,-1
950,150,1143.33,68.42,60.98,167.36,0.3575,-1,-1,-1
950,155,1246.49,758.59,85.30,265.89,0.7696,-1,-1,-1
950,157,1742.80,668.04,89.46,256.19,0.6791,-1,-1,-1
950,161,474.49,216.52,61.87,180.98,0.3324,-1,-1,-1
951,3,922.20,936.72,71.21,143.30,0.7622,-1,-1,-1
951,4,1719.73,456.00,73.42,211.00,0.5725,-1,-1,-1
951,45,809.03,135.93,54.68,176.32,0.2850,-1,-1,-1
951,66,1575.79,595.18,99.46,228.98,0.5767,-1,-1,-1
951,92,322.02,766.49,90.72,265.11,0.8166,-1,-1,-1
951,117,390.91,390.11,74.55,207.32,0.4989,-1,-1,-1
951,122,854.97,365.20,65.42,205.74,0.6718,-1,-1,-1
951,124,930.01,349.38,66.00,210.63,0.6522,-1,-1,-1
951,126,322.08,414.10,72.37,189.87,0.5005,-1,-1,-1
951,150,1143.84,70.63,62.25,164.10,0.3749,-1,-1,-1
951,155,1244.99,753.97,85.32,266.16,0.7691,-1,-1,-1
951,157,1742.97,668.05,89.29,254.61,0.6573,-1,-1,-1
951,159,1635.06,105.19,52.84,156.13,0.2094,-1,-1,-1
951,161,474.60,218.22,62.65,179.28,0.3423,-1,-1,-1
952,3,923.83,935.95,70.70,144.06,0.7735,-1,-1,-1
952,4,1719.40,456.35,73.38,210.90,0.5725,-1,-1,-1
952,45,808.90,135.64,54.75,175.39,0.2667,-1,-1,-1
952,66,1575.16,596.57,100.53,227.53,0.5739,-1,-1,-1
952,92,322.29,768.06,89.78,264.26,0.8055,-1,-1,-1
952,117,392.47,390.21,73.17,206.96,0.5174,-1,-1,-1
952,122,854.36,363.90,66.14,205.97,0.6925,-1,-1,-1
952,124,929.61,347.02,65.89,212.75,0.6921,-1,-1,-1
952,126,324.21,414.38,69.95,189.46,0.4296,-1,-1,-1
952,150,1146.46,72.13,60.61,164.95,0.3486,-1,-1,-1
952,155,1242.22,751.31,86.89,267.40,0.7636,-1,-1,-1
952,157,1742.13,668.49,91.08,256.01,0.6690,-1,-1,-1
952,158,1755.95,141.52,52.46,173.98,0.2170,-1,-1,-1
952,159,1636.15,105.95,53.40,156.12,0.2088,-1,-1,-1
952,161,474.25,220.13,63.80,176.95,0.3208,-1,-1,-1
953,3,924.84,935.35,70.72,144.65,0.7782,-1,-1,-1
953,4,1719.17,456.87,74.14,209.59,0.5682,-1,-1,-1
953,45,809.28,136.22,54.68,176.48,0.2907,-1,-1,-1
953,66,1576.36,594.79,99.37,228.97,0.6066,-1,-1,-1
953,92,321.39,769.64,89.53,262.82,0.8142,-1,-1,-1
953,117,391.00,394.18,75.37,208.13,0.5551,-1,-1,-1
953,122,852.56,362.72,68.58,207.03,0.6865,-1,-1,-1
953,124,927.15,346.20,67.48,211.82,0.7077,-1,-1,-1
953,126,321.61,413.55,72.53,190.64,0.4313,-1,-1,-1
953,150,1146.61,74.33,59.12,165.66,0.3838,-1,-1,-1
953,155,1241.38,750.56,86.45,266.13,0.7807,-1,-1,-1
953,157,1740.99,669.47,92.58,255.89,0.6740,-1,-1,-1
953,158,1757.55,141.55,51.84,175.94,0.2025,-1,-1,-1
953,159,1636.33,107.46,53.90,155.49,0.2075,-1,-1,-1
953,161,476.03,220.48,62.63,176.37,0.3690,-1,-1,-1
954,3,925.50,934.52,70.14,145.48,0.7642,-1,-1,-1
954,4,1719.84,456.60,73.87,209.54,0.5792,-1,-1,-1
954,45,808.08,136.26,55.07,175.61,0.3023,-1,-1,-1
954,66,1576.61,596.94,98.34,227.68,0.5762,-1,-1,-1
954,92,322.47,771.12,88.67,261.56,0.8187,-1,-1,-1
954,117,388.74,394.31,77.14,211.04,0.6032,-1,-1,-1
954,122,852.40,361.13,67.61,208.09,0.6741,-1,-1,-1
954,124,925.67,345.38,68.50,212.06,0.7056,-1,-1,-1
954,126,321.83,414.20,69.09,189.30,0.4549,-1,-1,-1
954,150,1147.24,76.93,59.33,165.94,0.3976,-1,-1,-1
954,155,1237.54,749.14,89.23,266.62,0.7764,-1,-1,-1
954,157,1741.97,669.52,91.01,254.90,0.6817,-1,-1,-1
954,158,1757.70,142.55,50.40,175.46,0.2025,-1,-1,-1
954,159,1637.22,109.12,54.67,155.56,0.2144,-1,-1,-1
954,161,476.77,221.64,63.04,175.67,0.3736,-1,-1,-1
955,3,926.25,934.49,68.98,145.53,0.7773,-1,-1,-1
955,4,1718.95,455.98,74.89,210.40,0.5757,-1,-1,-1
955,45,807.85,137.02,55.30,175.22,0.2779,-1,-1,-1
955,66,1576.54,593.84,99.07,229.94,0.5877,-1,-1,-1
955,92,322.33,772.83,88.47,259.74,0.8191,-1,-1,-1
955,117,389.44,397.23,77.71,212.59,0.5732,-1,-1,-1
955,122,852.45,360.76,67.17,208.94,0.6685,-1,-1,-1
955,124,925.68,344.10,69.47,211.94,0.6857,-1,-1,-1
955,126,327.10,419.17,62.89,183.74,0.4157,-1,-1,-1
955,150,1148.16,79.31,60.71,164.77,0.3807,-1,-1,-1
955,155,1237.42,746.52,87.77,268.91,0.7867,-1,-1,-1
955,157,1742.07,668.60,90.36,253.53,0.6700,-1,-1,-1
955,161,476.78,222.95,64.84,176.42,0.3787,-1,-1,-1
956,3,926.10,933.63,70.01,146.37,0.7828,-1,-1,-1
956,4,1719.92,456.64,73.72,210.06,0.5824,-1,-1,-1
956,45,807.58,137.31,55.52,176.28,0.2902,-1,-1,-1
956,66,1579.60,594.77,96.37,229.30,0.5536,-1,-1,-1
956,92,321.85,772.79,88.77,259.39,0.8279,-1,-1,-1
956,117,389.66,400.83,77.23,212.65,0.5974,-1,-1,-1
956,122,851.43,360.80,67.66,210.44,0.6619,-1,-1,-1
956,124,924.06,344.39,71.65,215.27,0.6934,-1,-1,-1
956,126,321.39,418.32,68.87,181.01,0.4508,-1,-1,-1
956,143,425.20,234.01,59.60,191.06,0.3151,-1,-1,-1
956,150,1149.37,80.70,61.14,163.53,0.2991,-1,-1,-1
956,155,1235.13,744.34,87.63,269.72,0.7902,-1,-1,-1
956,157,1741.71,668.03,90.91,253.80,0.6586,-1,-1,-1
956,159,1639.39,108.87,54.35,155.69,0.2246,-1,-1,-1
956,161,478.77,221.89,64.76,179.95,0.4069,-1,-1,-1
957,3,926.06,933.34,70.98,146.67,0.7792,-1,-1,-1
957,4,1719.13,456.13,74.31,210.15,0.5688,-1,-1,-1
957,45,807.26,136.60,55.63,176.13,0.2794,-1,-1,-1
957,66,1582.29,593.39,93.63,230.54,0.5701,-1,-1,-1
957,92,322.00,773.74,87.91,259.57,0.8345,-1,-1,-1
957,117,388.01,404.66,78.01,213.04,0.6087,-1,-1,-1
957,122,850.82,361.16,67.18,207.70,0.6744,-1,-1,-1
957,124,920.93,344.19,74.31,215.02,0.6922,-1,-1,-1
957,126,322.99,419.03,66.22,181.41,0.4271,-1,-1,-1
957,143,424.76,235.50,59.52,189.95,0.4138,-1,-1,-1
957,150,1149.79,80.64,60.47,162.21,0.2796,-1,-1,-1
957,155,1231.97,743.15,91.76,256.89,0.7514,-1,-1,-1
957,157,1738.92,669.81,94.50,250.62,0.6732,-1,-1,-1
957,159,1641.10,108.93,54.43,156.01,0.2654,-1,-1,-1
957,161,477.41,224.81,67.81,177.92,0.4374,-1,-1,-1
958,3,926.80,932.92,70.90,147.09,0.7847,-1,-1,-1
958,4,1719.08,455.85,74.52,210.56,0.5783,-1,-1,-1
958,45,807.14,136.40,55.50,177.35,0.2931,-1,-1,-1
958,66,1580.48,595.97,95.37,227.77,0.5379,-1,-1,-1
958,92,322.22,774.88,87.58,263.31,0.8268,-1,-1,-1
958,117,387.58,405.15,77.30,215.56,0.5908,-1,-1,-1
958,122,850.12,360.41,68.13,207.80,0.6817,-1,-1,-1
958,124,923.50,343.80,72.76,215.59,0.6931,-1,-1,-1
958,126,324.23,419.59,65.83,183.64,0.4468,-1,-1,-1
958,143,423.85,234.42,60.05,194.01,0.4579,-1,-1,-1
958,150,1150.68,80.29,59.60,162.86,0.3229,-1,-1,-1
958,155,1231.26,742.17,90.90,260.02,0.7564,-1,-1,-1
958,157,1739.21,667.96,94.43,253.71,0.6632,-1,-1,-1
958,159,1642.97,109.13,52.83,157.05,0.2837,-1,-1,-1
958,161,480.62,228.29,65.64,176.80,0.3692,-1,-1,-1
959,3,927.13,933.02,70.72,147.00,0.7847,-1,-1,-1
959,4,1718.99,456.43,74.50,209.08,0.5773,-1,-1,-1
959,45,806.47,136.38,56.63,176.32,0.2563,-1,-1,-1
959,66,1581.21,597.08,93.89,227.31,0.5589,-1,-1,-1
959,92,321.93,777.33,87.17,263.14,0.7975,-1,-1,-1
959,117,387.08,410.62,77.17,213.21,0.6024,-1,-1,-1
959,122,850.54,359.20,68.00,205.40,0.6798,-1,-1,-1
959,124,924.51,343.39,71.32,216.17,0.6845,-1,-1,-1
959,126,322.60,417.61,66.21,189.10,0.5235,-1,-1,-1
959,143,423.18,236.94,60.82,193.75,0.4985,-1,-1,-1
959,150,1151.51,80.40,59.56,164.75,0.3725,-1,-1,-1
959,155,1227.73,740.81,93.56,250.62,0.7578,-1,-1,-1
959,157,1741.80,668.53,89.17,251.94,0.6460,-1,-1,-1
959,159,1644.41,109.68,52.35,158.68,0.2687,-1,-1,-1
959,161,485.81,232.08,61.77,176.52,0.3727,-1,-1,-1
960,3,927.27,932.34,71.29,147.66,0.7892,-1,-1,-1
960,4,1719.01,455.53,74.84,210.59,0.5869,-1,-1,-1
960,45,807.53,136.54,55.30,175.91,0.2682,-1,-1,-1
960,66,1579.85,592.81,96.76,230.84,0.5747,-1,-1,-1
960,92,321.76,779.74,86.97,263.18,0.8041,-1,-1,-1
960,117,391.77,412.52,74.10,211.08,0.5322,-1,-1,-1
960,122,850.22,355.86,66.58,208.53,0.6901,-1,-1,-1
960,124,924.62,341.45,71.13,216.19,0.6986,-1,-1,-1
960,126,323.50,419.61,64.33,188.97,0.4954,-1,-1,-1
960,143,422.67,237.29,61.45,195.97,0.5274,-1,-1,-1
960,150,1151.76,80.63,59.54,166.24,0.4266,-1,-1,-1
960,155,1224.75,739.22,93.98,257.84,0.7914,-1,-1,-1
960,157,1741.82,668.93,90.77,252.23,0.6823,-1,-1,-1
960,159,1645.99,110.78,52.45,158.78,0.2803,-1,-1,-1
960,161,487.05,232.55,61.95,178.30,0.3876,-1,-1,-1
961,3,927.96,931.84,70.77,148.16,0.7778,-1,-1,-1
961,4,1719.46,455.63,74.89,210.65,0.5988,-1,-1,-1
961,45,806.93,136.56,55.94,174.20,0.2378,-1,-1,-1
961,66,1576.75,593.82,99.46,229.88,0.5337,-1,-1,-1
961,92,322.67,784.60,86.05,260.85,0.8196,-1,-1,-1
961,117,391.39,412.76,74.41,210.96,0.5684,-1,-1,-1
961,122,849.06,351.90,66.06,205.70,0.6885,-1,-1,-1
961,124,924.48,340.30,71.80,217.42,0.6932,-1,-1,-1
961,126,320.90,422.01,65.43,191.65,0.5826,-1,-1,-1
961,143,422.54,239.07,61.82,196.56,0.4802,-1,-1,-1
961,150,1153.05,79.04,57.74,167.98,0.4809,-1,-1,-1
961,155,1221.62,736.56,95.15,256.51,0.7758,-1,-1,-1
961,157,1741.45,669.80,91.04,252.69,0.6763,-1,-1,-1
961,159,1646.06,110.55,53.69,159.50,0.2738,-1,-1,-1
961,161,487.88,230.01,61.82,182.01,0.3754,-1,-1,-1
962,3,927.99,931.97,71.32,148.05,0.7872,-1,-1,-1
962,4,1719.49,455.41,73.86,209.60,0.5955,-1,-1,-1
962,45,807.44,137.12,55.29,173.91,0.2376,-1,-1,-1
962,66,1576.39,590.63,101.02,232.93,0.5502,-1,-1,-1
962,92,322.77,786.78,85.65,260.07,0.8306,-1,-1,-1
962,117,392.45,414.89,74.16,209.11,0.5311,-1,-1,-1
962,122,848.32,349.23,66.55,203.47,0.6860,-1,-1,-1
962,124,925.70,338.27,71.50,216.50,0.6901,-1,-1,-1
962,126,319.66,420.47,66.17,197.04,0.5786,-1,-1,-1
962,143,420.58,242.31,63.84,195.67,0.4948,-1,-1,-1
962,150,1153.73,80.94,58.32,168.05,0.4075,-1,-1,-1
962,155,1220.66,732.63,93.31,256.23,0.7661,-1,-1,-1
962,157,1741.56,665.71,92.43,260.08,0.6719,-1,-1,-1
962,159,1645.03,111.80,55.56,158.75,0.2369,-1,-1,-1
962,161,489.30,231.74,61.42,182.04,0.3586,-1,-1,-1
963,3,928.52,931.83,70.96,148.08,0.7764,-1,-1,-1
963,4,1719.52,455.34,74.15,209.68,0.5765,-1,-1,-1
963,45,806.94,137.26,55.60,174.08,0.2290,-1,-1,-1
963,66,1573.94,592.16,104.46,231.93,0.5498,-1,-1,-1
963,92,323.58,789.60,86.38,264.00,0.8175,-1,-1,-1
963,117,392.42,415.18,74.12,208.91,0.5529,-1,-1,-1
963,122,848.82,347.91,64.29,203.07,0.6780,-1,-1,-1
963,124,924.55,335.90,70.63,218.36,0.6837,-1,-1,-1
963,126,319.97,419.52,65.79,201.34,0.5824,-1,-1,-1
963,143,420.16,242.01,63.96,196.26,0.4925,-1,-1,-1
963,150,1153.74,82.60,58.79,167.15,0.2966,-1,-1,-1
963,155,1219.61,730.12,91.19,261.30,0.7666,-1,-1,-1
963,157,1741.27,668.08,92.01,254.40,0.6651,-1,-1,-1
963,159,1644.69,113.46,57.04,159.17,0.2374,-1,-1,-1
963,161,488.87,231.71,63.01,181.66,0.3885,-1,-1,-1
964,3,928.05,932.06,71.52,147.95,0.7836,-1,-1,-1
964,4,1719.10,455.82,73.98,210.19,0.5708,-1,-1,-1
964,45,804.74,136.70,57.21,174.50,0.2036,-1,-1,-1
964,66,1575.25,589.50,101.19,234.85,0.5396,-1,-1,-1
964,92,324.94,792.60,84.96,268.63,0.8268,-1,-1,-1
964,117,392.15,416.13,73.72,207.99,0.5632,-1,-1,-1
964,122,848.10,346.63,63.01,202.63,0.6578,-1,-1,-1
964,124,922.99,333.43,71.57,217.29,0.6660,-1,-1,-1
964,126,319.89,420.94,67.13,202.87,0.6079,-1,-1,-1
964,143,420.46,242.87,61.65,199.79,0.4690,-1,-1,-1
964,150,1151.36,85.72,61.74,166.50,0.3167,-1,-1,-1
964,155,1219.13,727.33,88.47,268.97,0.7791,-1,-1,-1
964,157,1741.47,665.24,91.62,257.87,0.6712,-1,-1,-1
964,158,1765.89,152.33,54.76,162.35,0.2466,-1,-1,-1
964,159,1644.12,115.03,58.46,161.30,0.2420,-1,-1,-1
964,161,490.43,231.12,61.91,181.67,0.3877,-1,-1,-1
965,3,928.28,931.91,71.49,147.90,0.7788,-1,-1,-1
965,4,1719.57,455.76,74.19,209.21,0.5952,-1,-1,-1
965,45,807.10,136.39,55.09,175.37,0.2487,-1,-1,-1
965,66,1575.40,590.19,100.87,234.18,0.5939,-1,-1,-1
965,92,326.16,795.45,84.51,273.49,0.8263,-1,-1,-1
965,117,392.04,416.78,73.57,206.75,0.5652,-1,-1,-1
965,122,849.41,343.92,60.57,200.70,0.6583,-1,-1,-1
965,124,923.94,331.04,71.47,213.68,0.6819,-1,-1,-1
965,126,318.20,428.46,67.70,194.71,0.6127,-1,-1,-1
965,143,419.99,243.97,61.13,198.99,0.4438,-1,-1,-1
965,150,1152.66,88.50,63.35,164.72,0.3219,-1,-1,-1
965,155,1217.04,722.43,89.43,266.64,0.7905,-1,-1,-1
965,157,1741.67,669.71,92.45,253.85,0.6886,-1,-1,-1
965,158,1766.43,152.90,53.70,160.15,0.3001,-1,-1,-1
965,159,1644.29,118.03,59.95,157.77,0.2991,-1,-1,-1
965,161,490.64,230.66,63.12,183.35,0.4268,-1,-1,-1
966,3,927.85,932.27,72.25,147.74,0.7733,-1,-1,-1
966,4,1719.15,455.93,73.93,209.91,0.5750,-1,-1,-1
966,45,807.88,136.36,54.17,177.35,0.2179,-1,-1,-1
966,66,1574.86,591.31,102.50,232.82,0.6074,-1,-1,-1
966,92,327.74,798.16,82.93,276.69,0.8300,-1,-1,-1
966,117,388.32,414.11,76.02,209.53,0.5583,-1,-1,-1
966,122,849.45,342.80,60.55,200.24,0.6754,-1,-1,-1
966,124,924.71,330.00,70.64,207.15,0.7041,-1,-1,-1
966,126,319.19,433.85,66.09,189.00,0.6091,-1,-1,-1
966,143,420.02,243.93,60.21,199.66,0.4220,-1,-1,-1
966,150,1152.38,90.89,64.36,165.46,0.3667,-1,-1,-1
966,155,1216.26,719.07,89.80,260.26,0.7828,-1,-1,-1
966,157,1742.33,669.55,92.18,254.62,0.6891,-1,-1,-1
966,158,1768.19,151.77,56.40,161.48,0.2861,-1,-1,-1
966,159,1645.76,120.41,59.27,158.64,0.3094,-1,-1,-1
966,161,491.14,230.68,63.45,182.84,0.4225,-1,-1,-1
967,3,927.68,932.29,72.74,147.72,0.7776,-1,-1,-1
967,4,1719.15,455.84,74.06,210.01,0.5829,-1,-1,-1
967,45,809.84,137.11,52.26,177.05,0.2008,-1,-1,-1
967,66,1573.39,591.18,104.48,232.86,0.5995,-1,-1,-1
967,92,328.87,798.91,82.47,273.86,0.7978,-1,-1,-1
967,117,392.38,417.95,72.42,205.11,0.5525,-1,-1,-1
967,122,850.27,340.88,60.62,202.44,0.6854,-1,-1,-1
967,124,926.61,328.29,68.74,207.19,0.7081,-1,-1,-1
967,126,314.52,432.87,70.85,191.50,0.5883,-1,-1,-1
967,143,417.74,245.21,64.25,197.59,0.3952,-1,-1,-1
967,150,1152.45,92.26,64.84,166.27,0.2824,-1,-1,-1
967,155,1217.28,715.45,87.15,260.32,0.7859,-1,-1,-1
967,157,1741.68,670.11,91.57,253.83,0.7117,-1,-1,-1
967,158,1768.27,150.53,56.71,169.74,0.2511,-1,-1,-1
967,159,1646.90,121.97,59.41,160.35,0.2546,-1,-1,-1
967,161,492.62,230.92,62.49,183.13,0.4382,-1,-1,-1
968,3,927.37,931.70,72.45,148.29,0.7800,-1,-1,-1
968,4,1718.93,456.02,73.72,210.68,0.5862,-1,-1,-1
968,66,1574.58,589.65,103.03,234.49,0.6176,-1,-1,-1
968,92,329.72,799.90,84.02,274.99,0.7976,-1,-1,-1
968,117,393.53,418.51,71.87,203.52,0.5522,-1,-1,-1
968,122,848.34,339.81,61.78,204.45,0.6937,-1,-1,-1
968,124,926.79,325.45,68.97,208.05,0.7229,-1,-1,-1
968,126,312.17,432.83,72.25,191.67,0.5891,-1,-1,-1
968,143,415.50,245.38,66.74,196.87,0.3522,-1,-1,-1
968,150,1152.74,93.23,65.36,170.35,0.3158,-1,-1,-1
968,155,1215.14,712.35,88.23,262.26,0.7845,-1,-1,-1
968,157,1740.54,668.43,94.02,256.07,0.6969,-1,-1,-1
968,159,1647.62,123.71,58.28,163.98,0.3118,-1,-1,-1
968,161,493.19,231.32,61.92,183.60,0.5029,-1,-1,-1
969,3,927.50,932.22,71.60,147.79,0.7817,-1,-1,-1
969,4,1719.00,456.34,73.58,210.62,0.5889,-1,-1,-1
969,66,1574.06,591.03,105.76,233.14,0.6195,-1,-1,-1
969,92,330.67,801.76,85.27,273.02,0.7832,-1,-1,-1
969,117,393.43,420.46,71.79,202.92,0.5221,-1,-1,-1
969,122,849.05,339.05,60.61,205.94,0.6954,-1,-1,-1
969,124,927.12,324.00,68.76,207.54,0.7286,-1,-1,-1
969,126,306.37,432.87,79.63,192.08,0.5658,-1,-1,-1
969,143,415.26,246.98,67.42,197.11,0.2169,-1,-1,-1
969,150,1151.60,94.64,69.86,170.83,0.2278,-1,-1,-1
969,155,1213.40,709.50,90.08,264.54,0.7821,-1,-1,-1
969,157,1740.00,668.04,93.17,254.26,0.7012,-1,-1,-1
969,159,1648.09,125.02,58.41,164.79,0.3079,-1,-1,-1
969,161,493.06,233.37,62.87,184.21,0.4597,-1,-1,-1
970,3,927.09,932.11,71.59,147.90,0.7823,-1,-1,-1
970,4,1719.02,455.69,73.82,210.15,0.5872,-1,-1,-1
970,66,1575.38,592.03,103.59,232.45,0.6175,-1,-1,-1
970,92,331.52,803.19,86.11,271.92,0.7936,-1,-1,-1
970,117,389.65,417.24,75.60,210.65,0.5116,-1,-1,-1
970,122,848.70,338.80,60.84,206.45,0.6992,-1,-1,-1
970,124,927.85,323.43,66.14,208.16,0.7048,-1,-1,-1
970,126,301.51,435.75,85.00,189.33,0.4515,-1,-1,-1
970,143,414.36,247.14,66.69,198.79,0.2268,-1,-1,-1
970,155,1211.94,707.95,90.77,266.92,0.7807,-1,-1,-1
970,157,1739.79,668.29,93.78,252.83,0.6954,-1,-1,-1
970,159,1649.32,125.47,57.19,164.91,0.3189,-1,-1,-1
970,161,494.13,235.39,63.69,184.87,0.4659,-1,-1,-1
971,3,926.93,932.47,71.28,147.54,0.7800,-1,-1,-1
971,4,1719.09,456.31,74.49,210.43,0.5854,-1,-1,-1
971,66,1575.13,590.44,104.07,233.77,0.5827,-1,-1,-1
971,92,329.91,803.29,90.20,271.32,0.7873,-1,-1,-1
971,117,392.39,422.82,74.33,214.01,0.5246,-1,-1,-1
971,122,848.75,338.31,60.36,207.77,0.7056,-1,-1,-1
971,124,927.86,323.03,66.28,207.74,0.7130,-1,-1,-1
971,126,301.58,434.94,84.53,190.18,0.3963,-1,-1,-1
971,143,414.38,248.26,65.58,195.59,0.2967,-1,-1,-1
971,155,1210.32,707.38,90.86,268.58,0.7938,-1,-1,-1
971,157,1740.17,670.63,92.00,251.72,0.6883,-1,-1,-1
971,158,1772.16,157.61,61.29,169.70,0.2147,-1,-1,-1
971,159,1649.81,126.52,56.77,164.51,0.3175,-1,-1,-1
971,161,494.10,236.56,63.96,186.50,0.4527,-1,-1,-1
972,3,926.97,932.69,69.75,147.31,0.7635,-1,-1,-1
972,4,1719.77,455.88,73.46,209.74,0.5874,-1,-1,-1
972,66,1575.02,590.11,103.97,233.91,0.5754,-1,-1,-1
972,92,329.48,804.22,93.08,269.71,0.7705,-1,-1,-1
972,117,387.15,418.67,78.63,216.89,0.5309,-1,-1,-1
972,122,848.55,338.14,60.30,208.41,0.6764,-1,-1,-1
972,124,927.73,322.28,65.71,207.32,0.6954,-1,-1,-1
972,126,324.58,437.72,61.18,187.73,0.3548,-1,-1,-1
972,143,413.60,246.87,65.68,160.36,0.2210,-1,-1,-1
972,155,1207.72,707.12,92.64,268.73,0.7903,-1,-1,-1
972,157,1740.47,669.02,92.30,254.90,0.7002,-1,-1,-1
972,159,1651.06,127.93,56.30,162.52,0.2623,-1,-1,-1
972,161,493.28,238.75,65.08,185.41,0.4009,-1,-1,-1
973,3,926.24,933.64,70.60,146.38,0.7770,-1,-1,-1
973,4,1718.95,455.84,73.95,210.55,0.5757,-1,-1,-1
973,45,809.00,137.33,53.40,177.59,0.2094,-1,-1,-1
973,66,1574.74,591.46,103.87,232.96,0.6045,-1,-1,-1
973,92,329.21,806.11,96.00,266.99,0.7744,-1,-1,-1
973,117,388.51,421.02,77.58,219.40,0.5430,-1,-1,-1
973,122,847.31,336.40,61.82,208.06,0.6867,-1,-1,-1
973,124,927.90,321.81,65.04,207.41,0.7001,-1,-1,-1
973,126,327.56,435.32,58.04,191.36,0.4705,-1,-1,-1
973,143,414.95,251.86,62.82,185.05,0.2516,-1,-1,-1
973,155,1207.18,705.38,89.37,268.66,0.7934,-1,-1,-1
973,157,1740.22,668.20,93.30,254.05,0.6960,-1,-1,-1
973,159,1650.51,128.77,56.91,160.32,0.2217,-1,-1,-1
973,161,494.72,240.77,63.08,184.56,0.4426,-1,-1,-1
973,164,328.16,255.20,62.73,186.96,0.3035,-1,-1,-1
974,3,926.05,932.87,69.32,147.12,0.7689,-1,-1,-1
974,4,1719.38,455.23,72.73,210.04,0.5463,-1,-1,-1
974,66,1577.06,589.20,101.87,234.73,0.6310,-1,-1,-1
974,92,328.42,807.05,98.17,266.37,0.7691,-1,-1,-1
974,117,387.66,421.92,76.51,219.02,0.5654,-1,-1,-1
974,122,847.68,335.49,61.26,208.58,0.6661,-1,-1,-1
974,124,926.98,321.89,65.16,207.10,0.7113,-1,-1,-1
974,126,327.26,435.94,58.70,190.97,0.4805,-1,-1,-1
974,143,414.00,251.27,64.61,188.34,0.3249,-1,-1,-1
974,155,1205.48,703.35,90.89,270.38,0.7962,-1,-1,-1
974,157,1740.23,670.74,92.16,253.00,0.6912,-1,-1,-1
974,159,1651.19,126.96,58.80,156.28,0.2414,-1,-1,-1
974,161,496.22,243.17,61.94,184.62,0.4458,-1,-1,-1
974,164,325.89,258.89,63.79,186.58,0.2646,-1,-1,-1
975,3,924.45,933.78,70.04,146.24,0.7596,-1,-1,-1
975,4,1718.84,455.11,73.76,210.97,0.5851,-1,-1,-1
975,66,1577.94,589.88,101.51,234.26,0.6079,-1,-1,-1
975,92,328.15,808.76,99.49,264.48,0.7813,-1,-1,-1
975,117,387.56,423.87,76.82,218.37,0.5777,-1,-1,-1
975,122,847.02,333.26,61.62,208.54,0.6646,-1,-1,-1
975,124,926.94,321.18,64.31,209.02,0.6903,-1,-1,-1
975,126,326.88,437.30,58.58,191.22,0.5013,-1,-1,-1
975,143,410.95,251.68,69.20,190.75,0.4296,-1,-1,-1
975,150,1165.41,100.49,64.97,167.89,0.2001,-1,-1,-1
975,155,1203.96,702.70,89.14,270.31,0.7920,-1,-1,-1
975,157,1737.41,669.16,96.44,254.29,0.6927,-1,-1,-1
975,158,1776.09,163.50,60.92,171.76,0.2198,-1,-1,-1
975,159,1652.02,127.70,58.32,161.25,0.3266,-1,-1,-1
975,161,496.17,244.44,63.13,186.93,0.4652,-1,-1,-1
975,164,325.24,252.43,62.52,190.00,0.2676,-1,-1,-1
976,3,924.12,934.07,68.71,145.93,0.7332,-1,-1,-1
976,4,1719.37,457.30,73.47,208.53,0.5729,-1,-1,-1
976,45,808.52,137.62,53.73,176.36,0.2189,-1,-1,-1
976,66,1579.00,588.85,100.93,234.93,0.5987,-1,-1,-1
976,92,328.51,811.24,100.31,264.35,0.7752,-1,-1,-1
976,117,388.17,426.31,75.64,218.51,0.5786,-1,-1,-1
976,122,846.45,332.19,61.73,204.84,0.6749,-1,-1,-1
976,124,925.31,320.42,65.05,211.67,0.6939,-1,-1,-1
976,126,325.30,436.61,59.66,191.31,0.5107,-1,-1,-1
976,143,411.14,252.06,68.04,191.28,0.4339,-1,-1,-1
976,150,1168.55,100.27,63.74,169.09,0.3249,-1,-1,-1
976,155,1201.23,700.84,89.95,270.28,0.8043,-1,-1,-1
976,157,1737.43,671.34,96.78,251.70,0.7149,-1,-1,-1
976,158,1777.68,160.78,57.99,175.76,0.2894,-1,-1,-1
976,159,1656.55,127.72,54.72,158.32,0.3426,-1,-1,-1
976,161,496.21,245.77,63.53,189.09,0.4577,-1,-1,-1
976,164,323.72,250.01,64.22,194.47,0.2915,-1,-1,-1
977,3,921.88,933.62,70.21,146.37,0.7380,-1,-1,-1
977,4,1719.36,456.81,73.38,209.86,0.5574,-1,-1,-1
977,45,806.74,138.02,55.38,175.96,0.2113,-1,-1,-1
977,66,1576.91,588.35,103.20,236.06,0.6087,-1,-1,-1
977,92,328.50,813.45,101.66,265.80,0.7835,-1,-1,-1
977,117,387.09,428.55,75.91,216.81,0.5708,-1,-1,-1
977,122,846.35,330.06,61.49,202.86,0.6652,-1,-1,-1
977,124,922.88,317.43,64.84,214.05,0.6778,-1,-1,-1
977,126,323.32,436.76,63.63,194.41,0.4852,-1,-1,-1
977,143,407.12,255.47,71.29,188.73,0.4164,-1,-1,-1
977,150,1170.93,102.67,62.89,168.95,0.2498,-1,-1,-1
977,155,1201.51,698.64,86.58,273.43,0.7908,-1,-1,-1
977,157,1737.11,669.38,96.37,252.54,0.7174,-1,-1,-1
977,158,1779.94,162.14,56.68,174.79,0.3435,-1,-1,-1
977,159,1657.79,129.30,55.23,158.72,0.4569,-1,-1,-1
977,161,495.14,247.69,64.44,188.15,0.4384,-1,-1,-1
977,164,324.19,243.23,63.29,202.52,0.2025,-1,-1,-1
978,3,922.36,934.27,68.43,145.75,0.7342,-1,-1,-1
978,4,1719.32,457.45,73.56,208.96,0.5441,-1,-1,-1
978,45,807.86,136.99,54.20,176.24,0.2105,-1,-1,-1
978,66,1576.86,589.64,103.05,234.66,0.6077,-1,-1,-1
978,92,329.31,816.30,100.01,263.73,0.7907,-1,-1,-1
978,117,387.95,429.68,73.86,216.27,0.5475,-1,-1,-1
978,122,845.41,327.94,62.51,199.51,0.6655,-1,-1,-1
978,124,922.91,316.86,64.88,211.61,0.6773,-1,-1,-1
978,126,321.28,439.18,66.92,195.82,0.4384,-1,-1,-1
978,143,407.82,259.38,69.91,186.35,0.4191,-1,-1,-1
978,150,1173.91,102.28,59.95,169.88,0.2804,-1,-1,-1
978,155,1199.80,695.74,85.94,274.12,0.7880,-1,-1,-1
978,157,1737.09,669.71,95.45,252.57,0.7122,-1,-1,-1
978,158,1780.01,163.89,56.94,171.82,0.3109,-1,-1,-1
978,159,1658.68,131.09,54.46,159.62,0.4073,-1,-1,-1
978,161,495.33,249.13,64.63,187.27,0.4549,-1,-1,-1
979,3,921.98,934.99,67.65,145.03,0.7409,-1,-1,-1
979,4,1718.88,456.76,73.36,209.77,0.5317,-1,-1,-1
979,45,806.79,137.23,55.89,175.71,0.2187,-1,-1,-1
979,66,1575.40,590.68,104.16,233.18,0.6135,-1,-1,-1
979,92,330.42,818.79,99.10,261.24,0.8076,-1,-1,-1
979,117,388.02,432.04,75.08,214.90,0.5992,-1,-1,-1
979,122,845.14,325.02,62.52,198.33,0.6507,-1,-1,-1
979,124,922.62,316.07,63.62,208.75,0.6796,-1,-1,-1
979,126,308.21,439.42,81.05,200.72,0.5202,-1,-1,-1
979,143,405.36,260.99,70.89,185.06,0.4575,-1,-1,-1
979,150,1175.50,104.98,61.00,170.81,0.2981,-1,-1,-1
979,155,1199.72,691.76,85.86,276.04,0.7889,-1,-1,-1
979,157,1737.04,669.09,96.11,252.88,0.7046,-1,-1,-1
979,158,1780.62,163.42,56.66,169.29,0.2292,-1,-1,-1
979,159,1660.22,132.49,54.07,159.23,0.3747,-1,-1,-1
979,161,496.33,249.34,63.22,187.13,0.4934,-1,-1,-1
980,3,921.27,935.84,66.52,144.18,0.7520,-1,-1,-1
980,4,1720.06,456.75,72.53,209.14,0.5495,-1,-1,-1
980,45,806.59,136.56,55.66,174.66,0.2199,-1,-1,-1
980,66,1574.61,590.79,105.55,233.51,0.6287,-1,-1,-1
980,92,330.11,822.17,98.37,257.86,0.8216,-1,-1,-1
980,117,388.24,431.56,75.14,216.41,0.6389,-1,-1,-1
980,122,845.26,324.57,60.49,198.57,0.6294,-1,-1,-1
980,124,922.05,314.78,63.17,208.17,0.6858,-1,-1,-1
980,126,308.36,438.42,79.95,207.47,0.6075,-1,-1,-1
980,143,404.34,258.11,73.43,188.02,0.4428,-1,-1,-1
980,150,1176.66,109.91,61.86,165.72,0.3709,-1,-1,-1
980,155,1199.39,687.92,86.48,271.33,0.7723,-1,-1,-1
980,157,1737.58,667.62,96.96,254.79,0.6988,-1,-1,-1
980,159,1661.88,133.64,53.56,160.33,0.4019,-1,-1,-1
980,161,494.98,248.92,65.68,187.92,0.4440,-1,-1,-1
980,164,323.02,253.53,58.26,193.46,0.2895,-1,-1,-1
981,3,920.60,936.49,66.63,143.52,0.7435,-1,-1,-1
981,4,1718.99,456.78,74.36,209.56,0.5479,-1,-1,-1
981,66,1575.15,590.44,104.62,233.97,0.6301,-1,-1,-1
981,92,330.11,826.14,98.08,253.90,0.8256,-1,-1,-1
981,117,387.73,432.85,73.95,215.76,0.5263,-1,-1,-1
981,122,844.75,322.47,59.89,199.86,0.6121,-1,-1,-1
981,124,920.19,312.97,63.64,207.28,0.6634,-1,-1,-1
981,126,309.62,440.34,78.88,206.88,0.5119,-1,-1,-1
981,143,403.23,256.90,75.11,191.56,0.4392,-1,-1,-1
981,150,1178.02,112.03,61.37,164.14,0.3718,-1,-1,-1
981,155,1198.03,684.10,85.96,265.67,0.7783,-1,-1,-1
981,157,1739.98,669.48,91.26,252.60,0.6985,-1,-1,-1
981,159,1661.62,135.91,55.09,159.10,0.3886,-1,-1,-1
981,161,495.38,248.40,64.53,186.98,0.4650,-1,-1,-1
981,164,321.39,255.69,59.48,191.13,0.2943,-1,-1,-1
982,3,918.71,937.22,67.79,142.79,0.7428,-1,-1,-1
982,4,1719.49,457.15,73.68,209.01,0.5424,-1,-1,-1
982,66,1575.36,590.00,105.84,233.72,0.6248,-1,-1,-1
982,92,330.51,829.31,96.73,250.71,0.8209,-1,-1,-1
982,117,390.83,441.10,71.59,207.88,0.5111,-1,-1,-1
982,122,842.45,320.41,62.02,200.27,0.6066,-1,-1,-1
982,124,921.90,310.65,61.75,203.87,0.6573,-1,-1,-1
982,126,310.87,442.72,78.16,207.64,0.4858,-1,-1,-1
982,143,400.12,259.69,77.32,191.70,0.4508,-1,-1,-1
982,150,1180.03,114.20,61.40,164.15,0.3597,-1,-1,-1
982,155,1196.82,680.51,86.13,263.43,0.7703,-1,-1,-1
982,157,1737.15,668.30,97.23,254.73,0.7041,-1,-1,-1
982,159,1660.87,138.85,56.58,157.11,0.4053,-1,-1,-1
982,161,495.19,248.77,64.73,184.83,0.4651,-1,-1,-1
982,164,322.03,255.75,58.28,188.49,0.2871,-1,-1,-1
983,3,917.03,937.75,67.90,142.25,0.7377,-1,-1,-1
983,4,1719.97,456.96,73.66,210.08,0.5352,-1,-1,-1
983,66,1575.30,588.77,105.44,235.17,0.6053,-1,-1,-1
983,92,330.25,832.69,94.72,247.33,0.8262,-1,-1,-1
983,117,389.11,435.75,71.39,213.00,0.4949,-1,-1,-1
983,122,840.20,317.88,64.71,204.75,0.6486,-1,-1,-1
983,124,922.72,308.79,61.01,204.51,0.6709,-1,-1,-1
983,126,309.65,445.85,75.80,206.18,0.5071,-1,-1,-1
983,143,396.73,259.39,80.94,193.34,0.4411,-1,-1,-1
983,150,1180.61,114.78,62.11,165.64,0.3295,-1,-1,-1
983,155,1194.45,677.47,87.58,256.72,0.7626,-1,-1,-1
983,157,1739.85,670.76,90.17,250.85,0.6814,-1,-1,-1
983,159,1660.69,139.97,58.09,156.97,0.3731,-1,-1,-1
983,161,494.22,249.09,65.69,184.67,0.4845,-1,-1,-1
983,164,321.18,258.46,57.99,186.93,0.3601,-1,-1,-1
984,3,917.68,938.82,67.03,141.20,0.7379,-1,-1,-1
984,4,1719.10,457.51,74.86,210.16,0.5406,-1,-1,-1
984,66,1575.42,586.11,106.14,237.52,0.6256,-1,-1,-1
984,92,329.45,834.56,95.43,245.44,0.8265,-1,-1,-1
984,117,392.51,443.46,69.73,205.63,0.5164,-1,-1,-1
984,122,839.22,317.23,67.73,201.85,0.6540,-1,-1,-1
984,124,921.53,308.28,62.06,203.60,0.6785,-1,-1,-1
984,126,310.44,450.79,73.90,203.13,0.4678,-1,-1,-1
984,143,398.27,259.10,81.63,192.83,0.4013,-1,-1,-1
984,150,1181.93,117.20,60.26,163.61,0.3194,-1,-1,-1
984,155,1193.65,673.69,88.58,255.86,0.7557,-1,-1,-1
984,157,1737.44,669.72,97.26,251.76,0.6956,-1,-1,-1
984,159,1661.92,141.09,57.55,158.00,0.3581,-1,-1,-1
984,161,493.95,250.48,66.09,184.12,0.5137,-1,-1,-1
984,164,320.51,260.55,58.35,185.19,0.3904,-1,-1,-1
985,3,915.26,940.05,67.59,139.98,0.7291,-1,-1,-1
985,4,1719.46,458.18,74.94,208.81,0.5159,-1,-1,-1
985,66,1575.06,587.44,107.30,236.57,0.6098,-1,-1,-1
985,92,329.08,836.17,95.07,243.83,0.8158,-1,-1,-1
985,117,391.13,444.10,70.85,205.21,0.5357,-1,-1,-1
985,122,837.07,316.42,70.29,202.11,0.6261,-1,-1,-1
985,124,920.92,305.72,61.94,204.94,0.6600,-1,-1,-1
985,126,304.83,455.93,76.37,194.55,0.4389,-1,-1,-1
985,143,398.52,260.11,79.26,191.50,0.3254,-1,-1,-1
985,150,1183.07,118.37,60.76,162.49,0.3254,-1,-1,-1
985,155,1191.58,670.76,89.77,260.10,0.7662,-1,-1,-1
985,157,1740.09,670.85,90.00,250.51,0.6773,-1,-1,-1
985,159,1663.82,141.97,56.37,159.55,0.3623,-1,-1,-1
985,161,493.82,251.26,66.85,185.50,0.5370,-1,-1,-1
985,164,319.85,262.40,56.13,185.16,0.3779,-1,-1,-1
986,3,915.04,940.53,67.34,139.47,0.7114,-1,-1,-1
986,4,1720.48,457.62,73.56,208.80,0.4967,-1,-1,-1
986,66,1574.96,584.27,107.48,239.75,0.6171,-1,-1,-1
986,92,329.24,836.99,94.55,242.99,0.7989,-1,-1,-1
986,117,391.71,444.94,70.11,205.07,0.5361,-1,-1,-1
986,122,838.90,317.16,66.27,205.75,0.6401,-1,-1,-1
986,124,920.12,303.64,63.59,206.28,0.6612,-1,-1,-1
986,126,302.11,458.43,77.90,192.64,0.4419,-1,-1,-1
986,143,396.20,258.84,82.14,194.44,0.3914,-1,-1,-1
986,150,1184.79,119.35,58.63,160.81,0.2596,-1,-1,-1
986,155,1190.50,667.82,88.51,257.98,0.7537,-1,-1,-1
986,157,1740.08,670.33,90.77,251.74,0.6855,-1,-1,-1
986,159,1665.72,142.67,55.33,157.15,0.3712,-1,-1,-1
986,161,493.41,253.17,67.63,185.00,0.5280,-1,-1,-1
986,164,320.22,264.15,55.12,185.22,0.3558,-1,-1,-1
987,3,912.52,940.72,68.52,139.26,0.7127,-1,-1,-1
987,4,1719.50,457.54,74.77,209.26,0.5080,-1,-1,-1
987,66,1574.62,585.43,106.92,239.17,0.6218,-1,-1,-1
987,92,329.72,838.48,92.98,241.51,0.7840,-1,-1,-1
987,117,391.21,444.61,70.61,206.16,0.5477,-1,-1,-1
987,122,834.93,315.71,71.58,203.42,0.6323,-1,-1,-1
987,124,919.21,302.26,65.56,205.50,0.6761,-1,-1,-1
987,126,301.27,457.65,78.73,194.36,0.4680,-1,-1,-1
987,143,396.01,256.38,78.89,196.70,0.3697,-1,-1,-1
987,150,1186.90,120.28,56.25,160.66,0.2553,-1,-1,-1
987,155,1191.24,666.54,87.69,258.01,0.7513,-1,-1,-1
987,157,1740.35,670.41,90.78,251.41,0.6778,-1,-1,-1
987,159,1668.21,144.20,54.43,155.54,0.3979,-1,-1,-1
987,161,494.19,254.06,66.86,187.75,0.5105,-1,-1,-1
987,164,318.43,265.63,55.23,186.56,0.3733,-1,-1,-1
988,3,913.23,941.18,66.70,138.82,0.7140,-1,-1,-1
988,4,1720.53,457.95,74.43,209.82,0.5114,-1,-1,-1
988,45,812.19,134.43,50.87,173.73,0.2236,-1,-1,-1
988,66,1575.46,586.32,105.41,238.10,0.6233,-1,-1,-1
988,92,328.97,839.76,93.32,240.24,0.7772,-1,-1,-1
988,117,387.59,440.81,73.40,213.95,0.5716,-1,-1,-1
988,122,835.38,315.07,70.85,204.36,0.6252,-1,-1,-1
988,124,919.33,301.25,66.60,207.90,0.6528,-1,-1,-1
988,126,299.97,459.08,79.22,194.05,0.4715,-1,-1,-1
988,143,398.49,256.54,74.78,196.90,0.4389,-1,-1,-1
988,150,1187.37,120.01,56.48,162.64,0.2691,-1,-1,-1
988,155,1189.74,665.09,88.27,258.49,0.7238,-1,-1,-1
988,157,1740.01,668.90,91.15,252.42,0.6789,-1,-1,-1
988,159,1671.13,144.26,52.89,155.06,0.4074,-1,-1,-1
988,161,494.14,255.32,67.87,187.88,0.4970,-1,-1,-1
988,164,314.66,270.48,56.59,182.82,0.4002,-1,-1,-1
989,3,911.77,941.70,66.35,138.31,0.7038,-1,-1,-1
989,4,1720.47,458.83,75.65,208.58,0.4893,-1,-1,-1
989,45,809.08,134.26,54.03,174.22,0.2083,-1,-1,-1
989,66,1575.90,585.01,104.72,239.42,0.6472,-1,-1,-1
989,92,328.09,841.61,94.61,238.39,0.7705,-1,-1,-1
989,117,387.92,442.86,72.45,217.57,0.6137,-1,-1,-1
989,122,835.04,313.70,70.66,203.87,0.6216,-1,-1,-1
989,124,919.05,301.00,68.08,210.48,0.6212,-1,-1,-1
989,126,299.25,460.00,78.59,193.64,0.4861,-1,-1,-1
989,143,399.01,257.95,72.36,199.31,0.4643,-1,-1,-1
989,150,1188.99,123.09,52.36,165.54,0.3290,-1,-1,-1
989,155,1187.44,664.55,89.47,245.26,0.7216,-1,-1,-1
989,157,1740.42,669.80,91.11,252.16,0.6848,-1,-1,-1
989,159,1672.23,145.42,52.65,156.98,0.4355,-1,-1,-1
989,161,494.31,256.99,66.95,186.90,0.4830,-1,-1,-1
989,164,313.91,274.53,56.52,176.98,0.3722,-1,-1,-1
990,3,909.87,941.72,67.00,138.26,0.7073,-1,-1,-1
990,4,1721.31,457.61,75.61,208.24,0.5126,-1,-1,-1
990,45,809.11,134.08,54.71,173.74,0.2104,-1,-1,-1
990,66,1574.08,585.01,106.12,239.41,0.6422,-1,-1,-1
990,92,327.63,843.47,94.65,236.54,0.7762,-1,-1,-1
990,117,388.10,444.68,72.90,217.98,0.6307,-1,-1,-1
990,122,835.25,312.77,70.88,204.73,0.6338,-1,-1,-1
990,124,920.10,300.57,67.02,206.92,0.6086,-1,-1,-1
990,126,298.94,459.94,78.03,194.45,0.4837,-1,-1,-1
990,143,407.17,261.95,61.32,199.33,0.4474,-1,-1,-1
990,150,1191.19,121.93,50.66,167.95,0.4002,-1,-1,-1
990,155,1186.82,663.78,86.89,239.57,0.7087,-1,-1,-1
990,157,1740.40,669.38,90.33,251.87,0.6730,-1,-1,-1
990,159,1673.33,145.01,53.36,159.69,0.4335,-1,-1,-1
990,161,497.80,259.35,63.83,186.00,0.4510,-1,-1,-1
990,164,315.05,275.78,55.05,175.32,0.3106,-1,-1,-1
991,3,910.02,942.87,66.53,137.15,0.7277,-1,-1,-1
991,4,1719.54,457.99,78.65,208.56,0.5166,-1,-1,-1
991,45,810.58,134.52,54.22,174.32,0.2006,-1,-1,-1
991,66,1574.30,585.57,108.25,238.91,0.6653,-1,-1,-1
991,92,327.58,844.95,94.18,235.05,0.7788,-1,-1,-1
991,117,386.44,445.08,73.64,220.36,0.5954,-1,-1,-1
991,122,835.53,311.88,69.80,203.21,0.6158,-1,-1,-1
991,124,920.57,299.84,65.71,211.41,0.5651,-1,-1,-1
991,126,298.78,458.68,77.92,194.76,0.4406,-1,-1,-1
991,143,401.75,263.38,65.76,202.08,0.4679,-1,-1,-1
991,150,1191.24,118.95,56.65,170.41,0.2940,-1,-1,-1
991,155,1186.78,661.89,87.02,254.08,0.7382,-1,-1,-1
991,157,1739.29,667.91,90.44,253.93,0.6910,-1,-1,-1
991,159,1673.38,145.57,55.34,161.47,0.4343,-1,-1,-1
991,161,498.55,260.61,62.17,186.69,0.5345,-1,-1,-1
991,164,315.33,274.32,56.53,178.10,0.3102,-1,-1,-1
992,3,908.92,943.04,66.51,136.95,0.7285,-1,-1,-1
992,4,1718.97,457.93,79.42,208.56,0.5493,-1,-1,-1
992,66,1575.14,585.00,107.24,239.33,0.6807,-1,-1,-1
992,92,327.64,846.47,93.22,233.53,0.7823,-1,-1,-1
992,117,385.32,448.57,73.91,218.43,0.6087,-1,-1,-1
992,122,835.37,310.92,68.93,197.70,0.6138,-1,-1,-1
992,124,919.78,300.12,66.62,211.35,0.6059,-1,-1,-1
992,126,299.71,457.21,77.84,196.11,0.4733,-1,-1,-1
992,143,399.78,263.61,68.49,205.55,0.5013,-1,-1,-1
992,150,1191.02,118.84,59.81,173.36,0.3291,-1,-1,-1
992,155,1184.17,660.20,87.36,257.98,0.7211,-1,-1,-1
992,157,1739.98,668.59,89.10,253.89,0.6806,-1,-1,-1
992,159,1672.38,146.65,58.50,161.98,0.4467,-1,-1,-1
992,161,496.31,261.85,64.46,187.35,0.5691,-1,-1,-1
992,164,313.60,275.50,56.80,177.62,0.2662,-1,-1,-1
993,3,908.69,944.11,67.20,135.91,0.7407,-1,-1,-1
993,4,1719.59,457.15,78.10,210.26,0.5223,-1,-1,-1
993,66,1574.75,585.57,106.93,238.48,0.6836,-1,-1,-1
993,92,327.66,847.67,92.53,232.32,0.7805,-1,-1,-1
993,117,383.40,452.67,75.30,218.46,0.6070,-1,-1,-1
993,122,837.06,310.47,66.69,197.67,0.6087,-1,-1,-1
993,124,921.80,299.09,63.97,211.16,0.5799,-1,-1,-1
993,126,302.66,461.56,75.97,193.78,0.5102,-1,-1,-1
993,143,403.83,265.82,63.45,200.84,0.4967,-1,-1,-1
993,150,1191.68,120.11,61.28,174.28,0.3506,-1,-1,-1
993,155,1182.58,658.50,88.35,254.38,0.7066,-1,-1,-1
993,157,1740.25,667.35,91.13,255.57,0.6835,-1,-1,-1
993,159,1672.08,147.76,60.30,164.35,0.3861,-1,-1,-1
993,161,497.25,263.17,64.04,185.92,0.5450,-1,-1,-1
993,164,313.09,278.12,57.49,177.47,0.3244,-1,-1,-1
994,3,906.69,943.91,69.69,136.07,0.7335,-1,-1,-1
994,4,1718.57,458.00,79.86,209.54,0.5419,-1,-1,-1
994,66,1575.76,585.38,105.55,238.83,0.6768,-1,-1,-1
994,92,328.73,849.85,90.07,230.16,0.7852,-1,-1,-1
994,117,381.31,454.55,76.11,216.98,0.6129,-1,-1,-1
994,122,839.25,307.45,63.00,200.40,0.6269,-1,-1,-1
994,124,922.37,297.47,66.31,210.24,0.5863,-1,-1,-1
994,126,305.43,463.23,72.90,194.02,0.5312,-1,-1,-1
994,143,401.64,266.07,65.81,203.17,0.5113,-1,-1,-1
994,150,1192.60,122.09,60.68,176.47,0.3021,-1,-1,-1
994,155,1181.32,656.49,87.88,259.52,0.7159,-1,-1,-1
994,157,1737.31,671.01,97.77,253.13,0.6740,-1,-1,-1
994,159,1669.55,149.77,63.74,162.79,0.3480,-1,-1,-1
994,161,499.23,264.75,62.95,183.90,0.5222,-1,-1,-1
994,164,315.15,279.26,59.02,174.38,0.3544,-1,-1,-1
995,3,906.70,944.60,69.05,135.41,0.7337,-1,-1,-1
995,4,1719.29,458.11,79.30,209.04,0.5454,-1,-1,-1
995,66,1576.54,586.74,104.31,237.54,0.6630,-1,-1,-1
995,92,329.32,852.62,90.69,227.40,0.7779,-1,-1,-1
995,117,381.89,455.63,74.69,217.47,0.6107,-1,-1,-1
995,122,838.31,305.18,65.97,195.17,0.5765,-1,-1,-1
995,124,921.84,295.39,66.85,210.47,0.5779,-1,-1,-1
995,126,306.12,463.70,71.87,196.90,0.5580,-1,-1,-1
995,143,402.31,265.76,63.88,207.09,0.5093,-1,-1,-1
995,150,1190.55,122.87,61.41,177.73,0.2465,-1,-1,-1
995,155,1177.49,654.27,86.61,252.39,0.7375,-1,-1,-1
995,157,1737.91,670.29,96.62,254.70,0.6800,-1,-1,-1
995,158,1799.38,190.94,53.32,169.65,0.2080,-1,-1,-1
995,159,1668.87,152.70,65.90,161.80,0.3433,-1,-1,-1
995,161,499.78,265.92,62.73,183.59,0.4921,-1,-1,-1
995,164,313.52,279.61,58.78,178.29,0.3460,-1,-1,-1
996,3,906.97,945.19,67.92,134.82,0.7312,-1,-1,-1
996,4,1720.11,458.40,77.92,208.13,0.5539,-1,-1,-1
996,66,1575.68,585.86,104.61,238.19,0.6561,-1,-1,-1
996,92,329.46,853.64,90.52,226.34,0.7843,-1,-1,-1
996,117,380.25,456.05,76.03,217.07,0.6234,-1,-1,-1
996,122,840.45,304.11,62.12,195.28,0.6251,-1,-1,-1
996,124,922.13,293.66,68.92,209.73,0.5607,-1,-1,-1
996,126,307.80,463.69,69.36,203.82,0.5723,-1,-1,-1
996,143,402.80,268.29,62.85,207.98,0.5252,-1,-1,-1
996,150,1191.75,127.66,61.15,175.37,0.2233,-1,-1,-1
996,155,1177.34,651.49,85.56,258.57,0.7636,-1,-1,-1
996,157,1740.39,669.79,90.05,252.78,0.6788,-1,-1,-1
996,158,1800.76,190.75,53.17,172.31,0.2229,-1,-1,-1
996,159,1670.22,153.96,63.97,163.90,0.3349,-1,-1,-1
996,161,499.86,265.55,63.33,184.72,0.4854,-1,-1,-1
996,164,312.11,278.81,58.02,179.14,0.3522,-1,-1,-1
997,3,906.04,945.38,68.82,134.61,0.7349,-1,-1,-1
997,4,1720.27,457.95,78.50,208.70,0.5360,-1,-1,-1
997,45,808.94,134.01,55.31,174.49,0.2176,-1,-1,-1
997,66,1576.12,586.29,103.47,237.58,0.6532,-1,-1,-1
997,92,328.98,857.40,91.76,222.64,0.7803,-1,-1,-1
997,117,381.02,456.94,75.91,216.43,0.6235,-1,-1,-1
997,122,841.84,302.10,60.16,194.76,0.6067,-1,-1,-1
997,124,922.95,290.83,65.70,211.48,0.5820,-1,-1,-1
997,126,307.53,465.06,70.38,204.71,0.5876,-1,-1,-1
997,143,400.78,267.29,64.33,209.27,0.4730,-1,-1,-1
997,150,1193.20,127.38,63.05,179.26,0.2305,-1,-1,-1
997,155,1176.18,647.82,84.19,257.05,0.7591,-1,-1,-1
997,157,1741.34,670.28,88.16,251.95,0.6762,-1,-1,-1
997,158,1803.10,190.26,52.64,178.54,0.2636,-1,-1,-1
997,159,1669.61,156.13,66.12,162.80,0.3408,-1,-1,-1
997,161,503.21,263.84,60.93,185.73,0.5019,-1,-1,-1
997,164,311.01,278.35,57.34,183.15,0.3476,-1,-1,-1
998,3,905.39,945.53,69.26,134.46,0.7323,-1,-1,-1
998,4,1721.76,458.41,76.37,208.88,0.5742,-1,-1,-1
998,45,809.25,133.87,55.15,174.74,0.2303,-1,-1,-1
998,66,1576.52,586.55,103.99,238.06,0.6728,-1,-1,-1
998,92,329.39,860.67,91.40,219.36,0.7662,-1,-1,-1
998,117,380.11,457.51,77.90,216.25,0.5753,-1,-1,-1
998,122,842.62,298.67,60.86,196.51,0.5728,-1,-1,-1
998,124,923.08,288.40,67.12,210.55,0.5797,-1,-1,-1
998,126,307.35,468.66,71.45,202.68,0.5755,-1,-1,-1
998,143,399.96,268.60,64.00,206.94,0.4008,-1,-1,-1
998,150,1193.27,131.49,65.96,176.72,0.2663,-1,-1,-1
998,155,1176.25,641.95,83.43,256.61,0.7620,-1,-1,-1
998,157,1741.26,670.03,87.79,254.55,0.6836,-1,-1,-1
998,158,1803.57,189.01,54.60,183.00,0.2527,-1,-1,-1
998,159,1669.59,159.27,67.04,159.74,0.4083,-1,-1,-1
998,161,503.88,263.85,60.99,186.39,0.5298,-1,-1,-1
998,164,311.28,278.75,59.32,183.00,0.3847,-1,-1,-1
999,3,905.43,945.99,68.93,134.01,0.7223,-1,-1,-1
999,4,1721.10,458.17,76.55,209.45,0.5485,-1,-1,-1
999,66,1578.17,586.87,102.42,237.10,0.6483,-1,-1,-1
999,92,329.84,864.56,91.76,215.47,0.7792,-1,-1,-1
999,117,379.17,457.10,79.49,216.82,0.5305,-1,-1,-1
999,122,843.32,296.58,60.42,197.49,0.5658,-1,-1,-1
999,124,924.21,286.21,69.47,210.60,0.5746,-1,-1,-1
999,126,307.90,467.49,70.58,205.71,0.5919,-1,-1,-1
999,143,401.45,269.68,61.90,205.12,0.4230,-1,-1,-1
999,150,1195.47,132.92,65.01,179.96,0.2293,-1,-1,-1
999,155,1175.86,638.40,82.55,254.56,0.7535,-1,-1,-1
999,157,1741.39,669.32,88.73,253.95,0.6792,-1,-1,-1
999,158,1804.33,188.70,58.14,184.57,0.2612,-1,-1,-1
999,159,1671.43,161.88,65.12,160.40,0.4210,-1,-1,-1
999,161,502.50,265.61,62.11,185.75,0.5095,-1,-1,-1
999,164,310.35,277.76,59.58,186.80,0.2878,-1,-1,-1
999,165,592.97,561.01,86.30,229.71,0.2523,-1,-1,-1
1000,3,905.57,946.11,68.42,133.89,0.7302,-1,-1,-1
1000,4,1721.34,457.51,75.45,209.80,0.5477,-1,-1,-1
1000,66,1576.66,586.02,102.78,237.99,0.6533,-1,-1,-1
1000,92,330.60,867.88,91.47,212.13,0.7935,-1,-1,-1
1000,117,377.48,457.58,83.48,216.95,0.5320,-1,-1,-1
1000,122,843.16,295.09,60.70,200.37,0.5320,-1,-1,-1
1000,124,925.91,284.30,65.47,206.25,0.5435,-1,-1,-1
1000,126,306.74,470.81,71.98,203.53,0.6253,-1,-1,-1
1000,143,400.19,269.23,66.15,207.53,0.3322,-1,-1,-1
1000,150,1198.57,133.18,64.77,183.59,0.2389,-1,-1,-1
1000,155,1174.13,636.83,84.79,252.76,0.7507,-1,-1,-1
1000,157,1742.04,671.82,88.68,252.19,0.6621,-1,-1,-1
1000,158,1805.72,192.69,61.15,185.85,0.2535,-1,-1,-1
1000,159,1673.11,163.16,62.84,161.64,0.3699,-1,-1,-1
1000,161,503.52,264.91,62.00,185.62,0.4656,-1,-1,-1
1000,164,309.77,279.70,59.42,186.41,0.2989,-1,-1,-1
1000,165,593.03,565.11,86.56,227.05,0.2384,-1,-1,-1
1001,3,905.24,946.66,69.23,133.35,0.7322,-1,-1,-1
1001,4,1720.46,458.54,75.42,209.11,0.5606,-1,-1,-1
1001,66,1573.73,586.58,106.16,237.38,0.6572,-1,-1,-1
1001,92,332.85,870.40,90.93,209.60,0.7954,-1,-1,-1
1001,117,377.14,457.56,80.97,216.67,0.5299,-1,-1,-1
1001,122,843.69,294.74,60.16,200.85,0.5509,-1,-1,-1
1001,124,926.51,282.82,65.44,202.45,0.5508,-1,-1,-1
1001,126,306.52,472.13,72.64,201.74,0.5762,-1,-1,-1
1001,143,399.01,269.57,68.48,206.00,0.3831,-1,-1,-1
1001,150,1199.73,137.09,65.14,175.96,0.2719,-1,-1,-1
1001,155,1175.20,634.88,84.46,254.16,0.7643,-1,-1,-1
1001,157,1741.77,668.16,86.02,255.46,0.6420,-1,-1,-1
1001,158,1807.02,196.13,61.15,186.87,0.2151,-1,-1,-1
1001,159,1673.94,163.98,61.62,161.28,0.3828,-1,-1,-1
1001,161,503.17,267.36,61.95,186.05,0.4791,-1,-1,-1
1001,164,308.32,280.21,60.62,186.38,0.3143,-1,-1,-1
1001,165,592.89,564.10,86.17,228.35,0.2527,-1,-1,-1
1002,3,904.22,946.65,69.50,133.34,0.7416,-1,-1,-1
1002,4,1721.03,458.21,73.79,210.35,0.5552,-1,-1,-1
1002,66,1572.80,587.00,107.69,237.21,0.6632,-1,-1,-1
1002,92,334.56,873.75,90.93,206.27,0.7893,-1,-1,-1
1002,117,379.15,458.06,80.38,216.17,0.5506,-1,-1,-1
1002,122,843.46,294.57,59.99,202.82,0.5433,-1,-1,-1
1002,124,927.50,282.33,62.57,202.97,0.5583,-1,-1,-1
1002,126,304.70,476.77,74.85,197.84,0.5329,-1,-1,-1
1002,143,397.79,264.05,69.70,209.28,0.3101,-1,-1,-1
1002,155,1175.69,633.10,84.05,256.55,0.7693,-1,-1,-1
1002,157,1743.04,671.43,83.15,252.86,0.6541,-1,-1,-1
1002,159,1674.77,164.15,60.85,160.89,0.3301,-1,-1,-1
1002,161,502.17,268.48,63.22,188.00,0.5023,-1,-1,-1
1002,164,306.58,280.64,63.05,188.25,0.3108,-1,-1,-1
1002,165,595.35,564.95,83.66,227.11,0.2665,-1,-1,-1
1003,3,905.40,947.61,68.41,132.41,0.7496,-1,-1,-1
1003,4,1720.72,459.82,73.15,209.11,0.5578,-1,-1,-1
1003,66,1573.92,588.29,106.79,235.81,0.6743,-1,-1,-1
1003,92,336.74,875.87,88.96,204.12,0.7929,-1,-1,-1
1003,117,379.36,459.31,78.76,215.57,0.5895,-1,-1,-1
1003,122,843.20,293.89,60.71,202.89,0.5552,-1,-1,-1
1003,124,926.96,279.97,65.03,202.63,0.5812,-1,-1,-1
1003,126,302.80,473.46,76.86,200.47,0.5447,-1,-1,-1
1003,143,397.77,264.49,70.84,210.79,0.3290,-1,-1,-1
1003,150,1203.02,124.18,64.74,190.20,0.2217,-1,-1,-1
1003,155,1174.41,629.84,84.31,259.99,0.7769,-1,-1,-1
1003,157,1744.11,673.60,85.28,251.85,0.6644,-1,-1,-1
1003,159,1676.64,163.57,59.00,161.56,0.3426,-1,-1,-1
1003,161,500.77,270.29,65.05,191.00,0.5733,-1,-1,-1
1003,164,307.06,281.46,63.38,187.72,0.3798,-1,-1,-1
1003,165,592.27,563.76,87.46,228.68,0.3253,-1,-1,-1
1004,3,904.70,947.59,68.82,132.40,0.7344,-1,-1,-1
1004,4,1719.44,458.50,74.59,210.52,0.5237,-1,-1,-1
1004,66,1574.15,587.97,106.67,236.35,0.6675,-1,-1,-1
1004,92,338.78,877.87,89.22,202.12,0.7987,-1,-1,-1
1004,117,379.67,458.23,79.35,219.25,0.6257,-1,-1,-1
1004,122,844.76,294.29,57.44,204.90,0.5976,-1,-1,-1
1004,124,926.75,280.77,63.20,202.18,0.6075,-1,-1,-1
1004,126,301.52,473.42,76.19,199.54,0.4466,-1,-1,-1
1004,150,1205.65,99.95,65.63,212.44,0.2182,-1,-1,-1
1004,155,1172.41,630.22,85.62,258.18,0.7750,-1,-1,-1
1004,157,1744.10,673.08,87.04,253.82,0.6384,-1,-1,-1
1004,159,1679.06,164.03,57.70,161.96,0.3171,-1,-1,-1
1004,161,501.54,272.43,64.09,190.61,0.5751,-1,-1,-1
1004,164,306.15,283.77,63.89,184.24,0.3974,-1,-1,-1
1004,165,593.32,551.13,86.57,240.35,0.4358,-1,-1,-1
1005,3,904.30,947.68,69.18,132.31,0.7334,-1,-1,-1
1005,4,1720.05,458.04,73.51,212.03,0.5378,-1,-1,-1
1005,66,1574.70,587.89,106.29,236.70,0.6444,-1,-1,-1
1005,92,341.08,878.65,88.89,201.33,0.8009,-1,-1,-1
1005,117,380.11,459.64,79.07,222.29,0.5881,-1,-1,-1
1005,122,844.71,293.79,57.39,204.66,0.6163,-1,-1,-1
1005,124,929.79,276.80,59.99,205.04,0.6239,-1,-1,-1
1005,126,318.18,482.30,61.06,190.08,0.4102,-1,-1,-1
1005,150,1207.21,91.43,66.96,223.81,0.2657,-1,-1,-1
1005,155,1170.91,628.62,85.68,260.00,0.7774,-1,-1,-1
1005,157,1744.29,673.76,88.04,253.63,0.6352,-1,-1,-1
1005,159,1678.41,164.93,59.38,159.32,0.3786,-1,-1,-1
1005,161,500.14,275.04,64.83,187.61,0.6113,-1,-1,-1
1005,164,305.49,285.93,64.12,184.13,0.4577,-1,-1,-1
1005,165,600.64,548.01,75.49,242.85,0.4536,-1,-1,-1
1006,3,905.01,949.01,68.22,131.02,0.7283,-1,-1,-1
1006,4,1719.40,457.75,73.99,210.91,0.5189,-1,-1,-1
1006,66,1574.62,588.93,106.31,235.68,0.6644,-1,-1,-1
1006,92,342.40,880.84,89.81,199.16,0.8011,-1,-1,-1
1006,117,381.55,460.66,78.21,222.26,0.5311,-1,-1,-1
1006,122,844.07,292.26,59.27,203.14,0.6594,-1,-1,-1
1006,124,929.01,279.11,61.82,202.36,0.5918,-1,-1,-1
1006,126,320.91,483.38,58.60,187.21,0.4009,-1,-1,-1
1006,150,1209.00,89.74,66.57,224.91,0.2727,-1,-1,-1
1006,155,1168.91,628.10,87.47,261.36,0.7660,-1,-1,-1
1006,157,1745.39,671.07,87.97,254.55,0.5982,-1,-1,-1
1006,159,1680.04,165.53,59.60,158.06,0.3710,-1,-1,-1
1006,161,502.11,277.27,62.39,186.57,0.5682,-1,-1,-1
1006,164,307.94,288.85,62.08,184.77,0.4313,-1,-1,-1
1006,165,598.22,547.37,79.01,244.57,0.4707,-1,-1,-1
1007,3,905.12,948.78,67.69,131.20,0.7246,-1,-1,-1
1007,4,1719.03,458.33,75.86,210.67,0.5420,-1,-1,-1
1007,45,812.24,136.07,52.28,173.84,0.2034,-1,-1,-1
1007,66,1575.54,590.47,104.82,233.83,0.6626,-1,-1,-1
1007,92,343.72,882.52,91.34,197.48,0.8149,-1,-1,-1
1007,117,384.99,466.67,79.24,225.60,0.5594,-1,-1,-1
1007,122,844.19,291.17,59.51,201.21,0.6931,-1,-1,-1
1007,124,931.12,275.39,58.64,206.16,0.6547,-1,-1,-1
1007,126,320.26,482.43,59.97,188.18,0.4457,-1,-1,-1
1007,143,388.07,273.43,77.42,165.19,0.2381,-1,-1,-1
1007,150,1211.20,88.45,64.93,225.57,0.2510,-1,-1,-1
1007,155,1167.03,628.41,88.44,258.98,0.7619,-1,-1,-1
1007,157,1746.44,670.70,88.90,257.37,0.6249,-1,-1,-1
1007,158,1819.60,200.88,66.83,179.38,0.2178,-1,-1,-1
1007,159,1683.73,165.89,56.67,157.86,0.3558,-1,-1,-1
1007,161,502.33,279.99,62.39,187.54,0.5979,-1,-1,-1
1007,164,306.72,291.34,63.17,185.55,0.4820,-1,-1,-1
1007,165,597.99,547.84,79.24,243.99,0.4742,-1,-1,-1
1008,3,904.71,949.27,68.13,130.74,0.7362,-1,-1,-1
1008,4,1718.86,458.45,75.43,211.33,0.5440,-1,-1,-1
1008,66,1575.39,588.94,105.62,235.87,0.6683,-1,-1,-1
1008,92,344.91,883.36,92.36,196.62,0.8081,-1,-1,-1
1008,117,382.32,463.74,79.41,223.92,0.5729,-1,-1,-1
1008,122,844.71,288.66,59.25,201.19,0.6840,-1,-1,-1
1008,124,931.44,274.14,57.91,208.07,0.6617,-1,-1,-1
1008,126,318.72,483.77,62.45,189.43,0.4983,-1,-1,-1
1008,143,390.36,276.81,76.32,154.22,0.3354,-1,-1,-1
1008,150,1211.06,88.35,69.11,227.43,0.2568,-1,-1,-1
1008,155,1165.10,626.96,87.27,259.38,0.7590,-1,-1,-1
1008,157,1746.08,672.79,88.61,255.55,0.5936,-1,-1,-1
1008,158,1821.10,203.20,66.46,178.65,0.2265,-1,-1,-1
1008,159,1685.70,165.90,55.62,157.37,0.3605,-1,-1,-1
1008,161,500.28,280.86,63.95,189.46,0.5659,-1,-1,-1
1008,164,305.40,292.05,64.22,186.81,0.4904,-1,-1,-1
1008,165,597.22,548.08,79.84,244.24,0.5213,-1,-1,-1
1009,3,904.95,949.75,67.96,130.25,0.7370,-1,-1,-1
1009,4,1719.73,457.99,76.89,212.26,0.5514,-1,-1,-1
1009,66,1575.47,589.16,105.96,235.77,0.6840,-1,-1,-1
1009,92,345.25,885.94,96.46,194.07,0.8107,-1,-1,-1
1009,117,381.31,465.83,82.12,224.41,0.5710,-1,-1,-1
1009,122,844.57,287.74,60.12,195.89,0.6420,-1,-1,-1
1009,124,931.25,273.67,57.79,207.82,0.6110,-1,-1,-1
1009,126,318.04,483.94,63.41,190.18,0.4864,-1,-1,-1
1009,143,390.29,283.93,74.54,187.47,0.3209,-1,-1,-1
1009,150,1214.23,89.59,73.13,228.83,0.2166,-1,-1,-1
1009,155,1160.21,625.08,87.17,260.00,0.7609,-1,-1,-1
1009,157,1744.97,671.66,90.59,252.84,0.5879,-1,-1,-1
1009,158,1821.52,200.57,69.56,182.47,0.2838,-1,-1,-1
1009,159,1687.20,167.25,54.72,158.64,0.3415,-1,-1,-1
1009,161,501.44,279.77,61.74,191.23,0.5637,-1,-1,-1
1009,164,306.07,294.54,61.48,184.98,0.4523,-1,-1,-1
1009,165,593.36,547.70,83.62,244.80,0.5679,-1,-1,-1
1010,3,904.41,949.49,68.91,130.49,0.7297,-1,-1,-1
1010,4,1718.76,457.70,78.67,212.20,0.5318,-1,-1,-1
1010,66,1575.56,589.00,105.57,234.99,0.6739,-1,-1,-1
1010,92,346.29,887.79,96.51,192.21,0.8101,-1,-1,-1
1010,117,381.12,467.41,81.96,226.40,0.5121,-1,-1,-1
1010,122,844.29,285.30,60.52,197.26,0.6280,-1,-1,-1
1010,124,929.34,276.73,61.46,206.50,0.6331,-1,-1,-1
1010,126,316.88,484.18,64.53,192.15,0.4773,-1,-1,-1
1010,143,387.21,280.86,74.58,197.61,0.2764,-1,-1,-1
1010,155,1157.74,623.45,89.47,258.51,0.7581,-1,-1,-1
1010,157,1742.84,670.47,94.33,251.12,0.5416,-1,-1,-1
1010,158,1822.52,203.98,71.92,181.68,0.2830,-1,-1,-1
1010,159,1688.66,167.42,54.83,158.92,0.3137,-1,-1,-1
1010,161,501.50,282.78,60.62,189.64,0.5100,-1,-1,-1
1010,164,305.42,294.02,61.62,182.66,0.4046,-1,-1,-1
1010,165,592.11,549.82,85.20,242.70,0.5742,-1,-1,-1
1011,3,904.17,949.58,68.59,130.41,0.7366,-1,-1,-1
1011,4,1717.94,456.74,79.08,213.08,0.5452,-1,-1,-1
1011,66,1575.07,590.27,105.31,234.52,0.6632,-1,-1,-1
1011,92,348.30,890.40,96.89,189.61,0.7988,-1,-1,-1
1011,117,380.18,468.02,82.52,227.98,0.4545,-1,-1,-1
1011,122,845.31,282.41,60.94,194.81,0.5805,-1,-1,-1
1011,124,928.32,276.56,62.95,205.29,0.6209,-1,-1,-1
1011,126,316.13,484.92,64.68,195.35,0.4296,-1,-1,-1
1011,143,385.68,278.68,73.85,201.59,0.2238,-1,-1,-1
1011,155,1156.53,621.49,90.03,260.01,0.7485,-1,-1,-1
1011,157,1737.89,672.27,99.51,250.84,0.4205,-1,-1,-1
1011,158,1823.01,206.36,68.87,180.40,0.2390,-1,-1,-1
1011,159,1688.75,169.14,55.31,158.57,0.3323,-1,-1,-1
1011,161,501.40,282.77,59.76,190.62,0.4449,-1,-1,-1
1011,164,306.59,295.79,58.92,183.73,0.3610,-1,-1,-1
1011,165,592.02,548.96,85.67,243.46,0.5535,-1,-1,-1
1012,3,903.89,949.34,69.46,130.64,0.7293,-1,-1,-1
1012,4,1718.03,456.18,78.89,213.23,0.5394,-1,-1,-1
1012,66,1574.17,588.55,106.21,236.11,0.6578,-1,-1,-1
1012,92,348.41,893.23,100.06,186.78,0.8093,-1,-1,-1
1012,117,380.41,469.48,80.66,227.31,0.4293,-1,-1,-1
1012,122,844.97,281.33,59.76,194.09,0.5933,-1,-1,-1
1012,124,930.66,273.86,61.10,205.76,0.5742,-1,-1,-1
1012,126,315.57,486.73,65.79,200.66,0.4074,-1,-1,-1
1012,143,385.26,279.93,73.08,201.88,0.3009,-1,-1,-1
1012,155,1154.50,618.54,89.94,261.04,0.7542,-1,-1,-1
1012,157,1735.49,676.22,100.98,250.84,0.4100,-1,-1,-1
1012,158,1824.31,208.82,72.38,182.29,0.2946,-1,-1,-1
1012,159,1688.60,170.59,56.76,157.72,0.3048,-1,-1,-1
1012,161,499.23,283.87,61.76,188.44,0.4133,-1,-1,-1
1012,164,305.95,296.53,58.07,183.84,0.3166,-1,-1,-1
1012,165,590.20,549.93,87.25,243.13,0.5558,-1,-1,-1
1013,3,903.73,949.20,69.15,130.79,0.7062,-1,-1,-1
1013,4,1717.29,456.01,79.96,213.11,0.5701,-1,-1,-1
1013,66,1574.88,589.87,106.28,234.82,0.6636,-1,-1,-1
1013,92,349.75,895.92,100.86,184.08,0.8027,-1,-1,-1
1013,117,380.36,471.26,81.00,226.80,0.4627,-1,-1,-1
1013,122,845.53,279.95,59.03,196.74,0.6056,-1,-1,-1
1013,124,930.02,271.94,61.47,206.31,0.5871,-1,-1,-1
1013,126,314.24,487.47,65.96,206.08,0.4027,-1,-1,-1
1013,143,384.09,277.83,74.40,203.09,0.3601,-1,-1,-1
1013,155,1154.91,616.36,88.37,258.39,0.7487,-1,-1,-1
1013,157,1732.91,673.21,105.03,254.35,0.3598,-1,-1,-1
1013,158,1826.68,211.02,68.23,182.42,0.2637,-1,-1,-1
1013,159,1690.49,171.62,56.12,157.57,0.2763,-1,-1,-1
1013,161,496.90,283.98,62.82,188.19,0.4226,-1,-1,-1
1013,164,300.42,297.90,63.00,187.65,0.3843,-1,-1,-1
1013,165,589.15,550.63,88.59,242.86,0.6054,-1,-1,-1
1014,3,904.66,948.52,69.09,131.46,0.7139,-1,-1,-1
1014,4,1717.45,456.12,80.80,212.86,0.5449,-1,-1,-1
1014,66,1572.85,587.61,106.95,236.52,0.6471,-1,-1,-1
1014,92,350.08,897.60,101.81,182.39,0.8021,-1,-1,-1
1014,117,381.29,473.01,76.89,226.52,0.4494,-1,-1,-1
1014,122,843.14,278.58,60.84,197.72,0.5969,-1,-1,-1
1014,124,929.52,270.30,60.94,200.01,0.5324,-1,-1,-1
1014,126,294.40,489.03,84.12,207.54,0.4454,-1,-1,-1
1014,143,383.15,275.24,77.01,202.47,0.2595,-1,-1,-1
1014,155,1153.47,613.02,88.22,260.35,0.7449,-1,-1,-1
1014,157,1722.11,669.70,114.48,257.25,0.4747,-1,-1,-1
1014,158,1827.21,213.23,66.09,178.26,0.2434,-1,-1,-1
1014,159,1692.54,173.07,54.97,157.59,0.2839,-1,-1,-1
1014,161,495.47,285.14,64.54,187.93,0.4489,-1,-1,-1
1014,164,300.78,298.59,62.02,186.47,0.3471,-1,-1,-1
1014,165,588.32,551.09,87.96,242.69,0.5907,-1,-1,-1
1015,3,903.83,949.13,69.40,130.88,0.7084,-1,-1,-1
1015,4,1717.33,455.70,81.53,213.10,0.5500,-1,-1,-1
1015,66,1573.58,589.35,107.10,235.68,0.6595,-1,-1,-1
1015,92,351.31,900.80,101.19,179.21,0.7932,-1,-1,-1
1015,117,380.42,474.06,80.53,226.06,0.5130,-1,-1,-1
1015,122,842.14,274.85,62.34,203.03,0.5942,-1,-1,-1
1015,124,929.57,270.23,58.89,200.65,0.5522,-1,-1,-1
1015,126,292.87,491.50,82.83,207.93,0.4929,-1,-1,-1
1015,143,380.65,279.55,89.07,196.34,0.2304,-1,-1,-1
1015,150,1228.50,154.32,65.46,168.87,0.2127,-1,-1,-1
1015,155,1154.87,611.11,83.36,254.88,0.7581,-1,-1,-1
1015,157,1719.46,670.35,117.32,258.66,0.4055,-1,-1,-1
1015,158,1828.42,217.93,63.54,171.88,0.2267,-1,-1,-1
1015,159,1693.94,175.03,53.36,155.27,0.3024,-1,-1,-1
1015,161,496.82,286.38,62.66,187.90,0.4431,-1,-1,-1
1015,164,299.31,299.54,63.27,185.00,0.2997,-1,-1,-1
1015,165,588.68,551.75,85.96,241.50,0.5563,-1,-1,-1
1016,3,904.08,948.65,68.15,131.33,0.7207,-1,-1,-1
1016,4,1716.96,455.99,81.85,212.38,0.5177,-1,-1,-1
1016,66,1573.30,587.87,106.79,237.03,0.6500,-1,-1,-1
1016,92,351.93,903.58,102.42,176.28,0.8078,-1,-1,-1
1016,117,379.32,477.69,78.63,224.45,0.5225,-1,-1,-1
1016,122,842.73,276.48,61.99,199.20,0.5835,-1,-1,-1
1016,124,929.46,268.60,58.45,197.98,0.5444,-1,-1,-1
1016,126,293.22,495.64,81.29,205.70,0.4983,-1,-1,-1
1016,150,1232.13,162.27,63.02,159.75,0.2217,-1,-1,-1
1016,155,1153.76,607.01,83.23,249.15,0.7727,-1,-1,-1
1016,157,1716.40,668.23,119.33,260.48,0.4002,-1,-1,-1
1016,158,1828.93,219.32,64.95,175.43,0.2684,-1,-1,-1
1016,159,1695.40,176.92,53.02,155.77,0.3222,-1,-1,-1
1016,161,495.92,286.14,62.81,188.27,0.4522,-1,-1,-1
1016,164,297.30,299.45,65.17,189.07,0.3639,-1,-1,-1
1016,165,587.11,550.97,86.76,242.49,0.5524,-1,-1,-1
1017,3,903.91,948.63,68.37,131.36,0.7046,-1,-1,-1
1017,4,1717.21,456.78,81.51,213.04,0.4734,-1,-1,-1
1017,66,1573.62,587.86,105.53,237.49,0.6646,-1,-1,-1
1017,92,353.21,907.71,101.79,171.35,0.8135,-1,-1,-1
1017,117,379.15,479.23,78.01,223.05,0.4755,-1,-1,-1
1017,122,844.06,276.54,61.57,199.93,0.5920,-1,-1,-1
1017,124,929.31,265.68,59.19,197.22,0.5258,-1,-1,-1
1017,126,291.57,504.24,82.18,200.17,0.4675,-1,-1,-1
1017,150,1233.50,165.98,61.30,155.75,0.2297,-1,-1,-1
1017,155,1152.37,603.50,83.16,245.88,0.7652,-1,-1,-1
1017,157,1722.75,675.53,108.40,254.61,0.4303,-1,-1,-1
1017,158,1829.63,220.55,66.63,179.88,0.2791,-1,-1,-1
1017,159,1695.04,178.26,55.89,159.00,0.3096,-1,-1,-1
1017,161,493.82,287.11,64.81,188.67,0.4706,-1,-1,-1
1017,164,296.35,299.03,66.31,190.86,0.3575,-1,-1,-1
1017,165,587.45,551.65,83.61,239.67,0.5813,-1,-1,-1
1018,3,904.36,948.51,67.68,131.49,0.7166,-1,-1,-1
1018,4,1716.16,457.47,83.45,210.14,0.4637,-1,-1,-1
1018,66,1573.50,591.10,104.90,234.26,0.6484,-1,-1,-1
1018,92,353.80,911.61,103.02,167.12,0.8023,-1,-1,-1
1018,117,379.84,479.73,76.35,219.74,0.5418,-1,-1,-1
1018,122,843.35,276.13,62.28,201.16,0.5894,-1,-1,-1
1018,124,929.96,262.33,60.84,199.69,0.5244,-1,-1,-1
1018,126,289.79,507.41,83.71,199.14,0.5003,-1,-1,-1
1018,150,1237.91,164.89,57.84,156.18,0.2881,-1,-1,-1
1018,155,1152.99,600.87,80.81,247.22,0.7496,-1,-1,-1
1018,157,1723.30,679.94,102.16,247.45,0.4472,-1,-1,-1
1018,158,1830.41,222.67,65.70,181.75,0.2721,-1,-1,-1
1018,159,1699.80,178.02,54.11,159.31,0.3424,-1,-1,-1
1018,161,493.78,288.55,64.19,190.57,0.4812,-1,-1,-1
1018,164,296.60,299.07,65.01,190.12,0.3607,-1,-1,-1
1018,165,586.68,551.60,83.78,239.38,0.5355,-1,-1,-1
1019,3,903.18,948.17,67.58,131.81,0.7130,-1,-1,-1
1019,4,1716.32,457.29,82.78,209.84,0.4833,-1,-1,-1
1019,66,1573.66,590.72,104.09,235.12,0.6638,-1,-1,-1
1019,92,354.03,914.68,102.65,163.73,0.8013,-1,-1,-1
1019,117,379.63,481.84,76.90,216.71,0.5542,-1,-1,-1
1019,122,843.27,273.18,61.78,203.34,0.5824,-1,-1,-1
1019,124,926.46,260.51,65.69,200.58,0.5792,-1,-1,-1
1019,126,288.92,508.38,83.37,198.70,0.5374,-1,-1,-1
1019,150,1241.24,159.31,55.19,162.03,0.2614,-1,-1,-1
1019,155,1152.64,598.98,81.39,247.67,0.7355,-1,-1,-1
1019,157,1721.78,676.82,97.39,247.01,0.4667,-1,-1,-1
1019,158,1831.65,223.59,66.37,180.30,0.2379,-1,-1,-1
1019,159,1701.35,177.16,54.08,160.81,0.3702,-1,-1,-1
1019,161,493.29,289.15,65.19,194.51,0.4628,-1,-1,-1
1019,164,294.72,299.09,64.72,190.92,0.3894,-1,-1,-1
1019,165,587.13,550.99,83.85,241.77,0.4853,-1,-1,-1
1020,3,903.55,947.43,67.80,132.43,0.7082,-1,-1,-1
1020,4,1717.98,454.44,81.21,205.30,0.4864,-1,-1,-1
1020,66,1574.97,589.28,103.57,236.60,0.6441,-1,-1,-1
1020,92,354.80,917.25,102.53,161.64,0.8051,-1,-1,-1
1020,117,379.49,482.80,77.59,214.96,0.5452,-1,-1,-1
1020,122,843.59,275.46,62.16,200.07,0.5895,-1,-1,-1
1020,124,924.10,260.03,67.28,198.86,0.5355,-1,-1,-1
1020,126,287.47,508.24,83.39,197.80,0.4322,-1,-1,-1
1020,150,1243.35,151.95,55.33,168.81,0.2658,-1,-1,-1
1020,155,1150.26,596.27,83.77,250.24,0.7280,-1,-1,-1
1020,157,1720.55,672.67,95.87,251.52,0.4659,-1,-1,-1
1020,158,1832.64,223.52,65.72,179.13,0.2593,-1,-1,-1
1020,159,1703.19,177.39,52.84,161.58,0.4358,-1,-1,-1
1020,161,493.96,291.86,65.13,192.93,0.4705,-1,-1,-1
1020,164,294.35,298.59,64.35,190.92,0.4011,-1,-1,-1
1020,165,585.05,551.36,85.31,240.60,0.5321,-1,-1,-1
1021,3,902.38,945.74,68.80,134.20,0.7004,-1,-1,-1
1021,4,1718.70,454.53,80.95,202.90,0.5057,-1,-1,-1
1021,66,1574.97,589.53,103.47,237.32,0.6491,-1,-1,-1
1021,92,356.43,918.13,100.82,160.67,0.8072,-1,-1,-1
1021,117,378.64,484.74,79.00,215.64,0.5557,-1,-1,-1
1021,122,844.02,274.68,61.61,199.76,0.6008,-1,-1,-1
1021,124,926.37,258.29,65.87,196.10,0.5431,-1,-1,-1
1021,126,284.56,505.88,87.89,199.98,0.5360,-1,-1,-1
1021,143,376.40,294.46,77.86,203.24,0.2849,-1,-1,-1
1021,150,1242.17,152.57,60.29,167.87,0.2768,-1,-1,-1
1021,155,1148.06,593.79,84.04,251.53,0.7219,-1,-1,-1
1021,157,1715.95,671.94,92.78,250.69,0.5453,-1,-1,-1
1021,158,1832.55,220.41,61.08,182.68,0.2317,-1,-1,-1
1021,159,1703.54,178.30,54.25,161.59,0.4335,-1,-1,-1
1021,161,492.13,294.49,66.73,190.15,0.4889,-1,-1,-1
1021,164,292.31,299.69,66.45,193.28,0.4417,-1,-1,-1
1021,165,584.07,550.49,86.26,240.50,0.5126,-1,-1,-1
1022,3,902.97,946.47,67.29,133.33,0.7123,-1,-1,-1
1022,4,1718.66,454.51,80.54,198.82,0.5119,-1,-1,-1
1022,66,1577.04,589.29,101.18,237.38,0.6486,-1,-1,-1
1022,92,358.36,920.08,98.94,158.86,0.8161,-1,-1,-1
1022,117,378.30,486.04,80.27,225.10,0.5732,-1,-1,-1
1022,122,843.73,273.25,61.67,198.94,0.6069,-1,-1,-1
1022,124,925.48,258.52,66.81,196.97,0.5744,-1,-1,-1
1022,126,306.97,508.58,64.26,195.85,0.4186,-1,-1,-1
1022,143,375.85,295.80,73.77,196.58,0.3507,-1,-1,-1
1022,150,1242.28,154.55,59.99,165.92,0.2635,-1,-1,-1
1022,155,1147.62,593.53,85.95,252.66,0.7311,-1,-1,-1
1022,157,1714.43,671.91,92.22,247.50,0.5988,-1,-1,-1
1022,158,1834.18,220.60,60.16,181.17,0.2044,-1,-1,-1
1022,159,1702.55,178.25,57.21,162.90,0.4419,-1,-1,-1
1022,161,492.42,296.24,66.32,188.66,0.4942,-1,-1,-1
1022,164,292.43,299.64,65.25,193.62,0.4490,-1,-1,-1
1022,165,583.59,549.78,85.41,240.83,0.5267,-1,-1,-1
1023,3,902.90,945.86,66.77,133.78,0.7114,-1,-1,-1
1023,4,1719.01,454.86,80.90,194.41,0.5266,-1,-1,-1
1023,66,1574.98,587.80,103.71,239.00,0.5962,-1,-1,-1
1023,92,358.48,922.44,98.89,156.32,0.8083,-1,-1,-1
1023,117,378.36,485.98,80.57,229.31,0.5676,-1,-1,-1
1023,122,843.39,273.38,61.69,194.97,0.5957,-1,-1,-1
1023,124,927.02,257.67,64.77,198.75,0.5395,-1,-1,-1
1023,126,285.72,503.86,85.49,201.33,0.4544,-1,-1,-1
1023,143,376.20,297.66,70.14,196.73,0.3496,-1,-1,-1
1023,150,1242.69,152.85,61.42,167.82,0.2147,-1,-1,-1
1023,155,1147.97,591.17,84.73,255.01,0.7126,-1,-1,-1
1023,157,1712.76,674.77,93.04,245.42,0.6460,-1,-1,-1
1023,159,1702.05,178.90,58.46,165.17,0.4242,-1,-1,-1
1023,161,491.63,298.14,66.86,191.46,0.4970,-1,-1,-1
1023,164,290.13,300.52,66.46,192.17,0.4673,-1,-1,-1
1023,165,583.38,549.89,84.05,239.89,0.4615,-1,-1,-1
1024,3,903.52,946.31,67.00,133.66,0.7207,-1,-1,-1
1024,4,1719.14,454.55,79.37,191.57,0.5636,-1,-1,-1
1024,66,1574.89,587.70,103.46,239.06,0.6007,-1,-1,-1
1024,92,359.11,924.70,98.90,154.45,0.8067,-1,-1,-1
1024,117,378.39,487.34,80.65,229.35,0.5562,-1,-1,-1
1024,122,842.84,271.59,62.16,193.03,0.6167,-1,-1,-1
1024,124,927.68,257.55,64.06,201.76,0.5895,-1,-1,-1
1024,126,285.98,505.28,84.26,199.97,0.4699,-1,-1,-1
1024,143,374.43,296.85,71.70,183.74,0.2236,-1,-1,-1
1024,155,1146.11,589.66,86.71,254.91,0.6905,-1,-1,-1
1024,157,1711.79,676.19,92.14,243.89,0.6033,-1,-1,-1
1024,159,1701.54,180.32,60.28,166.75,0.3586,-1,-1,-1
1024,161,492.02,298.81,66.10,194.46,0.5235,-1,-1,-1
1024,164,289.06,302.06,66.45,192.18,0.4801,-1,-1,-1
1024,165,584.86,549.58,81.70,239.95,0.4891,-1,-1,-1
1025,3,903.02,946.11,65.81,133.63,0.7125,-1,-1,-1
1025,4,1718.88,454.51,80.67,192.26,0.5407,-1,-1,-1
1025,66,1574.71,587.49,102.38,239.51,0.5664,-1,-1,-1
1025,92,360.33,926.10,98.11,153.51,0.8109,-1,-1,-1
1025,117,377.92,488.53,78.87,232.17,0.5242,-1,-1,-1
1025,122,842.86,268.14,61.84,196.04,0.6665,-1,-1,-1
1025,124,930.77,257.49,60.60,203.99,0.5791,-1,-1,-1
1025,126,286.60,506.44,82.41,198.50,0.4848,-1,-1,-1
1025,143,369.52,299.52,75.30,162.48,0.2074,-1,-1,-1
1025,155,1143.80,588.64,89.10,254.40,0.6899,-1,-1,-1
1025,157,1711.12,678.25,88.13,242.00,0.6081,-1,-1,-1
1025,159,1699.32,182.22,62.25,172.02,0.3606,-1,-1,-1
1025,161,492.63,300.38,66.12,194.96,0.5067,-1,-1,-1
1025,164,288.14,302.97,66.92,193.58,0.4840,-1,-1,-1
1025,165,584.70,546.62,79.09,242.40,0.4569,-1,-1,-1
1026,3,902.19,945.86,66.57,133.98,0.7165,-1,-1,-1
1026,4,1718.86,454.17,80.46,190.66,0.5653,-1,-1,-1
1026,66,1576.29,589.19,101.67,238.07,0.6161,-1,-1,-1
1026,92,362.04,927.92,96.84,151.22,0.8069,-1,-1,-1
1026,117,377.82,491.70,77.10,232.09,0.5393,-1,-1,-1
1026,122,843.76,266.82,61.37,190.33,0.6372,-1,-1,-1
1026,124,932.71,256.71,59.27,203.85,0.6026,-1,-1,-1
1026,126,289.20,504.15,79.58,199.69,0.4813,-1,-1,-1
1026,143,372.30,301.82,68.58,187.04,0.4387,-1,-1,-1
1026,155,1143.19,588.53,87.41,250.33,0.6921,-1,-1,-1
1026,157,1710.45,683.68,84.25,238.28,0.6392,-1,-1,-1
1026,158,1838.12,228.99,61.81,180.55,0.2674,-1,-1,-1
1026,159,1698.06,184.80,65.40,175.13,0.3753,-1,-1,-1
1026,161,492.79,300.36,66.91,195.63,0.5970,-1,-1,-1
1026,164,288.82,304.37,66.66,194.48,0.4641,-1,-1,-1
1026,165,585.40,546.42,77.18,242.21,0.4290,-1,-1,-1
1027,3,902.47,946.00,64.36,133.54,0.7220,-1,-1,-1
1027,4,1719.00,454.85,81.47,190.25,0.5378,-1,-1,-1
1027,66,1575.05,590.06,103.28,237.25,0.6729,-1,-1,-1
1027,92,364.25,929.81,96.77,148.89,0.8113,-1,-1,-1
1027,117,376.76,493.93,74.31,232.53,0.5748,-1,-1,-1
1027,122,845.44,265.19,59.17,188.27,0.6345,-1,-1,-1
1027,124,934.00,256.53,57.95,205.44,0.5816,-1,-1,-1
1027,126,291.79,505.17,76.29,199.31,0.5712,-1,-1,-1
1027,143,370.54,302.57,70.08,192.22,0.5275,-1,-1,-1
1027,155,1142.20,588.62,86.53,252.66,0.7264,-1,-1,-1
1027,157,1705.65,672.53,84.17,243.68,0.5688,-1,-1,-1
1027,158,1839.49,231.55,59.07,187.70,0.2927,-1,-1,-1
1027,159,1697.72,187.90,67.08,175.02,0.3434,-1,-1,-1
1027,161,493.33,302.11,66.27,194.22,0.6046,-1,-1,-1
1027,164,289.92,306.66,65.56,193.29,0.4515,-1,-1,-1
1027,165,585.15,546.88,72.23,242.70,0.4360,-1,-1,-1
1028,3,902.40,945.70,64.37,134.28,0.7134,-1,-1,-1
1028,4,1717.77,458.34,82.17,200.42,0.5762,-1,-1,-1
1028,66,1575.03,589.72,102.33,237.65,0.6741,-1,-1,-1
1028,92,365.35,931.75,95.94,147.38,0.8199,-1,-1,-1
1028,117,375.19,496.77,76.32,230.53,0.5951,-1,-1,-1
1028,122,846.45,262.74,58.94,188.17,0.6002,-1,-1,-1
1028,124,935.79,255.93,58.35,198.72,0.5893,-1,-1,-1
1028,126,296.16,509.63,70.89,196.80,0.5658,-1,-1,-1
1028,143,370.19,306.32,70.61,190.94,0.5341,-1,-1,-1
1028,155,1141.34,586.95,85.10,249.08,0.7227,-1,-1,-1
1028,157,1706.30,656.28,81.86,257.13,0.5238,-1,-1,-1
1028,158,1840.21,233.02,59.98,187.97,0.2709,-1,-1,-1
1028,159,1698.13,191.03,66.45,172.41,0.3534,-1,-1,-1
1028,161,495.69,303.35,63.65,192.74,0.5112,-1,-1,-1
1028,164,289.74,308.42,63.67,192.88,0.4429,-1,-1,-1
1028,165,586.00,546.16,70.59,243.59,0.4709,-1,-1,-1
1029,3,901.79,945.54,63.53,134.46,0.6981,-1,-1,-1
1029,4,1717.88,459.13,83.72,201.18,0.5813,-1,-1,-1
1029,66,1574.25,590.04,103.35,237.38,0.6860,-1,-1,-1
1029,92,367.72,932.81,94.94,145.78,0.8116,-1,-1,-1
1029,117,374.73,499.77,77.55,228.00,0.6155,-1,-1,-1
1029,122,847.77,261.76,58.24,189.72,0.5947,-1,-1,-1
1029,124,936.50,255.60,58.70,201.43,0.6264,-1,-1,-1
1029,126,295.25,512.72,70.79,196.92,0.5973,-1,-1,-1
1029,143,370.60,307.51,68.12,192.87,0.5019,-1,-1,-1
1029,155,1141.29,586.22,81.55,248.97,0.7392,-1,-1,-1
1029,157,1703.44,640.40,82.52,271.53,0.4113,-1,-1,-1
1029,158,1840.55,235.48,61.15,189.85,0.3063,-1,-1,-1
1029,159,1699.12,192.92,66.22,169.63,0.3517,-1,-1,-1
1029,161,494.10,304.37,64.75,191.56,0.5255,-1,-1,-1
1029,164,290.32,311.21,62.38,192.69,0.3626,-1,-1,-1
1029,165,586.39,545.50,65.20,244.56,0.4970,-1,-1,-1
1030,3,901.51,945.13,61.97,134.86,0.7169,-1,-1,-1
1030,4,1717.86,457.84,82.53,202.20,0.5790,-1,-1,-1
1030,66,1574.17,588.42,101.70,239.47,0.6377,-1,-1,-1
1030,92,368.01,935.75,95.38,142.75,0.7988,-1,-1,-1
1030,117,373.44,500.77,72.05,226.78,0.6100,-1,-1,-1
1030,122,848.46,261.10,56.74,192.50,0.5847,-1,-1,-1
1030,124,936.61,254.37,59.25,200.22,0.5634,-1,-1,-1
1030,126,295.13,512.48,70.84,201.76,0.6474,-1,-1,-1
1030,143,368.70,308.42,69.16,194.32,0.5693,-1,-1,-1
1030,155,1140.67,584.08,79.10,249.35,0.7748,-1,-1,-1
1030,157,1701.80,639.11,83.72,273.94,0.4545,-1,-1,-1
1030,158,1842.65,237.65,60.84,189.33,0.3158,-1,-1,-1
1030,159,1699.94,195.62,65.35,163.65,0.3162,-1,-1,-1
1030,161,493.20,302.87,65.56,193.18,0.5316,-1,-1,-1
1030,164,291.75,311.87,62.35,190.04,0.4088,-1,-1,-1
1030,165,585.99,544.58,65.77,245.57,0.4657,-1,-1,-1
1031,3,900.04,944.67,61.80,135.32,0.7207,-1,-1,-1
1031,4,1717.87,458.65,82.78,205.42,0.6010,-1,-1,-1
1031,66,1572.93,590.69,103.64,236.92,0.6566,-1,-1,-1
1031,92,371.63,937.27,92.32,141.00,0.7933,-1,-1,-1
1031,117,373.29,500.53,79.00,228.98,0.6371,-1,-1,-1
1031,122,848.57,259.43,57.09,194.08,0.5696,-1,-1,-1
1031,124,938.47,250.72,57.91,197.34,0.5657,-1,-1,-1
1031,126,294.69,514.27,70.68,210.52,0.6786,-1,-1,-1
1031,143,367.58,309.94,69.76,193.70,0.5631,-1,-1,-1
1031,155,1140.00,578.12,78.12,248.66,0.7778,-1,-1,-1
1031,157,1686.81,637.76,95.78,277.21,0.5192,-1,-1,-1
1031,158,1844.40,241.03,58.37,187.63,0.2980,-1,-1,-1
1031,159,1701.17,198.20,63.75,163.62,0.3398,-1,-1,-1
1031,161,493.29,302.27,65.06,190.04,0.5650,-1,-1,-1
1031,164,292.95,314.26,62.69,190.45,0.3990,-1,-1,-1
1031,165,585.52,544.36,63.76,246.59,0.4696,-1,-1,-1
1032,3,899.53,944.01,61.08,135.92,0.6999,-1,-1,-1
1032,4,1717.98,458.47,82.82,207.94,0.5972,-1,-1,-1
1032,66,1573.56,590.27,101.78,237.61,0.6402,-1,-1,-1
1032,92,372.96,941.01,91.02,137.39,0.7709,-1,-1,-1
1032,117,373.93,500.77,77.72,229.87,0.6610,-1,-1,-1
1032,122,848.59,256.33,58.00,194.39,0.5788,-1,-1,-1
1032,124,939.49,248.56,57.06,194.34,0.6165,-1,-1,-1
1032,126,294.76,516.47,71.00,212.61,0.6846,-1,-1,-1
1032,143,366.68,310.77,69.75,193.43,0.5089,-1,-1,-1
1032,155,1139.35,574.80,77.28,245.74,0.7700,-1,-1,-1
1032,157,1679.89,641.16,98.65,276.04,0.4854,-1,-1,-1
1032,158,1846.61,242.10,59.02,188.97,0.2966,-1,-1,-1
1032,159,1701.57,200.39,62.74,164.46,0.3747,-1,-1,-1
1032,161,493.88,304.44,63.46,187.79,0.4844,-1,-1,-1
1032,164,293.16,316.20,64.55,189.98,0.4105,-1,-1,-1
1032,165,585.90,543.67,62.26,247.11,0.4672,-1,-1,-1
1033,3,898.78,943.98,59.79,136.03,0.6960,-1,-1,-1
1033,4,1718.29,458.17,82.06,207.27,0.5839,-1,-1,-1
1033,66,1574.99,591.91,98.77,236.43,0.6186,-1,-1,-1
1033,92,373.22,943.96,91.92,133.66,0.7602,-1,-1,-1
1033,117,373.00,501.49,77.59,228.92,0.6432,-1,-1,-1
1033,122,848.14,255.67,58.96,195.26,0.5517,-1,-1,-1
1033,124,939.89,246.56,58.37,195.47,0.6305,-1,-1,-1
1033,126,294.30,518.31,70.96,213.42,0.6640,-1,-1,-1
1033,143,365.57,311.70,70.25,192.47,0.5279,-1,-1,-1
1033,155,1139.39,572.07,76.09,242.04,0.7707,-1,-1,-1
1033,157,1676.65,638.72,100.35,279.20,0.5420,-1,-1,-1
1033,158,1849.17,243.85,57.84,187.21,0.2845,-1,-1,-1
1033,159,1701.23,200.56,63.17,163.26,0.2943,-1,-1,-1
1033,161,492.48,306.49,64.64,189.55,0.4629,-1,-1,-1
1033,164,293.21,317.72,65.32,190.69,0.3525,-1,-1,-1
1033,165,585.21,541.56,61.49,239.46,0.4282,-1,-1,-1
1034,3,897.31,943.71,60.92,136.29,0.7084,-1,-1,-1
1034,4,1717.11,457.44,82.62,206.57,0.5843,-1,-1,-1
1034,66,1573.78,595.27,101.19,232.10,0.5870,-1,-1,-1
1034,92,376.37,947.50,88.46,131.25,0.7542,-1,-1,-1
1034,117,372.60,503.28,73.66,227.07,0.6249,-1,-1,-1
1034,122,847.97,256.04,59.86,194.25,0.5592,-1,-1,-1
1034,124,940.12,244.40,58.03,195.51,0.6016,-1,-1,-1
1034,126,293.86,521.07,73.22,212.64,0.6710,-1,-1,-1
1034,143,365.89,312.57,69.10,193.33,0.5702,-1,-1,-1
1034,155,1140.14,569.10,74.49,242.38,0.7694,-1,-1,-1
1034,157,1674.96,637.91,100.43,279.68,0.5430,-1,-1,-1
1034,158,1852.34,242.84,60.06,187.14,0.2954,-1,-1,-1
1034,159,1702.07,201.12,63.87,159.23,0.2649,-1,-1,-1
1034,161,491.02,308.12,64.45,191.66,0.4875,-1,-1,-1
1034,164,294.29,319.07,65.85,190.01,0.3804,-1,-1,-1
1034,165,585.08,542.12,58.92,247.15,0.4495,-1,-1,-1
1035,3,896.67,942.98,59.73,137.01,0.7053,-1,-1,-1
1035,4,1718.29,458.34,80.36,203.62,0.5956,-1,-1,-1
1035,66,1572.89,594.63,100.59,232.41,0.6053,-1,-1,-1
1035,92,377.76,950.86,88.93,128.68,0.7433,-1,-1,-1
1035,117,371.51,504.11,77.31,224.45,0.6224,-1,-1,-1
1035,122,848.64,255.11,58.77,194.30,0.5667,-1,-1,-1
1035,124,939.83,242.79,58.90,197.57,0.6439,-1,-1,-1
1035,126,290.89,523.55,80.00,211.42,0.6379,-1,-1,-1
1035,143,366.10,312.55,68.50,195.08,0.5520,-1,-1,-1
1035,155,1138.58,568.10,75.81,241.54,0.7611,-1,-1,-1
1035,157,1676.62,635.39,91.96,279.89,0.6047,-1,-1,-1
1035,158,1852.56,242.07,59.10,187.99,0.2968,-1,-1,-1
1035,159,1704.14,201.40,62.14,155.09,0.2778,-1,-1,-1
1035,161,488.64,311.81,67.52,192.73,0.4476,-1,-1,-1
1035,164,294.47,320.60,65.71,188.39,0.4219,-1,-1,-1
1035,165,585.14,540.64,59.31,249.77,0.4045,-1,-1,-1
1036,3,895.52,941.46,59.57,138.50,0.7179,-1,-1,-1
1036,4,1718.76,460.45,80.25,202.56,0.5832,-1,-1,-1
1036,66,1573.51,595.67,99.45,231.83,0.6081,-1,-1,-1
1036,92,380.32,953.74,88.94,126.26,0.7313,-1,-1,-1
1036,117,371.21,504.10,77.95,224.26,0.6363,-1,-1,-1
1036,122,849.85,254.42,57.60,195.35,0.5743,-1,-1,-1
1036,124,939.81,241.05,57.98,197.56,0.6594,-1,-1,-1
1036,126,291.84,525.86,78.39,209.07,0.5741,-1,-1,-1
1036,143,363.64,312.66,70.72,179.69,0.3604,-1,-1,-1
1036,155,1137.84,566.15,75.07,246.63,0.7366,-1,-1,-1
1036,157,1676.63,634.13,88.79,280.79,0.6256,-1,-1,-1
1036,158,1854.17,240.41,59.43,191.78,0.2554,-1,-1,-1
1036,159,1704.68,203.49,62.91,156.11,0.2902,-1,-1,-1
1036,161,488.91,309.05,68.42,195.69,0.4510,-1,-1,-1
1036,164,293.49,320.48,67.74,191.17,0.4062,-1,-1,-1
1036,165,584.96,541.59,59.64,249.29,0.4061,-1,-1,-1
1036,166,1275.94,180.98,58.65,140.24,0.3430,-1,-1,-1
1037,3,895.60,940.40,57.88,139.58,0.7301,-1,-1,-1
1037,4,1718.78,460.00,79.65,202.99,0.6298,-1,-1,-1
1037,66,1573.02,595.63,98.67,231.35,0.6354,-1,-1,-1
1037,92,383.82,956.33,87.73,123.68,0.7577,-1,-1,-1
1037,117,370.90,505.08,79.80,222.58,0.6753,-1,-1,-1
1037,122,849.58,252.96,58.71,196.07,0.5750,-1,-1,-1
1037,124,940.21,240.85,57.89,197.97,0.6874,-1,-1,-1
1037,126,287.26,527.81,82.69,207.10,0.5463,-1,-1,-1
1037,143,362.14,317.39,74.14,162.15,0.3010,-1,-1,-1
1037,155,1136.85,564.00,75.42,249.15,0.7497,-1,-1,-1
1037,157,1674.97,631.26,87.78,280.45,0.6201,-1,-1,-1
1037,158,1853.92,240.30,59.19,191.34,0.2617,-1,-1,-1
1037,159,1707.55,203.65,60.69,160.24,0.4037,-1,-1,-1
1037,161,488.64,310.96,71.00,195.64,0.4505,-1,-1,-1
1037,164,292.59,321.08,68.33,188.88,0.4188,-1,-1,-1
1037,165,587.00,540.08,56.63,251.19,0.4419,-1,-1,-1
1037,166,1275.42,180.00,59.21,142.65,0.3348,-1,-1,-1
1038,3,893.72,938.63,57.66,141.33,0.7243,-1,-1,-1
1038,4,1718.98,460.30,79.31,201.83,0.6292,-1,-1,-1
1038,66,1573.47,595.44,97.84,231.72,0.6361,-1,-1,-1
1038,92,385.18,958.66,90.35,121.34,0.7813,-1,-1,-1
1038,117,371.17,505.25,78.70,223.29,0.6683,-1,-1,-1
1038,122,849.68,251.99,59.56,196.46,0.5632,-1,-1,-1
1038,124,940.18,240.12,57.36,198.83,0.6847,-1,-1,-1
1038,126,297.76,531.14,68.14,203.89,0.4875,-1,-1,-1
1038,143,362.09,319.46,74.98,158.41,0.3189,-1,-1,-1
1038,155,1134.46,563.32,79.17,253.36,0.7549,-1,-1,-1
1038,157,1669.78,631.48,93.20,279.38,0.6236,-1,-1,-1
1038,158,1853.89,239.47,58.81,190.95,0.2070,-1,-1,-1
1038,159,1709.98,204.41,58.88,162.12,0.3292,-1,-1,-1
1038,161,488.69,313.45,70.68,195.97,0.4384,-1,-1,-1
1038,164,294.67,321.70,63.11,187.92,0.3768,-1,-1,-1
1038,165,586.92,539.52,57.32,251.69,0.4519,-1,-1,-1
1039,3,892.93,939.41,58.70,140.63,0.7290,-1,-1,-1
1039,4,1718.88,459.88,79.06,203.96,0.6357,-1,-1,-1
1039,66,1572.79,593.58,98.61,233.15,0.6063,-1,-1,-1
1039,92,389.29,959.26,87.26,120.69,0.7464,-1,-1,-1
1039,117,370.94,505.99,77.57,223.40,0.6614,-1,-1,-1
1039,122,850.32,251.54,59.05,195.58,0.5409,-1,-1,-1
1039,124,940.09,239.04,57.00,199.28,0.6618,-1,-1,-1
1039,126,301.34,532.49,61.64,202.14,0.5308,-1,-1,-1
1039,143,360.95,318.95,76.70,156.61,0.3430,-1,-1,-1
1039,155,1129.94,562.67,82.58,254.15,0.7660,-1,-1,-1
1039,157,1663.61,631.79,95.98,278.74,0.6303,-1,-1,-1
1039,158,1854.88,239.78,63.46,193.67,0.3079,-1,-1,-1
1039,159,1712.13,205.99,57.83,162.13,0.3383,-1,-1,-1
1039,161,488.00,314.56,67.80,197.24,0.4406,-1,-1,-1
1039,164,293.94,321.87,64.27,188.53,0.3907,-1,-1,-1
1039,165,587.44,539.21,56.42,252.43,0.4469,-1,-1,-1
1040,3,891.32,938.66,59.36,141.33,0.7295,-1,-1,-1
1040,4,1719.26,459.66,78.46,204.92,0.6533,-1,-1,-1
1040,66,1572.76,595.80,98.87,230.78,0.6073,-1,-1,-1
1040,92,392.01,961.29,87.60,118.70,0.7268,-1,-1,-1
1040,117,371.39,508.06,79.35,225.63,0.6861,-1,-1,-1
1040,122,851.24,248.97,59.72,193.07,0.5356,-1,-1,-1
1040,124,939.56,238.45,57.57,199.39,0.6289,-1,-1,-1
1040,126,301.65,535.49,59.64,199.93,0.4533,-1,-1,-1
1040,143,360.48,320.70,77.46,154.83,0.3229,-1,-1,-1
1040,155,1126.67,562.60,82.81,254.56,0.7779,-1,-1,-1
1040,157,1660.96,633.62,95.98,279.32,0.6293,-1,-1,-1
1040,158,1855.83,239.22,63.09,192.10,0.2549,-1,-1,-1
1040,159,1713.23,206.66,57.69,158.54,0.3727,-1,-1,-1
1040,161,487.66,319.51,66.33,195.26,0.4475,-1,-1,-1
1040,164,291.22,323.56,72.49,188.33,0.3836,-1,-1,-1
1040,165,587.99,538.71,55.94,252.00,0.4925,-1,-1,-1
1041,3,889.24,938.42,57.22,141.59,0.7109,-1,-1,-1
1041,4,1719.24,459.41,79.07,205.86,0.6581,-1,-1,-1
1041,66,1573.16,593.24,98.94,232.52,0.5941,-1,-1,-1
1041,92,395.28,963.67,89.46,116.33,0.7482,-1,-1,-1
1041,117,371.71,510.44,78.44,227.27,0.6500,-1,-1,-1
1041,122,850.18,247.01,61.84,190.60,0.5401,-1,-1,-1
1041,124,939.75,237.68,57.83,200.25,0.6511,-1,-1,-1
1041,126,302.54,534.88,58.38,199.19,0.4457,-1,-1,-1
1041,143,361.84,321.30,75.36,155.17,0.2559,-1,-1,-1
1041,155,1125.91,560.95,84.39,252.84,0.7942,-1,-1,-1
1041,157,1660.68,635.65,92.98,276.30,0.5568,-1,-1,-1
1041,158,1857.55,238.17,61.24,194.95,0.2774,-1,-1,-1
1041,159,1713.58,208.73,58.59,154.77,0.3510,-1,-1,-1
1041,161,486.43,323.38,65.74,191.83,0.4588,-1,-1,-1
1041,164,291.61,324.41,73.71,186.30,0.4071,-1,-1,-1
1041,165,588.31,538.89,55.81,253.82,0.5015,-1,-1,-1
1042,3,887.41,937.67,57.80,142.32,0.7268,-1,-1,-1
1042,4,1719.51,460.25,77.19,205.66,0.6156,-1,-1,-1
1042,66,1572.93,592.48,99.64,232.36,0.5796,-1,-1,-1
1042,92,396.92,964.51,93.23,115.34,0.7537,-1,-1,-1
1042,117,371.56,510.46,79.68,230.61,0.6625,-1,-1,-1
1042,122,850.70,244.34,63.06,187.93,0.5158,-1,-1,-1
1042,124,940.40,237.76,57.59,200.00,0.6361,-1,-1,-1
1042,126,300.70,536.01,58.43,195.79,0.3879,-1,-1,-1
1042,143,361.47,323.06,74.80,156.06,0.2711,-1,-1,-1
1042,155,1125.49,559.75,83.37,249.86,0.7844,-1,-1,-1
1042,157,1659.23,637.93,92.91,273.18,0.5502,-1,-1,-1
1042,158,1859.08,242.34,59.79,194.54,0.2618,-1,-1,-1
1042,159,1715.45,210.98,56.81,153.75,0.2806,-1,-1,-1
1042,161,487.12,325.26,63.82,189.89,0.4381,-1,-1,-1
1042,164,291.54,325.44,73.46,187.41,0.3847,-1,-1,-1
1042,165,588.08,538.77,56.52,252.43,0.4874,-1,-1,-1
1043,3,885.80,937.56,58.93,142.45,0.7185,-1,-1,-1
1043,4,1719.80,458.57,77.56,207.67,0.6068,-1,-1,-1
1043,66,1571.59,593.01,101.90,231.97,0.5374,-1,-1,-1
1043,92,397.08,965.83,95.64,114.15,0.7559,-1,-1,-1
1043,117,371.69,511.42,80.34,232.10,0.6762,-1,-1,-1
1043,122,850.19,241.87,64.22,189.84,0.5043,-1,-1,-1
1043,124,941.24,237.35,56.36,199.42,0.6364,-1,-1,-1
1043,126,301.40,535.97,58.78,196.06,0.3911,-1,-1,-1
1043,143,359.07,324.10,75.21,153.99,0.3108,-1,-1,-1
1043,155,1123.55,559.27,83.53,247.50,0.7827,-1,-1,-1
1043,157,1662.23,640.77,88.38,271.48,0.4609,-1,-1,-1
1043,158,1858.77,248.73,60.31,189.20,0.2460,-1,-1,-1
1043,159,1717.95,213.47,54.92,155.01,0.2844,-1,-1,-1
1043,161,484.19,324.82,65.20,189.79,0.4378,-1,-1,-1
1043,164,291.91,326.41,71.11,193.62,0.3641,-1,-1,-1
1043,165,588.62,538.24,55.49,252.62,0.5000,-1,-1,-1
1044,3,884.06,937.53,59.07,142.49,0.7011,-1,-1,-1
1044,4,1719.38,459.00,77.09,207.70,0.6054,-1,-1,-1
1044,66,1571.24,589.87,103.86,233.68,0.4459,-1,-1,-1
1044,92,398.41,968.09,97.56,111.92,0.7455,-1,-1,-1
1044,117,372.81,514.66,78.11,233.92,0.6568,-1,-1,-1
1044,122,851.34,240.02,64.08,189.72,0.4909,-1,-1,-1
1044,124,941.49,236.59,55.80,199.09,0.6292,-1,-1,-1
1044,126,281.45,533.61,82.19,200.24,0.3494,-1,-1,-1
1044,143,355.30,326.29,81.46,194.37,0.3957,-1,-1,-1
1044,155,1122.62,557.40,81.38,247.99,0.7766,-1,-1,-1
1044,157,1656.81,642.32,94.99,273.53,0.5278,-1,-1,-1
1044,159,1717.40,214.17,57.00,161.77,0.2935,-1,-1,-1
1044,161,484.94,324.31,65.41,191.47,0.4473,-1,-1,-1
1044,164,290.77,325.94,69.44,201.06,0.4067,-1,-1,-1
1044,165,588.42,538.77,56.39,252.09,0.4913,-1,-1,-1
1045,3,884.06,937.25,60.49,142.76,0.7120,-1,-1,-1
1045,4,1719.40,461.12,76.86,206.72,0.6031,-1,-1,-1
1045,66,1570.19,592.45,104.54,231.48,0.4591,-1,-1,-1
1045,92,398.54,968.61,102.04,111.36,0.7472,-1,-1,-1
1045,117,373.65,518.92,78.88,232.27,0.6488,-1,-1,-1
1045,122,851.60,238.82,63.86,192.13,0.5668,-1,-1,-1
1045,124,941.28,235.11,55.80,199.66,0.6077,-1,-1,-1
1045,126,298.87,537.78,62.51,198.94,0.4025,-1,-1,-1
1045,143,354.21,324.43,81.34,205.81,0.5388,-1,-1,-1
1045,155,1119.86,554.39,82.88,250.16,0.7757,-1,-1,-1
1045,157,1651.33,642.90,97.08,271.89,0.5420,-1,-1,-1
1045,159,1718.19,214.83,57.14,164.24,0.3174,-1,-1,-1
1045,161,483.43,324.76,65.56,191.22,0.4065,-1,-1,-1
1045,164,290.13,325.55,68.92,202.00,0.4368,-1,-1,-1
1045,165,588.83,538.21,55.16,252.87,0.4918,-1,-1,-1
1046,3,882.04,935.99,59.36,143.97,0.6709,-1,-1,-1
1046,4,1718.40,461.12,77.55,206.39,0.6014,-1,-1,-1
1046,66,1575.69,593.04,100.48,231.61,0.4240,-1,-1,-1
1046,92,399.62,970.94,103.50,109.07,0.7452,-1,-1,-1
1046,117,374.26,520.43,75.65,233.63,0.6354,-1,-1,-1
1046,122,850.80,238.52,64.76,192.13,0.5492,-1,-1,-1
1046,124,941.16,234.39,54.77,200.19,0.6000,-1,-1,-1
1046,126,286.38,537.71,76.02,205.84,0.5011,-1,-1,-1
1046,143,350.43,326.80,82.21,206.89,0.5189,-1,-1,-1
1046,155,1120.21,553.33,80.93,246.72,0.7772,-1,-1,-1
1046,157,1651.68,644.02,95.07,269.55,0.5420,-1,-1,-1
1046,159,1720.27,215.92,57.16,166.04,0.2713,-1,-1,-1
1046,161,482.83,324.41,66.98,191.61,0.4189,-1,-1,-1
1046,164,290.72,327.74,66.67,202.56,0.4287,-1,-1,-1
1046,165,589.01,538.89,55.00,252.01,0.4580,-1,-1,-1
1047,3,881.25,936.03,60.11,143.99,0.6687,-1,-1,-1
1047,4,1717.87,462.61,77.78,204.77,0.6193,-1,-1,-1
1047,66,1574.12,590.62,100.94,233.60,0.3861,-1,-1,-1
1047,92,400.12,974.16,105.92,105.87,0.7388,-1,-1,-1
1047,117,373.48,522.28,77.16,232.64,0.6450,-1,-1,-1
1047,122,849.66,235.65,68.33,194.55,0.5460,-1,-1,-1
1047,124,939.00,233.29,56.15,199.82,0.5775,-1,-1,-1
1047,126,277.45,539.78,84.60,210.47,0.5367,-1,-1,-1
1047,143,349.78,329.23,81.07,206.78,0.5407,-1,-1,-1
1047,155,1119.07,550.97,81.09,249.28,0.7568,-1,-1,-1
1047,157,1654.49,651.66,90.34,260.93,0.6206,-1,-1,-1
1047,159,1722.32,216.15,56.70,164.56,0.2794,-1,-1,-1
1047,161,482.58,326.34,66.47,189.32,0.4650,-1,-1,-1
1047,164,288.69,332.74,66.86,200.35,0.4367,-1,-1,-1
1047,165,588.55,538.60,56.71,253.13,0.4608,-1,-1,-1
1048,3,881.39,935.11,59.43,144.87,0.6478,-1,-1,-1
1048,4,1719.23,461.84,76.33,205.32,0.5841,-1,-1,-1
1048,66,1574.80,590.04,100.24,234.09,0.3821,-1,-1,-1
1048,92,402.56,977.59,106.64,102.45,0.7338,-1,-1,-1
1048,117,372.74,522.22,77.18,232.38,0.6332,-1,-1,-1
1048,122,850.58,235.10,68.42,194.58,0.5579,-1,-1,-1
1048,124,939.01,230.78,55.31,192.79,0.5809,-1,-1,-1
1048,126,275.27,541.70,85.74,212.87,0.5853,-1,-1,-1
1048,143,348.96,330.04,80.54,205.39,0.4512,-1,-1,-1
1048,155,1117.50,547.24,81.80,245.92,0.7457,-1,-1,-1
1048,157,1651.97,652.64,90.70,258.48,0.6444,-1,-1,-1
1048,159,1723.06,217.55,57.03,153.88,0.2632,-1,-1,-1
1048,161,481.93,326.47,66.36,190.77,0.4578,-1,-1,-1
1048,164,288.08,334.67,65.72,199.69,0.3968,-1,-1,-1
1048,165,588.04,538.85,57.94,253.36,0.4403,-1,-1,-1
1049,3,879.91,933.92,60.73,146.05,0.6699,-1,-1,-1
1049,4,1718.65,462.16,77.17,206.15,0.6207,-1,-1,-1
1049,66,1572.29,592.92,100.91,232.36,0.4282,-1,-1,-1
1049,92,403.71,979.64,107.42,100.35,0.7478,-1,-1,-1
1049,117,372.07,523.57,77.02,230.92,0.6460,-1,-1,-1
1049,122,851.32,235.09,68.16,194.01,0.5689,-1,-1,-1
1049,124,938.01,229.32,56.16,191.58,0.6094,-1,-1,-1
1049,126,278.48,544.13,81.99,211.76,0.5629,-1,-1,-1
1049,143,345.92,330.66,83.45,205.52,0.4518,-1,-1,-1
1049,155,1117.85,544.81,77.93,242.93,0.7430,-1,-1,-1
1049,157,1650.67,648.97,90.71,261.49,0.6989,-1,-1,-1
1049,159,1726.15,218.04,52.68,162.15,0.2474,-1,-1,-1
1049,161,479.51,326.08,69.15,192.77,0.5065,-1,-1,-1
1049,164,288.36,336.05,63.64,199.23,0.3967,-1,-1,-1
1049,165,588.00,537.85,57.14,253.53,0.4849,-1,-1,-1
1050,3,879.14,933.06,61.34,146.93,0.6685,-1,-1,-1
1050,4,1718.31,461.15,77.90,206.76,0.6465,-1,-1,-1
1050,66,1570.60,592.65,103.08,232.06,0.4405,-1,-1,-1
1050,92,407.76,983.10,104.85,96.93,0.7511,-1,-1,-1
1050,117,372.41,524.00,78.17,229.46,0.6631,-1,-1,-1
1050,122,852.95,234.82,66.25,193.89,0.5935,-1,-1,-1
1050,124,937.77,227.82,56.29,190.69,0.6093,-1,-1,-1
1050,126,279.41,547.76,79.74,211.81,0.6187,-1,-1,-1
1050,143,345.89,331.73,82.85,202.38,0.4316,-1,-1,-1
1050,155,1115.26,542.12,77.88,236.74,0.7543,-1,-1,-1
1050,157,1649.73,649.04,88.74,259.76,0.6877,-1,-1,-1
1050,159,1724.72,218.07,55.85,166.39,0.3073,-1,-1,-1
1050,161,479.58,327.77,68.19,194.63,0.4491,-1,-1,-1
1050,164,287.77,336.57,63.51,199.18,0.4420,-1,-1,-1
1050,165,588.17,538.02,58.26,253.77,0.5073,-1,-1,-1
